solid wing_1098_to_1097
  facet normal 0.00000000e+00 0.00000000e+00 -1.00000000e+00
    outer loop
      vertex 1.15414071e+02 3.73070257e-01 0.00000000e+00
      vertex 1.16045918e+02 1.18537984e+00 0.00000000e+00
      vertex 1.20000000e+02 0.00000000e+00 0.00000000e+00
    endloop
  endfacet
  facet normal 0.00000000e+00 0.00000000e+00 -1.00000000e+00
    outer loop
      vertex 1.15414071e+02 3.73070257e-01 0.00000000e+00
      vertex 1.12076531e+02 2.31949118e+00 0.00000000e+00
      vertex 1.16045918e+02 1.18537984e+00 0.00000000e+00
    endloop
  endfacet
  facet normal 0.00000000e+00 0.00000000e+00 -1.00000000e+00
    outer loop
      vertex 1.15414071e+02 3.73070257e-01 0.00000000e+00
      vertex 1.08090857e+02 3.39564412e+00 0.00000000e+00
      vertex 1.12076531e+02 2.31949118e+00 0.00000000e+00
    endloop
  endfacet
  facet normal 0.00000000e+00 0.00000000e+00 -1.00000000e+00
    outer loop
      vertex 1.15414071e+02 3.73070257e-01 0.00000000e+00
      vertex 1.04104266e+02 4.46844955e+00 0.00000000e+00
      vertex 1.08090857e+02 3.39564412e+00 0.00000000e+00
    endloop
  endfacet
  facet normal 0.00000000e+00 0.00000000e+00 -1.00000000e+00
    outer loop
      vertex 1.15414071e+02 3.73070257e-01 0.00000000e+00
      vertex 1.00120011e+02 5.54988784e+00 0.00000000e+00
      vertex 1.04104266e+02 4.46844955e+00 0.00000000e+00
    endloop
  endfacet
  facet normal 0.00000000e+00 0.00000000e+00 -1.00000000e+00
    outer loop
      vertex 1.15414071e+02 3.73070257e-01 0.00000000e+00
      vertex 9.61377271e+01 6.63856710e+00 0.00000000e+00
      vertex 1.00120011e+02 5.54988784e+00 0.00000000e+00
    endloop
  endfacet
  facet normal 0.00000000e+00 0.00000000e+00 -1.00000000e+00
    outer loop
      vertex 1.15414071e+02 3.73070257e-01 0.00000000e+00
      vertex 9.21564602e+01 7.73096645e+00 0.00000000e+00
      vertex 9.61377271e+01 6.63856710e+00 0.00000000e+00
    endloop
  endfacet
  facet normal 0.00000000e+00 0.00000000e+00 -1.00000000e+00
    outer loop
      vertex 1.15414071e+02 3.73070257e-01 0.00000000e+00
      vertex 8.81741997e+01 8.81973917e+00 0.00000000e+00
      vertex 9.21564602e+01 7.73096645e+00 0.00000000e+00
    endloop
  endfacet
  facet normal 0.00000000e+00 0.00000000e+00 -1.00000000e+00
    outer loop
      vertex 1.15414071e+02 3.73070257e-01 0.00000000e+00
      vertex 8.41872044e+01 9.89100607e+00 0.00000000e+00
      vertex 8.81741997e+01 8.81973917e+00 0.00000000e+00
    endloop
  endfacet
  facet normal 0.00000000e+00 0.00000000e+00 -1.00000000e+00
    outer loop
      vertex 1.15414071e+02 3.73070257e-01 0.00000000e+00
      vertex 8.01936866e+01 1.09374543e+01 0.00000000e+00
      vertex 8.41872044e+01 9.89100607e+00 0.00000000e+00
    endloop
  endfacet
  facet normal 0.00000000e+00 0.00000000e+00 -1.00000000e+00
    outer loop
      vertex 1.15414071e+02 3.73070257e-01 0.00000000e+00
      vertex 7.61921409e+01 1.19528905e+01 0.00000000e+00
      vertex 8.01936866e+01 1.09374543e+01 0.00000000e+00
    endloop
  endfacet
  facet normal 0.00000000e+00 0.00000000e+00 -1.00000000e+00
    outer loop
      vertex 1.15414071e+02 3.73070257e-01 0.00000000e+00
      vertex 7.21717895e+01 1.28912932e+01 0.00000000e+00
      vertex 7.61921409e+01 1.19528905e+01 0.00000000e+00
    endloop
  endfacet
  facet normal 0.00000000e+00 0.00000000e+00 -1.00000000e+00
    outer loop
      vertex 1.15414071e+02 3.73070257e-01 0.00000000e+00
      vertex 6.81300864e+01 1.37300884e+01 0.00000000e+00
      vertex 7.21717895e+01 1.28912932e+01 0.00000000e+00
    endloop
  endfacet
  facet normal 0.00000000e+00 0.00000000e+00 -1.00000000e+00
    outer loop
      vertex 1.15414071e+02 3.73070257e-01 0.00000000e+00
      vertex 6.40645168e+01 1.44377179e+01 0.00000000e+00
      vertex 6.81300864e+01 1.37300884e+01 0.00000000e+00
    endloop
  endfacet
  facet normal 0.00000000e+00 0.00000000e+00 -1.00000000e+00
    outer loop
      vertex 1.15414071e+02 3.73070257e-01 0.00000000e+00
      vertex 5.99712658e+01 1.49735429e+01 0.00000000e+00
      vertex 6.40645168e+01 1.44377179e+01 0.00000000e+00
    endloop
  endfacet
  facet normal 0.00000000e+00 0.00000000e+00 -1.00000000e+00
    outer loop
      vertex 1.15414071e+02 3.73070257e-01 0.00000000e+00
      vertex 5.58514732e+01 1.52402525e+01 0.00000000e+00
      vertex 5.99712658e+01 1.49735429e+01 0.00000000e+00
    endloop
  endfacet
  facet normal 0.00000000e+00 0.00000000e+00 -1.00000000e+00
    outer loop
      vertex 1.15414071e+02 3.73070257e-01 0.00000000e+00
      vertex 5.17257203e+01 1.53523040e+01 0.00000000e+00
      vertex 5.58514732e+01 1.52402525e+01 0.00000000e+00
    endloop
  endfacet
  facet normal 0.00000000e+00 0.00000000e+00 -1.00000000e+00
    outer loop
      vertex 1.15414071e+02 3.73070257e-01 0.00000000e+00
      vertex 4.75982684e+01 1.53319390e+01 0.00000000e+00
      vertex 5.17257203e+01 1.53523040e+01 0.00000000e+00
    endloop
  endfacet
  facet normal 0.00000000e+00 0.00000000e+00 -1.00000000e+00
    outer loop
      vertex 1.15414071e+02 3.73070257e-01 0.00000000e+00
      vertex 4.34726176e+01 1.51894310e+01 0.00000000e+00
      vertex 4.75982684e+01 1.53319390e+01 0.00000000e+00
    endloop
  endfacet
  facet normal 0.00000000e+00 0.00000000e+00 -1.00000000e+00
    outer loop
      vertex 1.15414071e+02 3.73070257e-01 0.00000000e+00
      vertex 3.93547019e+01 1.48951607e+01 0.00000000e+00
      vertex 4.34726176e+01 1.51894310e+01 0.00000000e+00
    endloop
  endfacet
  facet normal 0.00000000e+00 0.00000000e+00 -1.00000000e+00
    outer loop
      vertex 1.15414071e+02 3.73070257e-01 0.00000000e+00
      vertex 3.52488385e+01 1.44689040e+01 0.00000000e+00
      vertex 3.93547019e+01 1.48951607e+01 0.00000000e+00
    endloop
  endfacet
  facet normal 0.00000000e+00 0.00000000e+00 -1.00000000e+00
    outer loop
      vertex 1.15414071e+02 3.73070257e-01 0.00000000e+00
      vertex 3.11579181e+01 1.39198936e+01 0.00000000e+00
      vertex 3.52488385e+01 1.44689040e+01 0.00000000e+00
    endloop
  endfacet
  facet normal 0.00000000e+00 0.00000000e+00 -1.00000000e+00
    outer loop
      vertex 1.15414071e+02 3.73070257e-01 0.00000000e+00
      vertex 2.70869601e+01 1.32384629e+01 0.00000000e+00
      vertex 3.11579181e+01 1.39198936e+01 0.00000000e+00
    endloop
  endfacet
  facet normal 0.00000000e+00 0.00000000e+00 -1.00000000e+00
    outer loop
      vertex 1.15414071e+02 3.73070257e-01 0.00000000e+00
      vertex 2.30432960e+01 1.24097755e+01 0.00000000e+00
      vertex 2.70869601e+01 1.32384629e+01 0.00000000e+00
    endloop
  endfacet
  facet normal 0.00000000e+00 0.00000000e+00 -1.00000000e+00
    outer loop
      vertex 1.15414071e+02 3.73070257e-01 0.00000000e+00
      vertex 1.90387354e+01 1.14086353e+01 0.00000000e+00
      vertex 2.30432960e+01 1.24097755e+01 0.00000000e+00
    endloop
  endfacet
  facet normal 0.00000000e+00 0.00000000e+00 -1.00000000e+00
    outer loop
      vertex 1.15414071e+02 3.73070257e-01 0.00000000e+00
      vertex 1.50920898e+01 1.01996057e+01 0.00000000e+00
      vertex 1.90387354e+01 1.14086353e+01 0.00000000e+00
    endloop
  endfacet
  facet normal 0.00000000e+00 0.00000000e+00 -1.00000000e+00
    outer loop
      vertex 1.15414071e+02 3.73070257e-01 0.00000000e+00
      vertex 1.12308093e+01 8.74239090e+00 0.00000000e+00
      vertex 1.50920898e+01 1.01996057e+01 0.00000000e+00
    endloop
  endfacet
  facet normal 0.00000000e+00 0.00000000e+00 -1.00000000e+00
    outer loop
      vertex 1.15414071e+02 3.73070257e-01 0.00000000e+00
      vertex 7.49604919e+00 6.98922535e+00 0.00000000e+00
      vertex 1.12308093e+01 8.74239090e+00 0.00000000e+00
    endloop
  endfacet
  facet normal 0.00000000e+00 0.00000000e+00 -1.00000000e+00
    outer loop
      vertex 1.15414071e+02 3.73070257e-01 0.00000000e+00
      vertex 3.96882517e+00 4.85229467e+00 0.00000000e+00
      vertex 7.49604919e+00 6.98922535e+00 0.00000000e+00
    endloop
  endfacet
  facet normal 0.00000000e+00 0.00000000e+00 -1.00000000e+00
    outer loop
      vertex 1.15414071e+02 3.73070257e-01 0.00000000e+00
      vertex 9.75395486e-01 2.02816914e+00 0.00000000e+00
      vertex 3.96882517e+00 4.85229467e+00 0.00000000e+00
    endloop
  endfacet
  facet normal 0.00000000e+00 0.00000000e+00 -1.00000000e+00
    outer loop
      vertex 9.75395486e-01 2.02816914e+00 0.00000000e+00
      vertex 4.88273163e+00 -3.07490456e+00 0.00000000e+00
      vertex 1.12246585e+00 -1.40068270e+00 0.00000000e+00
    endloop
  endfacet
  facet normal 0.00000000e+00 0.00000000e+00 -1.00000000e+00
    outer loop
      vertex 9.75395486e-01 2.02816914e+00 0.00000000e+00
      vertex 8.85532567e+00 -4.19153275e+00 0.00000000e+00
      vertex 4.88273163e+00 -3.07490456e+00 0.00000000e+00
    endloop
  endfacet
  facet normal 0.00000000e+00 0.00000000e+00 -1.00000000e+00
    outer loop
      vertex 9.75395486e-01 2.02816914e+00 0.00000000e+00
      vertex 1.28910194e+01 -5.05667084e+00 0.00000000e+00
      vertex 8.85532567e+00 -4.19153275e+00 0.00000000e+00
    endloop
  endfacet
  facet normal 0.00000000e+00 0.00000000e+00 -1.00000000e+00
    outer loop
      vertex 9.75395486e-01 2.02816914e+00 0.00000000e+00
      vertex 1.69611499e+01 -5.74407869e+00 0.00000000e+00
      vertex 1.28910194e+01 -5.05667084e+00 0.00000000e+00
    endloop
  endfacet
  facet normal 0.00000000e+00 0.00000000e+00 -1.00000000e+00
    outer loop
      vertex 9.75395486e-01 2.02816914e+00 0.00000000e+00
      vertex 2.10521701e+01 -6.29466075e+00 0.00000000e+00
      vertex 1.69611499e+01 -5.74407869e+00 0.00000000e+00
    endloop
  endfacet
  facet normal 0.00000000e+00 0.00000000e+00 -1.00000000e+00
    outer loop
      vertex 9.75395486e-01 2.02816914e+00 0.00000000e+00
      vertex 2.51567709e+01 -6.73303213e+00 0.00000000e+00
      vertex 2.10521701e+01 -6.29466075e+00 0.00000000e+00
    endloop
  endfacet
  facet normal 0.00000000e+00 0.00000000e+00 -1.00000000e+00
    outer loop
      vertex 9.75395486e-01 2.02816914e+00 0.00000000e+00
      vertex 2.92706832e+01 -7.07420171e+00 0.00000000e+00
      vertex 2.51567709e+01 -6.73303213e+00 0.00000000e+00
    endloop
  endfacet
  facet normal 0.00000000e+00 0.00000000e+00 -1.00000000e+00
    outer loop
      vertex 9.75395486e-01 2.02816914e+00 0.00000000e+00
      vertex 3.33912186e+01 -7.32803815e+00 0.00000000e+00
      vertex 2.92706832e+01 -7.07420171e+00 0.00000000e+00
    endloop
  endfacet
  facet normal 0.00000000e+00 0.00000000e+00 -1.00000000e+00
    outer loop
      vertex 9.75395486e-01 2.02816914e+00 0.00000000e+00
      vertex 3.75173457e+01 -7.46551542e+00 0.00000000e+00
      vertex 3.33912186e+01 -7.32803815e+00 0.00000000e+00
    endloop
  endfacet
  facet normal 0.00000000e+00 0.00000000e+00 -1.00000000e+00
    outer loop
      vertex 9.75395486e-01 2.02816914e+00 0.00000000e+00
      vertex 4.16451038e+01 -7.50983084e+00 0.00000000e+00
      vertex 3.75173457e+01 -7.46551542e+00 0.00000000e+00
    endloop
  endfacet
  facet normal 0.00000000e+00 0.00000000e+00 -1.00000000e+00
    outer loop
      vertex 9.75395486e-01 2.02816914e+00 0.00000000e+00
      vertex 4.57724447e+01 -7.45864810e+00 0.00000000e+00
      vertex 4.16451038e+01 -7.50983084e+00 0.00000000e+00
    endloop
  endfacet
  facet normal 0.00000000e+00 0.00000000e+00 -1.00000000e+00
    outer loop
      vertex 9.75395486e-01 2.02816914e+00 0.00000000e+00
      vertex 4.98978100e+01 -7.29994685e+00 0.00000000e+00
      vertex 4.57724447e+01 -7.45864810e+00 0.00000000e+00
    endloop
  endfacet
  facet normal 0.00000000e+00 0.00000000e+00 -1.00000000e+00
    outer loop
      vertex 9.75395486e-01 2.02816914e+00 0.00000000e+00
      vertex 5.40088341e+01 -6.92350367e+00 0.00000000e+00
      vertex 4.98978100e+01 -7.29994685e+00 0.00000000e+00
    endloop
  endfacet
  facet normal 0.00000000e+00 0.00000000e+00 -1.00000000e+00
    outer loop
      vertex 9.75395486e-01 2.02816914e+00 0.00000000e+00
      vertex 5.81066071e+01 -6.43100586e+00 0.00000000e+00
      vertex 5.40088341e+01 -6.92350367e+00 0.00000000e+00
    endloop
  endfacet
  facet normal 0.00000000e+00 0.00000000e+00 -1.00000000e+00
    outer loop
      vertex 9.75395486e-01 2.02816914e+00 0.00000000e+00
      vertex 6.21929220e+01 -5.84352855e+00 0.00000000e+00
      vertex 5.81066071e+01 -6.43100586e+00 0.00000000e+00
    endloop
  endfacet
  facet normal 0.00000000e+00 0.00000000e+00 -1.00000000e+00
    outer loop
      vertex 9.75395486e-01 2.02816914e+00 0.00000000e+00
      vertex 6.62665683e+01 -5.17328174e+00 0.00000000e+00
      vertex 6.21929220e+01 -5.84352855e+00 0.00000000e+00
    endloop
  endfacet
  facet normal 0.00000000e+00 0.00000000e+00 -1.00000000e+00
    outer loop
      vertex 9.75395486e-01 2.02816914e+00 0.00000000e+00
      vertex 7.03379954e+01 -4.48978137e+00 0.00000000e+00
      vertex 6.62665683e+01 -5.17328174e+00 0.00000000e+00
    endloop
  endfacet
  facet normal 0.00000000e+00 0.00000000e+00 -1.00000000e+00
    outer loop
      vertex 9.75395486e-01 2.02816914e+00 0.00000000e+00
      vertex 7.44078601e+01 -3.79694772e+00 0.00000000e+00
      vertex 7.03379954e+01 -4.48978137e+00 0.00000000e+00
    endloop
  endfacet
  facet normal 0.00000000e+00 0.00000000e+00 -1.00000000e+00
    outer loop
      vertex 9.75395486e-01 2.02816914e+00 0.00000000e+00
      vertex 7.84804596e+01 -3.12036946e+00 0.00000000e+00
      vertex 7.44078601e+01 -3.79694772e+00 0.00000000e+00
    endloop
  endfacet
  facet normal 0.00000000e+00 0.00000000e+00 -1.00000000e+00
    outer loop
      vertex 9.75395486e-01 2.02816914e+00 0.00000000e+00
      vertex 8.25566482e+01 -2.46620030e+00 0.00000000e+00
      vertex 7.84804596e+01 -3.12036946e+00 0.00000000e+00
    endloop
  endfacet
  facet normal 0.00000000e+00 0.00000000e+00 -1.00000000e+00
    outer loop
      vertex 9.75395486e-01 2.02816914e+00 0.00000000e+00
      vertex 8.66368405e+01 -1.83703009e+00 0.00000000e+00
      vertex 8.25566482e+01 -2.46620030e+00 0.00000000e+00
    endloop
  endfacet
  facet normal 0.00000000e+00 0.00000000e+00 -1.00000000e+00
    outer loop
      vertex 9.75395486e-01 2.02816914e+00 0.00000000e+00
      vertex 9.07270197e+01 -1.27670216e+00 0.00000000e+00
      vertex 8.66368405e+01 -1.83703009e+00 0.00000000e+00
    endloop
  endfacet
  facet normal 0.00000000e+00 0.00000000e+00 -1.00000000e+00
    outer loop
      vertex 9.75395486e-01 2.02816914e+00 0.00000000e+00
      vertex 9.48232220e+01 -7.64108047e-01 0.00000000e+00
      vertex 9.07270197e+01 -1.27670216e+00 0.00000000e+00
    endloop
  endfacet
  facet normal 0.00000000e+00 0.00000000e+00 -1.00000000e+00
    outer loop
      vertex 9.75395486e-01 2.02816914e+00 0.00000000e+00
      vertex 9.89264442e+01 -3.09688846e-01 0.00000000e+00
      vertex 9.48232220e+01 -7.64108047e-01 0.00000000e+00
    endloop
  endfacet
  facet normal 0.00000000e+00 0.00000000e+00 -1.00000000e+00
    outer loop
      vertex 9.75395486e-01 2.02816914e+00 0.00000000e+00
      vertex 1.03039999e+02 4.03010912e-02 0.00000000e+00
      vertex 9.89264442e+01 -3.09688846e-01 0.00000000e+00
    endloop
  endfacet
  facet normal 0.00000000e+00 0.00000000e+00 -1.00000000e+00
    outer loop
      vertex 9.75395486e-01 2.02816914e+00 0.00000000e+00
      vertex 1.07160650e+02 2.88041363e-01 0.00000000e+00
      vertex 1.03039999e+02 4.03010912e-02 0.00000000e+00
    endloop
  endfacet
  facet normal 0.00000000e+00 0.00000000e+00 -1.00000000e+00
    outer loop
      vertex 9.75395486e-01 2.02816914e+00 0.00000000e+00
      vertex 1.11286582e+02 4.13339547e-01 0.00000000e+00
      vertex 1.07160650e+02 2.88041363e-01 0.00000000e+00
    endloop
  endfacet
  facet normal 0.00000000e+00 0.00000000e+00 -1.00000000e+00
    outer loop
      vertex 9.75395486e-01 2.02816914e+00 0.00000000e+00
      vertex 1.15414071e+02 3.73070257e-01 0.00000000e+00
      vertex 1.11286582e+02 4.13339547e-01 0.00000000e+00
    endloop
  endfacet
  facet normal 2.86183785e-01 9.54625817e-01 -8.23916946e-02
    outer loop
      vertex 1.20000000e+02 0.00000000e+00 0.00000000e+00
      vertex 1.16045918e+02 1.18537984e+00 0.00000000e+00
      vertex 1.17836747e+02 2.15890109e+00 1.75000000e+01
    endloop
  endfacet
  facet normal 2.88489950e-01 9.53963035e-01 -8.20248548e-02
    outer loop
      vertex 1.20000000e+02 0.00000000e+00 0.00000000e+00
      vertex 1.17836747e+02 2.15890109e+00 1.75000000e+01
      vertex 1.21688810e+02 9.93990509e-01 1.75000000e+01
    endloop
  endfacet
  facet normal 2.73798959e-01 9.58295670e-01 -8.18751478e-02
    outer loop
      vertex 1.16045918e+02 1.18537984e+00 0.00000000e+00
      vertex 1.12076531e+02 2.31949118e+00 0.00000000e+00
      vertex 1.13969618e+02 3.27377897e+00 1.75000000e+01
    endloop
  endfacet
  facet normal 2.76091676e-01 9.57667244e-01 -8.15281321e-02
    outer loop
      vertex 1.16045918e+02 1.18537984e+00 0.00000000e+00
      vertex 1.13969618e+02 3.27377897e+00 1.75000000e+01
      vertex 1.17836747e+02 2.15890109e+00 1.75000000e+01
    endloop
  endfacet
  facet normal 2.59811388e-01 9.62245770e-01 -8.11241048e-02
    outer loop
      vertex 1.12076531e+02 2.31949118e+00 0.00000000e+00
      vertex 1.08090857e+02 3.39564412e+00 0.00000000e+00
      vertex 1.10086475e+02 4.33219008e+00 1.75000000e+01
    endloop
  endfacet
  facet normal 2.62112513e-01 9.61649306e-01 -8.07938265e-02
    outer loop
      vertex 1.12076531e+02 2.31949118e+00 0.00000000e+00
      vertex 1.10086475e+02 4.33219008e+00 1.75000000e+01
      vertex 1.13969618e+02 3.27377897e+00 1.75000000e+01
    endloop
  endfacet
  facet normal 2.58992597e-01 9.62427403e-01 -8.15863229e-02
    outer loop
      vertex 1.08090857e+02 3.39564412e+00 0.00000000e+00
      vertex 1.04104266e+02 4.46844955e+00 0.00000000e+00
      vertex 1.06202428e+02 5.38732636e+00 1.75000000e+01
    endloop
  endfacet
  facet normal 2.61290539e-01 9.61832798e-01 -8.12706793e-02
    outer loop
      vertex 1.08090857e+02 3.39564412e+00 0.00000000e+00
      vertex 1.06202428e+02 5.38732636e+00 1.75000000e+01
      vertex 1.10086475e+02 4.33219008e+00 1.75000000e+01
    endloop
  endfacet
  facet normal 2.61060531e-01 9.61804024e-01 -8.23432972e-02
    outer loop
      vertex 1.04104266e+02 4.46844955e+00 0.00000000e+00
      vertex 1.00120011e+02 5.54988784e+00 0.00000000e+00
      vertex 1.02320660e+02 6.45080454e+00 1.75000000e+01
    endloop
  endfacet
  facet normal 2.63339717e-01 9.61208124e-01 -8.20434997e-02
    outer loop
      vertex 1.04104266e+02 4.46844955e+00 0.00000000e+00
      vertex 1.02320660e+02 6.45080454e+00 1.75000000e+01
      vertex 1.06202428e+02 5.38732636e+00 1.75000000e+01
    endloop
  endfacet
  facet normal 2.62792478e-01 9.61269693e-01 -8.30703933e-02
    outer loop
      vertex 1.00120011e+02 5.54988784e+00 0.00000000e+00
      vertex 9.61377271e+01 6.63856710e+00 0.00000000e+00
      vertex 9.84408062e+01 7.52125385e+00 1.75000000e+01
    endloop
  endfacet
  facet normal 2.65049479e-01 9.60674308e-01 -8.27867539e-02
    outer loop
      vertex 1.00120011e+02 5.54988784e+00 0.00000000e+00
      vertex 9.84408062e+01 7.52125385e+00 1.75000000e+01
      vertex 1.02320660e+02 6.45080454e+00 1.75000000e+01
    endloop
  endfacet
  facet normal 2.63676353e-01 9.60972688e-01 -8.37034817e-02
    outer loop
      vertex 9.61377271e+01 6.63856710e+00 0.00000000e+00
      vertex 9.21564602e+01 7.73096645e+00 0.00000000e+00
      vertex 9.45619300e+01 8.59524223e+00 1.75000000e+01
    endloop
  endfacet
  facet normal 2.65911272e-01 9.60379943e-01 -8.34359623e-02
    outer loop
      vertex 9.61377271e+01 6.63856710e+00 0.00000000e+00
      vertex 9.45619300e+01 8.59524223e+00 1.75000000e+01
      vertex 9.84408062e+01 7.52125385e+00 1.75000000e+01
    endloop
  endfacet
  facet normal 2.62791726e-01 9.61178671e-01 -8.41193879e-02
    outer loop
      vertex 9.21564602e+01 7.73096645e+00 0.00000000e+00
      vertex 8.81741997e+01 8.81973917e+00 0.00000000e+00
      vertex 9.06820569e+01 9.66562266e+00 1.75000000e+01
    endloop
  endfacet
  facet normal 2.65008344e-01 9.60591888e-01 -8.38677644e-02
    outer loop
      vertex 9.21564602e+01 7.73096645e+00 0.00000000e+00
      vertex 9.06820569e+01 9.66562266e+00 1.75000000e+01
      vertex 9.45619300e+01 8.59524223e+00 1.75000000e+01
    endloop
  endfacet
  facet normal 2.58567554e-01 9.62325642e-01 -8.40962462e-02
    outer loop
      vertex 8.81741997e+01 8.81973917e+00 0.00000000e+00
      vertex 8.41872044e+01 9.89100607e+00 0.00000000e+00
      vertex 8.67975260e+01 1.07189377e+01 1.75000000e+01
    endloop
  endfacet
  facet normal 2.60784052e-01 9.61748051e-01 -8.38591975e-02
    outer loop
      vertex 8.81741997e+01 8.81973917e+00 0.00000000e+00
      vertex 8.67975260e+01 1.07189377e+01 1.75000000e+01
      vertex 9.06820569e+01 9.66562266e+00 1.75000000e+01
    endloop
  endfacet
  facet normal 2.52587108e-01 9.63937944e-01 -8.38056918e-02
    outer loop
      vertex 8.41872044e+01 9.89100607e+00 0.00000000e+00
      vertex 8.01936866e+01 1.09374543e+01 0.00000000e+00
      vertex 8.29065739e+01 1.17480451e+01 1.75000000e+01
    endloop
  endfacet
  facet normal 2.54800323e-01 9.63374548e-01 -8.35839455e-02
    outer loop
      vertex 8.41872044e+01 9.89100607e+00 0.00000000e+00
      vertex 8.29065739e+01 1.17480451e+01 1.75000000e+01
      vertex 8.67975260e+01 1.07189377e+01 1.75000000e+01
    endloop
  endfacet
  facet normal 2.45111062e-01 9.65913057e-01 -8.32618388e-02
    outer loop
      vertex 8.01936866e+01 1.09374543e+01 0.00000000e+00
      vertex 7.61921409e+01 1.19528905e+01 0.00000000e+00
      vertex 7.90077197e+01 1.27469088e+01 1.75000000e+01
    endloop
  endfacet
  facet normal 2.47321459e-01 9.65367217e-01 -8.30556028e-02
    outer loop
      vertex 8.01936866e+01 1.09374543e+01 0.00000000e+00
      vertex 7.90077197e+01 1.27469088e+01 1.75000000e+01
      vertex 8.29065739e+01 1.17480451e+01 1.75000000e+01
    endloop
  endfacet
  facet normal 2.26555963e-01 9.70622332e-01 -8.10227381e-02
    outer loop
      vertex 7.61921409e+01 1.19528905e+01 0.00000000e+00
      vertex 7.21717895e+01 1.28912932e+01 0.00000000e+00
      vertex 7.50903943e+01 1.36708658e+01 1.75000000e+01
    endloop
  endfacet
  facet normal 2.28813921e-01 9.70108590e-01 -8.08301499e-02
    outer loop
      vertex 7.61921409e+01 1.19528905e+01 0.00000000e+00
      vertex 7.50903943e+01 1.36708658e+01 1.75000000e+01
      vertex 7.90077197e+01 1.27469088e+01 1.75000000e+01
    endloop
  endfacet
  facet normal 2.02589167e-01 9.76168215e-01 -7.78026074e-02
    outer loop
      vertex 7.21717895e+01 1.28912932e+01 0.00000000e+00
      vertex 6.81300864e+01 1.37300884e+01 0.00000000e+00
      vertex 7.11520164e+01 1.44977177e+01 1.75000000e+01
    endloop
  endfacet
  facet normal 2.04847836e-01 9.75710565e-01 -7.76289782e-02
    outer loop
      vertex 7.21717895e+01 1.28912932e+01 0.00000000e+00
      vertex 7.11520164e+01 1.44977177e+01 1.75000000e+01
      vertex 7.50903943e+01 1.36708658e+01 1.75000000e+01
    endloop
  endfacet
  facet normal 1.71016506e-01 9.82547448e-01 -7.31701301e-02
    outer loop
      vertex 6.81300864e+01 1.37300884e+01 0.00000000e+00
      vertex 6.40645168e+01 1.44377179e+01 0.00000000e+00
      vertex 6.71901014e+01 1.51969186e+01 1.75000000e+01
    endloop
  endfacet
  facet normal 1.73330964e-01 9.82153506e-01 -7.30127929e-02
    outer loop
      vertex 6.81300864e+01 1.37300884e+01 0.00000000e+00
      vertex 6.71901014e+01 1.51969186e+01 1.75000000e+01
      vertex 7.11520164e+01 1.44977177e+01 1.75000000e+01
    endloop
  endfacet
  facet normal 1.29508840e-01 9.89338252e-01 -6.66129441e-02
    outer loop
      vertex 6.40645168e+01 1.44377179e+01 0.00000000e+00
      vertex 5.99712658e+01 1.49735429e+01 0.00000000e+00
      vertex 6.32008598e+01 1.57290636e+01 1.75000000e+01
    endloop
  endfacet
  facet normal 1.31931387e-01 9.89027697e-01 -6.64704709e-02
    outer loop
      vertex 6.40645168e+01 1.44377179e+01 0.00000000e+00
      vertex 6.32008598e+01 1.57290636e+01 1.75000000e+01
      vertex 6.71901014e+01 1.51969186e+01 1.75000000e+01
    endloop
  endfacet
  facet normal 6.45037377e-02 9.96372168e-01 -5.55137037e-02
    outer loop
      vertex 5.99712658e+01 1.49735429e+01 0.00000000e+00
      vertex 5.58514732e+01 1.52402525e+01 0.00000000e+00
      vertex 5.91851351e+01 1.59994629e+01 1.75000000e+01
    endloop
  endfacet
  facet normal 6.70798591e-02 9.96209022e-01 -5.53884155e-02
    outer loop
      vertex 5.99712658e+01 1.49735429e+01 0.00000000e+00
      vertex 5.91851351e+01 1.59994629e+01 1.75000000e+01
      vertex 6.32008598e+01 1.57290636e+01 1.75000000e+01
    endloop
  endfacet
  facet normal 2.71163002e-02 9.98426242e-01 -4.90891618e-02
    outer loop
      vertex 5.58514732e+01 1.52402525e+01 0.00000000e+00
      vertex 5.17257203e+01 1.53523040e+01 0.00000000e+00
      vertex 5.51632140e+01 1.61193594e+01 1.75000000e+01
    endloop
  endfacet
  facet normal 2.97617312e-02 9.98356170e-01 -4.89815994e-02
    outer loop
      vertex 5.58514732e+01 1.52402525e+01 0.00000000e+00
      vertex 5.51632140e+01 1.61193594e+01 1.75000000e+01
      vertex 5.91851351e+01 1.59994629e+01 1.75000000e+01
    endloop
  endfacet
  facet normal -4.92930196e-03 9.99043790e-01 -4.34420013e-02
    outer loop
      vertex 5.17257203e+01 1.53523040e+01 0.00000000e+00
      vertex 4.75982684e+01 1.53319390e+01 0.00000000e+00
      vertex 5.11392961e+01 1.61103732e+01 1.75000000e+01
    endloop
  endfacet
  facet normal -2.23107860e-03 9.99057361e-01 -4.33521718e-02
    outer loop
      vertex 5.17257203e+01 1.53523040e+01 0.00000000e+00
      vertex 5.11392961e+01 1.61103732e+01 1.75000000e+01
      vertex 5.51632140e+01 1.61193594e+01 1.75000000e+01
    endloop
  endfacet
  facet normal -3.44963441e-02 9.98679382e-01 -3.80722325e-02
    outer loop
      vertex 4.75982684e+01 1.53319390e+01 0.00000000e+00
      vertex 4.34726176e+01 1.51894310e+01 0.00000000e+00
      vertex 4.71168073e+01 1.59824535e+01 1.75000000e+01
    endloop
  endfacet
  facet normal -3.17620976e-02 9.98772813e-01 -3.80004808e-02
    outer loop
      vertex 4.75982684e+01 1.53319390e+01 0.00000000e+00
      vertex 4.71168073e+01 1.59824535e+01 1.75000000e+01
      vertex 5.11392961e+01 1.61103732e+01 1.75000000e+01
    endloop
  endfacet
  facet normal -7.12449961e-02 9.96977596e-01 -3.09810338e-02
    outer loop
      vertex 4.34726176e+01 1.51894310e+01 0.00000000e+00
      vertex 3.93547019e+01 1.48951607e+01 0.00000000e+00
      vertex 4.31014464e+01 1.57067184e+01 1.75000000e+01
    endloop
  endfacet
  facet normal -6.84759583e-02 9.97173253e-01 -3.09280866e-02
    outer loop
      vertex 4.34726176e+01 1.51894310e+01 0.00000000e+00
      vertex 4.31014464e+01 1.57067184e+01 1.75000000e+01
      vertex 4.71168073e+01 1.59824535e+01 1.75000000e+01
    endloop
  endfacet
  facet normal -1.03230195e-01 9.94351808e-01 -2.46578502e-02
    outer loop
      vertex 3.93547019e+01 1.48951607e+01 0.00000000e+00
      vertex 3.52488385e+01 1.44689040e+01 0.00000000e+00
      vertex 3.90974652e+01 1.53024187e+01 1.75000000e+01
    endloop
  endfacet
  facet normal -1.00433105e-01 9.94639069e-01 -2.46234202e-02
    outer loop
      vertex 3.93547019e+01 1.48951607e+01 0.00000000e+00
      vertex 3.90974652e+01 1.53024187e+01 1.75000000e+01
      vertex 4.31014464e+01 1.57067184e+01 1.75000000e+01
    endloop
  endfacet
  facet normal -1.32986734e-01 9.90943211e-01 -1.86032333e-02
    outer loop
      vertex 3.52488385e+01 1.44689040e+01 0.00000000e+00
      vertex 3.11579181e+01 1.39198936e+01 0.00000000e+00
      vertex 3.51077017e+01 1.47784952e+01 1.75000000e+01
    endloop
  endfacet
  facet normal -1.30176664e-01 9.91316576e-01 -1.85871753e-02
    outer loop
      vertex 3.52488385e+01 1.44689040e+01 0.00000000e+00
      vertex 3.51077017e+01 1.47784952e+01 1.75000000e+01
      vertex 3.90974652e+01 1.53024187e+01 1.75000000e+01
    endloop
  endfacet
  facet normal -1.65079983e-01 9.86209804e-01 -1.17822616e-02
    outer loop
      vertex 3.11579181e+01 1.39198936e+01 0.00000000e+00
      vertex 2.70869601e+01 1.32384629e+01 0.00000000e+00
      vertex 3.11370263e+01 1.41254693e+01 1.75000000e+01
    endloop
  endfacet
  facet normal -1.62270855e-01 9.86675883e-01 -1.17843831e-02
    outer loop
      vertex 3.11579181e+01 1.39198936e+01 0.00000000e+00
      vertex 3.11370263e+01 1.41254693e+01 1.75000000e+01
      vertex 3.51077017e+01 1.47784952e+01 1.75000000e+01
    endloop
  endfacet
  facet normal -2.00760801e-01 9.79632758e-01 -3.84200144e-03
    outer loop
      vertex 2.70869601e+01 1.32384629e+01 0.00000000e+00
      vertex 2.30432960e+01 1.24097755e+01 0.00000000e+00
      vertex 2.71925651e+01 1.33287379e+01 1.75000000e+01
    endloop
  endfacet
  facet normal -1.97987421e-01 9.80196954e-01 -3.86164804e-03
    outer loop
      vertex 2.70869601e+01 1.32384629e+01 0.00000000e+00
      vertex 2.71925651e+01 1.33287379e+01 1.75000000e+01
      vertex 3.11370263e+01 1.41254693e+01 1.75000000e+01
    endloop
  endfacet
  facet normal -2.42531397e-01 9.70125457e-01 5.92607829e-03
    outer loop
      vertex 2.30432960e+01 1.24097755e+01 0.00000000e+00
      vertex 1.90387354e+01 1.14086353e+01 0.00000000e+00
      vertex 2.32858169e+01 1.23635058e+01 1.75000000e+01
    endloop
  endfacet
  facet normal -2.39851472e-01 9.70791724e-01 5.89070059e-03
    outer loop
      vertex 2.30432960e+01 1.24097755e+01 0.00000000e+00
      vertex 2.32858169e+01 1.23635058e+01 1.75000000e+01
      vertex 2.71925651e+01 1.33287379e+01 1.75000000e+01
    endloop
  endfacet
  facet normal -2.92858455e-01 9.55980412e-01 1.83133228e-02
    outer loop
      vertex 1.90387354e+01 1.14086353e+01 0.00000000e+00
      vertex 1.50920898e+01 1.01996057e+01 0.00000000e+00
      vertex 1.94351561e+01 1.11948359e+01 1.75000000e+01
    endloop
  endfacet
  facet normal -2.90369284e-01 9.56740312e-01 1.82662204e-02
    outer loop
      vertex 1.90387354e+01 1.14086353e+01 0.00000000e+00
      vertex 1.94351561e+01 1.11948359e+01 1.75000000e+01
      vertex 2.32858169e+01 1.23635058e+01 1.75000000e+01
    endloop
  endfacet
  facet normal -3.52882217e-01 9.35055816e-01 3.38343164e-02
    outer loop
      vertex 1.50920898e+01 1.01996057e+01 0.00000000e+00
      vertex 1.12308093e+01 8.74239090e+00 0.00000000e+00
      vertex 1.56672875e+01 9.78345572e+00 1.75000000e+01
    endloop
  endfacet
  facet normal -3.50581018e-01 9.35923025e-01 3.37793018e-02
    outer loop
      vertex 1.50920898e+01 1.01996057e+01 0.00000000e+00
      vertex 1.56672875e+01 9.78345572e+00 1.75000000e+01
      vertex 1.94351561e+01 1.11948359e+01 1.75000000e+01
    endloop
  endfacet
  facet normal -4.24327723e-01 9.03943297e-01 5.32212311e-02
    outer loop
      vertex 1.12308093e+01 8.74239090e+00 0.00000000e+00
      vertex 7.49604919e+00 6.98922535e+00 0.00000000e+00
      vertex 1.20219583e+01 8.08342800e+00 1.75000000e+01
    endloop
  endfacet
  facet normal -4.22057989e-01 9.05008951e-01 5.31587470e-02
    outer loop
      vertex 1.12308093e+01 8.74239090e+00 0.00000000e+00
      vertex 1.20219583e+01 8.08342800e+00 1.75000000e+01
      vertex 1.56672875e+01 9.78345572e+00 1.75000000e+01
    endloop
  endfacet
  facet normal -5.16519171e-01 8.52568054e-01 7.95968537e-02
    outer loop
      vertex 7.49604919e+00 6.98922535e+00 0.00000000e+00
      vertex 3.96882517e+00 4.85229467e+00 0.00000000e+00
      vertex 8.57704575e+00 6.01031289e+00 1.75000000e+01
    endloop
  endfacet
  facet normal -5.13990148e-01 8.54101678e-01 7.95264204e-02
    outer loop
      vertex 7.49604919e+00 6.98922535e+00 0.00000000e+00
      vertex 8.57704575e+00 6.01031289e+00 1.75000000e+01
      vertex 1.20219583e+01 8.08342800e+00 1.75000000e+01
    endloop
  endfacet
  facet normal -6.80370580e-01 7.21158272e-01 1.30486098e-01
    outer loop
      vertex 3.96882517e+00 4.85229467e+00 0.00000000e+00
      vertex 9.75395486e-01 2.02816914e+00 0.00000000e+00
      vertex 5.64724772e+00 3.26934481e+00 1.75000000e+01
    endloop
  endfacet
  facet normal -6.77344099e-01 7.24007488e-01 1.30453552e-01
    outer loop
      vertex 3.96882517e+00 4.85229467e+00 0.00000000e+00
      vertex 5.64724772e+00 3.26934481e+00 1.75000000e+01
      vertex 8.57704575e+00 6.01031289e+00 1.75000000e+01
    endloop
  endfacet
  facet normal -9.64663509e-01 -4.13763618e-02 2.60215895e-01
    outer loop
      vertex 9.75395486e-01 2.02816914e+00 0.00000000e+00
      vertex 1.12246585e+00 -1.40068270e+00 0.00000000e+00
      vertex 5.78589691e+00 -6.81250192e-02 1.75000000e+01
    endloop
  endfacet
  facet normal -9.64675490e-01 -4.00757121e-02 2.60374991e-01
    outer loop
      vertex 9.75395486e-01 2.02816914e+00 0.00000000e+00
      vertex 5.78589691e+00 -6.81250192e-02 1.75000000e+01
      vertex 5.64724772e+00 3.26934481e+00 1.75000000e+01
    endloop
  endfacet
  facet normal -4.00479343e-01 -8.99467866e-01 1.74853809e-01
    outer loop
      vertex 1.12246585e+00 -1.40068270e+00 0.00000000e+00
      vertex 4.88273163e+00 -3.07490456e+00 0.00000000e+00
      vertex 9.44922224e+00 -1.70614362e+00 1.75000000e+01
    endloop
  endfacet
  facet normal -4.01855222e-01 -8.98723872e-01 1.75521458e-01
    outer loop
      vertex 1.12246585e+00 -1.40068270e+00 0.00000000e+00
      vertex 9.44922224e+00 -1.70614362e+00 1.75000000e+01
      vertex 5.78589691e+00 -6.81250192e-02 1.75000000e+01
    endloop
  endfacet
  facet normal -2.67778725e-01 -9.52668199e-01 1.43936988e-01
    outer loop
      vertex 4.88273163e+00 -3.07490456e+00 0.00000000e+00
      vertex 8.85532567e+00 -4.19153275e+00 0.00000000e+00
      vertex 1.33199563e+01 -2.80241932e+00 1.75000000e+01
    endloop
  endfacet
  facet normal -2.69630402e-01 -9.52011951e-01 1.44819513e-01
    outer loop
      vertex 4.88273163e+00 -3.07490456e+00 0.00000000e+00
      vertex 1.33199563e+01 -2.80241932e+00 1.75000000e+01
      vertex 9.44922224e+00 -1.70614362e+00 1.75000000e+01
    endloop
  endfacet
  facet normal -2.07844282e-01 -9.69551434e-01 1.29502016e-01
    outer loop
      vertex 8.85532567e+00 -4.19153275e+00 0.00000000e+00
      vertex 1.28910194e+01 -5.05667084e+00 0.00000000e+00
      vertex 1.72525715e+01 -3.65420618e+00 1.75000000e+01
    endloop
  endfacet
  facet normal -2.09877756e-01 -9.68984737e-01 1.30460364e-01
    outer loop
      vertex 8.85532567e+00 -4.19153275e+00 0.00000000e+00
      vertex 1.72525715e+01 -3.65420618e+00 1.75000000e+01
      vertex 1.33199563e+01 -2.80241932e+00 1.75000000e+01
    endloop
  endfacet
  facet normal -1.65345941e-01 -9.79010573e-01 1.19159631e-01
    outer loop
      vertex 1.28910194e+01 -5.05667084e+00 0.00000000e+00
      vertex 1.69611499e+01 -5.74407869e+00 0.00000000e+00
      vertex 2.12190606e+01 -4.33319987e+00 1.75000000e+01
    endloop
  endfacet
  facet normal -1.67505574e-01 -9.78520184e-01 1.20167101e-01
    outer loop
      vertex 1.28910194e+01 -5.05667084e+00 0.00000000e+00
      vertex 2.12190606e+01 -4.33319987e+00 1.75000000e+01
      vertex 1.72525715e+01 -3.65420618e+00 1.75000000e+01
    endloop
  endfacet
  facet normal -1.32554351e-01 -9.84925906e-01 1.11131920e-01
    outer loop
      vertex 1.69611499e+01 -5.74407869e+00 0.00000000e+00
      vertex 2.10521701e+01 -6.29466075e+00 0.00000000e+00
      vertex 2.52061722e+01 -4.87914559e+00 1.75000000e+01
    endloop
  endfacet
  facet normal -1.34805577e-01 -9.84502402e-01 1.12171640e-01
    outer loop
      vertex 1.69611499e+01 -5.74407869e+00 0.00000000e+00
      vertex 2.52061722e+01 -4.87914559e+00 1.75000000e+01
      vertex 2.12190606e+01 -4.33319987e+00 1.75000000e+01
    endloop
  endfacet
  facet normal -1.05614449e-01 -9.88899265e-01 1.04517137e-01
    outer loop
      vertex 2.10521701e+01 -6.29466075e+00 0.00000000e+00
      vertex 2.51567709e+01 -6.73303213e+00 0.00000000e+00
      vertex 2.92067486e+01 -5.31598818e+00 1.75000000e+01
    endloop
  endfacet
  facet normal -1.07942956e-01 -9.88534677e-01 1.05581776e-01
    outer loop
      vertex 2.10521701e+01 -6.29466075e+00 0.00000000e+00
      vertex 2.92067486e+01 -5.31598818e+00 1.75000000e+01
      vertex 2.52061722e+01 -4.87914559e+00 1.75000000e+01
    endloop
  endfacet
  facet normal -8.22427790e-02 -9.91705032e-01 9.87788203e-02
    outer loop
      vertex 2.51567709e+01 -6.73303213e+00 0.00000000e+00
      vertex 2.92706832e+01 -7.07420171e+00 0.00000000e+00
      vertex 3.32166064e+01 -5.65835161e+00 1.75000000e+01
    endloop
  endfacet
  facet normal -8.46456483e-02 -9.91393877e-01 9.98663826e-02
    outer loop
      vertex 2.51567709e+01 -6.73303213e+00 0.00000000e+00
      vertex 3.32166064e+01 -5.65835161e+00 1.75000000e+01
      vertex 2.92067486e+01 -5.31598818e+00 1.75000000e+01
    endloop
  endfacet
  facet normal -6.12161221e-02 -9.93723353e-01 9.36295084e-02
    outer loop
      vertex 2.92706832e+01 -7.07420171e+00 0.00000000e+00
      vertex 3.33912186e+01 -7.32803815e+00 0.00000000e+00
      vertex 3.72331123e+01 -5.91584374e+00 1.75000000e+01
    endloop
  endfacet
  facet normal -6.36894034e-02 -9.93462857e-01 9.47375987e-02
    outer loop
      vertex 2.92706832e+01 -7.07420171e+00 0.00000000e+00
      vertex 3.72331123e+01 -5.91584374e+00 1.75000000e+01
      vertex 3.32166064e+01 -5.65835161e+00 1.75000000e+01
    endloop
  endfacet
  facet normal -3.31738231e-02 -9.95651191e-01 8.70528803e-02
    outer loop
      vertex 3.33912186e+01 -7.32803815e+00 0.00000000e+00
      vertex 3.75173457e+01 -7.46551542e+00 0.00000000e+00
      vertex 4.12553483e+01 -6.05998145e+00 1.75000000e+01
    endloop
  endfacet
  facet normal -3.56727843e-02 -9.95467137e-01 8.81625240e-02
    outer loop
      vertex 3.33912186e+01 -7.32803815e+00 0.00000000e+00
      vertex 4.12553483e+01 -6.05998145e+00 1.75000000e+01
      vertex 3.72331123e+01 -5.91584374e+00 1.75000000e+01
    endloop
  endfacet
  facet normal -1.06994207e-02 -9.96597015e-01 8.17307299e-02
    outer loop
      vertex 3.75173457e+01 -7.46551542e+00 0.00000000e+00
      vertex 4.16451038e+01 -7.50983084e+00 0.00000000e+00
      vertex 4.52793984e+01 -6.11367683e+00 1.75000000e+01
    endloop
  endfacet
  facet normal -1.32965306e-02 -9.96471412e-01 8.28729647e-02
    outer loop
      vertex 3.75173457e+01 -7.46551542e+00 0.00000000e+00
      vertex 4.52793984e+01 -6.11367683e+00 1.75000000e+01
      vertex 4.12553483e+01 -6.05998145e+00 1.75000000e+01
    endloop
  endfacet
  facet normal 1.23637459e-02 -9.97003888e-01 7.63569601e-02
    outer loop
      vertex 4.16451038e+01 -7.50983084e+00 0.00000000e+00
      vertex 4.57724447e+01 -7.45864810e+00 0.00000000e+00
      vertex 4.93032928e+01 -6.07460003e+00 1.75000000e+01
    endloop
  endfacet
  facet normal 9.68150540e-03 -9.96943340e-01 7.75257718e-02
    outer loop
      vertex 4.16451038e+01 -7.50983084e+00 0.00000000e+00
      vertex 4.93032928e+01 -6.07460003e+00 1.75000000e+01
      vertex 4.52793984e+01 -6.11367683e+00 1.75000000e+01
    endloop
  endfacet
  facet normal 3.83455875e-02 -9.96775737e-01 7.04822372e-02
    outer loop
      vertex 4.57724447e+01 -7.45864810e+00 0.00000000e+00
      vertex 4.98978100e+01 -7.29994685e+00 0.00000000e+00
      vertex 5.33255359e+01 -5.93065458e+00 1.75000000e+01
    endloop
  endfacet
  facet normal 3.56725736e-02 -9.96792632e-01 7.16373990e-02
    outer loop
      vertex 4.57724447e+01 -7.45864810e+00 0.00000000e+00
      vertex 5.33255359e+01 -5.93065458e+00 1.75000000e+01
      vertex 4.93032928e+01 -6.07460003e+00 1.75000000e+01
    endloop
  endfacet
  facet normal 9.10273260e-02 -9.94082370e-01 5.92812500e-02
    outer loop
      vertex 4.98978100e+01 -7.29994685e+00 0.00000000e+00
      vertex 5.40088341e+01 -6.92350367e+00 0.00000000e+00
      vertex 5.73344394e+01 -5.57538316e+00 1.75000000e+01
    endloop
  endfacet
  facet normal 8.81127314e-02 -9.94269214e-01 6.05382205e-02
    outer loop
      vertex 4.98978100e+01 -7.29994685e+00 0.00000000e+00
      vertex 5.73344394e+01 -5.57538316e+00 1.75000000e+01
      vertex 5.33255359e+01 -5.93065458e+00 1.75000000e+01
    endloop
  endfacet
  facet normal 1.19159927e-01 -9.91456854e-01 5.30492069e-02
    outer loop
      vertex 5.40088341e+01 -6.92350367e+00 0.00000000e+00
      vertex 5.81066071e+01 -6.43100586e+00 0.00000000e+00
      vertex 6.13307928e+01 -5.10714103e+00 1.75000000e+01
    endloop
  endfacet
  facet normal 1.16199491e-01 -9.91739543e-01 5.43171872e-02
    outer loop
      vertex 5.40088341e+01 -6.92350367e+00 0.00000000e+00
      vertex 6.13307928e+01 -5.10714103e+00 1.75000000e+01
      vertex 5.73344394e+01 -5.57538316e+00 1.75000000e+01
    endloop
  endfacet
  facet normal 1.42140373e-01 -9.88685554e-01 4.79269259e-02
    outer loop
      vertex 5.81066071e+01 -6.43100586e+00 0.00000000e+00
      vertex 6.21929220e+01 -5.84352855e+00 0.00000000e+00
      vertex 6.53162390e+01 -4.54617911e+00 1.75000000e+01
    endloop
  endfacet
  facet normal 1.39210130e-01 -9.89041259e-01 4.91724355e-02
    outer loop
      vertex 5.81066071e+01 -6.43100586e+00 0.00000000e+00
      vertex 6.53162390e+01 -4.54617911e+00 1.75000000e+01
      vertex 6.13307928e+01 -5.10714103e+00 1.75000000e+01
    endloop
  endfacet
  facet normal 1.62196211e-01 -9.85801026e-01 4.34594816e-02
    outer loop
      vertex 6.21929220e+01 -5.84352855e+00 0.00000000e+00
      vertex 6.62665683e+01 -5.17328174e+00 0.00000000e+00
      vertex 6.92895573e+01 -3.90440673e+00 1.75000000e+01
    endloop
  endfacet
  facet normal 1.59294656e-01 -9.86219392e-01 4.46824839e-02
    outer loop
      vertex 6.21929220e+01 -5.84352855e+00 0.00000000e+00
      vertex 6.92895573e+01 -3.90440673e+00 1.75000000e+01
      vertex 6.53162390e+01 -4.54617911e+00 1.75000000e+01
    endloop
  endfacet
  facet normal 1.65413160e-01 -9.85321522e-01 4.21898669e-02
    outer loop
      vertex 6.62665683e+01 -5.17328174e+00 0.00000000e+00
      vertex 7.03379954e+01 -4.48978137e+00 0.00000000e+00
      vertex 7.32607637e+01 -3.24979322e+00 1.75000000e+01
    endloop
  endfacet
  facet normal 1.62491775e-01 -9.85754748e-01 4.34050697e-02
    outer loop
      vertex 6.62665683e+01 -5.17328174e+00 0.00000000e+00
      vertex 7.32607637e+01 -3.24979322e+00 1.75000000e+01
      vertex 6.92895573e+01 -3.90440673e+00 1.75000000e+01
    endloop
  endfacet
  facet normal 1.67678810e-01 -9.84984022e-01 4.11131796e-02
    outer loop
      vertex 7.03379954e+01 -4.48978137e+00 0.00000000e+00
      vertex 7.44078601e+01 -3.79694772e+00 0.00000000e+00
      vertex 7.72304605e+01 -2.58599313e+00 1.75000000e+01
    endloop
  endfacet
  facet normal 1.64779281e-01 -9.85422880e-01 4.23029163e-02
    outer loop
      vertex 7.03379954e+01 -4.48978137e+00 0.00000000e+00
      vertex 7.72304605e+01 -2.58599313e+00 1.75000000e+01
      vertex 7.32607637e+01 -3.24979322e+00 1.75000000e+01
    endloop
  endfacet
  facet normal 1.63744597e-01 -9.85645272e-01 4.11230497e-02
    outer loop
      vertex 7.44078601e+01 -3.79694772e+00 0.00000000e+00
      vertex 7.84804596e+01 -3.12036946e+00 0.00000000e+00
      vertex 8.12027662e+01 -1.93798023e+00 1.75000000e+01
    endloop
  endfacet
  facet normal 1.60860385e-01 -9.86070814e-01 4.22881365e-02
    outer loop
      vertex 7.44078601e+01 -3.79694772e+00 0.00000000e+00
      vertex 8.12027662e+01 -1.93798023e+00 1.75000000e+01
      vertex 7.72304605e+01 -2.58599313e+00 1.75000000e+01
    endloop
  endfacet
  facet normal 1.58322262e-01 -9.86520661e-01 4.13648112e-02
    outer loop
      vertex 7.84804596e+01 -3.12036946e+00 0.00000000e+00
      vertex 8.25566482e+01 -2.46620030e+00 0.00000000e+00
      vertex 8.51784824e+01 -1.31165892e+00 1.75000000e+01
    endloop
  endfacet
  facet normal 1.55476937e-01 -9.86925044e-01 4.24956379e-02
    outer loop
      vertex 7.84804596e+01 -3.12036946e+00 0.00000000e+00
      vertex 8.51784824e+01 -1.31165892e+00 1.75000000e+01
      vertex 8.12027662e+01 -1.93798023e+00 1.75000000e+01
    endloop
  endfacet
  facet normal 1.52267514e-01 -9.87460521e-01 4.16692181e-02
    outer loop
      vertex 8.25566482e+01 -2.46620030e+00 0.00000000e+00
      vertex 8.66368405e+01 -1.83703009e+00 0.00000000e+00
      vertex 8.91580411e+01 -7.09786784e-01 1.75000000e+01
    endloop
  endfacet
  facet normal 1.49403358e-01 -9.87850070e-01 4.27887395e-02
    outer loop
      vertex 8.25566482e+01 -2.46620030e+00 0.00000000e+00
      vertex 8.91580411e+01 -7.09786784e-01 1.75000000e+01
      vertex 8.51784824e+01 -1.31165892e+00 1.75000000e+01
    endloop
  endfacet
  facet normal 1.35596909e-01 -9.89805464e-01 4.35731705e-02
    outer loop
      vertex 8.66368405e+01 -1.83703009e+00 0.00000000e+00
      vertex 9.07270197e+01 -1.27670216e+00 0.00000000e+00
      vertex 9.31471048e+01 -1.74782038e-01 1.75000000e+01
    endloop
  endfacet
  facet normal 1.32795125e-01 -9.90137414e-01 4.46470071e-02
    outer loop
      vertex 8.66368405e+01 -1.83703009e+00 0.00000000e+00
      vertex 9.31471048e+01 -1.74782038e-01 1.75000000e+01
      vertex 8.91580411e+01 -7.09786784e-01 1.75000000e+01
    endloop
  endfacet
  facet normal 1.24046728e-01 -9.91272595e-01 4.46212001e-02
    outer loop
      vertex 9.07270197e+01 -1.27670216e+00 0.00000000e+00
      vertex 9.48232220e+01 -7.64108047e-01 0.00000000e+00
      vertex 9.71418973e+01 3.13794334e-01 1.75000000e+01
    endloop
  endfacet
  facet normal 1.21272097e-01 -9.91568339e-01 4.56651598e-02
    outer loop
      vertex 9.07270197e+01 -1.27670216e+00 0.00000000e+00
      vertex 9.71418973e+01 3.13794334e-01 1.75000000e+01
      vertex 9.31471048e+01 -1.74782038e-01 1.75000000e+01
    endloop
  endfacet
  facet normal 1.09957670e-01 -9.92873442e-01 4.59525713e-02
    outer loop
      vertex 9.48232220e+01 -7.64108047e-01 0.00000000e+00
      vertex 9.89264442e+01 -3.09688846e-01 0.00000000e+00
      vertex 1.01143363e+02 7.45770110e-01 1.75000000e+01
    endloop
  endfacet
  facet normal 1.07212347e-01 -9.93126236e-01 4.69658577e-02
    outer loop
      vertex 9.48232220e+01 -7.64108047e-01 0.00000000e+00
      vertex 1.01143363e+02 7.45770110e-01 1.75000000e+01
      vertex 9.71418973e+01 3.13794334e-01 1.75000000e+01
    endloop
  endfacet
  facet normal 8.46754025e-02 -9.95219744e-01 4.86594025e-02
    outer loop
      vertex 9.89264442e+01 -3.09688846e-01 0.00000000e+00
      vertex 1.03039999e+02 4.03010912e-02 0.00000000e+00
      vertex 1.05154622e+02 1.07584737e+00 1.75000000e+01
    endloop
  endfacet
  facet normal 8.19093191e-02 -9.95401889e-01 4.96582612e-02
    outer loop
      vertex 9.89264442e+01 -3.09688846e-01 0.00000000e+00
      vertex 1.05154622e+02 1.07584737e+00 1.75000000e+01
      vertex 1.01143363e+02 7.45770110e-01 1.75000000e+01
    endloop
  endfacet
  facet normal 5.99347668e-02 -9.96891765e-01 5.11334808e-02
    outer loop
      vertex 1.03039999e+02 4.03010912e-02 0.00000000e+00
      vertex 1.07160650e+02 2.88041363e-01 0.00000000e+00
      vertex 1.09172500e+02 1.30662307e+00 1.75000000e+01
    endloop
  endfacet
  facet normal 5.72648858e-02 -9.96999864e-01 5.20769058e-02
    outer loop
      vertex 1.03039999e+02 4.03010912e-02 0.00000000e+00
      vertex 1.09172500e+02 1.30662307e+00 1.75000000e+01
      vertex 1.05154622e+02 1.07584737e+00 1.75000000e+01
    endloop
  endfacet
  facet normal 3.03101607e-02 -9.98080619e-01 5.40034524e-02
    outer loop
      vertex 1.07160650e+02 2.88041363e-01 0.00000000e+00
      vertex 1.11286582e+02 4.13339547e-01 0.00000000e+00
      vertex 1.13195206e+02 1.41817931e+00 1.75000000e+01
    endloop
  endfacet
  facet normal 2.76791616e-02 -9.98107453e-01 5.49124374e-02
    outer loop
      vertex 1.07160650e+02 2.88041363e-01 0.00000000e+00
      vertex 1.13195206e+02 1.41817931e+00 1.75000000e+01
      vertex 1.09172500e+02 1.30662307e+00 1.75000000e+01
    endloop
  endfacet
  facet normal -9.73959456e-03 -9.98280927e-01 5.77955950e-02
    outer loop
      vertex 1.11286582e+02 4.13339547e-01 0.00000000e+00
      vertex 1.15414071e+02 3.73070257e-01 0.00000000e+00
      vertex 1.17219008e+02 1.36862525e+00 1.75000000e+01
    endloop
  endfacet
  facet normal -1.22930972e-02 -9.98202506e-01 5.86569407e-02
    outer loop
      vertex 1.11286582e+02 4.13339547e-01 0.00000000e+00
      vertex 1.17219008e+02 1.36862525e+00 1.75000000e+01
      vertex 1.13195206e+02 1.41817931e+00 1.75000000e+01
    endloop
  endfacet
  facet normal -8.09153987e-02 -9.94644514e-01 6.43038830e-02
    outer loop
      vertex 1.15414071e+02 3.73070257e-01 0.00000000e+00
      vertex 1.20000000e+02 0.00000000e+00 0.00000000e+00
      vertex 1.21688810e+02 9.93990509e-01 1.75000000e+01
    endloop
  endfacet
  facet normal -8.33442263e-02 -9.94387841e-01 6.51656480e-02
    outer loop
      vertex 1.15414071e+02 3.73070257e-01 0.00000000e+00
      vertex 1.21688810e+02 9.93990509e-01 1.75000000e+01
      vertex 1.17219008e+02 1.36862525e+00 1.75000000e+01
    endloop
  endfacet
  facet normal 2.88462060e-01 9.53870810e-01 -8.31872498e-02
    outer loop
      vertex 1.21688810e+02 9.93990509e-01 1.75000000e+01
      vertex 1.17836747e+02 2.15890109e+00 1.75000000e+01
      vertex 1.19626863e+02 3.14372639e+00 3.50000000e+01
    endloop
  endfacet
  facet normal 2.90766197e-01 9.53201771e-01 -8.28335775e-02
    outer loop
      vertex 1.21688810e+02 9.93990509e-01 1.75000000e+01
      vertex 1.19626863e+02 3.14372639e+00 3.50000000e+01
      vertex 1.23377050e+02 1.99976351e+00 3.50000000e+01
    endloop
  endfacet
  facet normal 2.76065841e-01 9.57577628e-01 -8.26603785e-02
    outer loop
      vertex 1.17836747e+02 2.15890109e+00 1.75000000e+01
      vertex 1.13969618e+02 3.27377897e+00 1.75000000e+01
      vertex 1.15861858e+02 4.23889513e+00 3.50000000e+01
    endloop
  endfacet
  facet normal 2.78356637e-01 9.56943019e-01 -8.23264328e-02
    outer loop
      vertex 1.17836747e+02 2.15890109e+00 1.75000000e+01
      vertex 1.15861858e+02 4.23889513e+00 3.50000000e+01
      vertex 1.19626863e+02 3.14372639e+00 3.50000000e+01
    endloop
  endfacet
  facet normal 2.62088742e-01 9.61562092e-01 -8.19013705e-02
    outer loop
      vertex 1.13969618e+02 3.27377897e+00 1.75000000e+01
      vertex 1.10086475e+02 4.33219008e+00 1.75000000e+01
      vertex 1.12081120e+02 5.27908682e+00 3.50000000e+01
    endloop
  endfacet
  facet normal 2.64388033e-01 9.60959411e-01 -8.15841837e-02
    outer loop
      vertex 1.13969618e+02 3.27377897e+00 1.75000000e+01
      vertex 1.12081120e+02 5.27908682e+00 3.50000000e+01
      vertex 1.15861858e+02 4.23889513e+00 3.50000000e+01
    endloop
  endfacet
  facet normal 2.61267322e-01 9.61747336e-01 -8.23495454e-02
    outer loop
      vertex 1.10086475e+02 4.33219008e+00 1.75000000e+01
      vertex 1.06202428e+02 5.38732636e+00 1.75000000e+01
      vertex 1.08299490e+02 6.31607698e+00 3.50000000e+01
    endloop
  endfacet
  facet normal 2.63563433e-01 9.61146509e-01 -8.20469688e-02
    outer loop
      vertex 1.10086475e+02 4.33219008e+00 1.75000000e+01
      vertex 1.08299490e+02 6.31607698e+00 3.50000000e+01
      vertex 1.12081120e+02 5.27908682e+00 3.50000000e+01
    endloop
  endfacet
  facet normal 2.63316811e-01 9.61124514e-01 -8.30898704e-02
    outer loop
      vertex 1.06202428e+02 5.38732636e+00 1.75000000e+01
      vertex 1.02320660e+02 6.45080454e+00 1.75000000e+01
      vertex 1.04520080e+02 7.36112198e+00 3.50000000e+01
    endloop
  endfacet
  facet normal 2.65594166e-01 9.60522460e-01 -8.28030341e-02
    outer loop
      vertex 1.06202428e+02 5.38732636e+00 1.75000000e+01
      vertex 1.04520080e+02 7.36112198e+00 3.50000000e+01
      vertex 1.08299490e+02 6.31607698e+00 3.50000000e+01
    endloop
  endfacet
  facet normal 2.65026953e-01 9.60592661e-01 -8.38000872e-02
    outer loop
      vertex 1.02320660e+02 6.45080454e+00 1.75000000e+01
      vertex 9.84408062e+01 7.52125385e+00 1.75000000e+01
      vertex 1.00742530e+02 8.41287290e+00 3.50000000e+01
    endloop
  endfacet
  facet normal 2.67282131e-01 9.59991209e-01 -8.35292841e-02
    outer loop
      vertex 1.02320660e+02 6.45080454e+00 1.75000000e+01
      vertex 1.00742530e+02 8.41287290e+00 3.50000000e+01
      vertex 1.04520080e+02 7.36112198e+00 3.50000000e+01
    endloop
  endfacet
  facet normal 2.65889232e-01 9.60300343e-01 -8.44166249e-02
    outer loop
      vertex 9.84408062e+01 7.52125385e+00 1.75000000e+01
      vertex 9.45619300e+01 8.59524223e+00 1.75000000e+01
      vertex 9.69659173e+01 9.46798648e+00 3.50000000e+01
    endloop
  endfacet
  facet normal 2.68122343e-01 9.59701619e-01 -8.41618166e-02
    outer loop
      vertex 9.84408062e+01 7.52125385e+00 1.75000000e+01
      vertex 9.69659173e+01 9.46798648e+00 3.50000000e+01
      vertex 1.00742530e+02 8.41287290e+00 3.50000000e+01
    endloop
  endfacet
  facet normal 2.64986974e-01 9.60514429e-01 -8.48170723e-02
    outer loop
      vertex 9.45619300e+01 8.59524223e+00 1.75000000e+01
      vertex 9.06820569e+01 9.66562266e+00 1.75000000e+01
      vertex 9.31883054e+01 1.05195146e+01 3.50000000e+01
    endloop
  endfacet
  facet normal 2.67201807e-01 9.59921740e-01 -8.45780528e-02
    outer loop
      vertex 9.45619300e+01 8.59524223e+00 1.75000000e+01
      vertex 9.31883054e+01 1.05195146e+01 3.50000000e+01
      vertex 9.69659173e+01 9.46798648e+00 3.50000000e+01
    endloop
  endfacet
  facet normal 2.60763617e-01 9.61672690e-01 -8.47819108e-02
    outer loop
      vertex 9.06820569e+01 9.66562266e+00 1.75000000e+01
      vertex 8.67975260e+01 1.07189377e+01 1.75000000e+01
      vertex 8.94061149e+01 1.15544178e+01 3.50000000e+01
    endloop
  endfacet
  facet normal 2.62978353e-01 9.61089186e-01 -8.45574538e-02
    outer loop
      vertex 9.06820569e+01 9.66562266e+00 1.75000000e+01
      vertex 8.94061149e+01 1.15544178e+01 3.50000000e+01
      vertex 9.31883054e+01 1.05195146e+01 3.50000000e+01
    endloop
  endfacet
  facet normal 2.54781012e-01 9.63301532e-01 -8.44795513e-02
    outer loop
      vertex 8.67975260e+01 1.07189377e+01 1.75000000e+01
      vertex 8.29065739e+01 1.17480451e+01 1.75000000e+01
      vertex 8.56176076e+01 1.25657249e+01 3.50000000e+01
    endloop
  endfacet
  facet normal 2.56992508e-01 9.62732235e-01 -8.42703653e-02
    outer loop
      vertex 8.67975260e+01 1.07189377e+01 1.75000000e+01
      vertex 8.56176076e+01 1.25657249e+01 3.50000000e+01
      vertex 8.94061149e+01 1.15544178e+01 3.50000000e+01
    endloop
  endfacet
  facet normal 2.47303392e-01 9.65296699e-01 -8.39244647e-02
    outer loop
      vertex 8.29065739e+01 1.17480451e+01 1.75000000e+01
      vertex 7.90077197e+01 1.27469088e+01 1.75000000e+01
      vertex 8.18213278e+01 1.35475573e+01 3.50000000e+01
    endloop
  endfacet
  facet normal 2.49512121e-01 9.64744972e-01 -8.37307588e-02
    outer loop
      vertex 8.29065739e+01 1.17480451e+01 1.75000000e+01
      vertex 8.18213278e+01 1.35475573e+01 3.50000000e+01
      vertex 8.56176076e+01 1.25657249e+01 3.50000000e+01
    endloop
  endfacet
  facet normal 2.28797920e-01 9.70040753e-01 -8.16850609e-02
    outer loop
      vertex 7.90077197e+01 1.27469088e+01 1.75000000e+01
      vertex 7.50903943e+01 1.36708658e+01 1.75000000e+01
      vertex 7.80069193e+01 1.44565995e+01 3.50000000e+01
    endloop
  endfacet
  facet normal 2.31054288e-01 9.69520919e-01 -8.15052363e-02
    outer loop
      vertex 7.90077197e+01 1.27469088e+01 1.75000000e+01
      vertex 7.80069193e+01 1.44565995e+01 3.50000000e+01
      vertex 8.18213278e+01 1.35475573e+01 3.50000000e+01
    endloop
  endfacet
  facet normal 2.04834480e-01 9.75646950e-01 -7.84593206e-02
    outer loop
      vertex 7.50903943e+01 1.36708658e+01 1.75000000e+01
      vertex 7.11520164e+01 1.44977177e+01 1.75000000e+01
      vertex 7.41717691e+01 1.52710391e+01 3.50000000e+01
    endloop
  endfacet
  facet normal 2.07091728e-01 9.75183250e-01 -7.82984312e-02
    outer loop
      vertex 7.50903943e+01 1.36708658e+01 1.75000000e+01
      vertex 7.41717691e+01 1.52710391e+01 3.50000000e+01
      vertex 7.80069193e+01 1.44565995e+01 3.50000000e+01
    endloop
  endfacet
  facet normal 1.73320482e-01 9.82094110e-01 -7.38320439e-02
    outer loop
      vertex 7.11520164e+01 1.44977177e+01 1.75000000e+01
      vertex 6.71901014e+01 1.51969186e+01 1.75000000e+01
      vertex 7.03134262e+01 1.59613307e+01 3.50000000e+01
    endloop
  endfacet
  facet normal 1.75633692e-01 9.81693906e-01 -7.36877251e-02
    outer loop
      vertex 7.11520164e+01 1.44977177e+01 1.75000000e+01
      vertex 7.03134262e+01 1.59613307e+01 3.50000000e+01
      vertex 7.41717691e+01 1.52710391e+01 3.50000000e+01
    endloop
  endfacet
  facet normal 1.31924110e-01 9.88973148e-01 -6.72914700e-02
    outer loop
      vertex 6.71901014e+01 1.51969186e+01 1.75000000e+01
      vertex 6.32008598e+01 1.57290636e+01 1.75000000e+01
      vertex 6.64281308e+01 1.64892924e+01 3.50000000e+01
    endloop
  endfacet
  facet normal 1.34345635e-01 9.88655873e-01 -6.71626032e-02
    outer loop
      vertex 6.71901014e+01 1.51969186e+01 1.75000000e+01
      vertex 6.64281308e+01 1.64892924e+01 3.50000000e+01
      vertex 7.03134262e+01 1.59613307e+01 3.50000000e+01
    endloop
  endfacet
  facet normal 6.70767242e-02 9.96162464e-01 -5.62232845e-02
    outer loop
      vertex 6.32008598e+01 1.57290636e+01 1.75000000e+01
      vertex 5.91851351e+01 1.59994629e+01 1.75000000e+01
      vertex 6.25164449e+01 1.67628466e+01 3.50000000e+01
    endloop
  endfacet
  facet normal 6.96522560e-02 9.95991944e-01 -5.61124838e-02
    outer loop
      vertex 6.32008598e+01 1.57290636e+01 1.75000000e+01
      vertex 6.25164449e+01 1.67628466e+01 3.50000000e+01
      vertex 6.64281308e+01 1.64892924e+01 3.50000000e+01
    endloop
  endfacet
  facet normal 2.97605157e-02 9.98315396e-01 -4.98064507e-02
    outer loop
      vertex 5.91851351e+01 1.59994629e+01 1.75000000e+01
      vertex 5.51632140e+01 1.61193594e+01 1.75000000e+01
      vertex 5.85983479e+01 1.68900392e+01 3.50000000e+01
    endloop
  endfacet
  facet normal 3.24056422e-02 9.98237653e-01 -4.97138015e-02
    outer loop
      vertex 5.91851351e+01 1.59994629e+01 1.75000000e+01
      vertex 5.85983479e+01 1.68900392e+01 3.50000000e+01
      vertex 6.25164449e+01 1.67628466e+01 3.50000000e+01
    endloop
  endfacet
  facet normal -2.23099936e-03 9.99021879e-01 -4.41622907e-02
    outer loop
      vertex 5.51632140e+01 1.61193594e+01 1.75000000e+01
      vertex 5.11392961e+01 1.61103732e+01 1.75000000e+01
      vertex 5.46779747e+01 1.68918725e+01 3.50000000e+01
    endloop
  endfacet
  facet normal 4.67181134e-04 9.99027554e-01 -4.40877261e-02
    outer loop
      vertex 5.51632140e+01 1.61193594e+01 1.75000000e+01
      vertex 5.46779747e+01 1.68918725e+01 3.50000000e+01
      vertex 5.85983479e+01 1.68900392e+01 3.50000000e+01
    endloop
  endfacet
  facet normal -3.17611315e-02 9.98742435e-01 -3.87914816e-02
    outer loop
      vertex 5.11392961e+01 1.61103732e+01 1.75000000e+01
      vertex 4.71168073e+01 1.59824535e+01 1.75000000e+01
      vertex 5.07586763e+01 1.67779748e+01 3.50000000e+01
    endloop
  endfacet
  facet normal -2.90266762e-02 9.98827829e-01 -3.87352656e-02
    outer loop
      vertex 5.11392961e+01 1.61103732e+01 1.75000000e+01
      vertex 5.07586763e+01 1.67779748e+01 3.50000000e+01
      vertex 5.46779747e+01 1.68918725e+01 3.50000000e+01
    endloop
  endfacet
  facet normal -6.84742998e-02 9.97149101e-01 -3.17007902e-02
    outer loop
      vertex 4.71168073e+01 1.59824535e+01 1.75000000e+01
      vertex 4.31014464e+01 1.57067184e+01 1.75000000e+01
      vertex 4.68459205e+01 1.65202017e+01 3.50000000e+01
    endloop
  endfacet
  facet normal -6.57047306e-02 9.97336603e-01 -3.16636810e-02
    outer loop
      vertex 4.71168073e+01 1.59824535e+01 1.75000000e+01
      vertex 4.68459205e+01 1.65202017e+01 3.50000000e+01
      vertex 5.07586763e+01 1.67779748e+01 3.50000000e+01
    endloop
  endfacet
  facet normal -1.00431216e-01 9.94620360e-01 -2.53753865e-02
    outer loop
      vertex 4.31014464e+01 1.57067184e+01 1.75000000e+01
      vertex 3.90974652e+01 1.53024187e+01 1.75000000e+01
      vertex 4.29438917e+01 1.61372806e+01 3.50000000e+01
    endloop
  endfacet
  facet normal -9.76333044e-02 9.94899370e-01 -2.53570612e-02
    outer loop
      vertex 4.31014464e+01 1.57067184e+01 1.75000000e+01
      vertex 4.29438917e+01 1.61372806e+01 3.50000000e+01
      vertex 4.68459205e+01 1.65202017e+01 3.50000000e+01
    endloop
  endfacet
  facet normal -1.30174869e-01 9.91302904e-01 -1.93146544e-02
    outer loop
      vertex 3.90974652e+01 1.53024187e+01 1.75000000e+01
      vertex 3.51077017e+01 1.47784952e+01 1.75000000e+01
      vertex 3.90553737e+01 1.56378633e+01 3.50000000e+01
    endloop
  endfacet
  facet normal -1.27363709e-01 9.91667999e-01 -1.93148912e-02
    outer loop
      vertex 3.90974652e+01 1.53024187e+01 1.75000000e+01
      vertex 3.90553737e+01 1.56378633e+01 3.50000000e+01
      vertex 4.29438917e+01 1.61372806e+01 3.50000000e+01
    endloop
  endfacet
  facet normal -1.62269476e-01 9.86667493e-01 -1.24850077e-02
    outer loop
      vertex 3.51077017e+01 1.47784952e+01 1.75000000e+01
      vertex 3.11370263e+01 1.41254693e+01 1.75000000e+01
      vertex 3.51850888e+01 1.50126624e+01 3.50000000e+01
    endloop
  endfacet
  facet normal -1.59458979e-01 9.87125369e-01 -1.25035628e-02
    outer loop
      vertex 3.51077017e+01 1.47784952e+01 1.75000000e+01
      vertex 3.51850888e+01 1.50126624e+01 3.50000000e+01
      vertex 3.90553737e+01 1.56378633e+01 3.50000000e+01
    endloop
  endfacet
  facet normal -1.97986866e-01 9.80194211e-01 -4.52882212e-03
    outer loop
      vertex 3.11370263e+01 1.41254693e+01 1.75000000e+01
      vertex 2.71925651e+01 1.33287379e+01 1.75000000e+01
      vertex 3.13399583e+01 1.42473148e+01 3.50000000e+01
    endloop
  endfacet
  facet normal -1.95211850e-01 9.80750476e-01 -4.56487457e-03
    outer loop
      vertex 3.11370263e+01 1.41254693e+01 1.75000000e+01
      vertex 3.13399583e+01 1.42473148e+01 3.50000000e+01
      vertex 3.51850888e+01 1.50126624e+01 3.50000000e+01
    endloop
  endfacet
  facet normal -2.39852305e-01 9.70795098e-01 5.26770352e-03
    outer loop
      vertex 2.71925651e+01 1.33287379e+01 1.75000000e+01
      vertex 2.32858169e+01 1.23635058e+01 1.75000000e+01
      vertex 2.75311700e+01 1.33174382e+01 3.50000000e+01
    endloop
  endfacet
  facet normal -2.37170528e-01 9.71454030e-01 5.21623967e-03
    outer loop
      vertex 2.71925651e+01 1.33287379e+01 1.75000000e+01
      vertex 2.75311700e+01 1.33174382e+01 3.50000000e+01
      vertex 3.13399583e+01 1.42473148e+01 3.50000000e+01
    endloop
  endfacet
  facet normal -2.90372211e-01 9.56749956e-01 1.77059526e-02
    outer loop
      vertex 2.32858169e+01 1.23635058e+01 1.75000000e+01
      vertex 1.94351561e+01 1.11948359e+01 1.75000000e+01
      vertex 2.37766575e+01 1.21886141e+01 3.50000000e+01
    endloop
  endfacet
  facet normal -2.87881114e-01 9.57503612e-01 1.76436141e-02
    outer loop
      vertex 2.32858169e+01 1.23635058e+01 1.75000000e+01
      vertex 2.37766575e+01 1.21886141e+01 3.50000000e+01
      vertex 2.75311700e+01 1.33174382e+01 3.50000000e+01
    endloop
  endfacet
  facet normal -3.50586948e-01 9.35938857e-01 3.32753231e-02
    outer loop
      vertex 1.94351561e+01 1.11948359e+01 1.75000000e+01
      vertex 1.56672875e+01 9.78345572e+00 1.75000000e+01
      vertex 2.01023836e+01 1.08225927e+01 3.50000000e+01
    endloop
  endfacet
  facet normal -3.48283764e-01 9.36800828e-01 3.32058440e-02
    outer loop
      vertex 1.94351561e+01 1.11948359e+01 1.75000000e+01
      vertex 2.01023836e+01 1.08225927e+01 3.50000000e+01
      vertex 2.37766575e+01 1.21886141e+01 3.50000000e+01
    endloop
  endfacet
  facet normal -4.22069046e-01 9.05032661e-01 5.26650086e-02
    outer loop
      vertex 1.56672875e+01 9.78345572e+00 1.75000000e+01
      vertex 1.20219583e+01 8.08342800e+00 1.75000000e+01
      vertex 1.65467105e+01 9.17523411e+00 3.50000000e+01
    endloop
  endfacet
  facet normal -4.19796908e-01 9.06093312e-01 5.25876909e-02
    outer loop
      vertex 1.56672875e+01 9.78345572e+00 1.75000000e+01
      vertex 1.65467105e+01 9.17523411e+00 3.50000000e+01
      vertex 2.01023836e+01 1.08225927e+01 3.50000000e+01
    endloop
  endfacet
  facet normal -5.14013733e-01 8.54140870e-01 7.89509703e-02
    outer loop
      vertex 1.20219583e+01 8.08342800e+00 1.75000000e+01
      vertex 8.57704575e+00 6.01031289e+00 1.75000000e+01
      vertex 1.31844405e+01 7.16541764e+00 3.50000000e+01
    endloop
  endfacet
  facet normal -5.11480684e-01 8.55668256e-01 7.88628292e-02
    outer loop
      vertex 1.20219583e+01 8.08342800e+00 1.75000000e+01
      vertex 1.31844405e+01 7.16541764e+00 3.50000000e+01
      vertex 1.65467105e+01 9.17523411e+00 3.50000000e+01
    endloop
  endfacet
  facet normal -6.77418089e-01 7.24086576e-01 1.29627786e-01
    outer loop
      vertex 8.57704575e+00 6.01031289e+00 1.75000000e+01
      vertex 5.64724772e+00 3.26934481e+00 1.75000000e+01
      vertex 1.03188932e+01 4.50700195e+00 3.50000000e+01
    endloop
  endfacet
  facet normal -6.74381374e-01 7.26926076e-01 1.29569452e-01
    outer loop
      vertex 8.57704575e+00 6.01031289e+00 1.75000000e+01
      vertex 1.03188932e+01 4.50700195e+00 3.50000000e+01
      vertex 1.31844405e+01 7.16541764e+00 3.50000000e+01
    endloop
  endfacet
  facet normal -9.64740770e-01 -4.00784241e-02 2.60132593e-01
    outer loop
      vertex 5.64724772e+00 3.26934481e+00 1.75000000e+01
      vertex 5.78589691e+00 -6.81250192e-02 1.75000000e+01
      vertex 1.04493944e+01 1.26062568e+00 3.50000000e+01
    endloop
  endfacet
  facet normal -9.64752734e-01 -3.87821126e-02 2.60284671e-01
    outer loop
      vertex 5.64724772e+00 3.26934481e+00 1.75000000e+01
      vertex 1.04493944e+01 1.26062568e+00 3.50000000e+01
      vertex 1.03188932e+01 4.50700195e+00 3.50000000e+01
    endloop
  endfacet
  facet normal -4.01893423e-01 -8.98809306e-01 1.74995739e-01
    outer loop
      vertex 5.78589691e+00 -6.81250192e-02 1.75000000e+01
      vertex 9.44922224e+00 -1.70614362e+00 1.75000000e+01
      vertex 1.40159253e+01 -3.40895752e-01 3.50000000e+01
    endloop
  endfacet
  facet normal -4.03268554e-01 -8.98064656e-01 1.75654052e-01
    outer loop
      vertex 5.78589691e+00 -6.81250192e-02 1.75000000e+01
      vertex 1.40159253e+01 -3.40895752e-01 3.50000000e+01
      vertex 1.04493944e+01 1.26062568e+00 3.50000000e+01
    endloop
  endfacet
  facet normal -2.69654829e-01 -9.52098197e-01 1.44205746e-01
    outer loop
      vertex 9.44922224e+00 -1.70614362e+00 1.75000000e+01
      vertex 1.33199563e+01 -2.80241932e+00 1.75000000e+01
      vertex 1.77849171e+01 -1.41642541e+00 3.50000000e+01
    endloop
  endfacet
  facet normal -2.71505422e-01 -9.51439785e-01 1.45076331e-01
    outer loop
      vertex 9.44922224e+00 -1.70614362e+00 1.75000000e+01
      vertex 1.77849171e+01 -1.41642541e+00 3.50000000e+01
      vertex 1.40159253e+01 -3.40895752e-01 3.50000000e+01
    endloop
  endfacet
  facet normal -2.09895260e-01 -9.69065550e-01 1.29830426e-01
    outer loop
      vertex 1.33199563e+01 -2.80241932e+00 1.75000000e+01
      vertex 1.72525715e+01 -3.65420618e+00 1.75000000e+01
      vertex 2.16145501e+01 -2.25443108e+00 3.50000000e+01
    endloop
  endfacet
  facet normal -2.11927638e-01 -9.68495918e-01 1.30775889e-01
    outer loop
      vertex 1.33199563e+01 -2.80241932e+00 1.75000000e+01
      vertex 2.16145501e+01 -2.25443108e+00 3.50000000e+01
      vertex 1.77849171e+01 -1.41642541e+00 3.50000000e+01
    endloop
  endfacet
  facet normal -1.67518456e-01 -9.78595442e-01 1.19534631e-01
    outer loop
      vertex 1.72525715e+01 -3.65420618e+00 1.75000000e+01
      vertex 2.12190606e+01 -4.33319987e+00 1.75000000e+01
      vertex 2.54774763e+01 -2.92455565e+00 3.50000000e+01
    endloop
  endfacet
  facet normal -1.69677033e-01 -9.78101514e-01 1.20528556e-01
    outer loop
      vertex 1.72525715e+01 -3.65420618e+00 1.75000000e+01
      vertex 2.54774763e+01 -2.92455565e+00 3.50000000e+01
      vertex 2.16145501e+01 -2.25443108e+00 3.50000000e+01
    endloop
  endfacet
  facet normal -1.34815142e-01 -9.84572262e-01 1.11545226e-01
    outer loop
      vertex 2.12190606e+01 -4.33319987e+00 1.75000000e+01
      vertex 2.52061722e+01 -4.87914559e+00 1.75000000e+01
      vertex 2.93607431e+01 -3.46539218e+00 3.50000000e+01
    endloop
  endfacet
  facet normal -1.37065380e-01 -9.84144740e-01 1.12570924e-01
    outer loop
      vertex 2.12190606e+01 -4.33319987e+00 1.75000000e+01
      vertex 2.93607431e+01 -3.46539218e+00 3.50000000e+01
      vertex 2.54774763e+01 -2.92455565e+00 3.50000000e+01
    endloop
  endfacet
  facet normal -1.07950041e-01 -9.88599557e-01 1.04965252e-01
    outer loop
      vertex 2.52061722e+01 -4.87914559e+00 1.75000000e+01
      vertex 2.92067486e+01 -5.31598818e+00 1.75000000e+01
      vertex 3.32573462e+01 -3.90021804e+00 3.50000000e+01
    endloop
  endfacet
  facet normal -1.10277636e-01 -9.88230522e-01 1.06015458e-01
    outer loop
      vertex 2.52061722e+01 -4.87914559e+00 1.75000000e+01
      vertex 3.32573462e+01 -3.90021804e+00 3.50000000e+01
      vertex 2.93607431e+01 -3.46539218e+00 3.50000000e+01
    endloop
  endfacet
  facet normal -8.46508016e-02 -9.91454234e-01 9.92609848e-02
    outer loop
      vertex 2.92067486e+01 -5.31598818e+00 1.75000000e+01
      vertex 3.32166064e+01 -5.65835161e+00 1.75000000e+01
      vertex 3.71631884e+01 -4.24327278e+00 3.50000000e+01
    endloop
  endfacet
  facet normal -8.70528397e-02 -9.91138209e-01 1.00333709e-01
    outer loop
      vertex 2.92067486e+01 -5.31598818e+00 1.75000000e+01
      vertex 3.71631884e+01 -4.24327278e+00 3.50000000e+01
      vertex 3.32573462e+01 -3.90021804e+00 3.50000000e+01
    endloop
  endfacet
  facet normal -6.36930011e-02 -9.93518976e-01 9.41448139e-02
    outer loop
      vertex 3.32166064e+01 -5.65835161e+00 1.75000000e+01
      vertex 3.72331123e+01 -5.91584374e+00 1.75000000e+01
      vertex 4.10756929e+01 -4.50390417e+00 3.50000000e+01
    endloop
  endfacet
  facet normal -6.61655386e-02 -9.93253194e-01 9.52376741e-02
    outer loop
      vertex 3.32166064e+01 -5.65835161e+00 1.75000000e+01
      vertex 4.10756929e+01 -4.50390417e+00 3.50000000e+01
      vertex 3.71631884e+01 -4.24327278e+00 3.50000000e+01
    endloop
  endfacet
  facet normal -3.56745841e-02 -9.95517362e-01 8.75928446e-02
    outer loop
      vertex 3.72331123e+01 -5.91584374e+00 1.75000000e+01
      vertex 4.12553483e+01 -6.05998145e+00 1.75000000e+01
      vertex 4.49940508e+01 -4.65418164e+00 3.50000000e+01
    endloop
  endfacet
  facet normal -3.81729650e-02 -9.95327791e-01 8.86871649e-02
    outer loop
      vertex 3.72331123e+01 -5.91584374e+00 1.75000000e+01
      vertex 4.49940508e+01 -4.65418164e+00 3.50000000e+01
      vertex 4.10756929e+01 -4.50390417e+00 3.50000000e+01
    endloop
  endfacet
  facet normal -1.32971527e-02 -9.96518035e-01 8.23103397e-02
    outer loop
      vertex 4.12553483e+01 -6.05998145e+00 1.75000000e+01
      vertex 4.52793984e+01 -6.11367683e+00 1.75000000e+01
      vertex 4.89143926e+01 -4.71671679e+00 3.50000000e+01
    endloop
  endfacet
  facet normal -1.58938105e-02 -9.96386324e-01 8.34366822e-02
    outer loop
      vertex 4.12553483e+01 -6.05998145e+00 1.75000000e+01
      vertex 4.89143926e+01 -4.71671679e+00 3.50000000e+01
      vertex 4.49940508e+01 -4.65418164e+00 3.50000000e+01
    endloop
  endfacet
  facet normal 9.68192062e-03 -9.96986097e-01 7.69739116e-02
    outer loop
      vertex 4.52793984e+01 -6.11367683e+00 1.75000000e+01
      vertex 4.93032928e+01 -6.07460003e+00 1.75000000e+01
      vertex 5.28348257e+01 -4.68918906e+00 3.50000000e+01
    endloop
  endfacet
  facet normal 6.99997060e-03 -9.96918891e-01 7.81263427e-02
    outer loop
      vertex 4.52793984e+01 -6.11367683e+00 1.75000000e+01
      vertex 5.28348257e+01 -4.68918906e+00 3.50000000e+01
      vertex 4.89143926e+01 -4.71671679e+00 3.50000000e+01
    endloop
  endfacet
  facet normal 3.56739039e-02 -9.96829802e-01 7.11176351e-02
    outer loop
      vertex 4.93032928e+01 -6.07460003e+00 1.75000000e+01
      vertex 5.33255359e+01 -5.93065458e+00 1.75000000e+01
      vertex 5.67539179e+01 -4.55944519e+00 3.50000000e+01
    endloop
  endfacet
  facet normal 3.30009780e-02 -9.96839973e-01 7.22565139e-02
    outer loop
      vertex 4.93032928e+01 -6.07460003e+00 1.75000000e+01
      vertex 5.67539179e+01 -4.55944519e+00 3.50000000e+01
      vertex 5.28348257e+01 -4.68918906e+00 3.50000000e+01
    endloop
  endfacet
  facet normal 8.81156442e-02 -9.94302083e-01 5.99916715e-02
    outer loop
      vertex 5.33255359e+01 -5.93065458e+00 1.75000000e+01
      vertex 5.73344394e+01 -5.57538316e+00 1.75000000e+01
      vertex 6.06606338e+01 -4.22474331e+00 3.50000000e+01
    endloop
  endfacet
  facet normal 8.52005944e-02 -9.94480585e-01 6.12309106e-02
    outer loop
      vertex 5.33255359e+01 -5.93065458e+00 1.75000000e+01
      vertex 6.06606338e+01 -4.22474331e+00 3.50000000e+01
      vertex 5.67539179e+01 -4.55944519e+00 3.50000000e+01
    endloop
  endfacet
  facet normal 1.16202802e-01 -9.91767802e-01 5.37915861e-02
    outer loop
      vertex 5.73344394e+01 -5.57538316e+00 1.75000000e+01
      vertex 6.13307928e+01 -5.10714103e+00 1.75000000e+01
      vertex 6.45554808e+01 -3.78014641e+00 3.50000000e+01
    endloop
  endfacet
  facet normal 1.13241591e-01 -9.92041716e-01 5.50415728e-02
    outer loop
      vertex 5.73344394e+01 -5.57538316e+00 1.75000000e+01
      vertex 6.45554808e+01 -3.78014641e+00 3.50000000e+01
      vertex 6.06606338e+01 -4.22474331e+00 3.50000000e+01
    endloop
  endfacet
  facet normal 1.39213456e-01 -9.89064892e-01 4.86852464e-02
    outer loop
      vertex 6.13307928e+01 -5.10714103e+00 1.75000000e+01
      vertex 6.53162390e+01 -4.54617911e+00 1.75000000e+01
      vertex 6.84399585e+01 -3.24509603e+00 3.50000000e+01
    endloop
  endfacet
  facet normal 1.36282210e-01 -9.89411874e-01 4.99129501e-02
    outer loop
      vertex 6.13307928e+01 -5.10714103e+00 1.75000000e+01
      vertex 6.84399585e+01 -3.24509603e+00 3.50000000e+01
      vertex 6.45554808e+01 -3.78014641e+00 3.50000000e+01
    endloop
  endfacet
  facet normal 1.59297843e-01 -9.86239123e-01 4.42333559e-02
    outer loop
      vertex 6.53162390e+01 -4.54617911e+00 1.75000000e+01
      vertex 6.92895573e+01 -3.90440673e+00 1.75000000e+01
      vertex 7.23128380e+01 -2.63120048e+00 3.50000000e+01
    endloop
  endfacet
  facet normal 1.56395087e-01 -9.86648822e-01 4.54387262e-02
    outer loop
      vertex 6.53162390e+01 -4.54617911e+00 1.75000000e+01
      vertex 7.23128380e+01 -2.63120048e+00 3.50000000e+01
      vertex 6.84399585e+01 -3.24509603e+00 3.50000000e+01
    endloop
  endfacet
  facet normal 1.62494725e-01 -9.85772648e-01 4.29854698e-02
    outer loop
      vertex 6.92895573e+01 -3.90440673e+00 1.75000000e+01
      vertex 7.32607637e+01 -3.24979322e+00 1.75000000e+01
      vertex 7.61837098e+01 -2.00487225e+00 3.50000000e+01
    endloop
  endfacet
  facet normal 1.59572076e-01 -9.86197050e-01 4.41829186e-02
    outer loop
      vertex 6.92895573e+01 -3.90440673e+00 1.75000000e+01
      vertex 7.61837098e+01 -2.00487225e+00 3.50000000e+01
      vertex 7.23128380e+01 -2.63120048e+00 3.50000000e+01
    endloop
  endfacet
  facet normal 1.64781925e-01 -9.85438687e-01 4.19226806e-02
    outer loop
      vertex 7.32607637e+01 -3.24979322e+00 1.75000000e+01
      vertex 7.72304605e+01 -2.58599313e+00 1.75000000e+01
      vertex 8.00531244e+01 -1.36950862e+00 3.50000000e+01
    endloop
  endfacet
  facet normal 1.61881124e-01 -9.85868825e-01 4.30947987e-02
    outer loop
      vertex 7.32607637e+01 -3.24979322e+00 1.75000000e+01
      vertex 8.00531244e+01 -1.36950862e+00 3.50000000e+01
      vertex 7.61837098e+01 -2.00487225e+00 3.50000000e+01
    endloop
  endfacet
  facet normal 1.60862703e-01 -9.86085024e-01 4.19465829e-02
    outer loop
      vertex 7.72304605e+01 -2.58599313e+00 1.75000000e+01
      vertex 8.12027662e+01 -1.93798023e+00 1.75000000e+01
      vertex 8.39250253e+01 -7.49466933e-01 3.50000000e+01
    endloop
  endfacet
  facet normal 1.57977270e-01 -9.86501939e-01 4.30941482e-02
    outer loop
      vertex 7.72304605e+01 -2.58599313e+00 1.75000000e+01
      vertex 8.39250253e+01 -7.49466933e-01 3.50000000e+01
      vertex 8.00531244e+01 -1.36950862e+00 3.50000000e+01
    endloop
  endfacet
  facet normal 1.55478899e-01 -9.86937501e-01 4.21981057e-02
    outer loop
      vertex 8.12027662e+01 -1.93798023e+00 1.75000000e+01
      vertex 8.51784824e+01 -1.31165892e+00 1.75000000e+01
      vertex 8.78001637e+01 -1.50407108e-01 3.50000000e+01
    endloop
  endfacet
  facet normal 1.52632442e-01 -9.87333499e-01 4.33116533e-02
    outer loop
      vertex 8.12027662e+01 -1.93798023e+00 1.75000000e+01
      vertex 8.78001637e+01 -1.50407108e-01 3.50000000e+01
      vertex 8.39250253e+01 -7.49466933e-01 3.50000000e+01
    endloop
  endfacet
  facet normal 1.49405063e-01 -9.87861341e-01 4.25217347e-02
    outer loop
      vertex 8.51784824e+01 -1.31165892e+00 1.75000000e+01
      vertex 8.91580411e+01 -7.09786784e-01 1.75000000e+01
      vertex 9.16789860e+01 4.24757343e-01 3.50000000e+01
    endloop
  endfacet
  facet normal 1.46539814e-01 -9.88242400e-01 4.36238628e-02
    outer loop
      vertex 8.51784824e+01 -1.31165892e+00 1.75000000e+01
      vertex 9.16789860e+01 4.24757343e-01 3.50000000e+01
      vertex 8.78001637e+01 -1.50407108e-01 3.50000000e+01
    endloop
  endfacet
  facet normal 1.32796409e-01 -9.90146987e-01 4.44303657e-02
    outer loop
      vertex 8.91580411e+01 -7.09786784e-01 1.75000000e+01
      vertex 9.31471048e+01 -1.74782038e-01 1.75000000e+01
      vertex 9.55668448e+01 9.35017002e-01 3.50000000e+01
    endloop
  endfacet
  facet normal 1.29993745e-01 -9.90470869e-01 4.54871911e-02
    outer loop
      vertex 8.91580411e+01 -7.09786784e-01 1.75000000e+01
      vertex 9.55668448e+01 9.35017002e-01 3.50000000e+01
      vertex 9.16789860e+01 4.24757343e-01 3.50000000e+01
    endloop
  endfacet
  facet normal 1.21273072e-01 -9.91576306e-01 4.54892476e-02
    outer loop
      vertex 9.31471048e+01 -1.74782038e-01 1.75000000e+01
      vertex 9.71418973e+01 3.13794334e-01 1.75000000e+01
      vertex 9.94601459e+01 1.40014841e+00 3.50000000e+01
    endloop
  endfacet
  facet normal 1.18497687e-01 -9.91864167e-01 4.65163608e-02
    outer loop
      vertex 9.31471048e+01 -1.74782038e-01 1.75000000e+01
      vertex 9.94601459e+01 1.40014841e+00 3.50000000e+01
      vertex 9.55668448e+01 9.35017002e-01 3.50000000e+01
    endloop
  endfacet
  facet normal 1.07213028e-01 -9.93132542e-01 4.68307695e-02
    outer loop
      vertex 9.71418973e+01 3.13794334e-01 1.75000000e+01
      vertex 1.01143363e+02 7.45770110e-01 1.75000000e+01
      vertex 1.03359782e+02 1.81024788e+00 3.50000000e+01
    endloop
  endfacet
  facet normal 1.04467093e-01 -9.93377656e-01 4.78273813e-02
    outer loop
      vertex 9.71418973e+01 3.13794334e-01 1.75000000e+01
      vertex 1.03359782e+02 1.81024788e+00 3.50000000e+01
      vertex 9.94601459e+01 1.40014841e+00 3.50000000e+01
    endloop
  endfacet
  facet normal 8.19097486e-02 -9.95407109e-01 4.95528128e-02
    outer loop
      vertex 1.01143363e+02 7.45770110e-01 1.75000000e+01
      vertex 1.05154622e+02 1.07584737e+00 1.75000000e+01
      vertex 1.07268688e+02 2.12098443e+00 3.50000000e+01
    endloop
  endfacet
  facet normal 7.91432581e-02 -9.95581526e-01 5.05348422e-02
    outer loop
      vertex 1.01143363e+02 7.45770110e-01 1.75000000e+01
      vertex 1.07268688e+02 2.12098443e+00 3.50000000e+01
      vertex 1.03359782e+02 1.81024788e+00 3.50000000e+01
    endloop
  endfacet
  facet normal 5.72650359e-02 -9.97002477e-01 5.20266916e-02
    outer loop
      vertex 1.05154622e+02 1.07584737e+00 1.75000000e+01
      vertex 1.09172500e+02 1.30662307e+00 1.75000000e+01
      vertex 1.11183754e+02 2.33534830e+00 3.50000000e+01
    endloop
  endfacet
  facet normal 5.45949883e-02 -9.97103444e-01 5.29538479e-02
    outer loop
      vertex 1.05154622e+02 1.07584737e+00 1.75000000e+01
      vertex 1.11183754e+02 2.33534830e+00 3.50000000e+01
      vertex 1.07268688e+02 2.12098443e+00 3.50000000e+01
    endloop
  endfacet
  facet normal 2.76791766e-02 -9.98107995e-01 5.49025855e-02
    outer loop
      vertex 1.09172500e+02 1.30662307e+00 1.75000000e+01
      vertex 1.13195206e+02 1.41817931e+00 1.75000000e+01
      vertex 1.15103208e+02 2.43370788e+00 3.50000000e+01
    endloop
  endfacet
  facet normal 2.50482438e-02 -9.98127972e-01 5.57954890e-02
    outer loop
      vertex 1.09172500e+02 1.30662307e+00 1.75000000e+01
      vertex 1.15103208e+02 2.43370788e+00 3.50000000e+01
      vertex 1.11183754e+02 2.33534830e+00 3.50000000e+01
    endloop
  endfacet
  facet normal -1.22930705e-02 -9.98200336e-01 5.86938618e-02
    outer loop
      vertex 1.13195206e+02 1.41817931e+00 1.75000000e+01
      vertex 1.17219008e+02 1.36862525e+00 1.75000000e+01
      vertex 1.19023324e+02 2.37539910e+00 3.50000000e+01
    endloop
  endfacet
  facet normal -1.48462210e-02 -9.98115542e-01 5.95395131e-02
    outer loop
      vertex 1.13195206e+02 1.41817931e+00 1.75000000e+01
      vertex 1.19023324e+02 2.37539910e+00 3.50000000e+01
      vertex 1.15103208e+02 2.43370788e+00 3.50000000e+01
    endloop
  endfacet
  facet normal -8.33440914e-02 -9.94386231e-01 6.51903782e-02
    outer loop
      vertex 1.17219008e+02 1.36862525e+00 1.75000000e+01
      vertex 1.21688810e+02 9.93990509e-01 1.75000000e+01
      vertex 1.23377050e+02 1.99976351e+00 3.50000000e+01
    endloop
  endfacet
  facet normal -8.57721294e-02 -9.94123975e-01 6.60353176e-02
    outer loop
      vertex 1.17219008e+02 1.36862525e+00 1.75000000e+01
      vertex 1.23377050e+02 1.99976351e+00 3.50000000e+01
      vertex 1.19023324e+02 2.37539910e+00 3.50000000e+01
    endloop
  endfacet
  facet normal 2.90738153e-01 9.53109837e-01 -8.39819309e-02
    outer loop
      vertex 1.23377050e+02 1.99976351e+00 3.50000000e+01
      vertex 1.19626863e+02 3.14372639e+00 3.50000000e+01
      vertex 1.21416313e+02 4.13985774e+00 5.25000000e+01
    endloop
  endfacet
  facet normal 2.93040240e-01 9.52434529e-01 -8.36414160e-02
    outer loop
      vertex 1.23377050e+02 1.99976351e+00 3.50000000e+01
      vertex 1.21416313e+02 4.13985774e+00 5.25000000e+01
      vertex 1.25064765e+02 3.01732038e+00 5.25000000e+01
    endloop
  endfacet
  facet normal 2.78330657e-01 9.56853706e-01 -8.34447740e-02
    outer loop
      vertex 1.19626863e+02 3.14372639e+00 3.50000000e+01
      vertex 1.15861858e+02 4.23889513e+00 3.50000000e+01
      vertex 1.17753296e+02 5.21484222e+00 5.25000000e+01
    endloop
  endfacet
  facet normal 2.80619508e-01 9.56212900e-01 -8.31238883e-02
    outer loop
      vertex 1.19626863e+02 3.14372639e+00 3.50000000e+01
      vertex 1.17753296e+02 5.21484222e+00 5.25000000e+01
      vertex 1.21416313e+02 4.13985774e+00 5.25000000e+01
    endloop
  endfacet
  facet normal 2.64364125e-01 9.60872513e-01 -8.26778227e-02
    outer loop
      vertex 1.15861858e+02 4.23889513e+00 3.50000000e+01
      vertex 1.12081120e+02 5.27908682e+00 3.50000000e+01
      vertex 1.14074833e+02 6.23633748e+00 5.25000000e+01
    endloop
  endfacet
  facet normal 2.66661559e-01 9.60263601e-01 -8.23737175e-02
    outer loop
      vertex 1.15861858e+02 4.23889513e+00 3.50000000e+01
      vertex 1.14074833e+02 6.23633748e+00 5.25000000e+01
      vertex 1.17753296e+02 5.21484222e+00 5.25000000e+01
    endloop
  endfacet
  facet normal 2.63540095e-01 9.61061402e-01 -8.31119658e-02
    outer loop
      vertex 1.12081120e+02 5.27908682e+00 3.50000000e+01
      vertex 1.08299490e+02 6.31607698e+00 3.50000000e+01
      vertex 1.10395490e+02 7.25470512e+00 5.25000000e+01
    endloop
  endfacet
  facet normal 2.65834352e-01 9.60454340e-01 -8.28224463e-02
    outer loop
      vertex 1.12081120e+02 5.27908682e+00 3.50000000e+01
      vertex 1.10395490e+02 7.25470512e+00 5.25000000e+01
      vertex 1.14074833e+02 6.23633748e+00 5.25000000e+01
    endloop
  endfacet
  facet normal 2.65571156e-01 9.60439245e-01 -8.38356619e-02
    outer loop
      vertex 1.08299490e+02 6.31607698e+00 3.50000000e+01
      vertex 1.04520080e+02 7.36112198e+00 3.50000000e+01
      vertex 1.06718310e+02 8.28084442e+00 5.25000000e+01
    endloop
  endfacet
  facet normal 2.67846659e-01 9.59831025e-01 -8.35617768e-02
    outer loop
      vertex 1.08299490e+02 6.31607698e+00 3.50000000e+01
      vertex 1.06718310e+02 8.28084442e+00 5.25000000e+01
      vertex 1.10395490e+02 7.25470512e+00 5.25000000e+01
    endloop
  endfacet
  facet normal 2.67259519e-01 9.59909992e-01 -8.45290231e-02
    outer loop
      vertex 1.04520080e+02 7.36112198e+00 3.50000000e+01
      vertex 1.00742530e+02 8.41287290e+00 3.50000000e+01
      vertex 1.03042935e+02 9.31342907e+00 5.25000000e+01
    endloop
  endfacet
  facet normal 2.69512853e-01 9.59302461e-01 -8.42710466e-02
    outer loop
      vertex 1.04520080e+02 7.36112198e+00 3.50000000e+01
      vertex 1.03042935e+02 9.31342907e+00 5.25000000e+01
      vertex 1.06718310e+02 8.28084442e+00 5.25000000e+01
    endloop
  endfacet
  facet normal 2.68100234e-01 9.59622484e-01 -8.51290349e-02
    outer loop
      vertex 1.00742530e+02 8.41287290e+00 3.50000000e+01
      vertex 9.69659173e+01 9.46798648e+00 3.50000000e+01
      vertex 9.93684569e+01 1.03492046e+01 5.25000000e+01
    endloop
  endfacet
  facet normal 2.70331514e-01 9.59017769e-01 -8.48869280e-02
    outer loop
      vertex 1.00742530e+02 8.41287290e+00 3.50000000e+01
      vertex 9.93684569e+01 1.03492046e+01 5.25000000e+01
      vertex 1.03042935e+02 9.31342907e+00 5.25000000e+01
    endloop
  endfacet
  facet normal 2.67180383e-01 9.59844774e-01 -8.55140477e-02
    outer loop
      vertex 9.69659173e+01 9.46798648e+00 3.50000000e+01
      vertex 9.31883054e+01 1.05195146e+01 3.50000000e+01
      vertex 9.56929787e+01 1.13814209e+01 5.25000000e+01
    endloop
  endfacet
  facet normal 2.69393408e-01 9.59246169e-01 -8.52876227e-02
    outer loop
      vertex 9.69659173e+01 9.46798648e+00 3.50000000e+01
      vertex 9.56929787e+01 1.13814209e+01 5.25000000e+01
      vertex 9.93684569e+01 1.03492046e+01 5.25000000e+01
    endloop
  endfacet
  facet normal 2.62957875e-01 9.61014344e-01 -8.54668795e-02
    outer loop
      vertex 9.31883054e+01 1.05195146e+01 3.50000000e+01
      vertex 8.94061149e+01 1.15544178e+01 3.50000000e+01
      vertex 9.20130031e+01 1.23974527e+01 5.25000000e+01
    endloop
  endfacet
  facet normal 2.65170830e-01 9.60424914e-01 -8.52550050e-02
    outer loop
      vertex 9.31883054e+01 1.05195146e+01 3.50000000e+01
      vertex 9.20130031e+01 1.23974527e+01 5.25000000e+01
      vertex 9.56929787e+01 1.13814209e+01 5.25000000e+01
    endloop
  endfacet
  facet normal 2.56973160e-01 9.62659757e-01 -8.51527331e-02
    outer loop
      vertex 8.94061149e+01 1.15544178e+01 3.50000000e+01
      vertex 8.56176076e+01 1.25657249e+01 3.50000000e+01
      vertex 8.83268182e+01 1.33905007e+01 5.25000000e+01
    endloop
  endfacet
  facet normal 2.59182917e-01 9.62084548e-01 -8.49560981e-02
    outer loop
      vertex 8.94061149e+01 1.15544178e+01 3.50000000e+01
      vertex 8.83268182e+01 1.33905007e+01 5.25000000e+01
      vertex 9.20130031e+01 1.23974527e+01 5.25000000e+01
    endloop
  endfacet
  facet normal 2.49494026e-01 9.64675006e-01 -8.45864325e-02
    outer loop
      vertex 8.56176076e+01 1.25657249e+01 3.50000000e+01
      vertex 8.18213278e+01 1.35475573e+01 3.50000000e+01
      vertex 8.46329942e+01 1.43548433e+01 5.25000000e+01
    endloop
  endfacet
  facet normal 2.51701067e-01 9.64117382e-01 -8.44052476e-02
    outer loop
      vertex 8.56176076e+01 1.25657249e+01 3.50000000e+01
      vertex 8.46329942e+01 1.43548433e+01 5.25000000e+01
      vertex 8.83268182e+01 1.33905007e+01 5.25000000e+01
    endloop
  endfacet
  facet normal 2.31038253e-01 9.69453632e-01 -8.23467191e-02
    outer loop
      vertex 8.18213278e+01 1.35475573e+01 3.50000000e+01
      vertex 7.80069193e+01 1.44565995e+01 3.50000000e+01
      vertex 8.09213915e+01 1.52485022e+01 5.25000000e+01
    endloop
  endfacet
  facet normal 2.33293010e-01 9.68927694e-01 -8.21796489e-02
    outer loop
      vertex 8.18213278e+01 1.35475573e+01 3.50000000e+01
      vertex 8.09213915e+01 1.52485022e+01 5.25000000e+01
      vertex 8.46329942e+01 1.43548433e+01 5.25000000e+01
    endloop
  endfacet
  facet normal 2.07078329e-01 9.75120156e-01 -7.91154081e-02
    outer loop
      vertex 7.80069193e+01 1.44565995e+01 3.50000000e+01
      vertex 7.41717691e+01 1.52710391e+01 3.50000000e+01
      vertex 7.71893703e+01 1.60500609e+01 5.25000000e+01
    endloop
  endfacet
  facet normal 2.09334134e-01 9.74650396e-01 -7.89672495e-02
    outer loop
      vertex 7.80069193e+01 1.44565995e+01 3.50000000e+01
      vertex 7.71893703e+01 1.60500609e+01 5.25000000e+01
      vertex 8.09213915e+01 1.52485022e+01 5.25000000e+01
    endloop
  endfacet
  facet normal 1.75623151e-01 9.81634989e-01 -7.44933393e-02
    outer loop
      vertex 7.41717691e+01 1.52710391e+01 3.50000000e+01
      vertex 7.03134262e+01 1.59613307e+01 3.50000000e+01
      vertex 7.34345151e+01 1.67309629e+01 5.25000000e+01
    endloop
  endfacet
  facet normal 1.77935093e-01 9.81228511e-01 -7.43620299e-02
    outer loop
      vertex 7.41717691e+01 1.52710391e+01 3.50000000e+01
      vertex 7.34345151e+01 1.67309629e+01 5.25000000e+01
      vertex 7.71893703e+01 1.60500609e+01 5.25000000e+01
    endloop
  endfacet
  facet normal 1.34338279e-01 9.88601736e-01 -6.79693661e-02
    outer loop
      vertex 7.03134262e+01 1.59613307e+01 3.50000000e+01
      vertex 6.64281308e+01 1.64892924e+01 3.50000000e+01
      vertex 6.96531010e+01 1.72542384e+01 5.25000000e+01
    endloop
  endfacet
  facet normal 1.36758761e-01 9.88277726e-01 -6.78540963e-02
    outer loop
      vertex 7.03134262e+01 1.59613307e+01 3.50000000e+01
      vertex 6.96531010e+01 1.72542384e+01 5.25000000e+01
      vertex 7.34345151e+01 1.67309629e+01 5.25000000e+01
    endloop
  endfacet
  facet normal 6.96490184e-02 9.95945648e-01 -5.69322435e-02
    outer loop
      vertex 6.64281308e+01 1.64892924e+01 3.50000000e+01
      vertex 6.25164449e+01 1.67628466e+01 3.50000000e+01
      vertex 6.58454229e+01 1.75304128e+01 5.25000000e+01
    endloop
  endfacet
  facet normal 7.22239370e-02 9.95767735e-01 -5.68359204e-02
    outer loop
      vertex 6.64281308e+01 1.64892924e+01 3.50000000e+01
      vertex 6.58454229e+01 1.75304128e+01 5.25000000e+01
      vertex 6.96531010e+01 1.72542384e+01 5.25000000e+01
    endloop
  endfacet
  facet normal 3.24043244e-02 9.98197060e-01 -5.05231459e-02
    outer loop
      vertex 6.25164449e+01 1.67628466e+01 3.50000000e+01
      vertex 5.85983479e+01 1.68900392e+01 3.50000000e+01
      vertex 6.20311399e+01 1.76643530e+01 5.25000000e+01
    endloop
  endfacet
  facet normal 3.50491223e-02 9.98111627e-01 -5.04454000e-02
    outer loop
      vertex 6.25164449e+01 1.67628466e+01 3.50000000e+01
      vertex 6.20311399e+01 1.76643530e+01 5.25000000e+01
      vertex 6.58454229e+01 1.75304128e+01 5.25000000e+01
    endloop
  endfacet
  facet normal 4.67164594e-04 9.98992185e-01 -4.48820195e-02
    outer loop
      vertex 5.85983479e+01 1.68900392e+01 3.50000000e+01
      vertex 5.46779747e+01 1.68918725e+01 3.50000000e+01
      vertex 5.82143198e+01 1.76764465e+01 5.25000000e+01
    endloop
  endfacet
  facet normal 3.16527784e-03 9.98989943e-01 -4.48227101e-02
    outer loop
      vertex 5.85983479e+01 1.68900392e+01 3.50000000e+01
      vertex 5.82143198e+01 1.76764465e+01 5.25000000e+01
      vertex 6.20311399e+01 1.76643530e+01 5.25000000e+01
    endloop
  endfacet
  facet normal -2.90257948e-02 9.98797500e-01 -3.95102108e-02
    outer loop
      vertex 5.46779747e+01 1.68918725e+01 3.50000000e+01
      vertex 5.07586763e+01 1.67779748e+01 3.50000000e+01
      vertex 5.43982378e+01 1.75760043e+01 5.25000000e+01
    endloop
  endfacet
  facet normal -2.62911550e-02 9.98874833e-01 -3.94695209e-02
    outer loop
      vertex 5.46779747e+01 1.68918725e+01 3.50000000e+01
      vertex 5.43982378e+01 1.75760043e+01 5.25000000e+01
      vertex 5.82143198e+01 1.76764465e+01 5.25000000e+01
    endloop
  endfacet
  facet normal -6.57031366e-02 9.97312406e-01 -3.24200846e-02
    outer loop
      vertex 5.07586763e+01 1.67779748e+01 3.50000000e+01
      vertex 4.68459205e+01 1.65202017e+01 3.50000000e+01
      vertex 5.05881353e+01 1.73356199e+01 5.25000000e+01
    endloop
  endfacet
  facet normal -6.29330600e-02 9.97491728e-01 -3.23988038e-02
    outer loop
      vertex 5.07586763e+01 1.67779748e+01 3.50000000e+01
      vertex 5.05881353e+01 1.73356199e+01 5.25000000e+01
      vertex 5.43982378e+01 1.75760043e+01 5.25000000e+01
    endloop
  endfacet
  facet normal -9.76314560e-02 9.94880535e-01 -2.60925155e-02
    outer loop
      vertex 4.68459205e+01 1.65202017e+01 3.50000000e+01
      vertex 4.29438917e+01 1.61372806e+01 3.50000000e+01
      vertex 4.67881264e+01 1.69734988e+01 5.25000000e+01
    endloop
  endfacet
  facet normal -9.48327462e-02 9.95151269e-01 -2.60902854e-02
    outer loop
      vertex 4.68459205e+01 1.65202017e+01 3.50000000e+01
      vertex 4.67881264e+01 1.69734988e+01 5.25000000e+01
      vertex 5.05881353e+01 1.73356199e+01 5.25000000e+01
    endloop
  endfacet
  facet normal -1.27361928e-01 9.91654128e-01 -2.00257263e-02
    outer loop
      vertex 4.29438917e+01 1.61372806e+01 3.50000000e+01
      vertex 3.90553737e+01 1.56378633e+01 3.50000000e+01
      vertex 4.30009401e+01 1.64980071e+01 5.25000000e+01
    endloop
  endfacet
  facet normal -1.24549701e-01 9.92010927e-01 -2.00422486e-02
    outer loop
      vertex 4.29438917e+01 1.61372806e+01 3.50000000e+01
      vertex 4.30009401e+01 1.64980071e+01 5.25000000e+01
      vertex 4.67881264e+01 1.69734988e+01 5.25000000e+01
    endloop
  endfacet
  facet normal -1.59457578e-01 9.87116696e-01 -1.31874728e-02
    outer loop
      vertex 3.90553737e+01 1.56378633e+01 3.50000000e+01
      vertex 3.51850888e+01 1.50126624e+01 3.50000000e+01
      vertex 3.92311511e+01 1.59000510e+01 5.25000000e+01
    endloop
  endfacet
  facet normal -1.56645735e-01 9.87566342e-01 -1.32224528e-02
    outer loop
      vertex 3.90553737e+01 1.56378633e+01 3.50000000e+01
      vertex 3.92311511e+01 1.59000510e+01 5.25000000e+01
      vertex 4.30009401e+01 1.64980071e+01 5.25000000e+01
    endloop
  endfacet
  facet normal -1.95211229e-01 9.80747355e-01 -5.21544583e-03
    outer loop
      vertex 3.51850888e+01 1.50126624e+01 3.50000000e+01
      vertex 3.13399583e+01 1.42473148e+01 3.50000000e+01
      vertex 3.54854768e+01 1.51655146e+01 5.25000000e+01
    endloop
  endfacet
  facet normal -1.92434598e-01 9.81295661e-01 -5.26789592e-03
    outer loop
      vertex 3.51850888e+01 1.50126624e+01 3.50000000e+01
      vertex 3.54854768e+01 1.51655146e+01 5.25000000e+01
      vertex 3.92311511e+01 1.59000510e+01 5.25000000e+01
    endloop
  endfacet
  facet normal -2.37171235e-01 9.71456926e-01 4.60942317e-03
    outer loop
      vertex 3.13399583e+01 1.42473148e+01 3.50000000e+01
      vertex 2.75311700e+01 1.33174382e+01 3.50000000e+01
      vertex 3.17747935e+01 1.42704404e+01 5.25000000e+01
    endloop
  endfacet
  facet normal -2.34487621e-01 9.72108495e-01 4.54188045e-03
    outer loop
      vertex 3.13399583e+01 1.42473148e+01 3.50000000e+01
      vertex 3.17747935e+01 1.42704404e+01 5.25000000e+01
      vertex 3.54854768e+01 1.51655146e+01 5.25000000e+01
    endloop
  endfacet
  facet normal -2.87883841e-01 9.57512681e-01 1.70985599e-02
    outer loop
      vertex 2.75311700e+01 1.33174382e+01 3.50000000e+01
      vertex 2.37766575e+01 1.21886141e+01 3.50000000e+01
      vertex 2.81165908e+01 1.31809475e+01 5.25000000e+01
    endloop
  endfacet
  facet normal -2.85390831e-01 9.58260069e-01 1.70209914e-02
    outer loop
      vertex 2.75311700e+01 1.33174382e+01 3.50000000e+01
      vertex 2.81165908e+01 1.31809475e+01 5.25000000e+01
      vertex 3.17747935e+01 1.42704404e+01 5.25000000e+01
    endloop
  endfacet
  facet normal -3.48289391e-01 9.36815964e-01 3.27161964e-02
    outer loop
      vertex 2.37766575e+01 1.21886141e+01 3.50000000e+01
      vertex 2.01023836e+01 1.08225927e+01 3.50000000e+01
      vertex 2.45360927e+01 1.18598086e+01 5.25000000e+01
    endloop
  endfacet
  facet normal -3.45984229e-01 9.37672677e-01 3.26322576e-02
    outer loop
      vertex 2.37766575e+01 1.21886141e+01 3.50000000e+01
      vertex 2.45360927e+01 1.18598086e+01 5.25000000e+01
      vertex 2.81165908e+01 1.31809475e+01 5.25000000e+01
    endloop
  endfacet
  facet normal -4.19807467e-01 9.06116103e-01 5.21085252e-02
    outer loop
      vertex 2.01023836e+01 1.08225927e+01 3.50000000e+01
      vertex 1.65467105e+01 9.17523411e+00 3.50000000e+01
      vertex 2.10702989e+01 1.02646497e+01 5.25000000e+01
    endloop
  endfacet
  facet normal -4.17532930e-01 9.07171731e-01 5.20163778e-02
    outer loop
      vertex 2.01023836e+01 1.08225927e+01 3.50000000e+01
      vertex 2.10702989e+01 1.02646497e+01 5.25000000e+01
      vertex 2.45360927e+01 1.18598086e+01 5.25000000e+01
    endloop
  endfacet
  facet normal -5.11503264e-01 8.55706031e-01 7.83045295e-02
    outer loop
      vertex 1.65467105e+01 9.17523411e+00 3.50000000e+01
      vertex 1.31844405e+01 7.16541764e+00 3.50000000e+01
      vertex 1.77910001e+01 8.31761360e+00 5.25000000e+01
    endloop
  endfacet
  facet normal -5.08966192e-01 8.57227147e-01 7.81986830e-02
    outer loop
      vertex 1.65467105e+01 9.17523411e+00 3.50000000e+01
      vertex 1.77910001e+01 8.31761360e+00 5.25000000e+01
      vertex 2.10702989e+01 1.02646497e+01 5.25000000e+01
    endloop
  endfacet
  facet normal -6.74452418e-01 7.27002656e-01 1.28767520e-01
    outer loop
      vertex 1.31844405e+01 7.16541764e+00 3.50000000e+01
      vertex 1.03188932e+01 4.50700195e+00 3.50000000e+01
      vertex 1.49903194e+01 5.74114202e+00 5.25000000e+01
    endloop
  endfacet
  facet normal -6.71405472e-01 7.29832361e-01 1.28683398e-01
    outer loop
      vertex 1.31844405e+01 7.16541764e+00 3.50000000e+01
      vertex 1.49903194e+01 5.74114202e+00 5.25000000e+01
      vertex 1.77910001e+01 8.31761360e+00 5.25000000e+01
    endloop
  endfacet
  facet normal -9.64816219e-01 -3.87846646e-02 2.60048866e-01
    outer loop
      vertex 1.03188932e+01 4.50700195e+00 3.50000000e+01
      vertex 1.04493944e+01 1.26062568e+00 3.50000000e+01
      vertex 1.51129433e+01 2.58557058e+00 5.25000000e+01
    endloop
  endfacet
  facet normal -9.64828163e-01 -3.74927071e-02 2.60193990e-01
    outer loop
      vertex 1.03188932e+01 4.50700195e+00 3.50000000e+01
      vertex 1.51129433e+01 2.58557058e+00 5.25000000e+01
      vertex 1.49903194e+01 5.74114202e+00 5.25000000e+01
    endloop
  endfacet
  facet normal -4.03306275e-01 -8.98148658e-01 1.75137192e-01
    outer loop
      vertex 1.04493944e+01 1.26062568e+00 3.50000000e+01
      vertex 1.40159253e+01 -3.40895752e-01 3.50000000e+01
      vertex 1.85828263e+01 1.02083989e+00 5.25000000e+01
    endloop
  endfacet
  facet normal -4.04680662e-01 -8.97403355e-01 1.75786175e-01
    outer loop
      vertex 1.04493944e+01 1.26062568e+00 3.50000000e+01
      vertex 1.85828263e+01 1.02083989e+00 5.25000000e+01
      vertex 1.51129433e+01 2.58557058e+00 5.25000000e+01
    endloop
  endfacet
  facet normal -2.71529607e-01 -9.51524538e-01 1.44473964e-01
    outer loop
      vertex 1.40159253e+01 -3.40895752e-01 3.50000000e+01
      vertex 1.77849171e+01 -1.41642541e+00 3.50000000e+01
      vertex 2.22501947e+01 -3.35506022e-02 5.25000000e+01
    endloop
  endfacet
  facet normal -2.73379118e-01 -9.50863970e-01 1.45332612e-01
    outer loop
      vertex 1.40159253e+01 -3.40895752e-01 3.50000000e+01
      vertex 2.22501947e+01 -3.35506022e-02 5.25000000e+01
      vertex 1.85828263e+01 1.02083989e+00 5.25000000e+01
    endloop
  endfacet
  facet normal -2.11945010e-01 -9.68575311e-01 1.30158283e-01
    outer loop
      vertex 1.77849171e+01 -1.41642541e+00 3.50000000e+01
      vertex 2.16145501e+01 -2.25443108e+00 3.50000000e+01
      vertex 2.59769428e+01 -8.57345504e-01 5.25000000e+01
    endloop
  endfacet
  facet normal -2.13976290e-01 -9.68002754e-01 1.31090866e-01
    outer loop
      vertex 1.77849171e+01 -1.41642541e+00 3.50000000e+01
      vertex 2.59769428e+01 -8.57345504e-01 5.25000000e+01
      vertex 2.22501947e+01 -3.35506022e-02 5.25000000e+01
    endloop
  endfacet
  facet normal -1.69689855e-01 -9.78175428e-01 1.19909073e-01
    outer loop
      vertex 2.16145501e+01 -2.25443108e+00 3.50000000e+01
      vertex 2.54774763e+01 -2.92455565e+00 3.50000000e+01
      vertex 2.97363862e+01 -1.51814639e+00 5.25000000e+01
    endloop
  endfacet
  facet normal -1.71847373e-01 -9.77677973e-01 1.20889458e-01
    outer loop
      vertex 2.16145501e+01 -2.25443108e+00 3.50000000e+01
      vertex 2.97363862e+01 -1.51814639e+00 5.25000000e+01
      vertex 2.59769428e+01 -8.57345504e-01 5.25000000e+01
    endloop
  endfacet
  facet normal -1.37074932e-01 -9.84213328e-01 1.11957975e-01
    outer loop
      vertex 2.54774763e+01 -2.92455565e+00 3.50000000e+01
      vertex 2.93607431e+01 -3.46539218e+00 3.50000000e+01
      vertex 3.35158735e+01 -2.05340122e+00 5.25000000e+01
    endloop
  endfacet
  facet normal -1.39324176e-01 -9.83781801e-01 1.12969654e-01
    outer loop
      vertex 2.54774763e+01 -2.92455565e+00 3.50000000e+01
      vertex 3.35158735e+01 -2.05340122e+00 5.25000000e+01
      vertex 2.97363862e+01 -1.51814639e+00 5.25000000e+01
    endloop
  endfacet
  facet normal -1.10284742e-01 -9.88294195e-01 1.05412809e-01
    outer loop
      vertex 2.93607431e+01 -3.46539218e+00 3.50000000e+01
      vertex 3.32573462e+01 -3.90021804e+00 3.50000000e+01
      vertex 3.73085558e+01 -2.48572268e+00 5.25000000e+01
    endloop
  endfacet
  facet normal -1.12611419e-01 -9.87920729e-01 1.06448588e-01
    outer loop
      vertex 2.93607431e+01 -3.46539218e+00 3.50000000e+01
      vertex 3.73085558e+01 -2.48572268e+00 5.25000000e+01
      vertex 3.35158735e+01 -2.05340122e+00 5.25000000e+01
    endloop
  endfacet
  facet normal -8.70580397e-02 -9.91197414e-01 9.97425905e-02
    outer loop
      vertex 3.32573462e+01 -3.90021804e+00 3.50000000e+01
      vertex 3.71631884e+01 -4.24327278e+00 3.50000000e+01
      vertex 4.11104235e+01 -2.82896644e+00 5.25000000e+01
    endloop
  endfacet
  facet normal -8.94592378e-02 -9.90876535e-01 1.00800479e-01
    outer loop
      vertex 3.32573462e+01 -3.90021804e+00 3.50000000e+01
      vertex 4.11104235e+01 -2.82896644e+00 5.25000000e+01
      vertex 3.73085558e+01 -2.48572268e+00 5.25000000e+01
    endloop
  endfacet
  facet normal -6.61692037e-02 -9.93308212e-01 9.46595589e-02
    outer loop
      vertex 3.71631884e+01 -4.24327278e+00 3.50000000e+01
      vertex 4.10756929e+01 -4.50390417e+00 3.50000000e+01
      vertex 4.49189562e+01 -3.09222088e+00 5.25000000e+01
    endloop
  endfacet
  facet normal -6.86409870e-02 -9.93037162e-01 9.57371923e-02
    outer loop
      vertex 3.71631884e+01 -4.24327278e+00 3.50000000e+01
      vertex 4.49189562e+01 -3.09222088e+00 5.25000000e+01
      vertex 4.11104235e+01 -2.82896644e+00 5.25000000e+01
    endloop
  endfacet
  facet normal -3.81748524e-02 -9.95377005e-01 8.81322790e-02
    outer loop
      vertex 4.10756929e+01 -4.50390417e+00 3.50000000e+01
      vertex 4.49940508e+01 -4.65418164e+00 3.50000000e+01
      vertex 4.87334514e+01 -3.24811759e+00 5.25000000e+01
    endloop
  endfacet
  facet normal -4.06726409e-02 -9.95181935e-01 8.92112788e-02
    outer loop
      vertex 4.10756929e+01 -4.50390417e+00 3.50000000e+01
      vertex 4.87334514e+01 -3.24811759e+00 5.25000000e+01
      vertex 4.49189562e+01 -3.09222088e+00 5.25000000e+01
    endloop
  endfacet
  facet normal -1.58945389e-02 -9.96431989e-01 8.28894152e-02
    outer loop
      vertex 4.49940508e+01 -4.65418164e+00 3.50000000e+01
      vertex 4.89143926e+01 -4.71671679e+00 3.50000000e+01
      vertex 5.25500867e+01 -3.31895247e+00 5.25000000e+01
    endloop
  endfacet
  facet normal -1.84907298e-02 -9.96294191e-01 8.39998678e-02
    outer loop
      vertex 4.49940508e+01 -4.65418164e+00 3.50000000e+01
      vertex 5.25500867e+01 -3.31895247e+00 5.25000000e+01
      vertex 4.87334514e+01 -3.24811759e+00 5.25000000e+01
    endloop
  endfacet
  facet normal 7.00026451e-03 -9.96960750e-01 7.75903343e-02
    outer loop
      vertex 4.89143926e+01 -4.71671679e+00 3.50000000e+01
      vertex 5.28348257e+01 -4.68918906e+00 3.50000000e+01
      vertex 5.63670459e+01 -3.30241699e+00 5.25000000e+01
    endloop
  endfacet
  facet normal 4.31862239e-03 -9.96886907e-01 7.87263865e-02
    outer loop
      vertex 4.89143926e+01 -4.71671679e+00 3.50000000e+01
      vertex 5.63670459e+01 -3.30241699e+00 5.25000000e+01
      vertex 5.25500867e+01 -3.31895247e+00 5.25000000e+01
    endloop
  endfacet
  facet normal 3.30021817e-02 -9.96876335e-01 7.17525507e-02
    outer loop
      vertex 5.28348257e+01 -4.68918906e+00 3.50000000e+01
      vertex 5.67539179e+01 -4.55944519e+00 3.50000000e+01
      vertex 6.01829605e+01 -3.18632049e+00 5.25000000e+01
    endloop
  endfacet
  facet normal 3.03293623e-02 -9.96879803e-01 7.28751478e-02
    outer loop
      vertex 5.28348257e+01 -4.68918906e+00 3.50000000e+01
      vertex 6.01829605e+01 -3.18632049e+00 5.25000000e+01
      vertex 5.63670459e+01 -3.30241699e+00 5.25000000e+01
    endloop
  endfacet
  facet normal 8.52033539e-02 -9.94512795e-01 6.07016437e-02
    outer loop
      vertex 5.67539179e+01 -4.55944519e+00 3.50000000e+01
      vertex 6.06606338e+01 -4.22474331e+00 3.50000000e+01
      vertex 6.39874247e+01 -2.87158575e+00 5.25000000e+01
    endloop
  endfacet
  facet normal 8.22878762e-02 -9.94682979e-01 6.19231508e-02
    outer loop
      vertex 5.67539179e+01 -4.55944519e+00 3.50000000e+01
      vertex 6.39874247e+01 -2.87158575e+00 5.25000000e+01
      vertex 6.01829605e+01 -3.18632049e+00 5.25000000e+01
    endloop
  endfacet
  facet normal 1.13244753e-01 -9.92069411e-01 5.45335641e-02
    outer loop
      vertex 6.06606338e+01 -4.22474331e+00 3.50000000e+01
      vertex 6.45554808e+01 -3.78014641e+00 3.50000000e+01
      vertex 6.77806813e+01 -2.45002335e+00 5.25000000e+01
    endloop
  endfacet
  facet normal 1.10282798e-01 -9.92334574e-01 5.57655556e-02
    outer loop
      vertex 6.06606338e+01 -4.22474331e+00 3.50000000e+01
      vertex 6.77806813e+01 -2.45002335e+00 5.25000000e+01
      vertex 6.39874247e+01 -2.87158575e+00 5.25000000e+01
    endloop
  endfacet
  facet normal 1.36285398e-01 -9.89435020e-01 4.94432217e-02
    outer loop
      vertex 6.45554808e+01 -3.78014641e+00 3.50000000e+01
      vertex 6.84399585e+01 -3.24509603e+00 3.50000000e+01
      vertex 7.15640932e+01 -1.94028035e+00 5.25000000e+01
    endloop
  endfacet
  facet normal 1.33353179e-01 -9.89773303e-01 5.06531177e-02
    outer loop
      vertex 6.45554808e+01 -3.78014641e+00 3.50000000e+01
      vertex 7.15640932e+01 -1.94028035e+00 5.25000000e+01
      vertex 6.77806813e+01 -2.45002335e+00 5.25000000e+01
    endloop
  endfacet
  facet normal 1.56398147e-01 -9.86668128e-01 4.50069328e-02
    outer loop
      vertex 6.84399585e+01 -3.24509603e+00 3.50000000e+01
      vertex 7.23128380e+01 -2.63120048e+00 3.50000000e+01
      vertex 7.53364256e+01 -1.35366369e+00 5.25000000e+01
    endloop
  endfacet
  facet normal 1.53494224e-01 -9.87069185e-01 4.61946692e-02
    outer loop
      vertex 6.84399585e+01 -3.24509603e+00 3.50000000e+01
      vertex 7.53364256e+01 -1.35366369e+00 5.25000000e+01
      vertex 7.15640932e+01 -1.94028035e+00 5.25000000e+01
    endloop
  endfacet
  facet normal 1.59574904e-01 -9.86214527e-01 4.37807750e-02
    outer loop
      vertex 7.23128380e+01 -2.63120048e+00 3.50000000e+01
      vertex 7.61837098e+01 -2.00487225e+00 3.50000000e+01
      vertex 7.91068515e+01 -7.55018809e-01 5.25000000e+01
    endloop
  endfacet
  facet normal 1.56651025e-01 -9.86630130e-01 4.49604676e-02
    outer loop
      vertex 7.23128380e+01 -2.63120048e+00 3.50000000e+01
      vertex 7.91068515e+01 -7.55018809e-01 5.25000000e+01
      vertex 7.53364256e+01 -1.35366369e+00 5.25000000e+01
    endloop
  endfacet
  facet normal 1.61883650e-01 -9.85884207e-01 4.27318877e-02
    outer loop
      vertex 7.61837098e+01 -2.00487225e+00 3.50000000e+01
      vertex 8.00531244e+01 -1.36950862e+00 3.50000000e+01
      vertex 8.28758724e+01 -1.47494137e-01 5.25000000e+01
    endloop
  endfacet
  facet normal 1.58981609e-01 -9.86305649e-01 4.38863849e-02
    outer loop
      vertex 7.61837098e+01 -2.00487225e+00 3.50000000e+01
      vertex 8.28758724e+01 -1.47494137e-01 5.25000000e+01
      vertex 7.91068515e+01 -7.55018809e-01 5.25000000e+01
    endloop
  endfacet
  facet normal 1.57979474e-01 -9.86515701e-01 4.27698099e-02
    outer loop
      vertex 8.00531244e+01 -1.36950862e+00 3.50000000e+01
      vertex 8.39250253e+01 -7.49466933e-01 3.50000000e+01
      vertex 8.66472601e+01 4.45170822e-01 5.25000000e+01
    endloop
  endfacet
  facet normal 1.55092852e-01 -9.86924014e-01 4.38998516e-02
    outer loop
      vertex 8.00531244e+01 -1.36950862e+00 3.50000000e+01
      vertex 8.66472601e+01 4.45170822e-01 5.25000000e+01
      vertex 8.28758724e+01 -1.47494137e-01 5.25000000e+01
    endloop
  endfacet
  facet normal 1.52634294e-01 -9.87345481e-01 4.30310817e-02
    outer loop
      vertex 8.39250253e+01 -7.49466933e-01 3.50000000e+01
      vertex 8.78001637e+01 -1.50407108e-01 3.50000000e+01
      vertex 9.04217176e+01 1.01755587e+00 5.25000000e+01
    endloop
  endfacet
  facet normal 1.49786736e-01 -9.87733117e-01 4.41273485e-02
    outer loop
      vertex 8.39250253e+01 -7.49466933e-01 3.50000000e+01
      vertex 9.04217176e+01 1.01755587e+00 5.25000000e+01
      vertex 8.66472601e+01 4.45170822e-01 5.25000000e+01
    endloop
  endfacet
  facet normal 1.46541410e-01 -9.88253165e-01 4.33739109e-02
    outer loop
      vertex 8.78001637e+01 -1.50407108e-01 3.50000000e+01
      vertex 9.16789860e+01 4.24757343e-01 3.50000000e+01
      vertex 9.41997033e+01 1.56660333e+00 5.25000000e+01
    endloop
  endfacet
  facet normal 1.43675098e-01 -9.88625761e-01 4.44586437e-02
    outer loop
      vertex 8.78001637e+01 -1.50407108e-01 3.50000000e+01
      vertex 9.41997033e+01 1.56660333e+00 5.25000000e+01
      vertex 9.04217176e+01 1.01755587e+00 5.25000000e+01
    endloop
  endfacet
  facet normal 1.29994927e-01 -9.90479878e-01 4.52871879e-02
    outer loop
      vertex 9.16789860e+01 4.24757343e-01 3.50000000e+01
      vertex 9.55668448e+01 9.35017002e-01 3.50000000e+01
      vertex 9.79862702e+01 2.05269626e+00 5.25000000e+01
    endloop
  endfacet
  facet normal 1.27191413e-01 -9.90795717e-01 4.63270009e-02
    outer loop
      vertex 9.16789860e+01 4.24757343e-01 3.50000000e+01
      vertex 9.79862702e+01 2.05269626e+00 5.25000000e+01
      vertex 9.41997033e+01 1.56660333e+00 5.25000000e+01
    endloop
  endfacet
  facet normal 1.18498566e-01 -9.91871528e-01 4.63568966e-02
    outer loop
      vertex 9.55668448e+01 9.35017002e-01 3.50000000e+01
      vertex 9.94601459e+01 1.40014841e+00 3.50000000e+01
      vertex 1.01778001e+02 2.49495569e+00 5.25000000e+01
    endloop
  endfacet
  facet normal 1.15722454e-01 -9.92151534e-01 4.73671627e-02
    outer loop
      vertex 9.55668448e+01 9.35017002e-01 3.50000000e+01
      vertex 1.01778001e+02 2.49495569e+00 5.25000000e+01
      vertex 9.79862702e+01 2.05269626e+00 5.25000000e+01
    endloop
  endfacet
  facet normal 1.04467688e-01 -9.93383308e-01 4.77085402e-02
    outer loop
      vertex 9.94601459e+01 1.40014841e+00 3.50000000e+01
      vertex 1.03359782e+02 1.81024788e+00 3.50000000e+01
      vertex 1.05575738e+02 2.88374615e+00 5.25000000e+01
    endloop
  endfacet
  facet normal 1.01721168e-01 -9.93620771e-01 4.86884771e-02
    outer loop
      vertex 9.94601459e+01 1.40014841e+00 3.50000000e+01
      vertex 1.05575738e+02 2.88374615e+00 5.25000000e+01
      vertex 1.01778001e+02 2.49495569e+00 5.25000000e+01
    endloop
  endfacet
  facet normal 7.91436151e-02 -9.95586016e-01 5.04457329e-02
    outer loop
      vertex 1.03359782e+02 1.81024788e+00 3.50000000e+01
      vertex 1.07268688e+02 2.12098443e+00 3.50000000e+01
      vertex 1.09382235e+02 3.17571408e+00 5.25000000e+01
    endloop
  endfacet
  facet normal 7.63767437e-02 -9.95752735e-01 5.14109330e-02
    outer loop
      vertex 1.03359782e+02 1.81024788e+00 3.50000000e+01
      vertex 1.09382235e+02 3.17571408e+00 5.25000000e+01
      vertex 1.05575738e+02 2.88374615e+00 5.25000000e+01
    endloop
  endfacet
  facet normal 5.45950882e-02 -9.97105268e-01 5.29193841e-02
    outer loop
      vertex 1.07268688e+02 2.12098443e+00 3.50000000e+01
      vertex 1.11183754e+02 2.33534830e+00 3.50000000e+01
      vertex 1.13194449e+02 3.37421889e+00 5.25000000e+01
    endloop
  endfacet
  facet normal 5.19248968e-02 -9.97199131e-01 5.38302726e-02
    outer loop
      vertex 1.07268688e+02 2.12098443e+00 3.50000000e+01
      vertex 1.13194449e+02 3.37421889e+00 5.25000000e+01
      vertex 1.09382235e+02 3.17571408e+00 5.25000000e+01
    endloop
  endfacet
  facet normal 2.50482359e-02 -9.98127656e-01 5.58011524e-02
    outer loop
      vertex 1.11183754e+02 2.33534830e+00 3.50000000e+01
      vertex 1.15103208e+02 2.43370788e+00 3.50000000e+01
      vertex 1.17010632e+02 3.45992709e+00 5.25000000e+01
    endloop
  endfacet
  facet normal 2.24173900e-02 -9.98140806e-01 5.66779757e-02
    outer loop
      vertex 1.11183754e+02 2.33534830e+00 3.50000000e+01
      vertex 1.17010632e+02 3.45992709e+00 5.25000000e+01
      vertex 1.13194449e+02 3.37421889e+00 5.25000000e+01
    endloop
  endfacet
  facet normal -1.48461749e-02 -9.98112440e-01 5.95915163e-02
    outer loop
      vertex 1.15103208e+02 2.43370788e+00 3.50000000e+01
      vertex 1.19023324e+02 2.37539910e+00 3.50000000e+01
      vertex 1.20827063e+02 3.39339353e+00 5.25000000e+01
    endloop
  endfacet
  facet normal -1.73989560e-02 -9.98021303e-01 6.04214756e-02
    outer loop
      vertex 1.15103208e+02 2.43370788e+00 3.50000000e+01
      vertex 1.20827063e+02 3.39339353e+00 5.25000000e+01
      vertex 1.17010632e+02 3.45992709e+00 5.25000000e+01
    endloop
  endfacet
  facet normal -8.57718967e-02 -9.94121279e-01 6.60761985e-02
    outer loop
      vertex 1.19023324e+02 2.37539910e+00 3.50000000e+01
      vertex 1.23377050e+02 1.99976351e+00 3.50000000e+01
      vertex 1.25064765e+02 3.01732038e+00 5.25000000e+01
    endloop
  endfacet
  facet normal -8.81991331e-02 -9.93853473e-01 6.69043182e-02
    outer loop
      vertex 1.19023324e+02 2.37539910e+00 3.50000000e+01
      vertex 1.25064765e+02 3.01732038e+00 5.25000000e+01
      vertex 1.20827063e+02 3.39339353e+00 5.25000000e+01
    endloop
  endfacet
  facet normal 2.93012051e-01 9.52342907e-01 -8.47757341e-02
    outer loop
      vertex 1.25064765e+02 3.01732038e+00 5.25000000e+01
      vertex 1.21416313e+02 4.13985774e+00 5.25000000e+01
      vertex 1.23205139e+02 5.14729695e+00 7.00000000e+01
    endloop
  endfacet
  facet normal 2.95312063e-01 9.51661315e-01 -8.44483663e-02
    outer loop
      vertex 1.25064765e+02 3.01732038e+00 5.25000000e+01
      vertex 1.23205139e+02 5.14729695e+00 7.00000000e+01
      vertex 1.26752002e+02 4.04666232e+00 7.00000000e+01
    endloop
  endfacet
  facet normal 2.80593393e-01 9.56123912e-01 -8.42283308e-02
    outer loop
      vertex 1.21416313e+02 4.13985774e+00 5.25000000e+01
      vertex 1.17753296e+02 5.21484222e+00 5.25000000e+01
      vertex 1.19643972e+02 6.20162268e+00 7.00000000e+01
    endloop
  endfacet
  facet normal 2.82880276e-01 9.55476897e-01 -8.39204949e-02
    outer loop
      vertex 1.21416313e+02 4.13985774e+00 5.25000000e+01
      vertex 1.19643972e+02 6.20162268e+00 7.00000000e+01
      vertex 1.23205139e+02 5.14729695e+00 7.00000000e+01
    endloop
  endfacet
  facet normal 2.66637522e-01 9.60177042e-01 -8.34534579e-02
    outer loop
      vertex 1.17753296e+02 5.21484222e+00 5.25000000e+01
      vertex 1.14074833e+02 6.23633748e+00 5.25000000e+01
      vertex 1.16067654e+02 7.20394507e+00 7.00000000e+01
    endloop
  endfacet
  facet normal 2.68933075e-01 9.59561886e-01 -8.31624241e-02
    outer loop
      vertex 1.17753296e+02 5.21484222e+00 5.25000000e+01
      vertex 1.16067654e+02 7.20394507e+00 7.00000000e+01
      vertex 1.19643972e+02 6.20162268e+00 7.00000000e+01
    endloop
  endfacet
  facet normal 2.65810900e-01 9.60369610e-01 -8.38735807e-02
    outer loop
      vertex 1.14074833e+02 6.23633748e+00 5.25000000e+01
      vertex 1.10395490e+02 7.25470512e+00 5.25000000e+01
      vertex 1.12490469e+02 8.20321433e+00 7.00000000e+01
    endloop
  endfacet
  facet normal 2.68103280e-01 9.59756300e-01 -8.35971082e-02
    outer loop
      vertex 1.14074833e+02 6.23633748e+00 5.25000000e+01
      vertex 1.12490469e+02 8.20321433e+00 7.00000000e+01
      vertex 1.16067654e+02 7.20394507e+00 7.00000000e+01
    endloop
  endfacet
  facet normal 2.67823553e-01 9.59748225e-01 -8.45806680e-02
    outer loop
      vertex 1.10395490e+02 7.25470512e+00 5.25000000e+01
      vertex 1.06718310e+02 8.28084442e+00 5.25000000e+01
      vertex 1.08915389e+02 9.20997598e+00 7.00000000e+01
    endloop
  endfacet
  facet normal 2.70097180e-01 9.59133827e-01 -8.43197244e-02
    outer loop
      vertex 1.10395490e+02 7.25470512e+00 5.25000000e+01
      vertex 1.08915389e+02 9.20997598e+00 7.00000000e+01
      vertex 1.12490469e+02 8.20321433e+00 7.00000000e+01
    endloop
  endfacet
  facet normal 2.69490163e-01 9.59221696e-01 -8.52571976e-02
    outer loop
      vertex 1.06718310e+02 8.28084442e+00 5.25000000e+01
      vertex 1.03042935e+02 9.31342907e+00 5.25000000e+01
      vertex 1.05342057e+02 1.02229270e+01 7.00000000e+01
    endloop
  endfacet
  facet normal 2.71741630e-01 9.58608074e-01 -8.50120379e-02
    outer loop
      vertex 1.06718310e+02 8.28084442e+00 5.25000000e+01
      vertex 1.05342057e+02 1.02229270e+01 7.00000000e+01
      vertex 1.08915389e+02 9.20997598e+00 7.00000000e+01
    endloop
  endfacet
  facet normal 2.70309344e-01 9.58939118e-01 -8.58407086e-02
    outer loop
      vertex 1.03042935e+02 9.31342907e+00 5.25000000e+01
      vertex 9.93684569e+01 1.03492046e+01 5.25000000e+01
      vertex 1.01769584e+02 1.12389017e+01 7.00000000e+01
    endloop
  endfacet
  facet normal 2.72538773e-01 9.58328401e-01 -8.56112934e-02
    outer loop
      vertex 1.03042935e+02 9.31342907e+00 5.25000000e+01
      vertex 1.01769584e+02 1.12389017e+01 7.00000000e+01
      vertex 1.05342057e+02 1.02229270e+01 7.00000000e+01
    endloop
  endfacet
  facet normal 2.69371937e-01 9.59169715e-01 -8.62103109e-02
    outer loop
      vertex 9.93684569e+01 1.03492046e+01 5.25000000e+01
      vertex 9.56929787e+01 1.13814209e+01 5.25000000e+01
      vertex 9.81961100e+01 1.22513474e+01 7.00000000e+01
    endloop
  endfacet
  facet normal 2.71583134e-01 9.58565182e-01 -8.59964710e-02
    outer loop
      vertex 9.93684569e+01 1.03492046e+01 5.25000000e+01
      vertex 9.81961100e+01 1.22513474e+01 7.00000000e+01
      vertex 1.01769584e+02 1.12389017e+01 7.00000000e+01
    endloop
  endfacet
  facet normal 2.65150314e-01 9.60350608e-01 -8.61511492e-02
    outer loop
      vertex 9.56929787e+01 1.13814209e+01 5.25000000e+01
      vertex 9.20130031e+01 1.23974527e+01 5.25000000e+01
      vertex 9.46182222e+01 1.32480487e+01 7.00000000e+01
    endloop
  endfacet
  facet normal 2.67361466e-01 9.59755243e-01 -8.59518478e-02
    outer loop
      vertex 9.56929787e+01 1.13814209e+01 5.25000000e+01
      vertex 9.46182222e+01 1.32480487e+01 7.00000000e+01
      vertex 9.81961100e+01 1.22513474e+01 7.00000000e+01
    endloop
  endfacet
  facet normal 2.59163540e-01 9.62012624e-01 -8.58252343e-02
    outer loop
      vertex 9.20130031e+01 1.23974527e+01 5.25000000e+01
      vertex 8.83268182e+01 1.33905007e+01 5.25000000e+01
      vertex 9.10342358e+01 1.42223792e+01 7.00000000e+01
    endloop
  endfacet
  facet normal 2.61371536e-01 9.61431493e-01 -8.56411408e-02
    outer loop
      vertex 9.20130031e+01 1.23974527e+01 5.25000000e+01
      vertex 9.10342358e+01 1.42223792e+01 7.00000000e+01
      vertex 9.46182222e+01 1.32480487e+01 7.00000000e+01
    endloop
  endfacet
  facet normal 2.51682949e-01 9.64047984e-01 -8.52477393e-02
    outer loop
      vertex 8.83268182e+01 1.33905007e+01 5.25000000e+01
      vertex 8.46329942e+01 1.43548433e+01 5.25000000e+01
      vertex 8.74427474e+01 1.51687742e+01 7.00000000e+01
    endloop
  endfacet
  facet normal 2.53888282e-01 9.63484454e-01 -8.50790661e-02
    outer loop
      vertex 8.83268182e+01 1.33905007e+01 5.25000000e+01
      vertex 8.74427474e+01 1.51687742e+01 7.00000000e+01
      vertex 9.10342358e+01 1.42223792e+01 7.00000000e+01
    endloop
  endfacet
  facet normal 2.33276946e-01 9.68860974e-01 -8.30077097e-02
    outer loop
      vertex 8.46329942e+01 1.43548433e+01 5.25000000e+01
      vertex 8.09213915e+01 1.52485022e+01 5.25000000e+01
      vertex 8.38338383e+01 1.60465819e+01 7.00000000e+01
    endloop
  endfacet
  facet normal 2.35530072e-01 9.68328922e-01 -8.28533844e-02
    outer loop
      vertex 8.46329942e+01 1.43548433e+01 5.25000000e+01
      vertex 8.38338383e+01 1.60465819e+01 7.00000000e+01
      vertex 8.74427474e+01 1.51687742e+01 7.00000000e+01
    endloop
  endfacet
  facet normal 2.09320698e-01 9.74587838e-01 -7.97708666e-02
    outer loop
      vertex 8.09213915e+01 1.52485022e+01 5.25000000e+01
      vertex 7.71893703e+01 1.60500609e+01 5.25000000e+01
      vertex 8.02048454e+01 1.68347914e+01 7.00000000e+01
    endloop
  endfacet
  facet normal 2.11575041e-01 9.74112006e-01 -7.96354296e-02
    outer loop
      vertex 8.09213915e+01 1.52485022e+01 5.25000000e+01
      vertex 8.02048454e+01 1.68347914e+01 7.00000000e+01
      vertex 8.38338383e+01 1.60465819e+01 7.00000000e+01
    endloop
  endfacet
  facet normal 1.77924500e-01 9.81170091e-01 -7.51540129e-02
    outer loop
      vertex 7.71893703e+01 1.60500609e+01 5.25000000e+01
      vertex 7.34345151e+01 1.67309629e+01 5.25000000e+01
      vertex 7.65533922e+01 1.75058241e+01 7.00000000e+01
    endloop
  endfacet
  facet normal 1.80235153e-01 9.80757326e-01 -7.50357036e-02
    outer loop
      vertex 7.71893703e+01 1.60500609e+01 5.25000000e+01
      vertex 7.65533922e+01 1.75058241e+01 7.00000000e+01
      vertex 8.02048454e+01 1.68347914e+01 7.00000000e+01
    endloop
  endfacet
  facet normal 1.36751329e-01 9.88224020e-01 -6.86466285e-02
    outer loop
      vertex 7.34345151e+01 1.67309629e+01 5.25000000e+01
      vertex 6.96531010e+01 1.72542384e+01 5.25000000e+01
      vertex 7.28757926e+01 1.80239107e+01 7.00000000e+01
    endloop
  endfacet
  facet normal 1.39170747e-01 9.87893260e-01 -6.85449463e-02
    outer loop
      vertex 7.34345151e+01 1.67309629e+01 5.25000000e+01
      vertex 7.28757926e+01 1.80239107e+01 7.00000000e+01
      vertex 7.65533922e+01 1.75058241e+01 7.00000000e+01
    endloop
  endfacet
  facet normal 7.22205997e-02 9.95721723e-01 -5.76405759e-02
    outer loop
      vertex 6.96531010e+01 1.72542384e+01 5.25000000e+01
      vertex 6.58454229e+01 1.75304128e+01 5.25000000e+01
      vertex 6.91720892e+01 1.83021708e+01 7.00000000e+01
    endloop
  endfacet
  facet normal 7.47948813e-02 9.95536398e-01 -5.75587206e-02
    outer loop
      vertex 6.96531010e+01 1.72542384e+01 5.25000000e+01
      vertex 6.91720892e+01 1.83021708e+01 7.00000000e+01
      vertex 7.28757926e+01 1.80239107e+01 7.00000000e+01
    endloop
  endfacet
  facet normal 3.50477040e-02 9.98071239e-01 -5.12392422e-02
    outer loop
      vertex 6.58454229e+01 1.75304128e+01 5.25000000e+01
      vertex 6.20311399e+01 1.76643530e+01 5.25000000e+01
      vertex 6.54616079e+01 1.84423102e+01 7.00000000e+01
    endloop
  endfacet
  facet normal 3.76921490e-02 9.97978095e-01 -5.11763899e-02
    outer loop
      vertex 6.58454229e+01 1.75304128e+01 5.25000000e+01
      vertex 6.54616079e+01 1.84423102e+01 7.00000000e+01
      vertex 6.91720892e+01 1.83021708e+01 7.00000000e+01
    endloop
  endfacet
  facet normal 3.16516621e-03 9.98954711e-01 -4.56011825e-02
    outer loop
      vertex 6.20311399e+01 1.76643530e+01 5.25000000e+01
      vertex 5.82143198e+01 1.76764465e+01 5.25000000e+01
      vertex 6.17483473e+01 1.84641047e+01 7.00000000e+01
    endloop
  endfacet
  facet normal 5.86318767e-03 9.98944529e-01 -4.55571183e-02
    outer loop
      vertex 6.20311399e+01 1.76643530e+01 5.25000000e+01
      vertex 6.17483473e+01 1.84641047e+01 7.00000000e+01
      vertex 6.54616079e+01 1.84423102e+01 7.00000000e+01
    endloop
  endfacet
  facet normal -2.62903587e-02 9.98844578e-01 -4.02284147e-02
    outer loop
      vertex 5.82143198e+01 1.76764465e+01 5.25000000e+01
      vertex 5.43982378e+01 1.75760043e+01 5.25000000e+01
      vertex 5.80355053e+01 1.83765516e+01 7.00000000e+01
    endloop
  endfacet
  facet normal -2.35555587e-02 9.98913828e-01 -4.02032410e-02
    outer loop
      vertex 5.82143198e+01 1.76764465e+01 5.25000000e+01
      vertex 5.80355053e+01 1.83765516e+01 7.00000000e+01
      vertex 6.17483473e+01 1.84641047e+01 7.00000000e+01
    endloop
  endfacet
  facet normal -6.29315321e-02 9.97467511e-01 -3.31389110e-02
    outer loop
      vertex 5.43982378e+01 1.75760043e+01 5.25000000e+01
      vertex 5.05881353e+01 1.73356199e+01 5.25000000e+01
      vertex 5.43281015e+01 1.81529826e+01 7.00000000e+01
    endloop
  endfacet
  facet normal -6.01609721e-02 9.97638628e-01 -3.31334489e-02
    outer loop
      vertex 5.43982378e+01 1.75760043e+01 5.25000000e+01
      vertex 5.43281015e+01 1.81529826e+01 7.00000000e+01
      vertex 5.80355053e+01 1.83765516e+01 7.00000000e+01
    endloop
  endfacet
  facet normal -9.48309416e-02 9.95132332e-01 -2.68092311e-02
    outer loop
      vertex 5.05881353e+01 1.73356199e+01 5.25000000e+01
      vertex 4.67881264e+01 1.69734988e+01 5.25000000e+01
      vertex 5.06301779e+01 1.78110828e+01 7.00000000e+01
    endloop
  endfacet
  facet normal -9.20314572e-02 9.95394762e-01 -2.68230867e-02
    outer loop
      vertex 5.05881353e+01 1.73356199e+01 5.25000000e+01
      vertex 5.06301779e+01 1.78110828e+01 7.00000000e+01
      vertex 5.43281015e+01 1.81529826e+01 7.00000000e+01
    endloop
  endfacet
  facet normal -1.24547937e-01 9.91996881e-01 -2.07364427e-02
    outer loop
      vertex 4.67881264e+01 1.69734988e+01 5.25000000e+01
      vertex 4.30009401e+01 1.64980071e+01 5.25000000e+01
      vertex 4.69444067e+01 1.73589356e+01 7.00000000e+01
    endloop
  endfacet
  facet normal -1.21734667e-01 9.92345358e-01 -2.07692413e-02
    outer loop
      vertex 4.67881264e+01 1.69734988e+01 5.25000000e+01
      vertex 4.69444067e+01 1.73589356e+01 7.00000000e+01
      vertex 5.06301779e+01 1.78110828e+01 7.00000000e+01
    endloop
  endfacet
  facet normal -1.56644318e-01 9.87557409e-01 -1.38896506e-02
    outer loop
      vertex 4.30009401e+01 1.64980071e+01 5.25000000e+01
      vertex 3.92311511e+01 1.59000510e+01 5.25000000e+01
      vertex 4.32752168e+01 1.67876437e+01 7.00000000e+01
    endloop
  endfacet
  facet normal -1.53831149e-01 9.87998798e-01 -1.39410466e-02
    outer loop
      vertex 4.30009401e+01 1.64980071e+01 5.25000000e+01
      vertex 4.32752168e+01 1.67876437e+01 7.00000000e+01
      vertex 4.69444067e+01 1.73589356e+01 7.00000000e+01
    endloop
  endfacet
  facet normal -1.92433916e-01 9.81292187e-01 -5.90186634e-03
    outer loop
      vertex 3.92311511e+01 1.59000510e+01 5.25000000e+01
      vertex 3.54854768e+01 1.51655146e+01 5.25000000e+01
      vertex 3.96291216e+01 1.60833457e+01 7.00000000e+01
    endloop
  endfacet
  facet normal -1.89655689e-01 9.81832506e-01 -5.97070579e-03
    outer loop
      vertex 3.92311511e+01 1.59000510e+01 5.25000000e+01
      vertex 3.96291216e+01 1.60833457e+01 7.00000000e+01
      vertex 4.32752168e+01 1.67876437e+01 7.00000000e+01
    endloop
  endfacet
  facet normal -2.34488210e-01 9.72110934e-01 3.95124302e-03
    outer loop
      vertex 3.54854768e+01 1.51655146e+01 5.25000000e+01
      vertex 3.17747935e+01 1.42704404e+01 5.25000000e+01
      vertex 3.60166862e+01 1.52225201e+01 7.00000000e+01
    endloop
  endfacet
  facet normal -2.31802776e-01 9.72755115e-01 3.86762878e-03
    outer loop
      vertex 3.54854768e+01 1.51655146e+01 5.25000000e+01
      vertex 3.60166862e+01 1.52225201e+01 7.00000000e+01
      vertex 3.96291216e+01 1.60833457e+01 7.00000000e+01
    endloop
  endfacet
  facet normal -2.85393365e-01 9.58268579e-01 1.64911497e-02
    outer loop
      vertex 3.17747935e+01 1.42704404e+01 5.25000000e+01
      vertex 2.81165908e+01 1.31809475e+01 5.25000000e+01
      vertex 3.24549528e+01 1.41718436e+01 7.00000000e+01
    endloop
  endfacet
  facet normal -2.82898453e-01 9.59009676e-01 1.63983572e-02
    outer loop
      vertex 3.17747935e+01 1.42704404e+01 5.25000000e+01
      vertex 3.24549528e+01 1.41718436e+01 7.00000000e+01
      vertex 3.60166862e+01 1.52225201e+01 7.00000000e+01
    endloop
  endfacet
  facet normal -3.45989562e-01 9.37687130e-01 3.21569404e-02
    outer loop
      vertex 2.81165908e+01 1.31809475e+01 5.25000000e+01
      vertex 2.45360927e+01 1.18598086e+01 5.25000000e+01
      vertex 2.89684096e+01 1.28951101e+01 7.00000000e+01
    endloop
  endfacet
  facet normal -3.43682429e-01 9.38538565e-01 3.20585468e-02
    outer loop
      vertex 2.81165908e+01 1.31809475e+01 5.25000000e+01
      vertex 2.89684096e+01 1.28951101e+01 7.00000000e+01
      vertex 3.24549528e+01 1.41718436e+01 7.00000000e+01
    endloop
  endfacet
  facet normal -4.17543002e-01 9.07193615e-01 5.15517851e-02
    outer loop
      vertex 2.45360927e+01 1.18598086e+01 5.25000000e+01
      vertex 2.10702989e+01 1.02646497e+01 5.25000000e+01
      vertex 2.55927166e+01 1.13516808e+01 7.00000000e+01
    endloop
  endfacet
  facet normal -4.15266070e-01 9.08244198e-01 5.14448119e-02
    outer loop
      vertex 2.45360927e+01 1.18598086e+01 5.25000000e+01
      vertex 2.55927166e+01 1.13516808e+01 7.00000000e+01
      vertex 2.89684096e+01 1.28951101e+01 7.00000000e+01
    endloop
  endfacet
  facet normal -5.08987787e-01 8.57263518e-01 7.76575376e-02
    outer loop
      vertex 2.10702989e+01 1.02646497e+01 5.25000000e+01
      vertex 1.77910001e+01 8.31761360e+00 5.25000000e+01
      vertex 2.23967155e+01 9.46690545e+00 7.00000000e+01
    endloop
  endfacet
  facet normal -5.06446696e-01 8.58778333e-01 7.75339885e-02
    outer loop
      vertex 2.10702989e+01 1.02646497e+01 5.25000000e+01
      vertex 2.23967155e+01 9.46690545e+00 7.00000000e+01
      vertex 2.55927166e+01 1.13516808e+01 7.00000000e+01
    endloop
  endfacet
  facet normal -6.71473619e-01 7.29906439e-01 1.27905314e-01
    outer loop
      vertex 1.77910001e+01 8.31761360e+00 5.25000000e+01
      vertex 1.49903194e+01 5.74114202e+00 5.25000000e+01
      vertex 1.96615137e+01 6.97176651e+00 7.00000000e+01
    endloop
  endfacet
  facet normal -6.68416446e-01 7.32726272e-01 1.27795405e-01
    outer loop
      vertex 1.77910001e+01 8.31761360e+00 5.25000000e+01
      vertex 1.96615137e+01 6.97176651e+00 7.00000000e+01
      vertex 2.23967155e+01 9.46690545e+00 7.00000000e+01
    endloop
  endfacet
  facet normal -9.64889871e-01 -3.74951050e-02 2.59964718e-01
    outer loop
      vertex 1.49903194e+01 5.74114202e+00 5.25000000e+01
      vertex 1.51129433e+01 2.58557058e+00 5.25000000e+01
      vertex 1.97765286e+01 3.90671095e+00 7.00000000e+01
    endloop
  endfacet
  facet normal -9.64901794e-01 -3.62075173e-02 2.60102949e-01
    outer loop
      vertex 1.49903194e+01 5.74114202e+00 5.25000000e+01
      vertex 1.97765286e+01 3.90671095e+00 7.00000000e+01
      vertex 1.96615137e+01 6.97176651e+00 7.00000000e+01
    endloop
  endfacet
  facet normal -4.04717897e-01 -8.97485926e-01 1.75278168e-01
    outer loop
      vertex 1.51129433e+01 2.58557058e+00 5.25000000e+01
      vertex 1.85828263e+01 1.02083989e+00 5.25000000e+01
      vertex 2.31499105e+01 2.37906423e+00 7.00000000e+01
    endloop
  endfacet
  facet normal -4.06091545e-01 -8.96739971e-01 1.75917826e-01
    outer loop
      vertex 1.51129433e+01 2.58557058e+00 5.25000000e+01
      vertex 2.31499105e+01 2.37906423e+00 7.00000000e+01
      vertex 1.97765286e+01 3.90671095e+00 7.00000000e+01
    endloop
  endfacet
  facet normal -2.73403054e-01 -9.50947226e-01 1.44741640e-01
    outer loop
      vertex 1.85828263e+01 1.02083989e+00 5.25000000e+01
      vertex 2.22501947e+01 -3.35506022e-02 5.25000000e+01
      vertex 2.67157753e+01 1.34620559e+00 7.00000000e+01
    endloop
  endfacet
  facet normal -2.75251482e-01 -9.50284511e-01 1.45588357e-01
    outer loop
      vertex 1.85828263e+01 1.02083989e+00 5.25000000e+01
      vertex 2.67157753e+01 1.34620559e+00 7.00000000e+01
      vertex 2.31499105e+01 2.37906423e+00 7.00000000e+01
    endloop
  endfacet
  facet normal -2.13993524e-01 -9.68080721e-01 1.30485587e-01
    outer loop
      vertex 2.22501947e+01 -3.35506022e-02 5.25000000e+01
      vertex 2.59769428e+01 -8.57345504e-01 5.25000000e+01
      vertex 3.03397373e+01 5.37050617e-01 7.00000000e+01
    endloop
  endfacet
  facet normal -2.16023704e-01 -9.67505250e-01 1.31405293e-01
    outer loop
      vertex 2.22501947e+01 -3.35506022e-02 5.25000000e+01
      vertex 3.03397373e+01 5.37050617e-01 7.00000000e+01
      vertex 2.67157753e+01 1.34620559e+00 7.00000000e+01
    endloop
  endfacet
  facet normal -1.71860127e-01 -9.77750534e-01 1.20282956e-01
    outer loop
      vertex 2.59769428e+01 -8.57345504e-01 5.25000000e+01
      vertex 2.97363862e+01 -1.51814639e+00 5.25000000e+01
      vertex 3.39957793e+01 -1.13972381e-01 7.00000000e+01
    endloop
  endfacet
  facet normal -1.74016582e-01 -9.77249566e-01 1.21249805e-01
    outer loop
      vertex 2.59769428e+01 -8.57345504e-01 5.25000000e+01
      vertex 3.39957793e+01 -1.13972381e-01 7.00000000e+01
      vertex 3.03397373e+01 5.37050617e-01 7.00000000e+01
    endloop
  endfacet
  facet normal -1.39333708e-01 -9.83849106e-01 1.12370163e-01
    outer loop
      vertex 2.97363862e+01 -1.51814639e+00 5.25000000e+01
      vertex 3.35158735e+01 -2.05340122e+00 5.25000000e+01
      vertex 3.76715542e+01 -6.43173321e-01 7.00000000e+01
    endloop
  endfacet
  facet normal -1.41581954e-01 -9.83413588e-01 1.13367829e-01
    outer loop
      vertex 2.97363862e+01 -1.51814639e+00 5.25000000e+01
      vertex 3.76715542e+01 -6.43173321e-01 7.00000000e+01
      vertex 3.39957793e+01 -1.13972381e-01 7.00000000e+01
    endloop
  endfacet
  facet normal -1.12618538e-01 -9.87983181e-01 1.05859807e-01
    outer loop
      vertex 3.35158735e+01 -2.05340122e+00 5.25000000e+01
      vertex 3.73085558e+01 -2.48572268e+00 5.25000000e+01
      vertex 4.13603700e+01 -1.07250305e+00 7.00000000e+01
    endloop
  endfacet
  facet normal -1.14944290e-01 -9.87605300e-01 1.06881161e-01
    outer loop
      vertex 3.35158735e+01 -2.05340122e+00 5.25000000e+01
      vertex 4.13603700e+01 -1.07250305e+00 7.00000000e+01
      vertex 3.76715542e+01 -6.43173321e-01 7.00000000e+01
    endloop
  endfacet
  facet normal -8.94644778e-02 -9.90934574e-01 1.00223634e-01
    outer loop
      vertex 3.73085558e+01 -2.48572268e+00 5.25000000e+01
      vertex 4.11104235e+01 -2.82896644e+00 5.25000000e+01
      vertex 4.50583058e+01 -1.41543379e+00 7.00000000e+01
    endloop
  endfacet
  facet normal -9.18648276e-02 -9.90608859e-01 1.01266691e-01
    outer loop
      vertex 3.73085558e+01 -2.48572268e+00 5.25000000e+01
      vertex 4.50583058e+01 -1.41543379e+00 7.00000000e+01
      vertex 4.13603700e+01 -1.07250305e+00 7.00000000e+01
    endloop
  endfacet
  facet normal -6.86447128e-02 -9.93091065e-01 9.51737400e-02
    outer loop
      vertex 4.11104235e+01 -2.82896644e+00 5.25000000e+01
      vertex 4.49189562e+01 -3.09222088e+00 5.25000000e+01
      vertex 4.87628986e+01 -1.68079530e+00 7.00000000e+01
    endloop
  endfacet
  facet normal -7.11157316e-02 -9.92814764e-01 9.62361497e-02
    outer loop
      vertex 4.11104235e+01 -2.82896644e+00 5.25000000e+01
      vertex 4.87628986e+01 -1.68079530e+00 7.00000000e+01
      vertex 4.50583058e+01 -1.41543379e+00 7.00000000e+01
    endloop
  endfacet
  facet normal -4.06746104e-02 -9.95230123e-01 8.86711798e-02
    outer loop
      vertex 4.49189562e+01 -3.09222088e+00 5.25000000e+01
      vertex 4.87334514e+01 -3.24811759e+00 5.25000000e+01
      vertex 5.24735481e+01 -1.84179092e+00 7.00000000e+01
    endloop
  endfacet
  facet normal -4.31717948e-02 -9.95029573e-01 8.97348618e-02
    outer loop
      vertex 4.49189562e+01 -3.09222088e+00 5.25000000e+01
      vertex 5.24735481e+01 -1.84179092e+00 7.00000000e+01
      vertex 4.87628986e+01 -1.68079530e+00 7.00000000e+01
    endloop
  endfacet
  facet normal -1.84915592e-02 -9.96338880e-01 8.34679522e-02
    outer loop
      vertex 4.87334514e+01 -3.24811759e+00 5.25000000e+01
      vertex 5.25500867e+01 -3.31895247e+00 5.25000000e+01
      vertex 5.61864809e+01 -1.92038558e+00 7.00000000e+01
    endloop
  endfacet
  facet normal -2.10872689e-02 -9.96195015e-01 8.45625171e-02
    outer loop
      vertex 4.87334514e+01 -3.24811759e+00 5.25000000e+01
      vertex 5.61864809e+01 -1.92038558e+00 7.00000000e+01
      vertex 5.24735481e+01 -1.84179092e+00 7.00000000e+01
    endloop
  endfacet
  facet normal 4.31879976e-03 -9.96927848e-01 7.82062232e-02
    outer loop
      vertex 5.25500867e+01 -3.31895247e+00 5.25000000e+01
      vertex 5.63670459e+01 -3.30241699e+00 5.25000000e+01
      vertex 5.98999557e+01 -1.91428560e+00 7.00000000e+01
    endloop
  endfacet
  facet normal 1.63748279e-03 -9.96847391e-01 7.93258982e-02
    outer loop
      vertex 5.25500867e+01 -3.31895247e+00 5.25000000e+01
      vertex 5.98999557e+01 -1.91428560e+00 7.00000000e+01
      vertex 5.61864809e+01 -1.92038558e+00 7.00000000e+01
    endloop
  endfacet
  facet normal 3.03304434e-02 -9.96915337e-01 7.23869789e-02
    outer loop
      vertex 5.63670459e+01 -3.30241699e+00 5.25000000e+01
      vertex 6.01829605e+01 -3.18632049e+00 5.25000000e+01
      vertex 6.36126684e+01 -1.81128226e+00 7.00000000e+01
    endloop
  endfacet
  facet normal 2.76577486e-02 -9.96912125e-01 7.34932959e-02
    outer loop
      vertex 5.63670459e+01 -3.30241699e+00 5.25000000e+01
      vertex 6.36126684e+01 -1.81128226e+00 7.00000000e+01
      vertex 5.98999557e+01 -1.91428560e+00 7.00000000e+01
    endloop
  endfacet
  facet normal 8.22904842e-02 -9.94714505e-01 6.14111599e-02
    outer loop
      vertex 6.01829605e+01 -3.18632049e+00 5.25000000e+01
      vertex 6.39874247e+01 -2.87158575e+00 5.25000000e+01
      vertex 6.73148194e+01 -1.51591213e+00 7.00000000e+01
    endloop
  endfacet
  facet normal 7.93746059e-02 -9.94876395e-01 6.26149345e-02
    outer loop
      vertex 6.01829605e+01 -3.18632049e+00 5.25000000e+01
      vertex 6.73148194e+01 -1.51591213e+00 7.00000000e+01
      vertex 6.36126684e+01 -1.81128226e+00 7.00000000e+01
    endloop
  endfacet
  facet normal 1.10285810e-01 -9.92361678e-01 5.52751336e-02
    outer loop
      vertex 6.39874247e+01 -2.87158575e+00 5.25000000e+01
      vertex 6.77806813e+01 -2.45002335e+00 5.25000000e+01
      vertex 7.10064041e+01 -1.11677326e+00 7.00000000e+01
    endloop
  endfacet
  facet normal 1.07323141e-01 -9.92618115e-01 5.64891285e-02
    outer loop
      vertex 6.39874247e+01 -2.87158575e+00 5.25000000e+01
      vertex 7.10064041e+01 -1.11677326e+00 7.00000000e+01
      vertex 6.73148194e+01 -1.51591213e+00 7.00000000e+01
    endloop
  endfacet
  facet normal 1.33356228e-01 -9.89795934e-01 5.02008446e-02
    outer loop
      vertex 6.77806813e+01 -2.45002335e+00 5.25000000e+01
      vertex 7.15640932e+01 -1.94028035e+00 5.25000000e+01
      vertex 7.46886558e+01 -6.31733192e-01 7.00000000e+01
    endloop
  endfacet
  facet normal 1.30423069e-01 -9.90125542e-01 5.13929311e-02
    outer loop
      vertex 6.77806813e+01 -2.45002335e+00 5.25000000e+01
      vertex 7.46886558e+01 -6.31733192e-01 7.00000000e+01
      vertex 7.10064041e+01 -1.11677326e+00 7.00000000e+01
    endloop
  endfacet
  facet normal 1.53497155e-01 -9.87088039e-01 4.57802052e-02
    outer loop
      vertex 7.15640932e+01 -1.94028035e+00 5.25000000e+01
      vertex 7.53364256e+01 -1.35366369e+00 5.25000000e+01
      vertex 7.83603355e+01 -7.17971213e-02 7.00000000e+01
    endloop
  endfacet
  facet normal 1.50592095e-01 -9.87480476e-01 4.69503057e-02
    outer loop
      vertex 7.15640932e+01 -1.94028035e+00 5.25000000e+01
      vertex 7.83603355e+01 -7.17971213e-02 7.00000000e+01
      vertex 7.46886558e+01 -6.31733192e-01 7.00000000e+01
    endloop
  endfacet
  facet normal 1.56653728e-01 -9.86647156e-01 4.45757751e-02
    outer loop
      vertex 7.53364256e+01 -1.35366369e+00 5.25000000e+01
      vertex 7.91068515e+01 -7.55018809e-01 5.25000000e+01
      vertex 8.20302068e+01 4.99766718e-01 7.00000000e+01
    endloop
  endfacet
  facet normal 1.53728652e-01 -9.87053982e-01 4.57377092e-02
    outer loop
      vertex 7.53364256e+01 -1.35366369e+00 5.25000000e+01
      vertex 8.20302068e+01 4.99766718e-01 7.00000000e+01
      vertex 7.83603355e+01 -7.17971213e-02 7.00000000e+01
    endloop
  endfacet
  facet normal 1.58984016e-01 -9.86320578e-01 4.35407932e-02
    outer loop
      vertex 7.91068515e+01 -7.55018809e-01 5.25000000e+01
      vertex 8.28758724e+01 -1.47494137e-01 5.25000000e+01
      vertex 8.56987250e+01 1.08005028e+00 7.00000000e+01
    endloop
  endfacet
  facet normal 1.56080769e-01 -9.86733348e-01 4.46776676e-02
    outer loop
      vertex 7.91068515e+01 -7.55018809e-01 5.25000000e+01
      vertex 8.56987250e+01 1.08005028e+00 7.00000000e+01
      vertex 8.20302068e+01 4.99766718e-01 7.00000000e+01
    endloop
  endfacet
  facet normal 1.55094940e-01 -9.86937300e-01 4.35927231e-02
    outer loop
      vertex 8.28758724e+01 -1.47494137e-01 5.25000000e+01
      vertex 8.66472601e+01 4.45170822e-01 5.25000000e+01
      vertex 8.93694939e+01 1.64593335e+00 7.00000000e+01
    endloop
  endfacet
  facet normal 1.52207162e-01 -9.87337035e-01 4.47052393e-02
    outer loop
      vertex 8.28758724e+01 -1.47494137e-01 5.25000000e+01
      vertex 8.93694939e+01 1.64593335e+00 7.00000000e+01
      vertex 8.56987250e+01 1.08005028e+00 7.00000000e+01
    endloop
  endfacet
  facet normal 1.49788477e-01 -9.87744595e-01 4.38637321e-02
    outer loop
      vertex 8.66472601e+01 4.45170822e-01 5.25000000e+01
      vertex 9.04217176e+01 1.01755587e+00 5.25000000e+01
      vertex 9.30431700e+01 2.19223065e+00 7.00000000e+01
    endloop
  endfacet
  facet normal 1.46939850e-01 -9.88123896e-01 4.49427164e-02
    outer loop
      vertex 8.66472601e+01 4.45170822e-01 5.25000000e+01
      vertex 9.30431700e+01 2.19223065e+00 7.00000000e+01
      vertex 8.93694939e+01 1.64593335e+00 7.00000000e+01
    endloop
  endfacet
  facet normal 1.43676585e-01 -9.88635991e-01 4.42257391e-02
    outer loop
      vertex 9.04217176e+01 1.01755587e+00 5.25000000e+01
      vertex 9.41997033e+01 1.56660333e+00 5.25000000e+01
      vertex 9.67202214e+01 2.71575213e+00 7.00000000e+01
    endloop
  endfacet
  facet normal 1.40809242e-01 -9.89000149e-01 4.52930751e-02
    outer loop
      vertex 9.04217176e+01 1.01755587e+00 5.25000000e+01
      vertex 9.67202214e+01 2.71575213e+00 7.00000000e+01
      vertex 9.30431700e+01 2.19223065e+00 7.00000000e+01
    endloop
  endfacet
  facet normal 1.27192494e-01 -9.90804136e-01 4.61436299e-02
    outer loop
      vertex 9.41997033e+01 1.56660333e+00 5.25000000e+01
      vertex 9.79862702e+01 2.05269626e+00 5.25000000e+01
      vertex 1.00405412e+02 3.17825693e+00 7.00000000e+01
    endloop
  endfacet
  facet normal 1.24388158e-01 -9.91111958e-01 4.71664297e-02
    outer loop
      vertex 9.41997033e+01 1.56660333e+00 5.25000000e+01
      vertex 1.00405412e+02 3.17825693e+00 7.00000000e+01
      vertex 9.67202214e+01 2.71575213e+00 7.00000000e+01
    endloop
  endfacet
  facet normal 1.15723238e-01 -9.92158260e-01 4.72241403e-02
    outer loop
      vertex 9.79862702e+01 2.05269626e+00 5.25000000e+01
      vertex 1.01778001e+02 2.49495569e+00 5.25000000e+01
      vertex 1.04095495e+02 3.59821759e+00 7.00000000e+01
    endloop
  endfacet
  facet normal 1.12946427e-01 -9.92430437e-01 4.82175586e-02
    outer loop
      vertex 9.79862702e+01 2.05269626e+00 5.25000000e+01
      vertex 1.04095495e+02 3.59821759e+00 7.00000000e+01
      vertex 1.00405412e+02 3.17825693e+00 7.00000000e+01
    endloop
  endfacet
  facet normal 1.01721676e-01 -9.93625741e-01 4.85858768e-02
    outer loop
      vertex 1.01778001e+02 2.49495569e+00 5.25000000e+01
      vertex 1.05575738e+02 2.88374615e+00 5.25000000e+01
      vertex 1.07791266e+02 3.96626650e+00 7.00000000e+01
    endloop
  endfacet
  facet normal 9.89745972e-02 -9.93855579e-01 4.95491385e-02
    outer loop
      vertex 1.01778001e+02 2.49495569e+00 5.25000000e+01
      vertex 1.07791266e+02 3.96626650e+00 7.00000000e+01
      vertex 1.04095495e+02 3.59821759e+00 7.00000000e+01
    endloop
  endfacet
  facet normal 7.63770300e-02 -9.95756468e-01 5.13381559e-02
    outer loop
      vertex 1.05575738e+02 2.88374615e+00 5.25000000e+01
      vertex 1.09382235e+02 3.17571408e+00 5.25000000e+01
      vertex 1.11495301e+02 4.24003801e+00 7.00000000e+01
    endloop
  endfacet
  facet normal 7.36098035e-02 -9.95915516e-01 5.22865268e-02
    outer loop
      vertex 1.05575738e+02 2.88374615e+00 5.25000000e+01
      vertex 1.11495301e+02 4.24003801e+00 7.00000000e+01
      vertex 1.07791266e+02 3.96626650e+00 7.00000000e+01
    endloop
  endfacet
  facet normal 5.19249492e-02 -9.97200139e-01 5.38115520e-02
    outer loop
      vertex 1.09382235e+02 3.17571408e+00 5.25000000e+01
      vertex 1.13194449e+02 3.37421889e+00 5.25000000e+01
      vertex 1.15204628e+02 4.42323656e+00 7.00000000e+01
    endloop
  endfacet
  facet normal 4.92546363e-02 -9.97286927e-01 5.47061738e-02
    outer loop
      vertex 1.09382235e+02 3.17571408e+00 5.25000000e+01
      vertex 1.15204628e+02 4.42323656e+00 7.00000000e+01
      vertex 1.11495301e+02 4.24003801e+00 7.00000000e+01
    endloop
  endfacet
  facet normal 2.24173630e-02 -9.98139604e-01 5.66991470e-02
    outer loop
      vertex 1.13194449e+02 3.37421889e+00 5.25000000e+01
      vertex 1.17010632e+02 3.45992709e+00 5.25000000e+01
      vertex 1.18917520e+02 4.49683863e+00 7.00000000e+01
    endloop
  endfacet
  facet normal 1.97866244e-02 -9.98145955e-01 5.75598918e-02
    outer loop
      vertex 1.13194449e+02 3.37421889e+00 5.25000000e+01
      vertex 1.18917520e+02 4.49683863e+00 7.00000000e+01
      vertex 1.15204628e+02 4.42323656e+00 7.00000000e+01
    endloop
  endfacet
  facet normal -1.73988852e-02 -9.98017241e-01 6.04885528e-02
    outer loop
      vertex 1.17010632e+02 3.45992709e+00 5.25000000e+01
      vertex 1.20827063e+02 3.39339353e+00 5.25000000e+01
      vertex 1.22630271e+02 4.42261009e+00 7.00000000e+01
    endloop
  endfacet
  facet normal -1.99512796e-02 -9.97919792e-01 6.13028226e-02
    outer loop
      vertex 1.17010632e+02 3.45992709e+00 5.25000000e+01
      vertex 1.22630271e+02 4.42261009e+00 7.00000000e+01
      vertex 1.18917520e+02 4.49683863e+00 7.00000000e+01
    endloop
  endfacet
  facet normal -8.81987949e-02 -9.93849662e-01 6.69613390e-02
    outer loop
      vertex 1.20827063e+02 3.39339353e+00 5.25000000e+01
      vertex 1.25064765e+02 3.01732038e+00 5.25000000e+01
      vertex 1.26752002e+02 4.04666232e+00 7.00000000e+01
    endloop
  endfacet
  facet normal -9.06252179e-02 -9.93576338e-01 6.77726449e-02
    outer loop
      vertex 1.20827063e+02 3.39339353e+00 5.25000000e+01
      vertex 1.26752002e+02 4.04666232e+00 7.00000000e+01
      vertex 1.22630271e+02 4.42261009e+00 7.00000000e+01
    endloop
  endfacet
  facet normal 2.95283735e-01 9.51570029e-01 -8.55686557e-02
    outer loop
      vertex 1.26752002e+02 4.04666232e+00 7.00000000e+01
      vertex 1.23205139e+02 5.14729695e+00 7.00000000e+01
      vertex 1.24993388e+02 6.16604573e+00 8.75000000e+01
    endloop
  endfacet
  facet normal 2.97581648e-01 9.50882141e-01 -8.52544248e-02
    outer loop
      vertex 1.26752002e+02 4.04666232e+00 7.00000000e+01
      vertex 1.24993388e+02 6.16604573e+00 8.75000000e+01
      vertex 1.28438808e+02 5.08779039e+00 8.75000000e+01
    endloop
  endfacet
  facet normal 2.82854032e-01 9.55388255e-01 -8.50110451e-02
    outer loop
      vertex 1.23205139e+02 5.14729695e+00 7.00000000e+01
      vertex 1.19643972e+02 6.20162268e+00 7.00000000e+01
      vertex 1.21533932e+02 7.19923878e+00 8.75000000e+01
    endloop
  endfacet
  facet normal 2.85138922e-01 9.54735017e-01 -8.47162489e-02
    outer loop
      vertex 1.23205139e+02 5.14729695e+00 7.00000000e+01
      vertex 1.21533932e+02 7.19923878e+00 8.75000000e+01
      vertex 1.24993388e+02 6.16604573e+00 8.75000000e+01
    endloop
  endfacet
  facet normal 2.68908917e-01 9.59475686e-01 -8.42282723e-02
    outer loop
      vertex 1.19643972e+02 6.20162268e+00 7.00000000e+01
      vertex 1.16067654e+02 7.20394507e+00 7.00000000e+01
      vertex 1.18059625e+02 8.18191243e+00 8.75000000e+01
    endloop
  endfacet
  facet normal 2.71202566e-01 9.58854272e-01 -8.39502999e-02
    outer loop
      vertex 1.19643972e+02 6.20162268e+00 7.00000000e+01
      vertex 1.18059625e+02 8.18191243e+00 8.75000000e+01
      vertex 1.21533932e+02 7.19923878e+00 8.75000000e+01
    endloop
  endfacet
  facet normal 2.68079722e-01 9.59671967e-01 -8.46343863e-02
    outer loop
      vertex 1.16067654e+02 7.20394507e+00 7.00000000e+01
      vertex 1.12490469e+02 8.20321433e+00 7.00000000e+01
      vertex 1.14584466e+02 9.16160803e+00 8.75000000e+01
    endloop
  endfacet
  facet normal 2.70370201e-01 9.59052395e-01 -8.43709508e-02
    outer loop
      vertex 1.16067654e+02 7.20394507e+00 7.00000000e+01
      vertex 1.14584466e+02 9.16160803e+00 8.75000000e+01
      vertex 1.18059625e+02 8.18191243e+00 8.75000000e+01
    endloop
  endfacet
  facet normal 2.70073986e-01 9.59051462e-01 -8.53248855e-02
    outer loop
      vertex 1.12490469e+02 8.20321433e+00 7.00000000e+01
      vertex 1.08915389e+02 9.20997598e+00 7.00000000e+01
      vertex 1.11111353e+02 1.01485207e+01 8.75000000e+01
    endloop
  endfacet
  facet normal 2.72345715e-01 9.58430872e-01 -8.50768732e-02
    outer loop
      vertex 1.12490469e+02 8.20321433e+00 7.00000000e+01
      vertex 1.11111353e+02 1.01485207e+01 8.75000000e+01
      vertex 1.14584466e+02 9.16160803e+00 8.75000000e+01
    endloop
  endfacet
  facet normal 2.71718869e-01 9.58527779e-01 -8.59846073e-02
    outer loop
      vertex 1.08915389e+02 9.20997598e+00 7.00000000e+01
      vertex 1.05342057e+02 1.02229270e+01 7.00000000e+01
      vertex 1.07639932e+02 1.11413714e+01 8.75000000e+01
    endloop
  endfacet
  facet normal 2.73968447e-01 9.57908054e-01 -8.57522546e-02
    outer loop
      vertex 1.08915389e+02 9.20997598e+00 7.00000000e+01
      vertex 1.07639932e+02 1.11413714e+01 8.75000000e+01
      vertex 1.11111353e+02 1.01485207e+01 8.75000000e+01
    endloop
  endfacet
  facet normal 2.72516548e-01 9.58250251e-01 -8.65516426e-02
    outer loop
      vertex 1.05342057e+02 1.02229270e+01 7.00000000e+01
      vertex 1.01769584e+02 1.12389017e+01 7.00000000e+01
      vertex 1.04169332e+02 1.21370831e+01 8.75000000e+01
    endloop
  endfacet
  facet normal 2.74744104e-01 9.57633521e-01 -8.63349096e-02
    outer loop
      vertex 1.05342057e+02 1.02229270e+01 7.00000000e+01
      vertex 1.04169332e+02 1.21370831e+01 8.75000000e+01
      vertex 1.07639932e+02 1.11413714e+01 8.75000000e+01
    endloop
  endfacet
  facet normal 2.71561623e-01 9.58489257e-01 -8.69058589e-02
    outer loop
      vertex 1.01769584e+02 1.12389017e+01 7.00000000e+01
      vertex 9.81961100e+01 1.22513474e+01 7.00000000e+01
      vertex 1.00697733e+02 1.31292997e+01 8.75000000e+01
    endloop
  endfacet
  facet normal 2.73770972e-01 9.57878786e-01 -8.67045945e-02
    outer loop
      vertex 1.01769584e+02 1.12389017e+01 7.00000000e+01
      vertex 1.00697733e+02 1.31292997e+01 8.75000000e+01
      vertex 1.04169332e+02 1.21370831e+01 8.75000000e+01
    endloop
  endfacet
  facet normal 2.67340921e-01 9.59681491e-01 -8.68347170e-02
    outer loop
      vertex 9.81961100e+01 1.22513474e+01 7.00000000e+01
      vertex 9.46182222e+01 1.32480487e+01 7.00000000e+01
      vertex 9.72218042e+01 1.41062121e+01 8.75000000e+01
    endloop
  endfacet
  facet normal 2.69550250e-01 9.59080179e-01 -8.66479791e-02
    outer loop
      vertex 9.81961100e+01 1.22513474e+01 7.00000000e+01
      vertex 9.72218042e+01 1.41062121e+01 8.75000000e+01
      vertex 1.00697733e+02 1.31292997e+01 8.75000000e+01
    endloop
  endfacet
  facet normal 2.61352139e-01 9.61360140e-01 -8.64970517e-02
    outer loop
      vertex 9.46182222e+01 1.32480487e+01 7.00000000e+01
      vertex 9.10342358e+01 1.42223792e+01 7.00000000e+01
      vertex 9.37398909e+01 1.50613673e+01 8.75000000e+01
    endloop
  endfacet
  facet normal 2.63558354e-01 9.60773076e-01 -8.63254905e-02
    outer loop
      vertex 9.46182222e+01 1.32480487e+01 7.00000000e+01
      vertex 9.37398909e+01 1.50613673e+01 8.75000000e+01
      vertex 9.72218042e+01 1.41062121e+01 8.75000000e+01
    endloop
  endfacet
  facet normal 2.53870149e-01 9.63415641e-01 -8.59083820e-02
    outer loop
      vertex 9.10342358e+01 1.42223792e+01 7.00000000e+01
      vertex 8.74427474e+01 1.51687742e+01 7.00000000e+01
      vertex 9.02506164e+01 1.59893572e+01 8.75000000e+01
    endloop
  endfacet
  facet normal 2.56073753e-01 9.62846193e-01 -8.57522111e-02
    outer loop
      vertex 9.10342358e+01 1.42223792e+01 7.00000000e+01
      vertex 9.02506164e+01 1.59893572e+01 8.75000000e+01
      vertex 9.37398909e+01 1.50613673e+01 8.75000000e+01
    endloop
  endfacet
  facet normal 2.35513986e-01 9.68262786e-01 -8.36680294e-02
    outer loop
      vertex 8.74427474e+01 1.51687742e+01 7.00000000e+01
      vertex 8.38338383e+01 1.60465819e+01 7.00000000e+01
      vertex 8.67442867e+01 1.68508462e+01 8.75000000e+01
    endloop
  endfacet
  facet normal 2.37765460e-01 9.67724609e-01 -8.35264397e-02
    outer loop
      vertex 8.74427474e+01 1.51687742e+01 7.00000000e+01
      vertex 8.67442867e+01 1.68508462e+01 8.75000000e+01
      vertex 9.02506164e+01 1.59893572e+01 8.75000000e+01
    endloop
  endfacet
  facet normal 2.11561574e-01 9.74050003e-01 -8.04256931e-02
    outer loop
      vertex 8.38338383e+01 1.60465819e+01 7.00000000e+01
      vertex 8.02048454e+01 1.68347914e+01 7.00000000e+01
      vertex 8.32182203e+01 1.76252388e+01 8.75000000e+01
    endloop
  endfacet
  facet normal 2.13814434e-01 9.73568088e-01 -8.03029686e-02
    outer loop
      vertex 8.38338383e+01 1.60465819e+01 7.00000000e+01
      vertex 8.32182203e+01 1.76252388e+01 8.75000000e+01
      vertex 8.67442867e+01 1.68508462e+01 8.75000000e+01
    endloop
  endfacet
  facet normal 1.80224512e-01 9.80699421e-01 -7.58140614e-02
    outer loop
      vertex 8.02048454e+01 1.68347914e+01 7.00000000e+01
      vertex 7.65533922e+01 1.75058241e+01 7.00000000e+01
      vertex 7.96700814e+01 1.82859227e+01 8.75000000e+01
    endloop
  endfacet
  facet normal 1.82533856e-01 9.80280357e-01 -7.57087431e-02
    outer loop
      vertex 8.02048454e+01 1.68347914e+01 7.00000000e+01
      vertex 7.96700814e+01 1.82859227e+01 8.75000000e+01
      vertex 8.32182203e+01 1.76252388e+01 8.75000000e+01
    endloop
  endfacet
  facet normal 1.39163245e-01 9.87840006e-01 -6.93232535e-02
    outer loop
      vertex 7.65533922e+01 1.75058241e+01 7.00000000e+01
      vertex 7.28757926e+01 1.80239107e+01 7.00000000e+01
      vertex 7.60962277e+01 1.87983182e+01 8.75000000e+01
    endloop
  endfacet
  facet normal 1.41581576e-01 9.87502482e-01 -6.92351493e-02
    outer loop
      vertex 7.65533922e+01 1.75058241e+01 7.00000000e+01
      vertex 7.60962277e+01 1.87983182e+01 8.75000000e+01
      vertex 7.96700814e+01 1.82859227e+01 8.75000000e+01
    endloop
  endfacet
  facet normal 7.47914474e-02 9.95490692e-01 -5.83482772e-02
    outer loop
      vertex 7.28757926e+01 1.80239107e+01 7.00000000e+01
      vertex 6.91720892e+01 1.83021708e+01 7.00000000e+01
      vertex 7.24964637e+01 1.90781299e+01 8.75000000e+01
    endloop
  endfacet
  facet normal 7.73650681e-02 9.95297938e-01 -5.82808798e-02
    outer loop
      vertex 7.28757926e+01 1.80239107e+01 7.00000000e+01
      vertex 7.24964637e+01 1.90781299e+01 8.75000000e+01
      vertex 7.60962277e+01 1.87983182e+01 8.75000000e+01
    endloop
  endfacet
  facet normal 3.76906322e-02 9.97937935e-01 -5.19547346e-02
    outer loop
      vertex 6.91720892e+01 1.83021708e+01 7.00000000e+01
      vertex 6.54616079e+01 1.84423102e+01 7.00000000e+01
      vertex 6.88897699e+01 1.92239202e+01 8.75000000e+01
    endloop
  endfacet
  facet normal 4.03346998e-02 9.97837061e-01 -5.19067659e-02
    outer loop
      vertex 6.91720892e+01 1.83021708e+01 7.00000000e+01
      vertex 6.88897699e+01 1.92239202e+01 8.75000000e+01
      vertex 7.24964637e+01 1.90781299e+01 8.75000000e+01
    endloop
  endfacet
  facet normal 5.86298183e-03 9.98909457e-01 -4.63197741e-02
    outer loop
      vertex 6.54616079e+01 1.84423102e+01 7.00000000e+01
      vertex 6.17483473e+01 1.84641047e+01 7.00000000e+01
      vertex 6.52800726e+01 1.92548567e+01 8.75000000e+01
    endloop
  endfacet
  facet normal 8.56088678e-03 9.98891315e-01 -4.62909452e-02
    outer loop
      vertex 6.54616079e+01 1.84423102e+01 7.00000000e+01
      vertex 6.52800726e+01 1.92548567e+01 8.75000000e+01
      vertex 6.88897699e+01 1.92239202e+01 8.75000000e+01
    endloop
  endfacet
  facet normal -2.35548476e-02 9.98883670e-01 -4.09460875e-02
    outer loop
      vertex 6.17483473e+01 1.84641047e+01 7.00000000e+01
      vertex 5.80355053e+01 1.83765516e+01 7.00000000e+01
      vertex 6.16704920e+01 1.91796261e+01 8.75000000e+01
    endloop
  endfacet
  facet normal -2.08199123e-02 9.98944814e-01 -4.09364201e-02
    outer loop
      vertex 6.17483473e+01 1.84641047e+01 7.00000000e+01
      vertex 6.16704920e+01 1.91796261e+01 8.75000000e+01
      vertex 6.52800726e+01 1.92548567e+01 8.75000000e+01
    endloop
  endfacet
  facet normal -6.01595119e-02 9.97614414e-01 -3.38572636e-02
    outer loop
      vertex 5.80355053e+01 1.83765516e+01 7.00000000e+01
      vertex 5.43281015e+01 1.81529826e+01 7.00000000e+01
      vertex 5.80658302e+01 1.89722992e+01 8.75000000e+01
    endloop
  endfacet
  facet normal -5.73884929e-02 9.97777303e-01 -3.38676105e-02
    outer loop
      vertex 5.80355053e+01 1.83765516e+01 7.00000000e+01
      vertex 5.80658302e+01 1.89722992e+01 8.75000000e+01
      vertex 6.16704920e+01 1.91796261e+01 8.75000000e+01
    endloop
  endfacet
  facet normal -9.20296992e-02 9.95375748e-01 -2.75255272e-02
    outer loop
      vertex 5.43281015e+01 1.81529826e+01 7.00000000e+01
      vertex 5.06301779e+01 1.78110828e+01 7.00000000e+01
      vertex 5.44700546e+01 1.86500418e+01 8.75000000e+01
    endloop
  endfacet
  facet normal -8.92294642e-02 9.95629851e-01 -2.75554590e-02
    outer loop
      vertex 5.43281015e+01 1.81529826e+01 7.00000000e+01
      vertex 5.44700546e+01 1.86500418e+01 8.75000000e+01
      vertex 5.80658302e+01 1.89722992e+01 8.75000000e+01
    endloop
  endfacet
  facet normal -1.21732925e-01 9.92331159e-01 -2.14467973e-02
    outer loop
      vertex 5.06301779e+01 1.78110828e+01 7.00000000e+01
      vertex 4.69444067e+01 1.73589356e+01 7.00000000e+01
      vertex 5.08857798e+01 1.82206579e+01 8.75000000e+01
    endloop
  endfacet
  facet normal -1.18918634e-01 9.92671288e-01 -2.14958629e-02
    outer loop
      vertex 5.06301779e+01 1.78110828e+01 7.00000000e+01
      vertex 5.08857798e+01 1.82206579e+01 8.75000000e+01
      vertex 5.44700546e+01 1.86500418e+01 8.75000000e+01
    endloop
  endfacet
  facet normal -1.53829721e-01 9.87989627e-01 -1.45915348e-02
    outer loop
      vertex 4.69444067e+01 1.73589356e+01 7.00000000e+01
      vertex 4.32752168e+01 1.67876437e+01 7.00000000e+01
      vertex 4.73172895e+01 1.76754494e+01 8.75000000e+01
    endloop
  endfacet
  facet normal -1.51015249e-01 9.88422733e-01 -1.46593377e-02
    outer loop
      vertex 4.69444067e+01 1.73589356e+01 7.00000000e+01
      vertex 4.73172895e+01 1.76754494e+01 8.75000000e+01
      vertex 5.08857798e+01 1.82206579e+01 8.75000000e+01
    endloop
  endfacet
  facet normal -1.89654953e-01 9.81828700e-01 -6.58807741e-03
    outer loop
      vertex 4.32752168e+01 1.67876437e+01 7.00000000e+01
      vertex 3.96291216e+01 1.60833457e+01 7.00000000e+01
      vertex 4.37708940e+01 1.70008163e+01 8.75000000e+01
    endloop
  endfacet
  facet normal -1.86875150e-01 9.82361006e-01 -6.67329787e-03
    outer loop
      vertex 4.32752168e+01 1.67876437e+01 7.00000000e+01
      vertex 4.37708940e+01 1.70008163e+01 8.75000000e+01
      vertex 4.73172895e+01 1.76754494e+01 8.75000000e+01
    endloop
  endfacet
  facet normal -2.31803253e-01 9.72757116e-01 3.29316886e-03
    outer loop
      vertex 3.96291216e+01 1.60833457e+01 7.00000000e+01
      vertex 3.60166862e+01 1.52225201e+01 7.00000000e+01
      vertex 4.02568469e+01 1.61736851e+01 8.75000000e+01
    endloop
  endfacet
  facet normal -2.29116017e-01 9.73393883e-01 3.19349049e-03
    outer loop
      vertex 3.96291216e+01 1.60833457e+01 7.00000000e+01
      vertex 4.02568469e+01 1.61736851e+01 8.75000000e+01
      vertex 4.37708940e+01 1.70008163e+01 8.75000000e+01
    endloop
  endfacet
  facet normal -2.82900803e-01 9.59017645e-01 1.58837267e-02
    outer loop
      vertex 3.60166862e+01 1.52225201e+01 7.00000000e+01
      vertex 3.24549528e+01 1.41718436e+01 7.00000000e+01
      vertex 3.67917401e+01 1.51613097e+01 8.75000000e+01
    endloop
  endfacet
  facet normal -2.80404000e-01 9.59752428e-01 1.57757164e-02
    outer loop
      vertex 3.60166862e+01 1.52225201e+01 7.00000000e+01
      vertex 3.67917401e+01 1.51613097e+01 8.75000000e+01
      vertex 4.02568469e+01 1.61736851e+01 8.75000000e+01
    endloop
  endfacet
  facet normal -3.43687477e-01 9.38552349e-01 3.15975589e-02
    outer loop
      vertex 3.24549528e+01 1.41718436e+01 7.00000000e+01
      vertex 2.89684096e+01 1.28951101e+01 7.00000000e+01
      vertex 3.33993294e+01 1.39285041e+01 8.75000000e+01
    endloop
  endfacet
  facet normal -3.41378380e-01 9.39398485e-01 3.14847156e-02
    outer loop
      vertex 3.24549528e+01 1.41718436e+01 7.00000000e+01
      vertex 3.33993294e+01 1.39285041e+01 8.75000000e+01
      vertex 3.67917401e+01 1.51613097e+01 8.75000000e+01
    endloop
  endfacet
  facet normal -4.15275667e-01 9.08265188e-01 5.09947924e-02
    outer loop
      vertex 2.89684096e+01 1.28951101e+01 7.00000000e+01
      vertex 2.55927166e+01 1.13516808e+01 7.00000000e+01
      vertex 3.01139570e+01 1.24363334e+01 8.75000000e+01
    endloop
  endfacet
  facet normal -4.12996345e-01 9.09310705e-01 5.08729974e-02
    outer loop
      vertex 2.89684096e+01 1.28951101e+01 7.00000000e+01
      vertex 3.01139570e+01 1.24363334e+01 8.75000000e+01
      vertex 3.33993294e+01 1.39285041e+01 8.75000000e+01
    endloop
  endfacet
  facet normal -5.06467325e-01 8.58813314e-01 7.70100013e-02
    outer loop
      vertex 2.55927166e+01 1.13516808e+01 7.00000000e+01
      vertex 2.23967155e+01 9.46690545e+00 7.00000000e+01
      vertex 2.70015775e+01 1.06132979e+01 8.75000000e+01
    endloop
  endfacet
  facet normal -5.03922219e-01 8.60321796e-01 7.68687519e-02
    outer loop
      vertex 2.55927166e+01 1.13516808e+01 7.00000000e+01
      vertex 2.70015775e+01 1.06132979e+01 8.75000000e+01
      vertex 3.01139570e+01 1.24363334e+01 8.75000000e+01
    endloop
  endfacet
  facet normal -6.68481745e-01 7.32797853e-01 1.27041186e-01
    outer loop
      vertex 2.23967155e+01 9.46690545e+00 7.00000000e+01
      vertex 1.96615137e+01 6.97176651e+00 7.00000000e+01
      vertex 2.43324635e+01 8.19887697e+00 8.75000000e+01
    endloop
  endfacet
  facet normal -6.65414348e-01 7.35607737e-01 1.26905490e-01
    outer loop
      vertex 2.23967155e+01 9.46690545e+00 7.00000000e+01
      vertex 2.43324635e+01 8.19887697e+00 8.75000000e+01
      vertex 2.70015775e+01 1.06132979e+01 8.75000000e+01
    endloop
  endfacet
  facet normal -9.64961740e-01 -3.62097667e-02 2.59880151e-01
    outer loop
      vertex 1.96615137e+01 6.97176651e+00 7.00000000e+01
      vertex 1.97765286e+01 3.90671095e+00 7.00000000e+01
      vertex 2.44401355e+01 5.22404809e+00 8.75000000e+01
    endloop
  endfacet
  facet normal -9.64973641e-01 -3.49265649e-02 2.60011554e-01
    outer loop
      vertex 1.96615137e+01 6.97176651e+00 7.00000000e+01
      vertex 2.44401355e+01 5.22404809e+00 8.75000000e+01
      vertex 2.43324635e+01 8.19887697e+00 8.75000000e+01
    endloop
  endfacet
  facet normal -4.06128290e-01 -8.96821110e-01 1.75418669e-01
    outer loop
      vertex 1.97765286e+01 3.90671095e+00 7.00000000e+01
      vertex 2.31499105e+01 2.37906423e+00 7.00000000e+01
      vertex 2.77171634e+01 3.73377825e+00 8.75000000e+01
    endloop
  endfacet
  facet normal -4.07501203e-01 -8.96074504e-01 1.76049007e-01
    outer loop
      vertex 1.97765286e+01 3.90671095e+00 7.00000000e+01
      vertex 2.77171634e+01 3.73377825e+00 8.75000000e+01
      vertex 2.44401355e+01 5.22404809e+00 8.75000000e+01
    endloop
  endfacet
  facet normal -2.75275163e-01 -9.50366266e-01 1.45008774e-01
    outer loop
      vertex 2.31499105e+01 2.37906423e+00 7.00000000e+01
      vertex 2.67157753e+01 1.34620559e+00 7.00000000e+01
      vertex 3.11816454e+01 2.72284370e+00 8.75000000e+01
    endloop
  endfacet
  facet normal -2.77122510e-01 -9.49701410e-01 1.45843565e-01
    outer loop
      vertex 2.31499105e+01 2.37906423e+00 7.00000000e+01
      vertex 3.11816454e+01 2.72284370e+00 8.75000000e+01
      vertex 2.77171634e+01 3.73377825e+00 8.75000000e+01
    endloop
  endfacet
  facet normal -2.16040793e-01 -9.67581784e-01 1.30812334e-01
    outer loop
      vertex 2.67157753e+01 1.34620559e+00 7.00000000e+01
      vertex 3.03397373e+01 5.37050617e-01 7.00000000e+01
      vertex 3.47029212e+01 1.92875741e+00 8.75000000e+01
    endloop
  endfacet
  facet normal -2.18069871e-01 -9.67003408e-01 1.31719169e-01
    outer loop
      vertex 2.67157753e+01 1.34620559e+00 7.00000000e+01
      vertex 3.47029212e+01 1.92875741e+00 8.75000000e+01
      vertex 3.11816454e+01 2.72284370e+00 8.75000000e+01
    endloop
  endfacet
  facet normal -1.74029261e-01 -9.77320766e-01 1.20656277e-01
    outer loop
      vertex 3.03397373e+01 5.37050617e-01 7.00000000e+01
      vertex 3.39957793e+01 -1.13972381e-01 7.00000000e+01
      vertex 3.82556448e+01 1.28796611e+00 8.75000000e+01
    endloop
  endfacet
  facet normal -1.76184650e-01 -9.76816296e-01 1.21609594e-01
    outer loop
      vertex 3.03397373e+01 5.37050617e-01 7.00000000e+01
      vertex 3.82556448e+01 1.28796611e+00 8.75000000e+01
      vertex 3.47029212e+01 1.92875741e+00 8.75000000e+01
    endloop
  endfacet
  facet normal -1.41591458e-01 -9.83479602e-01 1.12781790e-01
    outer loop
      vertex 3.39957793e+01 -1.13972381e-01 7.00000000e+01
      vertex 3.76715542e+01 -6.43173321e-01 7.00000000e+01
      vertex 4.18277759e+01 7.65290903e-01 8.75000000e+01
    endloop
  endfacet
  facet normal -1.43838701e-01 -9.83040107e-01 1.13765445e-01
    outer loop
      vertex 3.39957793e+01 -1.13972381e-01 7.00000000e+01
      vertex 4.18277759e+01 7.65290903e-01 8.75000000e+01
      vertex 3.82556448e+01 1.28796611e+00 8.75000000e+01
    endloop
  endfacet
  facet normal -1.14951415e-01 -9.87666520e-01 1.06306242e-01
    outer loop
      vertex 3.76715542e+01 -6.43173321e-01 7.00000000e+01
      vertex 4.13603700e+01 -1.07250305e+00 7.00000000e+01
      vertex 4.54127812e+01 3.39439961e-01 8.75000000e+01
    endloop
  endfacet
  facet normal -1.17276235e-01 -9.87284238e-01 1.07313175e-01
    outer loop
      vertex 3.76715542e+01 -6.43173321e-01 7.00000000e+01
      vertex 4.54127812e+01 3.39439961e-01 8.75000000e+01
      vertex 4.18277759e+01 7.65290903e-01 8.75000000e+01
    endloop
  endfacet
  facet normal -9.18701006e-02 -9.90665719e-01 1.00704113e-01
    outer loop
      vertex 4.13603700e+01 -1.07250305e+00 7.00000000e+01
      vertex 4.50583058e+01 -1.41543379e+00 7.00000000e+01
      vertex 4.90068295e+01 -2.67600137e-03 8.75000000e+01
    endloop
  endfacet
  facet normal -9.42695937e-02 -9.90335183e-01 1.01732342e-01
    outer loop
      vertex 4.13603700e+01 -1.07250305e+00 7.00000000e+01
      vertex 4.90068295e+01 -2.67600137e-03 8.75000000e+01
      vertex 4.54127812e+01 3.39439961e-01 8.75000000e+01
    endloop
  endfacet
  facet normal -7.11195117e-02 -9.92867537e-01 9.56873538e-02
    outer loop
      vertex 4.50583058e+01 -1.41543379e+00 7.00000000e+01
      vertex 4.87628986e+01 -1.68079530e+00 7.00000000e+01
      vertex 5.26075161e+01 -2.69628835e-01 8.75000000e+01
    endloop
  endfacet
  facet normal -7.35897558e-02 -9.92586004e-01 9.67345430e-02
    outer loop
      vertex 4.50583058e+01 -1.41543379e+00 7.00000000e+01
      vertex 5.26075161e+01 -2.69628835e-01 8.75000000e+01
      vertex 4.90068295e+01 -2.67600137e-03 8.75000000e+01
    endloop
  endfacet
  facet normal -4.31738404e-02 -9.95076719e-01 8.92095433e-02
    outer loop
      vertex 4.87628986e+01 -1.68079530e+00 7.00000000e+01
      vertex 5.24735481e+01 -1.84179092e+00 7.00000000e+01
      vertex 5.62143389e+01 -4.35203188e-01 8.75000000e+01
    endloop
  endfacet
  facet normal -4.56704092e-02 -9.94870707e-01 9.02579105e-02
    outer loop
      vertex 4.87628986e+01 -1.68079530e+00 7.00000000e+01
      vertex 5.62143389e+01 -4.35203188e-01 8.75000000e+01
      vertex 5.26075161e+01 -2.69628835e-01 8.75000000e+01
    endloop
  endfacet
  facet normal -2.10881939e-02 -9.96238710e-01 8.40459462e-02
    outer loop
      vertex 5.24735481e+01 -1.84179092e+00 7.00000000e+01
      vertex 5.61864809e+01 -1.92038558e+00 7.00000000e+01
      vertex 5.98235753e+01 -5.21017845e-01 8.75000000e+01
    endloop
  endfacet
  facet normal -2.36834080e-02 -9.96088798e-01 8.51246260e-02
    outer loop
      vertex 5.24735481e+01 -1.84179092e+00 7.00000000e+01
      vertex 5.98235753e+01 -5.21017845e-01 8.75000000e+01
      vertex 5.62143389e+01 -4.35203188e-01 8.75000000e+01
    endloop
  endfacet
  facet normal 1.63754850e-03 -9.96887395e-01 7.88215736e-02
    outer loop
      vertex 5.61864809e+01 -1.92038558e+00 7.00000000e+01
      vertex 5.98999557e+01 -1.91428560e+00 7.00000000e+01
      vertex 6.34335576e+01 -5.24796686e-01 8.75000000e+01
    endloop
  endfacet
  facet normal -1.04342623e-03 -9.96800344e-01 7.99248731e-02
    outer loop
      vertex 5.61864809e+01 -1.92038558e+00 7.00000000e+01
      vertex 6.34335576e+01 -5.24796686e-01 8.75000000e+01
      vertex 5.98235753e+01 -5.21017845e-01 8.75000000e+01
    endloop
  endfacet
  facet normal 2.76587109e-02 -9.96946810e-01 7.30209149e-02
    outer loop
      vertex 5.98999557e+01 -1.91428560e+00 7.00000000e+01
      vertex 6.36126684e+01 -1.81128226e+00 7.00000000e+01
      vertex 6.70430464e+01 -4.34332328e-01 8.75000000e+01
    endloop
  endfacet
  facet normal 2.49861591e-02 -9.96936938e-01 7.41109532e-02
    outer loop
      vertex 5.98999557e+01 -1.91428560e+00 7.00000000e+01
      vertex 6.70430464e+01 -4.34332328e-01 8.75000000e+01
      vertex 6.34335576e+01 -5.24796686e-01 8.75000000e+01
    endloop
  endfacet
  facet normal 7.93770646e-02 -9.94907212e-01 6.21202132e-02
    outer loop
      vertex 6.36126684e+01 -1.81128226e+00 7.00000000e+01
      vertex 6.73148194e+01 -1.51591213e+00 7.00000000e+01
      vertex 7.06428252e+01 -1.57724103e-01 8.75000000e+01
    endloop
  endfacet
  facet normal 7.64608125e-02 -9.95060833e-01 6.33062550e-02
    outer loop
      vertex 6.36126684e+01 -1.81128226e+00 7.00000000e+01
      vertex 7.06428252e+01 -1.57724103e-01 8.75000000e+01
      vertex 6.70430464e+01 -4.34332328e-01 8.75000000e+01
    endloop
  endfacet
  facet normal 1.07326005e-01 -9.92644601e-01 5.60162871e-02
    outer loop
      vertex 6.73148194e+01 -1.51591213e+00 7.00000000e+01
      vertex 7.10064041e+01 -1.11677326e+00 7.00000000e+01
      vertex 7.42326593e+01 2.19602421e-01 8.75000000e+01
    endloop
  endfacet
  facet normal 1.04362652e-01 -9.92892336e-01 5.72122841e-02
    outer loop
      vertex 6.73148194e+01 -1.51591213e+00 7.00000000e+01
      vertex 7.42326593e+01 2.19602421e-01 8.75000000e+01
      vertex 7.06428252e+01 -1.57724103e-01 8.75000000e+01
    endloop
  endfacet
  facet normal 1.30425979e-01 -9.90147633e-01 5.09581076e-02
    outer loop
      vertex 7.10064041e+01 -1.11677326e+00 7.00000000e+01
      vertex 7.46886558e+01 -6.31733192e-01 7.00000000e+01
      vertex 7.78136589e+01 6.80544312e-01 8.75000000e+01
    endloop
  endfacet
  facet normal 1.27491909e-01 -9.90468590e-01 5.21323830e-02
    outer loop
      vertex 7.10064041e+01 -1.11677326e+00 7.00000000e+01
      vertex 7.78136589e+01 6.80544312e-01 8.75000000e+01
      vertex 7.42326593e+01 2.19602421e-01 8.75000000e+01
    endloop
  endfacet
  facet normal 1.50594897e-01 -9.87498851e-01 4.65531657e-02
    outer loop
      vertex 7.46886558e+01 -6.31733192e-01 7.00000000e+01
      vertex 7.83603355e+01 -7.17971213e-02 7.00000000e+01
      vertex 8.13845829e+01 1.21439842e+00 8.75000000e+01
    endloop
  endfacet
  facet normal 1.47688731e-01 -9.87882691e-01 4.77056284e-02
    outer loop
      vertex 7.46886558e+01 -6.31733192e-01 7.00000000e+01
      vertex 8.13845829e+01 1.21439842e+00 8.75000000e+01
      vertex 7.78136589e+01 6.80544312e-01 8.75000000e+01
    endloop
  endfacet
  facet normal 1.53731229e-01 -9.87070530e-01 4.53704625e-02
    outer loop
      vertex 7.83603355e+01 -7.17971213e-02 7.00000000e+01
      vertex 8.20302068e+01 4.99766718e-01 7.00000000e+01
      vertex 8.49537936e+01 1.75948388e+00 8.75000000e+01
    endloop
  endfacet
  facet normal 1.50804988e-01 -9.87468604e-01 4.65146360e-02
    outer loop
      vertex 7.83603355e+01 -7.17971213e-02 7.00000000e+01
      vertex 8.49537936e+01 1.75948388e+00 8.75000000e+01
      vertex 8.13845829e+01 1.21439842e+00 8.75000000e+01
    endloop
  endfacet
  facet normal 1.56083054e-01 -9.86747795e-01 4.43493898e-02
    outer loop
      vertex 8.20302068e+01 4.99766718e-01 7.00000000e+01
      vertex 8.56987250e+01 1.08005028e+00 7.00000000e+01
      vertex 8.85217028e+01 2.31312455e+00 8.75000000e+01
    endloop
  endfacet
  facet normal 1.53178632e-01 -9.87151918e-01 4.54686392e-02
    outer loop
      vertex 8.20302068e+01 4.99766718e-01 7.00000000e+01
      vertex 8.85217028e+01 2.31312455e+00 8.75000000e+01
      vertex 8.49537936e+01 1.75948388e+00 8.75000000e+01
    endloop
  endfacet
  facet normal 1.52209132e-01 -9.87349816e-01 4.44153151e-02
    outer loop
      vertex 8.56987250e+01 1.08005028e+00 7.00000000e+01
      vertex 8.93694939e+01 1.64593335e+00 7.00000000e+01
      vertex 9.20917496e+01 2.85282090e+00 8.75000000e+01
    endloop
  endfacet
  facet normal 1.49320230e-01 -9.87740999e-01 4.55103039e-02
    outer loop
      vertex 8.56987250e+01 1.08005028e+00 7.00000000e+01
      vertex 9.20917496e+01 2.85282090e+00 8.75000000e+01
      vertex 8.85217028e+01 2.31312455e+00 8.75000000e+01
    endloop
  endfacet
  facet normal 1.46941477e-01 -9.88134842e-01 4.46960495e-02
    outer loop
      vertex 8.93694939e+01 1.64593335e+00 7.00000000e+01
      vertex 9.30431700e+01 2.19223065e+00 7.00000000e+01
      vertex 9.56645464e+01 3.37361778e+00 8.75000000e+01
    endloop
  endfacet
  facet normal 1.44091811e-01 -9.88505831e-01 4.57577498e-02
    outer loop
      vertex 8.93694939e+01 1.64593335e+00 7.00000000e+01
      vertex 9.56645464e+01 3.37361778e+00 8.75000000e+01
      vertex 9.20917496e+01 2.85282090e+00 8.75000000e+01
    endloop
  endfacet
  facet normal 1.40810619e-01 -9.89009815e-01 4.50772119e-02
    outer loop
      vertex 9.30431700e+01 2.19223065e+00 7.00000000e+01
      vertex 9.67202214e+01 2.71575213e+00 7.00000000e+01
      vertex 9.92405684e+01 3.87220459e+00 8.75000000e+01
    endloop
  endfacet
  facet normal 1.37942276e-01 -9.89365562e-01 4.61271495e-02
    outer loop
      vertex 9.30431700e+01 2.19223065e+00 7.00000000e+01
      vertex 9.92405684e+01 3.87220459e+00 8.75000000e+01
      vertex 9.56645464e+01 3.37361778e+00 8.75000000e+01
    endloop
  endfacet
  facet normal 1.24389136e-01 -9.91119757e-01 4.69996848e-02
    outer loop
      vertex 9.67202214e+01 2.71575213e+00 7.00000000e+01
      vertex 1.00405412e+02 3.17825693e+00 7.00000000e+01
      vertex 1.02824300e+02 4.31170009e+00 8.75000000e+01
    endloop
  endfacet
  facet normal 1.21584007e-01 -9.91419590e-01 4.80054704e-02
    outer loop
      vertex 9.67202214e+01 2.71575213e+00 7.00000000e+01
      vertex 1.02824300e+02 4.31170009e+00 8.75000000e+01
      vertex 9.92405684e+01 3.87220459e+00 8.75000000e+01
    endloop
  endfacet
  facet normal 1.12947117e-01 -9.92436500e-01 4.80909717e-02
    outer loop
      vertex 1.00405412e+02 3.17825693e+00 7.00000000e+01
      vertex 1.04095495e+02 3.59821759e+00 7.00000000e+01
      vertex 1.06412662e+02 4.70993538e+00 8.75000000e+01
    endloop
  endfacet
  facet normal 1.10169634e-01 -9.92700875e-01 4.90675418e-02
    outer loop
      vertex 1.00405412e+02 3.17825693e+00 7.00000000e+01
      vertex 1.06412662e+02 4.70993538e+00 8.75000000e+01
      vertex 1.02824300e+02 4.31170009e+00 8.75000000e+01
    endloop
  endfacet
  facet normal 9.89750214e-02 -9.93859839e-01 4.94627723e-02
    outer loop
      vertex 1.04095495e+02 3.59821759e+00 7.00000000e+01
      vertex 1.07791266e+02 3.96626650e+00 7.00000000e+01
      vertex 1.10006402e+02 5.05781037e+00 8.75000000e+01
    endloop
  endfacet
  facet normal 9.62274090e-02 -9.94082080e-01 5.04093588e-02
    outer loop
      vertex 1.04095495e+02 3.59821759e+00 7.00000000e+01
      vertex 1.10006402e+02 5.05781037e+00 8.75000000e+01
      vertex 1.06412662e+02 4.70993538e+00 8.75000000e+01
    endloop
  endfacet
  facet normal 7.36100212e-02 -9.95918463e-01 5.22300750e-02
    outer loop
      vertex 1.07791266e+02 3.96626650e+00 7.00000000e+01
      vertex 1.11495301e+02 4.24003801e+00 7.00000000e+01
      vertex 1.13607924e+02 5.31395776e+00 8.75000000e+01
    endloop
  endfacet
  facet normal 7.08424650e-02 -9.96069871e-01 5.31616167e-02
    outer loop
      vertex 1.07791266e+02 3.96626650e+00 7.00000000e+01
      vertex 1.13607924e+02 5.31395776e+00 8.75000000e+01
      vertex 1.10006402e+02 5.05781037e+00 8.75000000e+01
    endloop
  endfacet
  facet normal 4.92546444e-02 -9.97287091e-01 5.47031891e-02
    outer loop
      vertex 1.11495301e+02 4.24003801e+00 7.00000000e+01
      vertex 1.15204628e+02 4.42323656e+00 7.00000000e+01
      vertex 1.17214329e+02 5.48240291e+00 8.75000000e+01
    endloop
  endfacet
  facet normal 4.65842322e-02 -9.97366834e-01 5.55815451e-02
    outer loop
      vertex 1.11495301e+02 4.24003801e+00 7.00000000e+01
      vertex 1.17214329e+02 5.48240291e+00 8.75000000e+01
      vertex 1.13607924e+02 5.31395776e+00 8.75000000e+01
    endloop
  endfacet
  facet normal 1.97865824e-02 -9.98143841e-01 5.75965633e-02
    outer loop
      vertex 1.15204628e+02 4.42323656e+00 7.00000000e+01
      vertex 1.18917520e+02 4.49683863e+00 7.00000000e+01
      vertex 1.20823914e+02 5.54444403e+00 8.75000000e+01
    endloop
  endfacet
  facet normal 1.71559712e-02 -9.98143424e-01 5.84412312e-02
    outer loop
      vertex 1.15204628e+02 4.42323656e+00 7.00000000e+01
      vertex 1.20823914e+02 5.54444403e+00 8.75000000e+01
      vertex 1.17214329e+02 5.48240291e+00 8.75000000e+01
    endloop
  endfacet
  facet normal -1.99511787e-02 -9.97914744e-01 6.13849657e-02
    outer loop
      vertex 1.18917520e+02 4.49683863e+00 7.00000000e+01
      vertex 1.22630271e+02 4.42261009e+00 7.00000000e+01
      vertex 1.24432990e+02 5.46305020e+00 8.75000000e+01
    endloop
  endfacet
  facet normal -2.25031696e-02 -9.97811011e-01 6.21835486e-02
    outer loop
      vertex 1.18917520e+02 4.49683863e+00 7.00000000e+01
      vertex 1.24432990e+02 5.46305020e+00 8.75000000e+01
      vertex 1.20823914e+02 5.54444403e+00 8.75000000e+01
    endloop
  endfacet
  facet normal -9.06247663e-02 -9.93571386e-01 6.78457949e-02
    outer loop
      vertex 1.22630271e+02 4.42261009e+00 7.00000000e+01
      vertex 1.26752002e+02 4.04666232e+00 7.00000000e+01
      vertex 1.28438808e+02 5.08779039e+00 8.75000000e+01
    endloop
  endfacet
  facet normal -9.30503644e-02 -9.93292575e-01 6.86402930e-02
    outer loop
      vertex 1.22630271e+02 4.42261009e+00 7.00000000e+01
      vertex 1.28438808e+02 5.08779039e+00 8.75000000e+01
      vertex 1.24432990e+02 5.46305020e+00 8.75000000e+01
    endloop
  endfacet
  facet normal 2.97553191e-01 9.50791212e-01 -8.63606921e-02
    outer loop
      vertex 1.28438808e+02 5.08779039e+00 8.75000000e+01
      vertex 1.24993388e+02 6.16604573e+00 8.75000000e+01
      vertex 1.26781103e+02 7.19610557e+00 1.05000000e+02
    endloop
  endfacet
  facet normal 2.99848980e-01 9.50097014e-01 -8.60595876e-02
    outer loop
      vertex 1.28438808e+02 5.08779039e+00 8.75000000e+01
      vertex 1.26781103e+02 7.19610557e+00 1.05000000e+02
      vertex 1.30125228e+02 6.14070548e+00 1.05000000e+02
    endloop
  endfacet
  facet normal 2.85112559e-01 9.54646743e-01 -8.57929134e-02
    outer loop
      vertex 1.24993388e+02 6.16604573e+00 8.75000000e+01
      vertex 1.21533932e+02 7.19923878e+00 8.75000000e+01
      vertex 1.23423216e+02 8.20769264e+00 1.05000000e+02
    endloop
  endfacet
  facet normal 2.87395433e-01 9.53987269e-01 -8.55111466e-02
    outer loop
      vertex 1.24993388e+02 6.16604573e+00 8.75000000e+01
      vertex 1.23423216e+02 8.20769264e+00 1.05000000e+02
      vertex 1.26781103e+02 7.19610557e+00 1.05000000e+02
    endloop
  endfacet
  facet normal 2.71178293e-01 9.58768454e-01 -8.50022624e-02
    outer loop
      vertex 1.21533932e+02 7.19923878e+00 8.75000000e+01
      vertex 1.18059625e+02 8.18191243e+00 8.75000000e+01
      vertex 1.20050788e+02 9.17024227e+00 1.05000000e+02
    endloop
  endfacet
  facet normal 2.73470016e-01 9.58140769e-01 -8.47373411e-02
    outer loop
      vertex 1.21533932e+02 7.19923878e+00 8.75000000e+01
      vertex 1.20050788e+02 9.17024227e+00 1.05000000e+02
      vertex 1.23423216e+02 8.20769264e+00 1.05000000e+02
    endloop
  endfacet
  facet normal 2.70346545e-01 9.58968480e-01 -8.53943792e-02
    outer loop
      vertex 1.18059625e+02 8.18191243e+00 8.75000000e+01
      vertex 1.14584466e+02 9.16160803e+00 8.75000000e+01
      vertex 1.16677521e+02 1.01298895e+01 1.05000000e+02
    endloop
  endfacet
  facet normal 2.72635101e-01 9.58342635e-01 -8.51439705e-02
    outer loop
      vertex 1.18059625e+02 8.18191243e+00 8.75000000e+01
      vertex 1.16677521e+02 1.01298895e+01 1.05000000e+02
      vertex 1.20050788e+02 9.17024227e+00 1.05000000e+02
    endloop
  endfacet
  facet normal 2.72322440e-01 9.58348963e-01 -8.60683108e-02
    outer loop
      vertex 1.14584466e+02 9.16160803e+00 8.75000000e+01
      vertex 1.11111353e+02 1.01485207e+01 8.75000000e+01
      vertex 1.13306241e+02 1.10964823e+01 1.05000000e+02
    endloop
  endfacet
  facet normal 2.74592248e-01 9.57722170e-01 -8.58332200e-02
    outer loop
      vertex 1.14584466e+02 9.16160803e+00 8.75000000e+01
      vertex 1.13306241e+02 1.10964823e+01 1.05000000e+02
      vertex 1.16677521e+02 1.01298895e+01 1.05000000e+02
    endloop
  endfacet
  facet normal 2.73945622e-01 9.57828249e-01 -8.67112490e-02
    outer loop
      vertex 1.11111353e+02 1.01485207e+01 8.75000000e+01
      vertex 1.07639932e+02 1.11413714e+01 8.75000000e+01
      vertex 1.09936599e+02 1.20687665e+01 1.05000000e+02
    endloop
  endfacet
  facet normal 2.76193290e-01 9.57202410e-01 -8.64916934e-02
    outer loop
      vertex 1.11111353e+02 1.01485207e+01 8.75000000e+01
      vertex 1.09936599e+02 1.20687665e+01 1.05000000e+02
      vertex 1.13306241e+02 1.10964823e+01 1.05000000e+02
    endloop
  endfacet
  facet normal 2.74721833e-01 9.57555892e-01 -8.72618339e-02
    outer loop
      vertex 1.07639932e+02 1.11413714e+01 8.75000000e+01
      vertex 1.04169332e+02 1.21370831e+01 8.75000000e+01
      vertex 1.06567738e+02 1.30437536e+01 1.05000000e+02
    endloop
  endfacet
  facet normal 2.76947494e-01 9.56933137e-01 -8.70577733e-02
    outer loop
      vertex 1.07639932e+02 1.11413714e+01 8.75000000e+01
      vertex 1.06567738e+02 1.30437536e+01 1.05000000e+02
      vertex 1.09936599e+02 1.20687665e+01 1.05000000e+02
    endloop
  endfacet
  facet normal 2.73749428e-01 9.57803409e-01 -8.76006885e-02
    outer loop
      vertex 1.04169332e+02 1.21370831e+01 8.75000000e+01
      vertex 1.00697733e+02 1.31292997e+01 8.75000000e+01
      vertex 1.03197880e+02 1.40152833e+01 1.05000000e+02
    endloop
  endfacet
  facet normal 2.75956907e-01 9.57186988e-01 -8.74119901e-02
    outer loop
      vertex 1.04169332e+02 1.21370831e+01 8.75000000e+01
      vertex 1.03197880e+02 1.40152833e+01 1.05000000e+02
      vertex 1.06567738e+02 1.30437536e+01 1.05000000e+02
    endloop
  endfacet
  facet normal 2.69529682e-01 9.59006999e-01 -8.75175798e-02
    outer loop
      vertex 1.00697733e+02 1.31292997e+01 8.75000000e+01
      vertex 9.72218042e+01 1.41062121e+01 8.75000000e+01
      vertex 9.98237809e+01 1.49719490e+01 1.05000000e+02
    endloop
  endfacet
  facet normal 2.71737167e-01 9.58399730e-01 -8.73433960e-02
    outer loop
      vertex 1.00697733e+02 1.31292997e+01 8.75000000e+01
      vertex 9.98237809e+01 1.49719490e+01 1.05000000e+02
      vertex 1.03197880e+02 1.40152833e+01 1.05000000e+02
    endloop
  endfacet
  facet normal 2.63538942e-01 9.60702313e-01 -8.71681824e-02
    outer loop
      vertex 9.72218042e+01 1.41062121e+01 8.75000000e+01
      vertex 9.37398909e+01 1.50613673e+01 8.75000000e+01
      vertex 9.64438137e+01 1.59074714e+01 1.05000000e+02
    endloop
  endfacet
  facet normal 2.65743355e-01 9.60109305e-01 -8.70091440e-02
    outer loop
      vertex 9.72218042e+01 1.41062121e+01 8.75000000e+01
      vertex 9.64438137e+01 1.59074714e+01 1.05000000e+02
      vertex 9.98237809e+01 1.49719490e+01 1.05000000e+02
    endloop
  endfacet
  facet normal 2.56055612e-01 9.62777982e-01 -8.65683576e-02
    outer loop
      vertex 9.37398909e+01 1.50613673e+01 8.75000000e+01
      vertex 9.02506164e+01 1.59893572e+01 8.75000000e+01
      vertex 9.30566300e+01 1.68165996e+01 1.05000000e+02
    endloop
  endfacet
  facet normal 2.58257468e-01 9.62202606e-01 -8.64246799e-02
    outer loop
      vertex 9.37398909e+01 1.50613673e+01 8.75000000e+01
      vertex 9.30566300e+01 1.68165996e+01 1.05000000e+02
      vertex 9.64438137e+01 1.59074714e+01 1.05000000e+02
    endloop
  endfacet
  facet normal 2.37749359e-01 9.67659075e-01 -8.43276751e-02
    outer loop
      vertex 9.02506164e+01 1.59893572e+01 8.75000000e+01
      vertex 8.67442867e+01 1.68508462e+01 8.75000000e+01
      vertex 8.96527642e+01 1.76613028e+01 1.05000000e+02
    endloop
  endfacet
  facet normal 2.39999160e-01 9.67114762e-01 -8.41988116e-02
    outer loop
      vertex 9.02506164e+01 1.59893572e+01 8.75000000e+01
      vertex 8.96527642e+01 1.76613028e+01 1.05000000e+02
      vertex 9.30566300e+01 1.68165996e+01 1.05000000e+02
    endloop
  endfacet
  facet normal 2.13800942e-01 9.73506656e-01 -8.10798844e-02
    outer loop
      vertex 8.67442867e+01 1.68508462e+01 8.75000000e+01
      vertex 8.32182203e+01 1.76252388e+01 8.75000000e+01
      vertex 8.62295205e+01 1.84214112e+01 1.05000000e+02
    endloop
  endfacet
  facet normal 2.16052299e-01 9.73018646e-01 -8.09698631e-02
    outer loop
      vertex 8.67442867e+01 1.68508462e+01 8.75000000e+01
      vertex 8.62295205e+01 1.84214112e+01 1.05000000e+02
      vertex 8.96527642e+01 1.76613028e+01 1.05000000e+02
    endloop
  endfacet
  facet normal 1.82523173e-01 9.80222984e-01 -7.64734813e-02
    outer loop
      vertex 8.32182203e+01 1.76252388e+01 8.75000000e+01
      vertex 7.96700814e+01 1.82859227e+01 8.75000000e+01
      vertex 8.27846068e+01 1.90712674e+01 1.05000000e+02
    endloop
  endfacet
  facet normal 1.84831187e-01 9.79797608e-01 -7.63811447e-02
    outer loop
      vertex 8.32182203e+01 1.76252388e+01 8.75000000e+01
      vertex 8.27846068e+01 1.90712674e+01 1.05000000e+02
      vertex 8.62295205e+01 1.84214112e+01 1.05000000e+02
    endloop
  endfacet
  facet normal 1.41574009e-01 9.87449698e-01 -6.99992372e-02
    outer loop
      vertex 7.96700814e+01 1.82859227e+01 8.75000000e+01
      vertex 7.60962277e+01 1.87983182e+01 8.75000000e+01
      vertex 7.93144285e+01 1.95774699e+01 1.05000000e+02
    endloop
  endfacet
  facet normal 1.43991231e-01 9.87105395e-01 -6.99247014e-02
    outer loop
      vertex 7.96700814e+01 1.82859227e+01 8.75000000e+01
      vertex 7.93144285e+01 1.95774699e+01 1.05000000e+02
      vertex 8.27846068e+01 1.90712674e+01 1.05000000e+02
    endloop
  endfacet
  facet normal 7.73615409e-02 9.95252560e-01 -5.90553426e-02
    outer loop
      vertex 7.60962277e+01 1.87983182e+01 8.75000000e+01
      vertex 7.24964637e+01 1.90781299e+01 8.75000000e+01
      vertex 7.58185667e+01 1.98582992e+01 1.05000000e+02
    endloop
  endfacet
  facet normal 7.99344767e-02 9.95052359e-01 -5.90023933e-02
    outer loop
      vertex 7.60962277e+01 1.87983182e+01 8.75000000e+01
      vertex 7.58185667e+01 1.98582992e+01 1.05000000e+02
      vertex 7.93144285e+01 1.95774699e+01 1.05000000e+02
    endloop
  endfacet
  facet normal 4.03330866e-02 9.97797150e-01 -5.26696180e-02
    outer loop
      vertex 7.24964637e+01 1.90781299e+01 8.75000000e+01
      vertex 6.88897699e+01 1.92239202e+01 8.75000000e+01
      vertex 7.23156438e+01 2.00091922e+01 1.05000000e+02
    endloop
  endfacet
  facet normal 4.29767523e-02 9.97688526e-01 -5.26365230e-02
    outer loop
      vertex 7.24964637e+01 1.90781299e+01 8.75000000e+01
      vertex 7.23156438e+01 2.00091922e+01 1.05000000e+02
      vertex 7.58185667e+01 1.98582992e+01 1.05000000e+02
    endloop
  endfacet
  facet normal 8.56058778e-03 9.98856427e-01 -4.70377891e-02
    outer loop
      vertex 6.88897699e+01 1.92239202e+01 8.75000000e+01
      vertex 6.52800726e+01 1.92548567e+01 8.75000000e+01
      vertex 6.88095116e+01 2.00487117e+01 1.05000000e+02
    endloop
  endfacet
  facet normal 1.12583513e-02 9.98830304e-01 -4.70241854e-02
    outer loop
      vertex 6.88897699e+01 1.92239202e+01 8.75000000e+01
      vertex 6.88095116e+01 2.00487117e+01 1.05000000e+02
      vertex 7.23156438e+01 2.00091922e+01 1.05000000e+02
    endloop
  endfacet
  facet normal -2.08192863e-02 9.98914778e-01 -4.16632237e-02
    outer loop
      vertex 6.52800726e+01 1.92548567e+01 8.75000000e+01
      vertex 6.16704920e+01 1.91796261e+01 8.75000000e+01
      vertex 6.53032114e+01 1.99852374e+01 1.05000000e+02
    endloop
  endfacet
  facet normal -1.80842404e-02 9.98967792e-01 -4.16690527e-02
    outer loop
      vertex 6.52800726e+01 1.92548567e+01 8.75000000e+01
      vertex 6.53032114e+01 1.99852374e+01 1.05000000e+02
      vertex 6.88095116e+01 2.00487117e+01 1.05000000e+02
    endloop
  endfacet
  facet normal -5.73871017e-02 9.97753116e-01 -3.45751365e-02
    outer loop
      vertex 6.16704920e+01 1.91796261e+01 8.75000000e+01
      vertex 5.80658302e+01 1.89722992e+01 8.75000000e+01
      vertex 6.18013324e+01 1.97935791e+01 1.05000000e+02
    endloop
  endfacet
  facet normal -5.46156481e-02 9.97907752e-01 -3.46012826e-02
    outer loop
      vertex 6.16704920e+01 1.91796261e+01 8.75000000e+01
      vertex 6.18013324e+01 1.97935791e+01 1.05000000e+02
      vertex 6.53032114e+01 1.99852374e+01 1.05000000e+02
    endloop
  endfacet
  facet normal -8.92277554e-02 9.95610783e-01 -2.82413977e-02
    outer loop
      vertex 5.80658302e+01 1.89722992e+01 8.75000000e+01
      vertex 5.44700546e+01 1.86500418e+01 8.75000000e+01
      vertex 5.83077651e+01 1.94903850e+01 1.05000000e+02
    endloop
  endfacet
  facet normal -8.64267939e-02 9.95856532e-01 -2.82873959e-02
    outer loop
      vertex 5.80658302e+01 1.89722992e+01 8.75000000e+01
      vertex 5.83077651e+01 1.94903850e+01 1.05000000e+02
      vertex 6.18013324e+01 1.97935791e+01 1.05000000e+02
    endloop
  endfacet
  facet normal -1.18916918e-01 9.92656962e-01 -2.21567839e-02
    outer loop
      vertex 5.44700546e+01 1.86500418e+01 8.75000000e+01
      vertex 5.08857798e+01 1.82206579e+01 8.75000000e+01
      vertex 5.48250654e+01 1.90831828e+01 1.05000000e+02
    endloop
  endfacet
  facet normal -1.16101630e-01 9.92988716e-01 -2.22221070e-02
    outer loop
      vertex 5.44700546e+01 1.86500418e+01 8.75000000e+01
      vertex 5.48250654e+01 1.90831828e+01 1.05000000e+02
      vertex 5.83077651e+01 1.94903850e+01 1.05000000e+02
    endloop
  endfacet
  facet normal -1.51013816e-01 9.88413349e-01 -1.52931190e-02
    outer loop
      vertex 5.08857798e+01 1.82206579e+01 8.75000000e+01
      vertex 4.73172895e+01 1.76754494e+01 8.75000000e+01
      vertex 5.13573727e+01 1.85634766e+01 1.05000000e+02
    endloop
  endfacet
  facet normal -1.48198063e-01 9.88838143e-01 -1.53773199e-02
    outer loop
      vertex 5.08857798e+01 1.82206579e+01 8.75000000e+01
      vertex 5.13573727e+01 1.85634766e+01 1.05000000e+02
      vertex 5.48250654e+01 1.90831828e+01 1.05000000e+02
    endloop
  endfacet
  facet normal -1.86874367e-01 9.82356890e-01 -7.27407282e-03
    outer loop
      vertex 4.73172895e+01 1.76754494e+01 8.75000000e+01
      vertex 4.37708940e+01 1.70008163e+01 8.75000000e+01
      vertex 4.79107950e+01 1.79179348e+01 1.05000000e+02
    endloop
  endfacet
  facet normal -1.84093008e-01 9.82881155e-01 -7.37566588e-03
    outer loop
      vertex 4.73172895e+01 1.76754494e+01 8.75000000e+01
      vertex 4.79107950e+01 1.79179348e+01 1.05000000e+02
      vertex 5.13573727e+01 1.85634766e+01 1.05000000e+02
    endloop
  endfacet
  facet normal -2.29116390e-01 9.73395467e-01 2.63520646e-03
    outer loop
      vertex 4.37708940e+01 1.70008163e+01 8.75000000e+01
      vertex 4.02568469e+01 1.61736851e+01 8.75000000e+01
      vertex 4.44952745e+01 1.71239434e+01 1.05000000e+02
    endloop
  endfacet
  facet normal -2.26427367e-01 9.74024794e-01 2.51947143e-03
    outer loop
      vertex 4.37708940e+01 1.70008163e+01 8.75000000e+01
      vertex 4.44952745e+01 1.71239434e+01 1.05000000e+02
      vertex 4.79107950e+01 1.79179348e+01 1.05000000e+02
    endloop
  endfacet
  facet normal -2.80406175e-01 9.59759872e-01 1.52762959e-02
    outer loop
      vertex 4.02568469e+01 1.61736851e+01 8.75000000e+01
      vertex 3.67917401e+01 1.51613097e+01 8.75000000e+01
      vertex 4.11269496e+01 1.61493530e+01 1.05000000e+02
    endloop
  endfacet
  facet normal -2.77907492e-01 9.60488319e-01 1.51530739e-02
    outer loop
      vertex 4.02568469e+01 1.61736851e+01 8.75000000e+01
      vertex 4.11269496e+01 1.61493530e+01 1.05000000e+02
      vertex 4.44952745e+01 1.71239434e+01 1.05000000e+02
    endloop
  endfacet
  facet normal -3.41383151e-01 9.39411615e-01 3.10380562e-02
    outer loop
      vertex 3.67917401e+01 1.51613097e+01 8.75000000e+01
      vertex 3.33993294e+01 1.39285041e+01 8.75000000e+01
      vertex 3.78288470e+01 1.49599973e+01 1.05000000e+02
    endloop
  endfacet
  facet normal -3.39072098e-01 9.40252433e-01 3.09107681e-02
    outer loop
      vertex 3.67917401e+01 1.51613097e+01 8.75000000e+01
      vertex 3.78288470e+01 1.49599973e+01 1.05000000e+02
      vertex 4.11269496e+01 1.61493530e+01 1.05000000e+02
    endloop
  endfacet
  facet normal -4.13005478e-01 9.09330814e-01 5.04375515e-02
    outer loop
      vertex 3.33993294e+01 1.39285041e+01 8.75000000e+01
      vertex 3.01139570e+01 1.24363334e+01 8.75000000e+01
      vertex 3.46340130e+01 1.35186136e+01 1.05000000e+02
    endloop
  endfacet
  facet normal -4.10723770e-01 9.10371243e-01 5.03009386e-02
    outer loop
      vertex 3.33993294e+01 1.39285041e+01 8.75000000e+01
      vertex 3.46340130e+01 1.35186136e+01 1.05000000e+02
      vertex 3.78288470e+01 1.49599973e+01 1.05000000e+02
    endloop
  endfacet
  facet normal -5.03941903e-01 8.60355400e-01 7.63619267e-02
    outer loop
      vertex 3.01139570e+01 1.24363334e+01 8.75000000e+01
      vertex 2.70015775e+01 1.06132979e+01 8.75000000e+01
      vertex 3.16055769e+01 1.17567957e+01 1.05000000e+02
    endloop
  endfacet
  facet normal -5.01392786e-01 8.61857517e-01 7.62029800e-02
    outer loop
      vertex 3.01139570e+01 1.24363334e+01 8.75000000e+01
      vertex 3.16055769e+01 1.17567957e+01 1.05000000e+02
      vertex 3.46340130e+01 1.35186136e+01 1.05000000e+02
    endloop
  endfacet
  facet normal -6.65476847e-01 7.35676829e-01 1.26175153e-01
    outer loop
      vertex 2.70015775e+01 1.06132979e+01 8.75000000e+01
      vertex 2.43324635e+01 8.19887697e+00 8.75000000e+01
      vertex 2.90031563e+01 9.42247497e+00 1.05000000e+02
    endloop
  endfacet
  facet normal -6.62399232e-01 7.38476683e-01 1.26013669e-01
    outer loop
      vertex 2.70015775e+01 1.06132979e+01 8.75000000e+01
      vertex 2.90031563e+01 9.42247497e+00 1.05000000e+02
      vertex 3.16055769e+01 1.17567957e+01 1.05000000e+02
    endloop
  endfacet
  facet normal -9.65031843e-01 -3.49286715e-02 2.59795169e-01
    outer loop
      vertex 2.43324635e+01 8.19887697e+00 8.75000000e+01
      vertex 2.44401355e+01 5.22404809e+00 8.75000000e+01
      vertex 2.91037488e+01 6.53758335e+00 1.05000000e+02
    endloop
  endfacet
  facet normal -9.65043720e-01 -3.36498718e-02 2.59919805e-01
    outer loop
      vertex 2.43324635e+01 8.19887697e+00 8.75000000e+01
      vertex 2.91037488e+01 6.53758335e+00 1.05000000e+02
      vertex 2.90031563e+01 9.42247497e+00 1.05000000e+02
    endloop
  endfacet
  facet normal -4.07537451e-01 -8.96154212e-01 1.75558693e-01
    outer loop
      vertex 2.44401355e+01 5.22404809e+00 8.75000000e+01
      vertex 2.77171634e+01 3.73377825e+00 8.75000000e+01
      vertex 3.22845702e+01 5.08498296e+00 1.05000000e+02
    endloop
  endfacet
  facet normal -4.08909634e-01 -8.95406957e-01 1.76179717e-01
    outer loop
      vertex 2.44401355e+01 5.22404809e+00 8.75000000e+01
      vertex 3.22845702e+01 5.08498296e+00 1.05000000e+02
      vertex 2.91037488e+01 6.53758335e+00 1.05000000e+02
    endloop
  endfacet
  facet normal -2.77145927e-01 -9.49781661e-01 1.45275363e-01
    outer loop
      vertex 2.77171634e+01 3.73377825e+00 8.75000000e+01
      vertex 3.11816454e+01 2.72284370e+00 8.75000000e+01
      vertex 3.56477914e+01 4.09636431e+00 1.05000000e+02
    endloop
  endfacet
  facet normal -2.78992195e-01 -9.49114672e-01 1.46098233e-01
    outer loop
      vertex 2.77171634e+01 3.73377825e+00 8.75000000e+01
      vertex 3.56477914e+01 4.09636431e+00 1.05000000e+02
      vertex 3.22845702e+01 5.08498296e+00 1.05000000e+02
    endloop
  endfacet
  facet normal -2.18086806e-01 -9.67078504e-01 1.31138524e-01
    outer loop
      vertex 3.11816454e+01 2.72284370e+00 8.75000000e+01
      vertex 3.47029212e+01 1.92875741e+00 8.75000000e+01
      vertex 3.90664822e+01 3.31777503e+00 1.05000000e+02
    endloop
  endfacet
  facet normal -2.20114783e-01 -9.66497234e-01 1.32032493e-01
    outer loop
      vertex 3.11816454e+01 2.72284370e+00 8.75000000e+01
      vertex 3.90664822e+01 3.31777503e+00 1.05000000e+02
      vertex 3.56477914e+01 4.09636431e+00 1.05000000e+02
    endloop
  endfacet
  facet normal -1.76197246e-01 -9.76886126e-01 1.21029034e-01
    outer loop
      vertex 3.47029212e+01 1.92875741e+00 8.75000000e+01
      vertex 3.82556448e+01 1.28796611e+00 8.75000000e+01
      vertex 4.25159719e+01 2.68766888e+00 1.05000000e+02
    endloop
  endfacet
  facet normal -1.78351567e-01 -9.76378167e-01 1.21968825e-01
    outer loop
      vertex 3.47029212e+01 1.92875741e+00 8.75000000e+01
      vertex 4.25159719e+01 2.68766888e+00 1.05000000e+02
      vertex 3.90664822e+01 3.31777503e+00 1.05000000e+02
    endloop
  endfacet
  facet normal -1.43848170e-01 -9.83104818e-01 1.13192852e-01
    outer loop
      vertex 3.82556448e+01 1.28796611e+00 8.75000000e+01
      vertex 4.18277759e+01 7.65290903e-01 8.75000000e+01
      vertex 4.59845293e+01 2.17199090e+00 1.05000000e+02
    endloop
  endfacet
  facet normal -1.46094405e-01 -9.82661360e-01 1.14162501e-01
    outer loop
      vertex 3.82556448e+01 1.28796611e+00 8.75000000e+01
      vertex 4.59845293e+01 2.17199090e+00 1.05000000e+02
      vertex 4.25159719e+01 2.68766888e+00 1.05000000e+02
    endloop
  endfacet
  facet normal -1.17283360e-01 -9.87344216e-01 1.06752112e-01
    outer loop
      vertex 4.18277759e+01 7.65290903e-01 8.75000000e+01
      vertex 4.54127812e+01 3.39439961e-01 8.75000000e+01
      vertex 4.94657817e+01 1.75010548e+00 1.05000000e+02
    endloop
  endfacet
  facet normal -1.19607242e-01 -9.86957549e-01 1.07744628e-01
    outer loop
      vertex 4.18277759e+01 7.65290903e-01 8.75000000e+01
      vertex 4.94657817e+01 1.75010548e+00 1.05000000e+02
      vertex 4.59845293e+01 2.17199090e+00 1.05000000e+02
    endloop
  endfacet
  facet normal -9.42748927e-02 -9.90390851e-01 1.01184024e-01
    outer loop
      vertex 4.54127812e+01 3.39439961e-01 8.75000000e+01
      vertex 4.90068295e+01 -2.67600137e-03 8.75000000e+01
      vertex 5.29559889e+01 1.40930578e+00 1.05000000e+02
    endloop
  endfacet
  facet normal -9.66735208e-02 -9.90055512e-01 1.02197429e-01
    outer loop
      vertex 4.54127812e+01 3.39439961e-01 8.75000000e+01
      vertex 5.29559889e+01 1.40930578e+00 1.05000000e+02
      vertex 4.94657817e+01 1.75010548e+00 1.05000000e+02
    endloop
  endfacet
  facet normal -7.35935835e-02 -9.92637632e-01 9.62003967e-02
    outer loop
      vertex 4.90068295e+01 -2.67600137e-03 8.75000000e+01
      vertex 5.26075161e+01 -2.69628835e-01 8.75000000e+01
      vertex 5.64528048e+01 1.14127714e+00 1.05000000e+02
    endloop
  endfacet
  facet normal -7.60630429e-02 -9.92350886e-01 9.72323687e-02
    outer loop
      vertex 4.90068295e+01 -2.67600137e-03 8.75000000e+01
      vertex 5.64528048e+01 1.14127714e+00 1.05000000e+02
      vertex 5.29559889e+01 1.40930578e+00 1.05000000e+02
    endloop
  endfacet
  facet normal -4.56725249e-02 -9.94916796e-01 8.97473657e-02
    outer loop
      vertex 5.26075161e+01 -2.69628835e-01 8.75000000e+01
      vertex 5.62143389e+01 -4.35203188e-01 8.75000000e+01
      vertex 5.99558220e+01 9.71644023e-01 1.05000000e+02
    endloop
  endfacet
  facet normal -4.81684665e-02 -9.94705340e-01 9.07804211e-02
    outer loop
      vertex 5.26075161e+01 -2.69628835e-01 8.75000000e+01
      vertex 5.99558220e+01 9.71644023e-01 1.05000000e+02
      vertex 5.64528048e+01 1.14127714e+00 1.05000000e+02
    endloop
  endfacet
  facet normal -2.36844229e-02 -9.96131482e-01 8.46233932e-02
    outer loop
      vertex 5.62143389e+01 -4.35203188e-01 8.75000000e+01
      vertex 5.98235753e+01 -5.21017845e-01 8.75000000e+01
      vertex 6.34613702e+01 8.79149035e-01 1.05000000e+02
    endloop
  endfacet
  facet normal -2.62791274e-02 -9.95975544e-01 8.56861902e-02
    outer loop
      vertex 5.62143389e+01 -4.35203188e-01 8.75000000e+01
      vertex 6.34613702e+01 8.79149035e-01 1.05000000e+02
      vertex 5.99558220e+01 9.71644023e-01 1.05000000e+02
    endloop
  endfacet
  facet normal -1.04346710e-03 -9.96839392e-01 7.94363804e-02
    outer loop
      vertex 5.98235753e+01 -5.21017845e-01 8.75000000e+01
      vertex 6.34335576e+01 -5.24796686e-01 8.75000000e+01
      vertex 6.69678541e+01 8.66047965e-01 1.05000000e+02
    endloop
  endfacet
  facet normal -3.72408270e-03 -9.96745769e-01 8.05233064e-02
    outer loop
      vertex 5.98235753e+01 -5.21017845e-01 8.75000000e+01
      vertex 6.69678541e+01 8.66047965e-01 1.05000000e+02
      vertex 6.34613702e+01 8.79149035e-01 1.05000000e+02
    endloop
  endfacet
  facet normal 2.49870066e-02 -9.96970755e-01 7.36543537e-02
    outer loop
      vertex 6.34335576e+01 -5.24796686e-01 8.75000000e+01
      vertex 6.70430464e+01 -4.34332328e-01 8.75000000e+01
      vertex 7.04740990e+01 9.44527501e-01 1.05000000e+02
    endloop
  endfacet
  facet normal 2.23146156e-02 -9.96954245e-01 7.47281149e-02
    outer loop
      vertex 6.34335576e+01 -5.24796686e-01 8.75000000e+01
      vertex 7.04740990e+01 9.44527501e-01 1.05000000e+02
      vertex 6.69678541e+01 8.66047965e-01 1.05000000e+02
    endloop
  endfacet
  facet normal 7.64631242e-02 -9.95090917e-01 6.28287970e-02
    outer loop
      vertex 6.70430464e+01 -4.34332328e-01 8.75000000e+01
      vertex 7.06428252e+01 -1.57724103e-01 8.75000000e+01
      vertex 7.39714493e+01 1.20297664e+00 1.05000000e+02
    endloop
  endfacet
  facet normal 7.35465251e-02 -9.95236293e-01 6.39971055e-02
    outer loop
      vertex 6.70430464e+01 -4.34332328e-01 8.75000000e+01
      vertex 7.39714493e+01 1.20297664e+00 1.05000000e+02
      vertex 7.04740990e+01 9.44527501e-01 1.05000000e+02
    endloop
  endfacet
  facet normal 1.04365368e-01 -9.92918179e-01 5.67570175e-02
    outer loop
      vertex 7.06428252e+01 -1.57724103e-01 8.75000000e+01
      vertex 7.42326593e+01 2.19602421e-01 8.75000000e+01
      vertex 7.74594569e+01 1.55910224e+00 1.05000000e+02
    endloop
  endfacet
  facet normal 1.01401362e-01 -9.93157237e-01 5.79350153e-02
    outer loop
      vertex 7.06428252e+01 -1.57724103e-01 8.75000000e+01
      vertex 7.74594569e+01 1.55910224e+00 1.05000000e+02
      vertex 7.39714493e+01 1.20297664e+00 1.05000000e+02
    endloop
  endfacet
  facet normal 1.27494680e-01 -9.90490114e-01 5.17150034e-02
    outer loop
      vertex 7.42326593e+01 2.19602421e-01 8.75000000e+01
      vertex 7.78136589e+01 6.80544312e-01 8.75000000e+01
      vertex 8.09391151e+01 1.99655098e+00 1.05000000e+02
    endloop
  endfacet
  facet normal 1.24559731e-01 -9.90802443e-01 5.28714663e-02
    outer loop
      vertex 7.42326593e+01 2.19602421e-01 8.75000000e+01
      vertex 8.09391151e+01 1.99655098e+00 1.05000000e+02
      vertex 7.74594569e+01 1.55910224e+00 1.05000000e+02
    endloop
  endfacet
  facet normal 1.47691402e-01 -9.87900561e-01 4.73258069e-02
    outer loop
      vertex 7.78136589e+01 6.80544312e-01 8.75000000e+01
      vertex 8.13845829e+01 1.21439842e+00 8.75000000e+01
      vertex 8.44091830e+01 2.50492209e+00 1.05000000e+02
    endloop
  endfacet
  facet normal 1.44784161e-01 -9.88275829e-01 4.84606302e-02
    outer loop
      vertex 7.78136589e+01 6.80544312e-01 8.75000000e+01
      vertex 8.44091830e+01 2.50492209e+00 1.05000000e+02
      vertex 8.09391151e+01 1.99655098e+00 1.05000000e+02
    endloop
  endfacet
  facet normal 1.50807437e-01 -9.87484646e-01 4.61648295e-02
    outer loop
      vertex 8.13845829e+01 1.21439842e+00 8.75000000e+01
      vertex 8.49537936e+01 1.75948388e+00 8.75000000e+01
      vertex 8.78776299e+01 3.02413217e+00 1.05000000e+02
    endloop
  endfacet
  facet normal 1.47880063e-01 -9.87873993e-01 4.72912406e-02
    outer loop
      vertex 8.13845829e+01 1.21439842e+00 8.75000000e+01
      vertex 8.78776299e+01 3.02413217e+00 1.05000000e+02
      vertex 8.44091830e+01 2.50492209e+00 1.05000000e+02
    endloop
  endfacet
  facet normal 1.53180795e-01 -9.87165857e-01 4.51576700e-02
    outer loop
      vertex 8.49537936e+01 1.75948388e+00 8.75000000e+01
      vertex 8.85217028e+01 2.31312455e+00 8.75000000e+01
      vertex 9.13448262e+01 3.55172849e+00 1.05000000e+02
    endloop
  endfacet
  facet normal 1.50275229e-01 -9.87561357e-01 4.62592925e-02
    outer loop
      vertex 8.49537936e+01 1.75948388e+00 8.75000000e+01
      vertex 9.13448262e+01 3.55172849e+00 1.05000000e+02
      vertex 8.78776299e+01 3.02413217e+00 1.05000000e+02
    endloop
  endfacet
  facet normal 1.49322081e-01 -9.87753247e-01 4.52375785e-02
    outer loop
      vertex 8.85217028e+01 2.31312455e+00 8.75000000e+01
      vertex 9.20917496e+01 2.85282090e+00 8.75000000e+01
      vertex 9.48140505e+01 4.06583363e+00 1.05000000e+02
    endloop
  endfacet
  facet normal 1.46432085e-01 -9.88135902e-01 4.63150381e-02
    outer loop
      vertex 8.85217028e+01 2.31312455e+00 8.75000000e+01
      vertex 9.48140505e+01 4.06583363e+00 1.05000000e+02
      vertex 9.13448262e+01 3.55172849e+00 1.05000000e+02
    endloop
  endfacet
  facet normal 1.44093324e-01 -9.88516218e-01 4.55280267e-02
    outer loop
      vertex 9.20917496e+01 2.85282090e+00 8.75000000e+01
      vertex 9.56645464e+01 3.37361778e+00 8.75000000e+01
      vertex 9.82858725e+01 4.56171773e+00 1.05000000e+02
    endloop
  endfacet
  facet normal 1.41242649e-01 -9.88878922e-01 4.65724416e-02
    outer loop
      vertex 9.20917496e+01 2.85282090e+00 8.75000000e+01
      vertex 9.82858725e+01 4.56171773e+00 1.05000000e+02
      vertex 9.48140505e+01 4.06583363e+00 1.05000000e+02
    endloop
  endfacet
  facet normal 1.37943541e-01 -9.89374635e-01 4.59283220e-02
    outer loop
      vertex 9.56645464e+01 3.37361778e+00 8.75000000e+01
      vertex 9.92405684e+01 3.87220459e+00 8.75000000e+01
      vertex 1.01760773e+02 5.03596146e+00 1.05000000e+02
    endloop
  endfacet
  facet normal 1.35074229e-01 -9.89721997e-01 4.69608597e-02
    outer loop
      vertex 9.56645464e+01 3.37361778e+00 8.75000000e+01
      vertex 1.01760773e+02 5.03596146e+00 1.05000000e+02
      vertex 9.82858725e+01 4.56171773e+00 1.05000000e+02
    endloop
  endfacet
  facet normal 1.21584884e-01 -9.91426741e-01 4.78553456e-02
    outer loop
      vertex 9.92405684e+01 3.87220459e+00 8.75000000e+01
      vertex 1.02824300e+02 4.31170009e+00 8.75000000e+01
      vertex 1.05242966e+02 5.45302673e+00 1.05000000e+02
    endloop
  endfacet
  facet normal 1.18778990e-01 -9.91718611e-01 4.88441163e-02
    outer loop
      vertex 9.92405684e+01 3.87220459e+00 8.75000000e+01
      vertex 1.05242966e+02 5.45302673e+00 1.05000000e+02
      vertex 1.01760773e+02 5.03596146e+00 1.05000000e+02
    endloop
  endfacet
  facet normal 1.10170230e-01 -9.92706248e-01 4.89573841e-02
    outer loop
      vertex 1.02824300e+02 4.31170009e+00 8.75000000e+01
      vertex 1.06412662e+02 4.70993538e+00 8.75000000e+01
      vertex 1.08729534e+02 5.83011025e+00 1.05000000e+02
    endloop
  endfacet
  facet normal 1.07392102e-01 -9.92962849e-01 4.99171054e-02
    outer loop
      vertex 1.02824300e+02 4.31170009e+00 8.75000000e+01
      vertex 1.08729534e+02 5.83011025e+00 1.05000000e+02
      vertex 1.05242966e+02 5.45302673e+00 1.05000000e+02
    endloop
  endfacet
  facet normal 9.62277498e-02 -9.94085601e-01 5.03392202e-02
    outer loop
      vertex 1.06412662e+02 4.70993538e+00 8.75000000e+01
      vertex 1.10006402e+02 5.05781037e+00 8.75000000e+01
      vertex 1.12221181e+02 6.15837909e+00 1.05000000e+02
    endloop
  endfacet
  facet normal 9.34796300e-02 -9.94300274e-01 5.12691314e-02
    outer loop
      vertex 1.06412662e+02 4.70993538e+00 8.75000000e+01
      vertex 1.12221181e+02 6.15837909e+00 1.05000000e+02
      vertex 1.08729534e+02 5.83011025e+00 1.05000000e+02
    endloop
  endfacet
  facet normal 7.08426165e-02 -9.96072001e-01 5.31214833e-02
    outer loop
      vertex 1.10006402e+02 5.05781037e+00 8.75000000e+01
      vertex 1.13607924e+02 5.31395776e+00 8.75000000e+01
      vertex 1.15720141e+02 6.39747475e+00 1.05000000e+02
    endloop
  endfacet
  facet normal 6.80747559e-02 -9.96215798e-01 5.40361960e-02
    outer loop
      vertex 1.10006402e+02 5.05781037e+00 8.75000000e+01
      vertex 1.15720141e+02 6.39747475e+00 1.05000000e+02
      vertex 1.12221181e+02 6.15837909e+00 1.05000000e+02
    endloop
  endfacet
  facet normal 4.65841991e-02 -9.97366125e-01 5.55942889e-02
    outer loop
      vertex 1.13607924e+02 5.31395776e+00 8.75000000e+01
      vertex 1.17214329e+02 5.48240291e+00 8.75000000e+01
      vertex 1.19223593e+02 6.55171935e+00 1.05000000e+02
    endloop
  endfacet
  facet normal 4.39137095e-02 -9.97438852e-01 5.64563805e-02
    outer loop
      vertex 1.13607924e+02 5.31395776e+00 8.75000000e+01
      vertex 1.19223593e+02 6.55171935e+00 1.05000000e+02
      vertex 1.15720141e+02 6.39747475e+00 1.05000000e+02
    endloop
  endfacet
  facet normal 1.71559187e-02 -9.98140369e-01 5.84933950e-02
    outer loop
      vertex 1.17214329e+02 5.48240291e+00 8.75000000e+01
      vertex 1.20823914e+02 5.54444403e+00 8.75000000e+01
      vertex 1.22729856e+02 6.60274467e+00 1.05000000e+02
    endloop
  endfacet
  facet normal 1.45254546e-02 -9.98133214e-01 5.93219880e-02
    outer loop
      vertex 1.17214329e+02 5.48240291e+00 8.75000000e+01
      vertex 1.22729856e+02 6.60274467e+00 1.05000000e+02
      vertex 1.19223593e+02 6.55171935e+00 1.05000000e+02
    endloop
  endfacet
  facet normal -2.25030330e-02 -9.97804952e-01 6.22807492e-02
    outer loop
      vertex 1.20823914e+02 5.54444403e+00 8.75000000e+01
      vertex 1.24432990e+02 5.46305020e+00 8.75000000e+01
      vertex 1.26235266e+02 6.51471510e+00 1.05000000e+02
    endloop
  endfacet
  facet normal -2.50546036e-02 -9.97694965e-01 6.30636481e-02
    outer loop
      vertex 1.20823914e+02 5.54444403e+00 8.75000000e+01
      vertex 1.26235266e+02 6.51471510e+00 1.05000000e+02
      vertex 1.22729856e+02 6.60274467e+00 1.05000000e+02
    endloop
  endfacet
  facet normal -9.30497912e-02 -9.93286456e-01 6.87295611e-02
    outer loop
      vertex 1.24432990e+02 5.46305020e+00 8.75000000e+01
      vertex 1.28438808e+02 5.08779039e+00 8.75000000e+01
      vertex 1.30125228e+02 6.14070548e+00 1.05000000e+02
    endloop
  endfacet
  facet normal -9.54745532e-02 -9.93002191e-01 6.95072575e-02
    outer loop
      vertex 1.24432990e+02 5.46305020e+00 8.75000000e+01
      vertex 1.30125228e+02 6.14070548e+00 1.05000000e+02
      vertex 1.26235266e+02 6.51471510e+00 1.05000000e+02
    endloop
  endfacet
  facet normal 2.99820403e-01 9.50006465e-01 -8.71518396e-02
    outer loop
      vertex 1.30125228e+02 6.14070548e+00 1.05000000e+02
      vertex 1.26781103e+02 7.19610557e+00 1.05000000e+02
      vertex 1.28568328e+02 8.23747786e+00 1.22500000e+02
    endloop
  endfacet
  facet normal 3.02114043e-01 9.49305944e-01 -8.68638511e-02
    outer loop
      vertex 1.30125228e+02 6.14070548e+00 1.05000000e+02
      vertex 1.28568328e+02 8.23747786e+00 1.22500000e+02
      vertex 1.31811308e+02 7.20540831e+00 1.22500000e+02
    endloop
  endfacet
  facet normal 2.87368958e-01 9.53899385e-01 -8.65739320e-02
    outer loop
      vertex 1.26781103e+02 7.19610557e+00 1.05000000e+02
      vertex 1.23423216e+02 8.20769264e+00 1.05000000e+02
      vertex 1.25311869e+02 9.22698625e+00 1.22500000e+02
    endloop
  endfacet
  facet normal 2.89649792e-01 9.53233661e-01 -8.63051844e-02
    outer loop
      vertex 1.26781103e+02 7.19610557e+00 1.05000000e+02
      vertex 1.25311869e+02 9.22698625e+00 1.22500000e+02
      vertex 1.28568328e+02 8.23747786e+00 1.22500000e+02
    endloop
  endfacet
  facet normal 2.73445636e-01 9.58055354e-01 -8.57754246e-02
    outer loop
      vertex 1.23423216e+02 8.20769264e+00 1.05000000e+02
      vertex 1.20050788e+02 9.17024227e+00 1.05000000e+02
      vertex 1.22041183e+02 1.01689371e+01 1.22500000e+02
    endloop
  endfacet
  facet normal 2.75735408e-01 9.57421385e-01 -8.55235442e-02
    outer loop
      vertex 1.23423216e+02 8.20769264e+00 1.05000000e+02
      vertex 1.22041183e+02 1.01689371e+01 1.22500000e+02
      vertex 1.25311869e+02 9.22698625e+00 1.22500000e+02
    endloop
  endfacet
  facet normal 2.72611353e-01 9.58259159e-01 -8.61535558e-02
    outer loop
      vertex 1.20050788e+02 9.17024227e+00 1.05000000e+02
      vertex 1.16677521e+02 1.01298895e+01 1.05000000e+02
      vertex 1.18769674e+02 1.11080619e+01 1.22500000e+02
    endloop
  endfacet
  facet normal 2.74897962e-01 9.57627027e-01 -8.59161637e-02
    outer loop
      vertex 1.20050788e+02 9.17024227e+00 1.05000000e+02
      vertex 1.18769674e+02 1.11080619e+01 1.22500000e+02
      vertex 1.22041183e+02 1.01689371e+01 1.22500000e+02
    endloop
  endfacet
  facet normal 2.74568900e-01 9.57640736e-01 -8.68109405e-02
    outer loop
      vertex 1.16677521e+02 1.01298895e+01 1.05000000e+02
      vertex 1.13306241e+02 1.10964823e+01 1.05000000e+02
      vertex 1.15500092e+02 1.20538646e+01 1.22500000e+02
    endloop
  endfacet
  facet normal 2.76836764e-01 9.57007729e-01 -8.65887610e-02
    outer loop
      vertex 1.16677521e+02 1.01298895e+01 1.05000000e+02
      vertex 1.15500092e+02 1.20538646e+01 1.22500000e+02
      vertex 1.18769674e+02 1.11080619e+01 1.22500000e+02
    endloop
  endfacet
  facet normal 2.76170410e-01 9.57123114e-01 -8.74371194e-02
    outer loop
      vertex 1.13306241e+02 1.10964823e+01 1.05000000e+02
      vertex 1.09936599e+02 1.20687665e+01 1.05000000e+02
      vertex 1.12232091e+02 1.30051166e+01 1.22500000e+02
    endloop
  endfacet
  facet normal 2.78416144e-01 9.56491148e-01 -8.72303510e-02
    outer loop
      vertex 1.13306241e+02 1.10964823e+01 1.05000000e+02
      vertex 1.12232091e+02 1.30051166e+01 1.22500000e+02
      vertex 1.15500092e+02 1.20538646e+01 1.22500000e+02
    endloop
  endfacet
  facet normal 2.76925184e-01 9.56856048e-01 -8.79712792e-02
    outer loop
      vertex 1.09936599e+02 1.20687665e+01 1.05000000e+02
      vertex 1.06567738e+02 1.30437536e+01 1.05000000e+02
      vertex 1.08964835e+02 1.39589182e+01 1.22500000e+02
    endloop
  endfacet
  facet normal 2.79148929e-01 9.56227258e-01 -8.77798813e-02
    outer loop
      vertex 1.09936599e+02 1.20687665e+01 1.05000000e+02
      vertex 1.08964835e+02 1.39589182e+01 1.22500000e+02
      vertex 1.12232091e+02 1.30051166e+01 1.22500000e+02
    endloop
  endfacet
  facet normal 2.75935339e-01 9.57112176e-01 -8.82947967e-02
    outer loop
      vertex 1.06567738e+02 1.30437536e+01 1.05000000e+02
      vertex 1.03197880e+02 1.40152833e+01 1.05000000e+02
      vertex 1.05696586e+02 1.49093036e+01 1.22500000e+02
    endloop
  endfacet
  facet normal 2.78140926e-01 9.56489795e-01 -8.81186546e-02
    outer loop
      vertex 1.06567738e+02 1.30437536e+01 1.05000000e+02
      vertex 1.05696586e+02 1.49093036e+01 1.22500000e+02
      vertex 1.08964835e+02 1.39589182e+01 1.22500000e+02
    endloop
  endfacet
  facet normal 2.71716585e-01 9.58327139e-01 -8.81997345e-02
    outer loop
      vertex 1.03197880e+02 1.40152833e+01 1.05000000e+02
      vertex 9.98237809e+01 1.49719490e+01 1.05000000e+02
      vertex 1.02424184e+02 1.58452652e+01 1.22500000e+02
    endloop
  endfacet
  facet normal 2.73922203e-01 9.57713903e-01 -8.80380952e-02
    outer loop
      vertex 1.03197880e+02 1.40152833e+01 1.05000000e+02
      vertex 1.02424184e+02 1.58452652e+01 1.22500000e+02
      vertex 1.05696586e+02 1.49093036e+01 1.22500000e+02
    endloop
  endfacet
  facet normal 2.65723937e-01 9.60039148e-01 -8.78386233e-02
    outer loop
      vertex 9.98237809e+01 1.49719490e+01 1.05000000e+02
      vertex 9.64438137e+01 1.59074714e+01 1.05000000e+02
      vertex 9.91460346e+01 1.67606982e+01 1.22500000e+02
    endloop
  endfacet
  facet normal 2.67926527e-01 9.59440187e-01 -8.76920982e-02
    outer loop
      vertex 9.98237809e+01 1.49719490e+01 1.05000000e+02
      vertex 9.91460346e+01 1.67606982e+01 1.22500000e+02
      vertex 1.02424184e+02 1.58452652e+01 1.22500000e+02
    endloop
  endfacet
  facet normal 2.58239326e-01 9.62135014e-01 -8.72276631e-02
    outer loop
      vertex 9.64438137e+01 1.59074714e+01 1.05000000e+02
      vertex 9.30566300e+01 1.68165996e+01 1.05000000e+02
      vertex 9.58608170e+01 1.76505083e+01 1.22500000e+02
    endloop
  endfacet
  facet normal 2.60439412e-01 9.61553700e-01 -8.70964692e-02
    outer loop
      vertex 9.64438137e+01 1.59074714e+01 1.05000000e+02
      vertex 9.58608170e+01 1.76505083e+01 1.22500000e+02
      vertex 9.91460346e+01 1.67606982e+01 1.22500000e+02
    endloop
  endfacet
  facet normal 2.39983051e-01 9.67049847e-01 -8.49866436e-02
    outer loop
      vertex 9.30566300e+01 1.68165996e+01 1.05000000e+02
      vertex 8.96527642e+01 1.76613028e+01 1.05000000e+02
      vertex 9.25592978e+01 1.84779592e+01 1.22500000e+02
    endloop
  endfacet
  facet normal 2.42231157e-01 9.66499387e-01 -8.48704969e-02
    outer loop
      vertex 9.30566300e+01 1.68165996e+01 1.05000000e+02
      vertex 9.25592978e+01 1.84779592e+01 1.22500000e+02
      vertex 9.58608170e+01 1.76505083e+01 1.22500000e+02
    endloop
  endfacet
  facet normal 2.16038789e-01 9.72957803e-01 -8.17334373e-02
    outer loop
      vertex 8.96527642e+01 1.76613028e+01 1.05000000e+02
      vertex 8.62295205e+01 1.84214112e+01 1.05000000e+02
      vertex 8.92387717e+01 1.92233167e+01 1.22500000e+02
    endloop
  endfacet
  facet normal 2.18288622e-01 9.72463687e-01 -8.16361099e-02
    outer loop
      vertex 8.96527642e+01 1.76613028e+01 1.05000000e+02
      vertex 8.92387717e+01 1.92233167e+01 1.22500000e+02
      vertex 9.25592978e+01 1.84779592e+01 1.22500000e+02
    endloop
  endfacet
  facet normal 1.84820468e-01 9.79740786e-01 -7.71322693e-02
    outer loop
      vertex 8.62295205e+01 1.84214112e+01 1.05000000e+02
      vertex 8.27846068e+01 1.90712674e+01 1.05000000e+02
      vertex 8.58969924e+01 1.98618664e+01 1.22500000e+02
    endloop
  endfacet
  facet normal 1.87127131e-01 9.79309086e-01 -7.70529050e-02
    outer loop
      vertex 8.62295205e+01 1.84214112e+01 1.05000000e+02
      vertex 8.58969924e+01 1.98618664e+01 1.22500000e+02
      vertex 8.92387717e+01 1.92233167e+01 1.22500000e+02
    endloop
  endfacet
  facet normal 1.43983603e-01 9.87053102e-01 -7.06745758e-02
    outer loop
      vertex 8.27846068e+01 1.90712674e+01 1.05000000e+02
      vertex 7.93144285e+01 1.95774699e+01 1.05000000e+02
      vertex 8.25304173e+01 2.03613744e+01 1.22500000e+02
    endloop
  endfacet
  facet normal 1.46399694e-01 9.86702006e-01 -7.06135988e-02
    outer loop
      vertex 8.27846068e+01 1.90712674e+01 1.05000000e+02
      vertex 8.25304173e+01 2.03613744e+01 1.22500000e+02
      vertex 8.58969924e+01 1.98618664e+01 1.22500000e+02
    endloop
  endfacet
  facet normal 7.99308596e-02 9.95007331e-01 -5.97617677e-02
    outer loop
      vertex 7.93144285e+01 1.95774699e+01 1.05000000e+02
      vertex 7.58185667e+01 1.98582992e+01 1.05000000e+02
      vertex 7.91384183e+01 2.06426877e+01 1.22500000e+02
    endloop
  endfacet
  facet normal 8.25030863e-02 9.94799665e-01 -5.97232564e-02
    outer loop
      vertex 7.93144285e+01 1.95774699e+01 1.05000000e+02
      vertex 7.91384183e+01 2.06426877e+01 1.22500000e+02
      vertex 8.25304173e+01 2.03613744e+01 1.22500000e+02
    endloop
  endfacet
  facet normal 4.29750448e-02 9.97648889e-01 -5.33838876e-02
    outer loop
      vertex 7.58185667e+01 1.98582992e+01 1.05000000e+02
      vertex 7.23156438e+01 2.00091922e+01 1.05000000e+02
      vertex 7.57392477e+01 2.07981356e+01 1.22500000e+02
    endloop
  endfacet
  facet normal 4.56182839e-02 9.97532495e-01 -5.33656562e-02
    outer loop
      vertex 7.58185667e+01 1.98582992e+01 1.05000000e+02
      vertex 7.57392477e+01 2.07981356e+01 1.22500000e+02
      vertex 7.91384183e+01 2.06426877e+01 1.22500000e+02
    endloop
  endfacet
  facet normal 1.12579604e-02 9.98795623e-01 -4.77552222e-02
    outer loop
      vertex 7.23156438e+01 2.00091922e+01 1.05000000e+02
      vertex 6.88095116e+01 2.00487117e+01 1.05000000e+02
      vertex 7.23366799e+01 2.08456793e+01 1.22500000e+02
    endloop
  endfacet
  facet normal 1.39555576e-02 9.98761497e-01 -4.77568336e-02
    outer loop
      vertex 7.23156438e+01 2.00091922e+01 1.05000000e+02
      vertex 7.23366799e+01 2.08456793e+01 1.22500000e+02
      vertex 7.57392477e+01 2.07981356e+01 1.22500000e+02
    endloop
  endfacet
  facet normal -1.80836993e-02 9.98937901e-01 -4.23798178e-02
    outer loop
      vertex 6.88095116e+01 2.00487117e+01 1.05000000e+02
      vertex 6.53032114e+01 1.99852374e+01 1.05000000e+02
      vertex 6.89336769e+01 2.07933948e+01 1.22500000e+02
    endloop
  endfacet
  facet normal -1.53485679e-02 9.98982765e-01 -4.24011331e-02
    outer loop
      vertex 6.88095116e+01 2.00487117e+01 1.05000000e+02
      vertex 6.89336769e+01 2.07933948e+01 1.22500000e+02
      vertex 7.23366799e+01 2.08456793e+01 1.22500000e+02
    endloop
  endfacet
  facet normal -5.46143271e-02 9.97883617e-01 -3.52925238e-02
    outer loop
      vertex 6.53032114e+01 1.99852374e+01 1.05000000e+02
      vertex 6.18013324e+01 1.97935791e+01 1.05000000e+02
      vertex 6.55346191e+01 2.06168315e+01 1.22500000e+02
    endloop
  endfacet
  facet normal -5.18424636e-02 9.98029977e-01 -3.53344593e-02
    outer loop
      vertex 6.53032114e+01 1.99852374e+01 1.05000000e+02
      vertex 6.55346191e+01 2.06168315e+01 1.22500000e+02
      vertex 6.89336769e+01 2.07933948e+01 1.22500000e+02
    endloop
  endfacet
  facet normal -8.64251365e-02 9.95837435e-01 -2.89568364e-02
    outer loop
      vertex 6.18013324e+01 1.97935791e+01 1.05000000e+02
      vertex 5.83077651e+01 1.94903850e+01 1.05000000e+02
      vertex 6.21433181e+01 2.03321216e+01 1.22500000e+02
    endloop
  endfacet
  facet normal -8.36234729e-02 9.96074806e-01 -2.90188914e-02
    outer loop
      vertex 6.18013324e+01 1.97935791e+01 1.05000000e+02
      vertex 6.21433181e+01 2.03321216e+01 1.22500000e+02
      vertex 6.55346191e+01 2.06168315e+01 1.22500000e+02
    endloop
  endfacet
  facet normal -1.16099942e-01 9.92974285e-01 -2.28663961e-02
    outer loop
      vertex 5.83077651e+01 1.94903850e+01 1.05000000e+02
      vertex 5.48250654e+01 1.90831828e+01 1.05000000e+02
      vertex 5.87622697e+01 1.99465195e+01 1.22500000e+02
    endloop
  endfacet
  facet normal -1.13283681e-01 9.93297638e-01 -2.29479673e-02
    outer loop
      vertex 5.83077651e+01 1.94903850e+01 1.05000000e+02
      vertex 5.87622697e+01 1.99465195e+01 1.22500000e+02
      vertex 6.21433181e+01 2.03321216e+01 1.22500000e+02
    endloop
  endfacet
  facet normal -1.48196628e-01 9.88828569e-01 -1.59943967e-02
    outer loop
      vertex 5.48250654e+01 1.90831828e+01 1.05000000e+02
      vertex 5.13573727e+01 1.85634766e+01 1.05000000e+02
      vertex 5.53954701e+01 1.94517341e+01 1.22500000e+02
    endloop
  endfacet
  facet normal -1.45379617e-01 9.89245024e-01 -1.60949865e-02
    outer loop
      vertex 5.48250654e+01 1.90831828e+01 1.05000000e+02
      vertex 5.53954701e+01 1.94517341e+01 1.22500000e+02
      vertex 5.87622697e+01 1.99465195e+01 1.22500000e+02
    endloop
  endfacet
  facet normal -1.84092183e-01 9.82876752e-01 -7.95984633e-03
    outer loop
      vertex 5.13573727e+01 1.85634766e+01 1.05000000e+02
      vertex 4.79107950e+01 1.79179348e+01 1.05000000e+02
      vertex 5.20488259e+01 1.88347094e+01 1.22500000e+02
    endloop
  endfacet
  facet normal -1.81309289e-01 9.83392948e-01 -8.07780350e-03
    outer loop
      vertex 5.13573727e+01 1.85634766e+01 1.05000000e+02
      vertex 5.20488259e+01 1.88347094e+01 1.22500000e+02
      vertex 5.53954701e+01 1.94517341e+01 1.22500000e+02
    endloop
  endfacet
  facet normal -2.26427643e-01 9.74025981e-01 1.97736159e-03
    outer loop
      vertex 4.79107950e+01 1.79179348e+01 1.05000000e+02
      vertex 4.44952745e+01 1.71239434e+01 1.05000000e+02
      vertex 4.87319679e+01 1.80733028e+01 1.22500000e+02
    endloop
  endfacet
  facet normal -2.23736851e-01 9.74647842e-01 1.84557744e-03
    outer loop
      vertex 4.79107950e+01 1.79179348e+01 1.05000000e+02
      vertex 4.87319679e+01 1.80733028e+01 1.22500000e+02
      vertex 5.20488259e+01 1.88347094e+01 1.22500000e+02
    endloop
  endfacet
  facet normal -2.77909499e-01 9.60495255e-01 1.46688621e-02
    outer loop
      vertex 4.44952745e+01 1.71239434e+01 1.05000000e+02
      vertex 4.11269496e+01 1.61493530e+01 1.05000000e+02
      vertex 4.54605782e+01 1.71359809e+01 1.22500000e+02
    endloop
  endfacet
  facet normal -2.75408949e-01 9.61217341e-01 1.45304345e-02
    outer loop
      vertex 4.44952745e+01 1.71239434e+01 1.05000000e+02
      vertex 4.54605782e+01 1.71359809e+01 1.22500000e+02
      vertex 4.87319679e+01 1.80733028e+01 1.22500000e+02
    endloop
  endfacet
  facet normal -3.39076601e-01 9.40264922e-01 3.04784363e-02
    outer loop
      vertex 4.11269496e+01 1.61493530e+01 1.05000000e+02
      vertex 3.78288470e+01 1.49599973e+01 1.05000000e+02
      vertex 4.22569576e+01 1.59895966e+01 1.22500000e+02
    endloop
  endfacet
  facet normal -3.36763598e-01 9.41100400e-01 3.03367084e-02
    outer loop
      vertex 4.11269496e+01 1.61493530e+01 1.05000000e+02
      vertex 4.22569576e+01 1.59895966e+01 1.22500000e+02
      vertex 4.54605782e+01 1.71359809e+01 1.22500000e+02
    endloop
  endfacet
  facet normal -4.10732450e-01 9.10390484e-01 4.98800664e-02
    outer loop
      vertex 3.78288470e+01 1.49599973e+01 1.05000000e+02
      vertex 3.46340130e+01 1.35186136e+01 1.05000000e+02
      vertex 3.91528781e+01 1.45985275e+01 1.22500000e+02
    endloop
  endfacet
  facet normal -4.08448362e-01 9.11425805e-01 4.97286397e-02
    outer loop
      vertex 3.78288470e+01 1.49599973e+01 1.05000000e+02
      vertex 3.91528781e+01 1.45985275e+01 1.22500000e+02
      vertex 4.22569576e+01 1.59895966e+01 1.22500000e+02
    endloop
  endfacet
  facet normal -5.01411543e-01 8.61889759e-01 7.57133204e-02
    outer loop
      vertex 3.46340130e+01 1.35186136e+01 1.05000000e+02
      vertex 3.16055769e+01 1.17567957e+01 1.05000000e+02
      vertex 3.62087046e+01 1.28974036e+01 1.22500000e+02
    endloop
  endfacet
  facet normal -4.98858420e-01 8.63385480e-01 7.55366790e-02
    outer loop
      vertex 3.46340130e+01 1.35186136e+01 1.05000000e+02
      vertex 3.62087046e+01 1.28974036e+01 1.22500000e+02
      vertex 3.91528781e+01 1.45985275e+01 1.22500000e+02
    endloop
  endfacet
  facet normal -6.62458981e-01 7.38543294e-01 1.25307229e-01
    outer loop
      vertex 3.16055769e+01 1.17567957e+01 1.05000000e+02
      vertex 2.90031563e+01 9.42247497e+00 1.05000000e+02
      vertex 3.36735793e+01 1.06425621e+01 1.22500000e+02
    endloop
  endfacet
  facet normal -6.59371153e-01 7.41333041e-01 1.25119960e-01
    outer loop
      vertex 3.16055769e+01 1.17567957e+01 1.05000000e+02
      vertex 3.36735793e+01 1.06425621e+01 1.22500000e+02
      vertex 3.62087046e+01 1.28974036e+01 1.22500000e+02
    endloop
  endfacet
  facet normal -9.65100195e-01 -3.36518410e-02 2.59709775e-01
    outer loop
      vertex 2.90031563e+01 9.42247497e+00 1.05000000e+02
      vertex 2.91037488e+01 6.53758335e+00 1.05000000e+02
      vertex 3.37673538e+01 7.84731814e+00 1.22500000e+02
    endloop
  endfacet
  facet normal -9.65112047e-01 -3.23774597e-02 2.59827708e-01
    outer loop
      vertex 2.90031563e+01 9.42247497e+00 1.05000000e+02
      vertex 3.37673538e+01 7.84731814e+00 1.22500000e+02
      vertex 3.36735793e+01 1.06425621e+01 1.22500000e+02
    endloop
  endfacet
  facet normal -4.08945380e-01 -8.95485233e-01 1.75698243e-01
    outer loop
      vertex 2.91037488e+01 6.53758335e+00 1.05000000e+02
      vertex 3.22845702e+01 5.08498296e+00 1.05000000e+02
      vertex 3.68521165e+01 6.43267945e+00 1.22500000e+02
    endloop
  endfacet
  facet normal -4.10316837e-01 -8.94737331e-01 1.76309958e-01
    outer loop
      vertex 2.91037488e+01 6.53758335e+00 1.05000000e+02
      vertex 3.68521165e+01 6.43267945e+00 1.22500000e+02
      vertex 3.37673538e+01 7.84731814e+00 1.22500000e+02
    endloop
  endfacet
  facet normal -2.79015341e-01 -9.49193414e-01 1.45541408e-01
    outer loop
      vertex 3.22845702e+01 5.08498296e+00 1.05000000e+02
      vertex 3.56477914e+01 4.09636431e+00 1.05000000e+02
      vertex 4.01141997e+01 5.46676807e+00 1.22500000e+02
    endloop
  endfacet
  facet normal -2.80860530e-01 -9.48524301e-01 1.46352362e-01
    outer loop
      vertex 3.22845702e+01 5.08498296e+00 1.05000000e+02
      vertex 4.01141997e+01 5.46676807e+00 1.22500000e+02
      vertex 3.68521165e+01 6.43267945e+00 1.22500000e+02
    endloop
  endfacet
  facet normal -2.20131557e-01 -9.66570884e-01 1.31464156e-01
    outer loop
      vertex 3.56477914e+01 4.09636431e+00 1.05000000e+02
      vertex 3.90664822e+01 3.31777503e+00 1.05000000e+02
      vertex 4.34304080e+01 4.70410372e+00 1.22500000e+02
    endloop
  endfacet
  facet normal -2.22158431e-01 -9.65986730e-01 1.32345263e-01
    outer loop
      vertex 3.56477914e+01 4.09636431e+00 1.05000000e+02
      vertex 4.34304080e+01 4.70410372e+00 1.22500000e+02
      vertex 4.01141997e+01 5.46676807e+00 1.22500000e+02
    endloop
  endfacet
  facet normal -1.78364071e-01 -9.76446619e-01 1.21401226e-01
    outer loop
      vertex 3.90664822e+01 3.31777503e+00 1.05000000e+02
      vertex 4.25159719e+01 2.68766888e+00 1.05000000e+02
      vertex 4.67767495e+01 4.08513576e+00 1.22500000e+02
    endloop
  endfacet
  facet normal -1.80517321e-01 -9.75935183e-01 1.22327493e-01
    outer loop
      vertex 3.90664822e+01 3.31777503e+00 1.05000000e+02
      vertex 4.67767495e+01 4.08513576e+00 1.22500000e+02
      vertex 4.34304080e+01 4.70410372e+00 1.22500000e+02
    endloop
  endfacet
  facet normal -1.46103830e-01 -9.82724758e-01 1.13603347e-01
    outer loop
      vertex 4.25159719e+01 2.68766888e+00 1.05000000e+02
      vertex 4.59845293e+01 2.17199090e+00 1.05000000e+02
      vertex 5.01418050e+01 3.57692616e+00 1.22500000e+02
    endloop
  endfacet
  facet normal -1.48349052e-01 -9.82277352e-01 1.14558994e-01
    outer loop
      vertex 4.25159719e+01 2.68766888e+00 1.05000000e+02
      vertex 5.01418050e+01 3.57692616e+00 1.22500000e+02
      vertex 4.67767495e+01 4.08513576e+00 1.22500000e+02
    endloop
  endfacet
  facet normal -1.19614358e-01 -9.87016271e-01 1.07197413e-01
    outer loop
      vertex 4.59845293e+01 2.17199090e+00 1.05000000e+02
      vertex 4.94657817e+01 1.75010548e+00 1.05000000e+02
      vertex 5.35193639e+01 3.15949267e+00 1.22500000e+02
    endloop
  endfacet
  facet normal -1.21937296e-01 -9.86625235e-01 1.08175516e-01
    outer loop
      vertex 4.59845293e+01 2.17199090e+00 1.05000000e+02
      vertex 5.35193639e+01 3.15949267e+00 1.22500000e+02
      vertex 5.01418050e+01 3.57692616e+00 1.22500000e+02
    endloop
  endfacet
  facet normal -9.66788389e-02 -9.90109975e-01 1.01663363e-01
    outer loop
      vertex 4.94657817e+01 1.75010548e+00 1.05000000e+02
      vertex 5.29559889e+01 1.40930578e+00 1.05000000e+02
      vertex 5.69057782e+01 2.82051045e+00 1.22500000e+02
    endloop
  endfacet
  facet normal -9.90765939e-02 -9.89769849e-01 1.02661947e-01
    outer loop
      vertex 4.94657817e+01 1.75010548e+00 1.05000000e+02
      vertex 5.69057782e+01 2.82051045e+00 1.22500000e+02
      vertex 5.35193639e+01 3.15949267e+00 1.22500000e+02
    endloop
  endfacet
  facet normal -7.60669112e-02 -9.92401354e-01 9.67128653e-02
    outer loop
      vertex 5.29559889e+01 1.40930578e+00 1.05000000e+02
      vertex 5.64528048e+01 1.14127714e+00 1.05000000e+02
      vertex 6.02987610e+01 2.55192126e+00 1.22500000e+02
    endloop
  endfacet
  facet normal -7.85355760e-02 -9.92109411e-01 9.77296233e-02
    outer loop
      vertex 5.29559889e+01 1.40930578e+00 1.05000000e+02
      vertex 6.02987610e+01 2.55192126e+00 1.22500000e+02
      vertex 5.69057782e+01 2.82051045e+00 1.22500000e+02
    endloop
  endfacet
  facet normal -4.81706464e-02 -9.94750357e-01 9.02846435e-02
    outer loop
      vertex 5.64528048e+01 1.14127714e+00 1.05000000e+02
      vertex 5.99558220e+01 9.71644023e-01 1.05000000e+02
      vertex 6.36979955e+01 2.37874917e+00 1.22500000e+02
    endloop
  endfacet
  facet normal -5.06659495e-02 -9.94533476e-01 9.13023900e-02
    outer loop
      vertex 5.64528048e+01 1.14127714e+00 1.05000000e+02
      vertex 6.36979955e+01 2.37874917e+00 1.22500000e+02
      vertex 6.02987610e+01 2.55192126e+00 1.22500000e+02
    endloop
  endfacet
  facet normal -2.62802264e-02 -9.96017199e-01 8.52002887e-02
    outer loop
      vertex 5.99558220e+01 9.71644023e-01 1.05000000e+02
      vertex 6.34613702e+01 8.79149035e-01 1.05000000e+02
      vertex 6.70998656e+01 2.28011336e+00 1.22500000e+02
    endloop
  endfacet
  facet normal -2.88744072e-02 -9.95855255e-01 8.62472054e-02
    outer loop
      vertex 5.99558220e+01 9.71644023e-01 1.05000000e+02
      vertex 6.70998656e+01 2.28011336e+00 1.22500000e+02
      vertex 6.36979955e+01 2.37874917e+00 1.22500000e+02
    endloop
  endfacet
  facet normal -3.72422495e-03 -9.96783841e-01 8.00506390e-02
    outer loop
      vertex 6.34613702e+01 8.79149035e-01 1.05000000e+02
      vertex 6.69678541e+01 8.66047965e-01 1.05000000e+02
      vertex 7.05028476e+01 2.25824657e+00 1.22500000e+02
    endloop
  endfacet
  facet normal -6.40446468e-03 -9.96683668e-01 8.11211933e-02
    outer loop
      vertex 6.34613702e+01 8.79149035e-01 1.05000000e+02
      vertex 7.05028476e+01 2.25824657e+00 1.22500000e+02
      vertex 6.70998656e+01 2.28011336e+00 1.22500000e+02
    endloop
  endfacet
  facet normal 2.23153526e-02 -9.96987173e-01 7.42872904e-02
    outer loop
      vertex 6.69678541e+01 8.66047965e-01 1.05000000e+02
      vertex 7.04740990e+01 9.44527501e-01 1.05000000e+02
      vertex 7.39058310e+01 2.32529541e+00 1.22500000e+02
    endloop
  endfacet
  facet normal 1.96431401e-02 -9.96964047e-01 7.53447762e-02
    outer loop
      vertex 6.69678541e+01 8.66047965e-01 1.05000000e+02
      vertex 7.39058310e+01 2.32529541e+00 1.22500000e+02
      vertex 7.05028476e+01 2.25824657e+00 1.22500000e+02
    endloop
  endfacet
  facet normal 7.35486922e-02 -9.95265619e-01 6.35369044e-02
    outer loop
      vertex 7.04740990e+01 9.44527501e-01 1.05000000e+02
      vertex 7.39714493e+01 1.20297664e+00 1.05000000e+02
      vertex 7.73006991e+01 2.56618839e+00 1.22500000e+02
    endloop
  endfacet
  facet normal 7.06317728e-02 -9.95402774e-01 6.46874794e-02
    outer loop
      vertex 7.04740990e+01 9.44527501e-01 1.05000000e+02
      vertex 7.73006991e+01 2.56618839e+00 1.22500000e+02
      vertex 7.39058310e+01 2.32529541e+00 1.22500000e+02
    endloop
  endfacet
  facet normal 1.01403932e-01 -9.93182411e-01 5.74973174e-02
    outer loop
      vertex 7.39714493e+01 1.20297664e+00 1.05000000e+02
      vertex 7.74594569e+01 1.55910224e+00 1.05000000e+02
      vertex 8.06868068e+01 2.90172472e+00 1.22500000e+02
    endloop
  endfacet
  facet normal 9.84393016e-02 -9.93412816e-01 5.86573148e-02
    outer loop
      vertex 7.39714493e+01 1.20297664e+00 1.05000000e+02
      vertex 8.06868068e+01 2.90172472e+00 1.22500000e+02
      vertex 7.73006991e+01 2.56618839e+00 1.22500000e+02
    endloop
  endfacet
  facet normal 1.24562362e-01 -9.90823373e-01 5.24715249e-02
    outer loop
      vertex 7.74594569e+01 1.55910224e+00 1.05000000e+02
      vertex 8.09391151e+01 1.99655098e+00 1.05000000e+02
      vertex 8.40650371e+01 3.31628561e+00 1.22500000e+02
    endloop
  endfacet
  facet normal 1.21626564e-01 -9.91127100e-01 5.36101737e-02
    outer loop
      vertex 7.74594569e+01 1.55910224e+00 1.05000000e+02
      vertex 8.40650371e+01 3.31628561e+00 1.22500000e+02
      vertex 8.06868068e+01 2.90172472e+00 1.22500000e+02
    endloop
  endfacet
  facet normal 1.44786701e-01 -9.88293166e-01 4.80981217e-02
    outer loop
      vertex 8.09391151e+01 1.99655098e+00 1.05000000e+02
      vertex 8.44091830e+01 2.50492209e+00 1.05000000e+02
      vertex 8.74341512e+01 3.79977299e+00 1.22500000e+02
    endloop
  endfacet
  facet normal 1.41878417e-01 -9.88659885e-01 4.92153038e-02
    outer loop
      vertex 8.09391151e+01 1.99655098e+00 1.05000000e+02
      vertex 8.74341512e+01 3.79977299e+00 1.22500000e+02
      vertex 8.40650371e+01 3.31628561e+00 1.22500000e+02
    endloop
  endfacet
  facet normal 1.47882385e-01 -9.87889500e-01 4.69588688e-02
    outer loop
      vertex 8.44091830e+01 2.50492209e+00 1.05000000e+02
      vertex 8.78776299e+01 3.02413217e+00 1.05000000e+02
      vertex 9.08017335e+01 4.29371103e+00 1.22500000e+02
    endloop
  endfacet
  facet normal 1.44953910e-01 -9.88270144e-01 4.80675154e-02
    outer loop
      vertex 8.44091830e+01 2.50492209e+00 1.05000000e+02
      vertex 9.08017335e+01 4.29371103e+00 1.22500000e+02
      vertex 8.74341512e+01 3.79977299e+00 1.22500000e+02
    endloop
  endfacet
  facet normal 1.50277269e-01 -9.87574759e-01 4.59656262e-02
    outer loop
      vertex 8.78776299e+01 3.02413217e+00 1.05000000e+02
      vertex 9.13448262e+01 3.55172849e+00 1.05000000e+02
      vertex 9.41681159e+01 4.79586187e+00 1.22500000e+02
    endloop
  endfacet
  facet normal 1.47370592e-01 -9.87961660e-01 4.70496200e-02
    outer loop
      vertex 8.78776299e+01 3.02413217e+00 1.05000000e+02
      vertex 9.41681159e+01 4.79586187e+00 1.22500000e+02
      vertex 9.08017335e+01 4.29371103e+00 1.22500000e+02
    endloop
  endfacet
  facet normal 1.46433817e-01 -9.88147590e-01 4.60595058e-02
    outer loop
      vertex 9.13448262e+01 3.55172849e+00 1.05000000e+02
      vertex 9.48140505e+01 4.06583363e+00 1.05000000e+02
      vertex 9.75364197e+01 5.28497161e+00 1.22500000e+02
    endloop
  endfacet
  facet normal 1.43542759e-01 -9.88521742e-01 4.71194346e-02
    outer loop
      vertex 9.13448262e+01 3.55172849e+00 1.05000000e+02
      vertex 9.75364197e+01 5.28497161e+00 1.22500000e+02
      vertex 9.41681159e+01 4.79586187e+00 1.22500000e+02
    endloop
  endfacet
  facet normal 1.41244048e-01 -9.88888720e-01 4.63596565e-02
    outer loop
      vertex 9.48140505e+01 4.06583363e+00 1.05000000e+02
      vertex 9.82858725e+01 4.56171773e+00 1.05000000e+02
      vertex 1.00907174e+02 5.75653086e+00 1.22500000e+02
    endloop
  endfacet
  facet normal 1.38392393e-01 -9.89243164e-01 4.73867847e-02
    outer loop
      vertex 9.48140505e+01 4.06583363e+00 1.05000000e+02
      vertex 1.00907174e+02 5.75653086e+00 1.22500000e+02
      vertex 9.75364197e+01 5.28497161e+00 1.22500000e+02
    endloop
  endfacet
  facet normal 1.35075382e-01 -9.89730448e-01 4.67790617e-02
    outer loop
      vertex 9.82858725e+01 4.56171773e+00 1.05000000e+02
      vertex 1.01760773e+02 5.03596146e+00 1.05000000e+02
      vertex 1.04280862e+02 6.20702339e+00 1.22500000e+02
    endloop
  endfacet
  facet normal 1.32205131e-01 -9.90069451e-01 4.77941982e-02
    outer loop
      vertex 9.82858725e+01 4.56171773e+00 1.05000000e+02
      vertex 1.04280862e+02 6.20702339e+00 1.22500000e+02
      vertex 1.00907174e+02 5.75653086e+00 1.22500000e+02
    endloop
  endfacet
  facet normal 1.18779765e-01 -9.91725085e-01 4.87106051e-02
    outer loop
      vertex 1.01760773e+02 5.03596146e+00 1.05000000e+02
      vertex 1.05242966e+02 5.45302673e+00 1.05000000e+02
      vertex 1.07661440e+02 6.60223771e+00 1.22500000e+02
    endloop
  endfacet
  facet normal 1.15973134e-01 -9.92009020e-01 4.96823604e-02
    outer loop
      vertex 1.01760773e+02 5.03596146e+00 1.05000000e+02
      vertex 1.07661440e+02 6.60223771e+00 1.22500000e+02
      vertex 1.04280862e+02 6.20702339e+00 1.22500000e+02
    endloop
  endfacet
  facet normal 1.07392605e-01 -9.92967502e-01 4.98233704e-02
    outer loop
      vertex 1.05242966e+02 5.45302673e+00 1.05000000e+02
      vertex 1.08729534e+02 5.83011025e+00 1.05000000e+02
      vertex 1.11046145e+02 6.95874324e+00 1.22500000e+02
    endloop
  endfacet
  facet normal 1.04613859e-01 -9.93216356e-01 5.07662428e-02
    outer loop
      vertex 1.05242966e+02 5.45302673e+00 1.05000000e+02
      vertex 1.11046145e+02 6.95874324e+00 1.22500000e+02
      vertex 1.07661440e+02 6.60223771e+00 1.22500000e+02
    endloop
  endfacet
  facet normal 9.34798890e-02 -9.94303028e-01 5.12152137e-02
    outer loop
      vertex 1.08729534e+02 5.83011025e+00 1.05000000e+02
      vertex 1.12221181e+02 6.15837909e+00 1.05000000e+02
      vertex 1.14435638e+02 7.26797385e+00 1.22500000e+02
    endloop
  endfacet
  facet normal 9.07312874e-02 -9.94510160e-01 5.21284497e-02
    outer loop
      vertex 1.08729534e+02 5.83011025e+00 1.05000000e+02
      vertex 1.14435638e+02 7.26797385e+00 1.22500000e+02
      vertex 1.11046145e+02 6.95874324e+00 1.22500000e+02
    endloop
  endfacet
  facet normal 6.80748438e-02 -9.96217084e-01 5.40123739e-02
    outer loop
      vertex 1.12221181e+02 6.15837909e+00 1.05000000e+02
      vertex 1.15720141e+02 6.39747475e+00 1.05000000e+02
      vertex 1.17831990e+02 7.49059026e+00 1.22500000e+02
    endloop
  endfacet
  facet normal 6.53067039e-02 -9.96353300e-01 5.49102581e-02
    outer loop
      vertex 1.12221181e+02 6.15837909e+00 1.05000000e+02
      vertex 1.17831990e+02 7.49059026e+00 1.22500000e+02
      vertex 1.14435638e+02 7.26797385e+00 1.22500000e+02
    endloop
  endfacet
  facet normal 4.39136387e-02 -9.97437243e-01 5.64848453e-02
    outer loop
      vertex 1.15720141e+02 6.39747475e+00 1.05000000e+02
      vertex 1.19223593e+02 6.55171935e+00 1.05000000e+02
      vertex 1.21232459e+02 7.63118720e+00 1.22500000e+02
    endloop
  endfacet
  facet normal 4.12430933e-02 -9.97502983e-01 5.73306738e-02
    outer loop
      vertex 1.15720141e+02 6.39747475e+00 1.05000000e+02
      vertex 1.21232459e+02 7.63118720e+00 1.22500000e+02
      vertex 1.17831990e+02 7.49059026e+00 1.22500000e+02
    endloop
  endfacet
  facet normal 1.45253961e-02 -9.98129192e-01 5.93896362e-02
    outer loop
      vertex 1.19223593e+02 6.55171935e+00 1.05000000e+02
      vertex 1.22729856e+02 6.60274467e+00 1.05000000e+02
      vertex 1.24635388e+02 7.67174180e+00 1.22500000e+02
    endloop
  endfacet
  facet normal 1.18950989e-02 -9.98115328e-01 6.02021563e-02
    outer loop
      vertex 1.19223593e+02 6.55171935e+00 1.05000000e+02
      vertex 1.24635388e+02 7.67174180e+00 1.22500000e+02
      vertex 1.21232459e+02 7.63118720e+00 1.22500000e+02
    endloop
  endfacet
  facet normal -2.50544254e-02 -9.97687868e-01 6.31758980e-02
    outer loop
      vertex 1.22729856e+02 6.60274467e+00 1.05000000e+02
      vertex 1.26235266e+02 6.51471510e+00 1.05000000e+02
      vertex 1.28037142e+02 7.57760589e+00 1.22500000e+02
    endloop
  endfacet
  facet normal -2.76055593e-02 -9.97571657e-01 6.39431156e-02
    outer loop
      vertex 1.22729856e+02 6.60274467e+00 1.05000000e+02
      vertex 1.28037142e+02 7.57760589e+00 1.22500000e+02
      vertex 1.24635388e+02 7.67174180e+00 1.22500000e+02
    endloop
  endfacet
  facet normal -9.54738499e-02 -9.92994877e-01 6.96126327e-02
    outer loop
      vertex 1.26235266e+02 6.51471510e+00 1.05000000e+02
      vertex 1.30125228e+02 6.14070548e+00 1.05000000e+02
      vertex 1.31811308e+02 7.20540831e+00 1.22500000e+02
    endloop
  endfacet
  facet normal -9.78977647e-02 -9.92705190e-01 7.03735337e-02
    outer loop
      vertex 1.26235266e+02 6.51471510e+00 1.05000000e+02
      vertex 1.31811308e+02 7.20540831e+00 1.22500000e+02
      vertex 1.28037142e+02 7.57760589e+00 1.22500000e+02
    endloop
  endfacet
  facet normal 3.02085354e-01 9.49215796e-01 -8.79420945e-02
    outer loop
      vertex 1.31811308e+02 7.20540831e+00 1.22500000e+02
      vertex 1.28568328e+02 8.23747786e+00 1.22500000e+02
      vertex 1.30355110e+02 9.29016380e+00 1.40000000e+02
    endloop
  endfacet
  facet normal 3.04376821e-01 9.48508941e-01 -8.76672115e-02
    outer loop
      vertex 1.31811308e+02 7.20540831e+00 1.22500000e+02
      vertex 1.30355110e+02 9.29016380e+00 1.40000000e+02
      vertex 1.33497096e+02 8.28189944e+00 1.40000000e+02
    endloop
  endfacet
  facet normal 2.89623213e-01 9.53146188e-01 -8.73540974e-02
    outer loop
      vertex 1.28568328e+02 8.23747786e+00 1.22500000e+02
      vertex 1.25311869e+02 9.22698625e+00 1.22500000e+02
      vertex 1.27199934e+02 1.02571214e+01 1.40000000e+02
    endloop
  endfacet
  facet normal 2.91901984e-01 9.52474203e-01 -8.70983586e-02
    outer loop
      vertex 1.28568328e+02 8.23747786e+00 1.22500000e+02
      vertex 1.27199934e+02 1.02571214e+01 1.40000000e+02
      vertex 1.30355110e+02 9.29016380e+00 1.40000000e+02
    endloop
  endfacet
  facet normal 2.75710930e-01 9.57336393e-01 -8.65477551e-02
    outer loop
      vertex 1.25311869e+02 9.22698625e+00 1.22500000e+02
      vertex 1.22041183e+02 1.01689371e+01 1.22500000e+02
      vertex 1.24030853e+02 1.11779995e+01 1.40000000e+02
    endloop
  endfacet
  facet normal 2.77998727e-01 9.56696128e-01 -8.63089053e-02
    outer loop
      vertex 1.25311869e+02 9.22698625e+00 1.22500000e+02
      vertex 1.24030853e+02 1.11779995e+01 1.40000000e+02
      vertex 1.27199934e+02 1.02571214e+01 1.40000000e+02
    endloop
  endfacet
  facet normal 2.74874131e-01 9.57544010e-01 -8.69119126e-02
    outer loop
      vertex 1.22041183e+02 1.01689371e+01 1.22500000e+02
      vertex 1.18769674e+02 1.11080619e+01 1.22500000e+02
      vertex 1.20860964e+02 1.20961282e+01 1.40000000e+02
    endloop
  endfacet
  facet normal 2.77158769e-01 9.56905580e-01 -8.66875268e-02
    outer loop
      vertex 1.22041183e+02 1.01689371e+01 1.22500000e+02
      vertex 1.20860964e+02 1.20961282e+01 1.40000000e+02
      vertex 1.24030853e+02 1.11779995e+01 1.40000000e+02
    endloop
  endfacet
  facet normal 2.76813350e-01 9.56926790e-01 -8.75527713e-02
    outer loop
      vertex 1.18769674e+02 1.11080619e+01 1.22500000e+02
      vertex 1.15500092e+02 1.20538646e+01 1.22500000e+02
      vertex 1.17692943e+02 1.30206712e+01 1.40000000e+02
    endloop
  endfacet
  facet normal 2.79079248e-01 9.56287555e-01 -8.73434930e-02
    outer loop
      vertex 1.18769674e+02 1.11080619e+01 1.22500000e+02
      vertex 1.17692943e+02 1.30206712e+01 1.40000000e+02
      vertex 1.20860964e+02 1.20961282e+01 1.40000000e+02
    endloop
  endfacet
  facet normal 2.78393216e-01 9.56412380e-01 -8.81622151e-02
    outer loop
      vertex 1.15500092e+02 1.20538646e+01 1.22500000e+02
      vertex 1.12232091e+02 1.30051166e+01 1.22500000e+02
      vertex 1.14526447e+02 1.39504260e+01 1.40000000e+02
    endloop
  endfacet
  facet normal 2.80636994e-01 9.55774277e-01 -8.79682240e-02
    outer loop
      vertex 1.15500092e+02 1.20538646e+01 1.22500000e+02
      vertex 1.14526447e+02 1.39504260e+01 1.40000000e+02
      vertex 1.17692943e+02 1.30206712e+01 1.40000000e+02
    endloop
  endfacet
  facet normal 2.79126587e-01 9.56150726e-01 -8.86799753e-02
    outer loop
      vertex 1.12232091e+02 1.30051166e+01 1.22500000e+02
      vertex 1.08964835e+02 1.39589182e+01 1.22500000e+02
      vertex 1.11360660e+02 1.48825815e+01 1.40000000e+02
    endloop
  endfacet
  facet normal 2.81348393e-01 9.55515889e-01 -8.85012303e-02
    outer loop
      vertex 1.12232091e+02 1.30051166e+01 1.22500000e+02
      vertex 1.11360660e+02 1.48825815e+01 1.40000000e+02
      vertex 1.14526447e+02 1.39504260e+01 1.40000000e+02
    endloop
  endfacet
  facet normal 2.78119341e-01 9.56415567e-01 -8.89881803e-02
    outer loop
      vertex 1.08964835e+02 1.39589182e+01 1.22500000e+02
      vertex 1.05696586e+02 1.49093036e+01 1.22500000e+02
      vertex 1.08193883e+02 1.58113661e+01 1.40000000e+02
    endloop
  endfacet
  facet normal 2.80323015e-01 9.55787215e-01 -8.88245850e-02
    outer loop
      vertex 1.08964835e+02 1.39589182e+01 1.22500000e+02
      vertex 1.08193883e+02 1.58113661e+01 1.40000000e+02
      vertex 1.11360660e+02 1.48825815e+01 1.40000000e+02
    endloop
  endfacet
  facet normal 2.73901614e-01 9.57641917e-01 -8.88811780e-02
    outer loop
      vertex 1.05696586e+02 1.49093036e+01 1.22500000e+02
      vertex 1.02424184e+02 1.58452652e+01 1.22500000e+02
      vertex 1.05023046e+02 1.67261667e+01 1.40000000e+02
    endloop
  endfacet
  facet normal 2.76105346e-01 9.57022705e-01 -8.87320736e-02
    outer loop
      vertex 1.05696586e+02 1.49093036e+01 1.22500000e+02
      vertex 1.05023046e+02 1.67261667e+01 1.40000000e+02
      vertex 1.08193883e+02 1.58113661e+01 1.40000000e+02
    endloop
  endfacet
  facet normal 2.67907110e-01 9.59370652e-01 -8.85083715e-02
    outer loop
      vertex 1.02424184e+02 1.58452652e+01 1.22500000e+02
      vertex 9.91460346e+01 1.67606982e+01 1.22500000e+02
      vertex 1.01846584e+02 1.76210541e+01 1.40000000e+02
    endloop
  endfacet
  facet normal 2.70107857e-01 9.58765727e-01 -8.83743503e-02
    outer loop
      vertex 1.02424184e+02 1.58452652e+01 1.22500000e+02
      vertex 1.01846584e+02 1.76210541e+01 1.40000000e+02
      vertex 1.05023046e+02 1.67261667e+01 1.40000000e+02
    endloop
  endfacet
  facet normal 2.60421276e-01 9.61486743e-01 -8.78862957e-02
    outer loop
      vertex 9.91460346e+01 1.67606982e+01 1.22500000e+02
      vertex 9.58608170e+01 1.76505083e+01 1.22500000e+02
      vertex 9.86632063e+01 1.84910902e+01 1.40000000e+02
    endloop
  endfacet
  facet normal 2.62619572e-01 9.60899481e-01 -8.77675760e-02
    outer loop
      vertex 9.91460346e+01 1.67606982e+01 1.22500000e+02
      vertex 9.86632063e+01 1.84910902e+01 1.40000000e+02
      vertex 1.01846584e+02 1.76210541e+01 1.40000000e+02
    endloop
  endfacet
  facet normal 2.42215047e-01 9.66435107e-01 -8.56449319e-02
    outer loop
      vertex 9.58608170e+01 1.76505083e+01 1.22500000e+02
      vertex 9.25592978e+01 1.84779592e+01 1.22500000e+02
      vertex 9.54639151e+01 1.93008228e+01 1.40000000e+02
    endloop
  endfacet
  facet normal 2.44461438e-01 9.65878490e-01 -8.55414925e-02
    outer loop
      vertex 9.58608170e+01 1.76505083e+01 1.22500000e+02
      vertex 9.54639151e+01 1.93008228e+01 1.40000000e+02
      vertex 9.86632063e+01 1.84910902e+01 1.40000000e+02
    endloop
  endfacet
  facet normal 2.18275101e-01 9.72403450e-01 -8.23863487e-02
    outer loop
      vertex 9.25592978e+01 1.84779592e+01 1.22500000e+02
      vertex 8.92387717e+01 1.92233167e+01 1.22500000e+02
      vertex 9.22459999e+01 2.00309630e+01 1.40000000e+02
    endloop
  endfacet
  facet normal 2.20523389e-01 9.71903217e-01 -8.23017059e-02
    outer loop
      vertex 9.25592978e+01 1.84779592e+01 1.22500000e+02
      vertex 9.22459999e+01 2.00309630e+01 1.40000000e+02
      vertex 9.54639151e+01 1.93008228e+01 1.40000000e+02
    endloop
  endfacet
  facet normal 1.87116382e-01 9.79252832e-01 -7.77904219e-02
    outer loop
      vertex 8.92387717e+01 1.92233167e+01 1.22500000e+02
      vertex 8.58969924e+01 1.98618664e+01 1.22500000e+02
      vertex 8.90072624e+01 2.06577282e+01 1.40000000e+02
    endloop
  endfacet
  facet normal 1.89421673e-01 9.78814797e-01 -7.77240208e-02
    outer loop
      vertex 8.92387717e+01 1.92233167e+01 1.22500000e+02
      vertex 8.90072624e+01 2.06577282e+01 1.40000000e+02
      vertex 9.22459999e+01 2.00309630e+01 1.40000000e+02
    endloop
  endfacet
  facet normal 1.46392010e-01 9.86650223e-01 -7.13492654e-02
    outer loop
      vertex 8.58969924e+01 1.98618664e+01 1.22500000e+02
      vertex 8.25304173e+01 2.03613744e+01 1.22500000e+02
      vertex 8.57442165e+01 2.11500406e+01 1.40000000e+02
    endloop
  endfacet
  facet normal 1.48806948e-01 9.86292320e-01 -7.13018376e-02
    outer loop
      vertex 8.58969924e+01 1.98618664e+01 1.22500000e+02
      vertex 8.57442165e+01 2.11500406e+01 1.40000000e+02
      vertex 8.90072624e+01 2.06577282e+01 1.40000000e+02
    endloop
  endfacet
  facet normal 8.24993828e-02 9.94755009e-01 -6.04675477e-02
    outer loop
      vertex 8.25304173e+01 2.03613744e+01 1.22500000e+02
      vertex 7.91384183e+01 2.06426877e+01 1.22500000e+02
      vertex 8.24560389e+01 2.14313045e+01 1.40000000e+02
    endloop
  endfacet
  facet normal 8.50708762e-02 9.94539860e-01 -6.04434644e-02
    outer loop
      vertex 8.25304173e+01 2.03613744e+01 1.22500000e+02
      vertex 8.24560389e+01 2.14313045e+01 1.40000000e+02
      vertex 8.57442165e+01 2.11500406e+01 1.40000000e+02
    endloop
  endfacet
  facet normal 4.56164848e-02 9.97493154e-01 -5.40975382e-02
    outer loop
      vertex 7.91384183e+01 2.06426877e+01 1.22500000e+02
      vertex 7.57392477e+01 2.07981356e+01 1.22500000e+02
      vertex 7.91605995e+01 2.15907595e+01 1.40000000e+02
    endloop
  endfacet
  facet normal 4.82592723e-02 9.97368971e-01 -5.40941603e-02
    outer loop
      vertex 7.91384183e+01 2.06426877e+01 1.22500000e+02
      vertex 7.91605995e+01 2.15907595e+01 1.40000000e+02
      vertex 8.24560389e+01 2.14313045e+01 1.40000000e+02
    endloop
  endfacet
  facet normal 1.39550762e-02 9.98727047e-01 -4.84720679e-02
    outer loop
      vertex 7.57392477e+01 2.07981356e+01 1.22500000e+02
      vertex 7.23366799e+01 2.08456793e+01 1.22500000e+02
      vertex 7.58615935e+01 2.16457685e+01 1.40000000e+02
    endloop
  endfacet
  facet normal 1.66524816e-02 9.98684897e-01 -4.84888844e-02
    outer loop
      vertex 7.57392477e+01 2.07981356e+01 1.22500000e+02
      vertex 7.58615935e+01 2.16457685e+01 1.40000000e+02
      vertex 7.91605995e+01 2.15907595e+01 1.40000000e+02
    endloop
  endfacet
  facet normal -1.53481112e-02 9.98953043e-01 -4.30958640e-02
    outer loop
      vertex 7.23366799e+01 2.08456793e+01 1.22500000e+02
      vertex 6.89336769e+01 2.07933948e+01 1.22500000e+02
      vertex 7.25619019e+01 2.16041076e+01 1.40000000e+02
    endloop
  endfacet
  facet normal -1.26129195e-02 9.98989734e-01 -4.31326556e-02
    outer loop
      vertex 7.23366799e+01 2.08456793e+01 1.22500000e+02
      vertex 7.25619019e+01 2.16041076e+01 1.40000000e+02
      vertex 7.58615935e+01 2.16457685e+01 1.40000000e+02
    endloop
  endfacet
  facet normal -5.18412138e-02 9.98005917e-01 -3.60094197e-02
    outer loop
      vertex 6.89336769e+01 2.07933948e+01 1.22500000e+02
      vertex 6.55346191e+01 2.06168315e+01 1.22500000e+02
      vertex 6.92657014e+01 2.14420657e+01 1.40000000e+02
    endloop
  endfacet
  facet normal -4.90689652e-02 9.98143977e-01 -3.60671345e-02
    outer loop
      vertex 6.89336769e+01 2.07933948e+01 1.22500000e+02
      vertex 6.92657014e+01 2.14420657e+01 1.40000000e+02
      vertex 7.25619019e+01 2.16041076e+01 1.40000000e+02
    endloop
  endfacet
  facet normal -8.36218692e-02 9.96055704e-01 -2.96718373e-02
    outer loop
      vertex 6.55346191e+01 2.06168315e+01 1.22500000e+02
      vertex 6.21433181e+01 2.03321216e+01 1.22500000e+02
      vertex 6.59767222e+01 2.11752607e+01 1.40000000e+02
    endloop
  endfacet
  facet normal -8.08195279e-02 9.96284671e-01 -2.97499393e-02
    outer loop
      vertex 6.55346191e+01 2.06168315e+01 1.22500000e+02
      vertex 6.59767222e+01 2.11752607e+01 1.40000000e+02
      vertex 6.92657014e+01 2.14420657e+01 1.40000000e+02
    endloop
  endfacet
  facet normal -1.13282026e-01 9.93283128e-01 -2.35756277e-02
    outer loop
      vertex 6.21433181e+01 2.03321216e+01 1.22500000e+02
      vertex 5.87622697e+01 1.99465195e+01 1.22500000e+02
      vertex 6.26973988e+01 2.08106768e+01 1.40000000e+02
    endloop
  endfacet
  facet normal -1.10464814e-01 9.93598054e-01 -2.36734375e-02
    outer loop
      vertex 6.21433181e+01 2.03321216e+01 1.22500000e+02
      vertex 6.26973988e+01 2.08106768e+01 1.40000000e+02
      vertex 6.59767222e+01 2.11752607e+01 1.40000000e+02
    endloop
  endfacet
  facet normal -1.45378186e-01 9.89235284e-01 -1.66953618e-02
    outer loop
      vertex 5.87622697e+01 1.99465195e+01 1.22500000e+02
      vertex 5.53954701e+01 1.94517341e+01 1.22500000e+02
      vertex 5.94315854e+01 2.03402304e+01 1.40000000e+02
    endloop
  endfacet
  facet normal -1.42559939e-01 9.89643375e-01 -1.68123313e-02
    outer loop
      vertex 5.87622697e+01 1.99465195e+01 1.22500000e+02
      vertex 5.94315854e+01 2.03402304e+01 1.40000000e+02
      vertex 6.26973988e+01 2.08106768e+01 1.40000000e+02
    endloop
  endfacet
  facet normal -1.81308429e-01 9.83388281e-01 -8.64539172e-03
    outer loop
      vertex 5.53954701e+01 1.94517341e+01 1.22500000e+02
      vertex 5.20488259e+01 1.88347094e+01 1.22500000e+02
      vertex 5.61849878e+01 1.97511484e+01 1.40000000e+02
    endloop
  endfacet
  facet normal -1.78524020e-01 9.83896382e-01 -8.77970446e-03
    outer loop
      vertex 5.53954701e+01 1.94517341e+01 1.22500000e+02
      vertex 5.61849878e+01 1.97511484e+01 1.40000000e+02
      vertex 5.94315854e+01 2.03402304e+01 1.40000000e+02
    endloop
  endfacet
  facet normal -2.23737038e-01 9.74648653e-01 1.31964004e-03
    outer loop
      vertex 5.20488259e+01 1.88347094e+01 1.22500000e+02
      vertex 4.87319679e+01 1.80733028e+01 1.22500000e+02
      vertex 5.29669259e+01 1.90217710e+01 1.40000000e+02
    endloop
  endfacet
  facet normal -2.21044493e-01 9.75263020e-01 1.17181435e-03
    outer loop
      vertex 5.20488259e+01 1.88347094e+01 1.22500000e+02
      vertex 5.29669259e+01 1.90217710e+01 1.40000000e+02
      vertex 5.61849878e+01 1.97511484e+01 1.40000000e+02
    endloop
  endfacet
  facet normal -2.75410796e-01 9.61223787e-01 1.40614300e-02
    outer loop
      vertex 4.87319679e+01 1.80733028e+01 1.22500000e+02
      vertex 4.54605782e+01 1.71359809e+01 1.22500000e+02
      vertex 4.97926226e+01 1.81212008e+01 1.40000000e+02
    endloop
  endfacet
  facet normal -2.72908391e-01 9.61939490e-01 1.39078032e-02
    outer loop
      vertex 4.87319679e+01 1.80733028e+01 1.22500000e+02
      vertex 4.97926226e+01 1.81212008e+01 1.40000000e+02
      vertex 5.29669259e+01 1.90217710e+01 1.40000000e+02
    endloop
  endfacet
  facet normal -3.36767843e-01 9.41112263e-01 2.99187032e-02
    outer loop
      vertex 4.54605782e+01 1.71359809e+01 1.22500000e+02
      vertex 4.22569576e+01 1.59895966e+01 1.22500000e+02
      vertex 4.66836562e+01 1.70173086e+01 1.40000000e+02
    endloop
  endfacet
  facet normal -3.34452898e-01 9.41942381e-01 2.97625406e-02
    outer loop
      vertex 4.54605782e+01 1.71359809e+01 1.22500000e+02
      vertex 4.66836562e+01 1.70173086e+01 1.40000000e+02
      vertex 4.97926226e+01 1.81212008e+01 1.40000000e+02
    endloop
  endfacet
  facet normal -4.08456601e-01 9.11444190e-01 4.93223413e-02
    outer loop
      vertex 4.22569576e+01 1.59895966e+01 1.22500000e+02
      vertex 3.91528781e+01 1.45985275e+01 1.22500000e+02
      vertex 4.36705453e+01 1.56760812e+01 1.40000000e+02
    endloop
  endfacet
  facet normal -4.06170137e-01 9.12474382e-01 4.91561049e-02
    outer loop
      vertex 4.22569576e+01 1.59895966e+01 1.22500000e+02
      vertex 4.36705453e+01 1.56760812e+01 1.40000000e+02
      vertex 4.66836562e+01 1.70173086e+01 1.40000000e+02
    endloop
  endfacet
  facet normal -4.98876271e-01 8.63416374e-01 7.50641889e-02
    outer loop
      vertex 3.91528781e+01 1.45985275e+01 1.22500000e+02
      vertex 3.62087046e+01 1.28974036e+01 1.22500000e+02
      vertex 4.08109515e+01 1.40351264e+01 1.40000000e+02
    endloop
  endfacet
  facet normal -4.96319146e-01 8.64905665e-01 7.48698556e-02
    outer loop
      vertex 3.91528781e+01 1.45985275e+01 1.22500000e+02
      vertex 4.08109515e+01 1.40351264e+01 1.40000000e+02
      vertex 4.36705453e+01 1.56760812e+01 1.40000000e+02
    endloop
  endfacet
  facet normal -6.59428199e-01 7.41397178e-01 1.24437433e-01
    outer loop
      vertex 3.62087046e+01 1.28974036e+01 1.22500000e+02
      vertex 3.36735793e+01 1.06425621e+01 1.22500000e+02
      vertex 3.83437202e+01 1.18591401e+01 1.40000000e+02
    endloop
  endfacet
  facet normal -6.56330165e-01 7.44176738e-01 1.24224380e-01
    outer loop
      vertex 3.62087046e+01 1.28974036e+01 1.22500000e+02
      vertex 3.83437202e+01 1.18591401e+01 1.40000000e+02
      vertex 4.08109515e+01 1.40351264e+01 1.40000000e+02
    endloop
  endfacet
  facet normal -9.65166811e-01 -3.23792970e-02 2.59623973e-01
    outer loop
      vertex 3.36735793e+01 1.06425621e+01 1.22500000e+02
      vertex 3.37673538e+01 7.84731814e+00 1.22500000e+02
      vertex 3.84309355e+01 9.15325392e+00 1.40000000e+02
    endloop
  endfacet
  facet normal -9.65178637e-01 -3.11093505e-02 2.59735264e-01
    outer loop
      vertex 3.36735793e+01 1.06425621e+01 1.22500000e+02
      vertex 3.84309355e+01 9.15325392e+00 1.40000000e+02
      vertex 3.83437202e+01 1.18591401e+01 1.40000000e+02
    endloop
  endfacet
  facet normal -4.10352077e-01 -8.94814176e-01 1.75837317e-01
    outer loop
      vertex 3.37673538e+01 7.84731814e+00 1.22500000e+02
      vertex 3.68521165e+01 6.43267945e+00 1.22500000e+02
      vertex 4.14197876e+01 7.77686885e+00 1.40000000e+02
    endloop
  endfacet
  facet normal -4.11722812e-01 -8.94065629e-01 1.76439728e-01
    outer loop
      vertex 3.37673538e+01 7.84731814e+00 1.22500000e+02
      vertex 4.14197876e+01 7.77686885e+00 1.40000000e+02
      vertex 3.84309355e+01 9.15325392e+00 1.40000000e+02
    endloop
  endfacet
  facet normal -2.80883397e-01 -9.48601530e-01 1.45806908e-01
    outer loop
      vertex 3.68521165e+01 6.43267945e+00 1.22500000e+02
      vertex 4.01141997e+01 5.46676807e+00 1.22500000e+02
      vertex 4.45808566e+01 6.83405566e+00 1.40000000e+02
    endloop
  endfacet
  facet normal -2.82727508e-01 -9.47930299e-01 1.46605950e-01
    outer loop
      vertex 3.68521165e+01 6.43267945e+00 1.22500000e+02
      vertex 4.45808566e+01 6.83405566e+00 1.40000000e+02
      vertex 4.14197876e+01 7.77686885e+00 1.40000000e+02
    endloop
  endfacet
  facet normal -2.22175035e-01 -9.66058929e-01 1.31789227e-01
    outer loop
      vertex 4.01141997e+01 5.46676807e+00 1.22500000e+02
      vertex 4.34304080e+01 4.70410372e+00 1.22500000e+02
      vertex 4.77946863e+01 6.08774373e+00 1.40000000e+02
    endloop
  endfacet
  facet normal -2.24200805e-01 -9.65471902e-01 1.32657477e-01
    outer loop
      vertex 4.01141997e+01 5.46676807e+00 1.22500000e+02
      vertex 4.77946863e+01 6.08774373e+00 1.40000000e+02
      vertex 4.45808566e+01 6.83405566e+00 1.40000000e+02
    endloop
  endfacet
  facet normal -1.80529726e-01 -9.76002249e-01 1.21772851e-01
    outer loop
      vertex 4.34304080e+01 4.70410372e+00 1.22500000e+02
      vertex 4.67767495e+01 4.08513576e+00 1.22500000e+02
      vertex 5.10379670e+01 5.48036663e+00 1.40000000e+02
    endloop
  endfacet
  facet normal -1.82681901e-01 -9.75487348e-01 1.22685599e-01
    outer loop
      vertex 4.34304080e+01 4.70410372e+00 1.22500000e+02
      vertex 5.10379670e+01 5.48036663e+00 1.40000000e+02
      vertex 4.77946863e+01 6.08774373e+00 1.40000000e+02
    endloop
  endfacet
  facet normal -1.48358427e-01 -9.82339428e-01 1.14013272e-01
    outer loop
      vertex 4.67767495e+01 4.08513576e+00 1.22500000e+02
      vertex 5.01418050e+01 3.57692616e+00 1.22500000e+02
      vertex 5.42995938e+01 4.98009619e+00 1.40000000e+02
    endloop
  endfacet
  facet normal -1.50602632e-01 -9.81888086e-01 1.14954922e-01
    outer loop
      vertex 4.67767495e+01 4.08513576e+00 1.22500000e+02
      vertex 5.42995938e+01 4.98009619e+00 1.40000000e+02
      vertex 5.10379670e+01 5.48036663e+00 1.40000000e+02
    endloop
  endfacet
  facet normal -1.21944397e-01 -9.86682691e-01 1.07642144e-01
    outer loop
      vertex 5.01418050e+01 3.57692616e+00 1.22500000e+02
      vertex 5.35193639e+01 3.15949267e+00 1.22500000e+02
      vertex 5.75735204e+01 4.56760075e+00 1.40000000e+02
    endloop
  endfacet
  facet normal -1.24266383e-01 -9.86287300e-01 1.08605838e-01
    outer loop
      vertex 5.01418050e+01 3.57692616e+00 1.22500000e+02
      vertex 5.75735204e+01 4.56760075e+00 1.40000000e+02
      vertex 5.42995938e+01 4.98009619e+00 1.40000000e+02
    endloop
  endfacet
  facet normal -9.90819238e-02 -9.89823094e-01 1.02142129e-01
    outer loop
      vertex 5.35193639e+01 3.15949267e+00 1.22500000e+02
      vertex 5.69057782e+01 2.82051045e+00 1.22500000e+02
      vertex 6.08561916e+01 4.23093692e+00 1.40000000e+02
    endloop
  endfacet
  facet normal -1.01478798e-01 -9.89478198e-01 1.03125895e-01
    outer loop
      vertex 5.35193639e+01 3.15949267e+00 1.22500000e+02
      vertex 6.08561916e+01 4.23093692e+00 1.40000000e+02
      vertex 5.75735204e+01 4.56760075e+00 1.40000000e+02
    endloop
  endfacet
  facet normal -7.85394781e-02 -9.92158706e-01 9.72247560e-02
    outer loop
      vertex 5.69057782e+01 2.82051045e+00 1.22500000e+02
      vertex 6.02987610e+01 2.55192126e+00 1.22500000e+02
      vertex 6.41453806e+01 3.96230221e+00 1.40000000e+02
    endloop
  endfacet
  facet normal -8.10073385e-02 -9.91861585e-01 9.82263033e-02
    outer loop
      vertex 5.69057782e+01 2.82051045e+00 1.22500000e+02
      vertex 6.41453806e+01 3.96230221e+00 1.40000000e+02
      vertex 6.08561916e+01 4.23093692e+00 1.40000000e+02
    endloop
  endfacet
  facet normal -5.06681874e-02 -9.94577404e-01 9.08213728e-02
    outer loop
      vertex 6.02987610e+01 2.55192126e+00 1.22500000e+02
      vertex 6.36979955e+01 2.37874917e+00 1.22500000e+02
      vertex 6.74408574e+01 3.78611072e+00 1.40000000e+02
    endloop
  endfacet
  facet normal -5.31628408e-02 -9.94355117e-01 9.18238135e-02
    outer loop
      vertex 6.02987610e+01 2.55192126e+00 1.22500000e+02
      vertex 6.74408574e+01 3.78611072e+00 1.40000000e+02
      vertex 6.41453806e+01 3.96230221e+00 1.40000000e+02
    endloop
  endfacet
  facet normal -2.88755846e-02 -9.95895863e-01 8.57766286e-02
    outer loop
      vertex 6.36979955e+01 2.37874917e+00 1.22500000e+02
      vertex 6.70998656e+01 2.28011336e+00 1.22500000e+02
      vertex 7.07390620e+01 3.68187346e+00 1.40000000e+02
    endloop
  endfacet
  facet normal -3.14692278e-02 -9.95727933e-01 8.68076674e-02
    outer loop
      vertex 6.36979955e+01 2.37874917e+00 1.22500000e+02
      vertex 7.07390620e+01 3.68187346e+00 1.40000000e+02
      vertex 6.74408574e+01 3.78611072e+00 1.40000000e+02
    endloop
  endfacet
  facet normal -6.40470293e-03 -9.96720745e-01 8.06643445e-02
    outer loop
      vertex 6.70998656e+01 2.28011336e+00 1.22500000e+02
      vertex 7.05028476e+01 2.25824657e+00 1.22500000e+02
      vertex 7.40385405e+01 3.65179734e+00 1.40000000e+02
    endloop
  endfacet
  facet normal -9.08455023e-03 -9.96614044e-01 8.17185290e-02
    outer loop
      vertex 6.70998656e+01 2.28011336e+00 1.22500000e+02
      vertex 7.40385405e+01 3.65179734e+00 1.40000000e+02
      vertex 7.07390620e+01 3.68187346e+00 1.40000000e+02
    endloop
  endfacet
  facet normal 1.96437710e-02 -9.96996067e-01 7.49197200e-02
    outer loop
      vertex 7.05028476e+01 2.25824657e+00 1.22500000e+02
      vertex 7.39058310e+01 2.32529541e+00 1.22500000e+02
      vertex 7.73382470e+01 3.70796956e+00 1.40000000e+02
    endloop
  endfacet
  facet normal 1.69717548e-02 -9.96966347e-01 7.59609321e-02
    outer loop
      vertex 7.05028476e+01 2.25824657e+00 1.22500000e+02
      vertex 7.73382470e+01 3.70796956e+00 1.40000000e+02
      vertex 7.40385405e+01 3.65179734e+00 1.40000000e+02
    endloop
  endfacet
  facet normal 7.06337981e-02 -9.95431317e-01 6.42445287e-02
    outer loop
      vertex 7.39058310e+01 2.32529541e+00 1.22500000e+02
      vertex 7.73006991e+01 2.56618839e+00 1.22500000e+02
      vertex 8.06305818e+01 3.93190946e+00 1.40000000e+02
    endloop
  endfacet
  facet normal 6.77165844e-02 -9.95560276e-01 6.53773700e-02
    outer loop
      vertex 7.39058310e+01 2.32529541e+00 1.22500000e+02
      vertex 8.06305818e+01 3.93190946e+00 1.40000000e+02
      vertex 7.73382470e+01 3.70796956e+00 1.40000000e+02
    endloop
  endfacet
  facet normal 9.84417271e-02 -9.93437294e-01 5.82371795e-02
    outer loop
      vertex 7.73006991e+01 2.56618839e+00 1.22500000e+02
      vertex 8.06868068e+01 2.90172472e+00 1.22500000e+02
      vertex 8.39147191e+01 4.24746834e+00 1.40000000e+02
    endloop
  endfacet
  facet normal 9.54765019e-02 -9.93659072e-01 5.93791754e-02
    outer loop
      vertex 7.73006991e+01 2.56618839e+00 1.22500000e+02
      vertex 8.39147191e+01 4.24746834e+00 1.40000000e+02
      vertex 8.06305818e+01 3.93190946e+00 1.40000000e+02
    endloop
  endfacet
  facet normal 1.21629056e-01 -9.91147410e-01 5.32276647e-02
    outer loop
      vertex 8.06868068e+01 2.90172472e+00 1.22500000e+02
      vertex 8.40650371e+01 3.31628561e+00 1.22500000e+02
      vertex 8.71914376e+01 4.63974694e+00 1.40000000e+02
    endloop
  endfacet
  facet normal 1.18692439e-01 -9.91442558e-01 5.43484981e-02
    outer loop
      vertex 8.06868068e+01 2.90172472e+00 1.22500000e+02
      vertex 8.71914376e+01 4.63974694e+00 1.40000000e+02
      vertex 8.39147191e+01 4.24746834e+00 1.40000000e+02
    endloop
  endfacet
  facet normal 1.41880825e-01 -9.88676663e-01 4.88701028e-02
    outer loop
      vertex 8.40650371e+01 3.31628561e+00 1.22500000e+02
      vertex 8.74341512e+01 3.79977299e+00 1.22500000e+02
      vertex 9.04595027e+01 5.09895018e+00 1.40000000e+02
    endloop
  endfacet
  facet normal 1.38971528e-01 -9.89034857e-01 4.99696422e-02
    outer loop
      vertex 8.40650371e+01 3.31628561e+00 1.22500000e+02
      vertex 9.04595027e+01 5.09895018e+00 1.40000000e+02
      vertex 8.71914376e+01 4.63974694e+00 1.40000000e+02
    endloop
  endfacet
  facet normal 1.44956102e-01 -9.88285091e-01 4.77525728e-02
    outer loop
      vertex 8.74341512e+01 3.79977299e+00 1.22500000e+02
      vertex 9.08017335e+01 4.29371103e+00 1.22500000e+02
      vertex 9.37261224e+01 5.56821983e+00 1.40000000e+02
    endloop
  endfacet
  facet normal 1.42026558e-01 -9.88657056e-01 4.88434532e-02
    outer loop
      vertex 8.74341512e+01 3.79977299e+00 1.22500000e+02
      vertex 9.37261224e+01 5.56821983e+00 1.40000000e+02
      vertex 9.04595027e+01 5.09895018e+00 1.40000000e+02
    endloop
  endfacet
  facet normal 1.47372507e-01 -9.87974497e-01 4.67732510e-02
    outer loop
      vertex 9.08017335e+01 4.29371103e+00 1.22500000e+02
      vertex 9.41681159e+01 4.79586187e+00 1.22500000e+02
      vertex 9.69915925e+01 6.04552440e+00 1.40000000e+02
    endloop
  endfacet
  facet normal 1.44464751e-01 -9.88352825e-01 4.78396144e-02
    outer loop
      vertex 9.08017335e+01 4.29371103e+00 1.22500000e+02
      vertex 9.69915925e+01 6.04552440e+00 1.40000000e+02
      vertex 9.37261224e+01 5.56821983e+00 1.40000000e+02
    endloop
  endfacet
  facet normal 1.43544371e-01 -9.88532841e-01 4.68810895e-02
    outer loop
      vertex 9.41681159e+01 4.79586187e+00 1.22500000e+02
      vertex 9.75364197e+01 5.28497161e+00 1.22500000e+02
      vertex 1.00258880e+02 6.51023487e+00 1.40000000e+02
    endloop
  endfacet
  facet normal 1.40652281e-01 -9.88898516e-01 4.79234860e-02
    outer loop
      vertex 9.41681159e+01 4.79586187e+00 1.22500000e+02
      vertex 1.00258880e+02 6.51023487e+00 1.40000000e+02
      vertex 9.69915925e+01 6.04552440e+00 1.40000000e+02
    endloop
  endfacet
  facet normal 1.38393678e-01 -9.89252347e-01 4.71909317e-02
    outer loop
      vertex 9.75364197e+01 5.28497161e+00 1.22500000e+02
      vertex 1.00907174e+02 5.75653086e+00 1.22500000e+02
      vertex 1.03528477e+02 6.95805746e+00 1.40000000e+02
    endloop
  endfacet
  facet normal 1.35541074e-01 -9.89598556e-01 4.82007720e-02
    outer loop
      vertex 9.75364197e+01 5.28497161e+00 1.22500000e+02
      vertex 1.03528477e+02 6.95805746e+00 1.40000000e+02
      vertex 1.00258880e+02 6.51023487e+00 1.40000000e+02
    endloop
  endfacet
  facet normal 1.32206173e-01 -9.90077252e-01 4.76294238e-02
    outer loop
      vertex 1.00907174e+02 5.75653086e+00 1.22500000e+02
      vertex 1.04280862e+02 6.20702339e+00 1.22500000e+02
      vertex 1.06800866e+02 7.38539094e+00 1.40000000e+02
    endloop
  endfacet
  facet normal 1.29335013e-01 -9.90407923e-01 4.86271578e-02
    outer loop
      vertex 1.00907174e+02 5.75653086e+00 1.22500000e+02
      vertex 1.06800866e+02 7.38539094e+00 1.40000000e+02
      vertex 1.03528477e+02 6.95805746e+00 1.40000000e+02
    endloop
  endfacet
  facet normal 1.15973808e-01 -9.92014789e-01 4.95654565e-02
    outer loop
      vertex 1.04280862e+02 6.20702339e+00 1.22500000e+02
      vertex 1.07661440e+02 6.60223771e+00 1.22500000e+02
      vertex 1.10079753e+02 7.75933380e+00 1.40000000e+02
    endloop
  endfacet
  facet normal 1.13166468e-01 -9.92290814e-01 5.05201958e-02
    outer loop
      vertex 1.04280862e+02 6.20702339e+00 1.22500000e+02
      vertex 1.10079753e+02 7.75933380e+00 1.40000000e+02
      vertex 1.06800866e+02 7.38539094e+00 1.40000000e+02
    endloop
  endfacet
  facet normal 1.04614270e-01 -9.93220261e-01 5.06889239e-02
    outer loop
      vertex 1.07661440e+02 6.60223771e+00 1.22500000e+02
      vertex 1.11046145e+02 6.95874324e+00 1.22500000e+02
      vertex 1.13362528e+02 8.09583530e+00 1.40000000e+02
    endloop
  endfacet
  facet normal 1.01834932e-01 -9.93461395e-01 5.16149472e-02
    outer loop
      vertex 1.07661440e+02 6.60223771e+00 1.22500000e+02
      vertex 1.13362528e+02 8.09583530e+00 1.40000000e+02
      vertex 1.10079753e+02 7.75933380e+00 1.40000000e+02
    endloop
  endfacet
  facet normal 9.07314661e-02 -9.94512119e-01 5.20907460e-02
    outer loop
      vertex 1.11046145e+02 6.95874324e+00 1.22500000e+02
      vertex 1.14435638e+02 7.26797385e+00 1.22500000e+02
      vertex 1.16649808e+02 8.38659574e+00 1.40000000e+02
    endloop
  endfacet
  facet normal 8.79824081e-02 -9.94711738e-01 5.29873072e-02
    outer loop
      vertex 1.11046145e+02 6.95874324e+00 1.22500000e+02
      vertex 1.16649808e+02 8.38659574e+00 1.40000000e+02
      vertex 1.13362528e+02 8.09583530e+00 1.40000000e+02
    endloop
  endfacet
  facet normal 6.53067310e-02 -9.96353712e-01 5.49027399e-02
    outer loop
      vertex 1.14435638e+02 7.26797385e+00 1.22500000e+02
      vertex 1.17831990e+02 7.49059026e+00 1.22500000e+02
      vertex 1.19943510e+02 8.59330546e+00 1.40000000e+02
    endloop
  endfacet
  facet normal 6.25383365e-02 -9.96482375e-01 5.57837961e-02
    outer loop
      vertex 1.14435638e+02 7.26797385e+00 1.22500000e+02
      vertex 1.19943510e+02 8.59330546e+00 1.40000000e+02
      vertex 1.16649808e+02 8.38659574e+00 1.40000000e+02
    endloop
  endfacet
  facet normal 4.12429885e-02 -9.97500447e-01 5.73748519e-02
    outer loop
      vertex 1.17831990e+02 7.49059026e+00 1.22500000e+02
      vertex 1.21232459e+02 7.63118720e+00 1.22500000e+02
      vertex 1.23240969e+02 8.72080760e+00 1.40000000e+02
    endloop
  endfacet
  facet normal 3.85724089e-02 -9.97559229e-01 5.82044188e-02
    outer loop
      vertex 1.17831990e+02 7.49059026e+00 1.22500000e+02
      vertex 1.23240969e+02 8.72080760e+00 1.40000000e+02
      vertex 1.19943510e+02 8.59330546e+00 1.40000000e+02
    endloop
  endfacet
  facet normal 1.18950391e-02 -9.98110311e-01 6.02852809e-02
    outer loop
      vertex 1.21232459e+02 7.63118720e+00 1.22500000e+02
      vertex 1.24635388e+02 7.67174180e+00 1.22500000e+02
      vertex 1.26540553e+02 8.75143651e+00 1.40000000e+02
    endloop
  endfacet
  facet normal 9.26492813e-03 -9.98089767e-01 6.10817301e-02
    outer loop
      vertex 1.21232459e+02 7.63118720e+00 1.22500000e+02
      vertex 1.26540553e+02 8.75143651e+00 1.40000000e+02
      vertex 1.23240969e+02 8.72080760e+00 1.40000000e+02
    endloop
  endfacet
  facet normal -2.76053335e-02 -9.97563496e-01 6.40704062e-02
    outer loop
      vertex 1.24635388e+02 7.67174180e+00 1.22500000e+02
      vertex 1.28037142e+02 7.57760589e+00 1.22500000e+02
      vertex 1.29838663e+02 8.65172351e+00 1.40000000e+02
    endloop
  endfacet
  facet normal -3.01560144e-02 -9.97441091e-01 6.48219456e-02
    outer loop
      vertex 1.24635388e+02 7.67174180e+00 1.22500000e+02
      vertex 1.29838663e+02 8.65172351e+00 1.40000000e+02
      vertex 1.26540553e+02 8.75143651e+00 1.40000000e+02
    endloop
  endfacet
  facet normal -9.78969230e-02 -9.92696654e-01 7.04950049e-02
    outer loop
      vertex 1.28037142e+02 7.57760589e+00 1.22500000e+02
      vertex 1.31811308e+02 7.20540831e+00 1.22500000e+02
      vertex 1.33497096e+02 8.28189944e+00 1.40000000e+02
    endloop
  endfacet
  facet normal -1.00319980e-01 -9.92401577e-01 7.12391168e-02
    outer loop
      vertex 1.28037142e+02 7.57760589e+00 1.22500000e+02
      vertex 1.33497096e+02 8.28189944e+00 1.40000000e+02
      vertex 1.29838663e+02 8.65172351e+00 1.40000000e+02
    endloop
  endfacet
  facet normal 3.04348028e-01 9.48419215e-01 -8.87314531e-02
    outer loop
      vertex 1.33497096e+02 8.28189944e+00 1.40000000e+02
      vertex 1.30355110e+02 9.29016380e+00 1.40000000e+02
      vertex 1.32141492e+02 1.03541644e+01 1.57500000e+02
    endloop
  endfacet
  facet normal 3.06637298e-01 9.47706012e-01 -8.84696651e-02
    outer loop
      vertex 1.33497096e+02 8.28189944e+00 1.40000000e+02
      vertex 1.32141492e+02 1.03541644e+01 1.57500000e+02
      vertex 1.35182637e+02 9.37017928e+00 1.57500000e+02
    endloop
  endfacet
  facet normal 2.91875309e-01 9.52387162e-01 -8.81334058e-02
    outer loop
      vertex 1.30355110e+02 9.29016380e+00 1.40000000e+02
      vertex 1.27199934e+02 1.02571214e+01 1.40000000e+02
      vertex 1.29087453e+02 1.12980998e+01 1.57500000e+02
    endloop
  endfacet
  facet normal 2.94151992e-01 9.51708903e-01 -8.78906655e-02
    outer loop
      vertex 1.30355110e+02 9.29016380e+00 1.40000000e+02
      vertex 1.29087453e+02 1.12980998e+01 1.57500000e+02
      vertex 1.32141492e+02 1.03541644e+01 1.57500000e+02
    endloop
  endfacet
  facet normal 2.77974159e-01 9.56611580e-01 -8.73192505e-02
    outer loop
      vertex 1.27199934e+02 1.02571214e+01 1.40000000e+02
      vertex 1.24030853e+02 1.11779995e+01 1.40000000e+02
      vertex 1.26019838e+02 1.21974315e+01 1.57500000e+02
    endloop
  endfacet
  facet normal 2.80259958e-01 9.55965006e-01 -8.70934209e-02
    outer loop
      vertex 1.27199934e+02 1.02571214e+01 1.40000000e+02
      vertex 1.26019838e+02 1.21974315e+01 1.57500000e+02
      vertex 1.29087453e+02 1.12980998e+01 1.57500000e+02
    endloop
  endfacet
  facet normal 2.77134863e-01 9.56823043e-01 -8.76694460e-02
    outer loop
      vertex 1.24030853e+02 1.11779995e+01 1.40000000e+02
      vertex 1.20860964e+02 1.20961282e+01 1.40000000e+02
      vertex 1.22951431e+02 1.30940913e+01 1.57500000e+02
    endloop
  endfacet
  facet normal 2.79417508e-01 9.56178302e-01 -8.74580562e-02
    outer loop
      vertex 1.24030853e+02 1.11779995e+01 1.40000000e+02
      vertex 1.22951431e+02 1.30940913e+01 1.57500000e+02
      vertex 1.26019838e+02 1.21974315e+01 1.57500000e+02
    endloop
  endfacet
  facet normal 2.79055777e-01 9.56207131e-01 -8.82937996e-02
    outer loop
      vertex 1.20860964e+02 1.20961282e+01 1.40000000e+02
      vertex 1.17692943e+02 1.30206712e+01 1.40000000e+02
      vertex 1.19884832e+02 1.39969056e+01 1.57500000e+02
    endloop
  endfacet
  facet normal 2.81319684e-01 9.55561657e-01 -8.80974125e-02
    outer loop
      vertex 1.20860964e+02 1.20961282e+01 1.40000000e+02
      vertex 1.19884832e+02 1.39969056e+01 1.57500000e+02
      vertex 1.22951431e+02 1.30940913e+01 1.57500000e+02
    endloop
  endfacet
  facet normal 2.80614027e-01 9.55696056e-01 -8.88865329e-02
    outer loop
      vertex 1.17692943e+02 1.30206712e+01 1.40000000e+02
      vertex 1.14526447e+02 1.39504260e+01 1.40000000e+02
      vertex 1.16819703e+02 1.49046986e+01 1.57500000e+02
    endloop
  endfacet
  facet normal 2.82855826e-01 9.55051805e-01 -8.87053091e-02
    outer loop
      vertex 1.17692943e+02 1.30206712e+01 1.40000000e+02
      vertex 1.16819703e+02 1.49046986e+01 1.57500000e+02
      vertex 1.19884832e+02 1.39969056e+01 1.57500000e+02
    endloop
  endfacet
  facet normal 2.81326028e-01 9.55439933e-01 -8.93879192e-02
    outer loop
      vertex 1.14526447e+02 1.39504260e+01 1.40000000e+02
      vertex 1.11360660e+02 1.48825815e+01 1.40000000e+02
      vertex 1.13755245e+02 1.58147481e+01 1.57500000e+02
    endloop
  endfacet
  facet normal 2.83545874e-01 9.54799039e-01 -8.92218173e-02
    outer loop
      vertex 1.14526447e+02 1.39504260e+01 1.40000000e+02
      vertex 1.13755245e+02 1.58147481e+01 1.57500000e+02
      vertex 1.16819703e+02 1.49046986e+01 1.57500000e+02
    endloop
  endfacet
  facet normal 2.80301421e-01 9.55713587e-01 -8.96808364e-02
    outer loop
      vertex 1.11360660e+02 1.48825815e+01 1.40000000e+02
      vertex 1.08193883e+02 1.58113661e+01 1.40000000e+02
      vertex 1.10689805e+02 1.67214757e+01 1.57500000e+02
    endloop
  endfacet
  facet normal 2.82503161e-01 9.55079255e-01 -8.95297782e-02
    outer loop
      vertex 1.11360660e+02 1.48825815e+01 1.40000000e+02
      vertex 1.10689805e+02 1.67214757e+01 1.57500000e+02
      vertex 1.13755245e+02 1.58147481e+01 1.57500000e+02
    endloop
  endfacet
  facet normal 2.76084758e-01 9.56951342e-01 -8.95619074e-02
    outer loop
      vertex 1.08193883e+02 1.58113661e+01 1.40000000e+02
      vertex 1.05023046e+02 1.67261667e+01 1.40000000e+02
      vertex 1.07620398e+02 1.76146592e+01 1.57500000e+02
    endloop
  endfacet
  facet normal 2.78286582e-01 9.56326142e-01 -8.94253284e-02
    outer loop
      vertex 1.08193883e+02 1.58113661e+01 1.40000000e+02
      vertex 1.07620398e+02 1.76146592e+01 1.57500000e+02
      vertex 1.10689805e+02 1.67214757e+01 1.57500000e+02
    endloop
  endfacet
  facet normal 2.70088448e-01 9.58696833e-01 -8.91774239e-02
    outer loop
      vertex 1.05023046e+02 1.67261667e+01 1.40000000e+02
      vertex 1.01846584e+02 1.76210541e+01 1.40000000e+02
      vertex 1.04545492e+02 1.84885452e+01 1.57500000e+02
    endloop
  endfacet
  facet normal 2.72287330e-01 9.58085934e-01 -8.90558971e-02
    outer loop
      vertex 1.05023046e+02 1.67261667e+01 1.40000000e+02
      vertex 1.04545492e+02 1.84885452e+01 1.57500000e+02
      vertex 1.07620398e+02 1.76146592e+01 1.57500000e+02
    endloop
  endfacet
  facet normal 2.62601451e-01 9.60833177e-01 -8.85442522e-02
    outer loop
      vertex 1.01846584e+02 1.76210541e+01 1.40000000e+02
      vertex 9.86632063e+01 1.84910902e+01 1.40000000e+02
      vertex 1.01463827e+02 1.93383522e+01 1.57500000e+02
    endloop
  endfacet
  facet normal 2.64797935e-01 9.60239956e-01 -8.84379975e-02
    outer loop
      vertex 1.01846584e+02 1.76210541e+01 1.40000000e+02
      vertex 1.01463827e+02 1.93383522e+01 1.57500000e+02
      vertex 1.04545492e+02 1.84885452e+01 1.57500000e+02
    endloop
  endfacet
  facet normal 2.44445335e-01 9.65814863e-01 -8.63025368e-02
    outer loop
      vertex 9.86632063e+01 1.84910902e+01 1.40000000e+02
      vertex 9.54639151e+01 1.93008228e+01 1.40000000e+02
      vertex 9.83666432e+01 2.01299010e+01 1.57500000e+02
    endloop
  endfacet
  facet normal 2.46689989e-01 9.65252079e-01 -8.62117952e-02
    outer loop
      vertex 9.86632063e+01 1.84910902e+01 1.40000000e+02
      vertex 9.83666432e+01 2.01299010e+01 1.57500000e+02
      vertex 1.01463827e+02 1.93383522e+01 1.57500000e+02
    endloop
  endfacet
  facet normal 2.20509863e-01 9.71843603e-01 -8.30386154e-02
    outer loop
      vertex 9.54639151e+01 1.93008228e+01 1.40000000e+02
      vertex 9.22459999e+01 2.00309630e+01 1.40000000e+02
      vertex 9.52512306e+01 2.08443580e+01 1.57500000e+02
    endloop
  endfacet
  facet normal 2.22756587e-01 9.71337242e-01 -8.29666480e-02
    outer loop
      vertex 9.54639151e+01 1.93008228e+01 1.40000000e+02
      vertex 9.52512306e+01 2.08443580e+01 1.57500000e+02
      vertex 9.83666432e+01 2.01299010e+01 1.57500000e+02
    endloop
  endfacet
  facet normal 1.89410900e-01 9.78759129e-01 -7.84479359e-02
    outer loop
      vertex 9.22459999e+01 2.00309630e+01 1.40000000e+02
      vertex 8.90072624e+01 2.06577282e+01 1.40000000e+02
      vertex 9.21154409e+01 2.14588610e+01 1.57500000e+02
    endloop
  endfacet
  facet normal 1.91714798e-01 9.78314745e-01 -7.83944885e-02
    outer loop
      vertex 9.22459999e+01 2.00309630e+01 1.40000000e+02
      vertex 9.21154409e+01 2.14588610e+01 1.57500000e+02
      vertex 9.52512306e+01 2.08443580e+01 1.57500000e+02
    endloop
  endfacet
  facet normal 1.48799214e-01 9.86241065e-01 -7.20233022e-02
    outer loop
      vertex 8.90072624e+01 2.06577282e+01 1.40000000e+02
      vertex 8.57442165e+01 2.11500406e+01 1.40000000e+02
      vertex 8.89558482e+01 2.19434769e+01 1.57500000e+02
    endloop
  endfacet
  facet normal 1.51212975e-01 9.85876341e-01 -7.19894140e-02
    outer loop
      vertex 8.90072624e+01 2.06577282e+01 1.40000000e+02
      vertex 8.89558482e+01 2.19434769e+01 1.57500000e+02
      vertex 9.21154409e+01 2.14588610e+01 1.57500000e+02
    endloop
  endfacet
  facet normal 8.50670901e-02 9.94495598e-01 -6.11726781e-02
    outer loop
      vertex 8.57442165e+01 2.11500406e+01 1.40000000e+02
      vertex 8.24560389e+01 2.14313045e+01 1.40000000e+02
      vertex 8.57714486e+01 2.22241583e+01 1.57500000e+02
    endloop
  endfacet
  facet normal 8.76378257e-02 9.94272949e-01 -6.11630127e-02
    outer loop
      vertex 8.57442165e+01 2.11500406e+01 1.40000000e+02
      vertex 8.57714486e+01 2.22241583e+01 1.57500000e+02
      vertex 8.89558482e+01 2.19434769e+01 1.57500000e+02
    endloop
  endfacet
  facet normal 4.82573841e-02 9.97329949e-01 -5.48105649e-02
    outer loop
      vertex 8.24560389e+01 2.14313045e+01 1.40000000e+02
      vertex 7.91605995e+01 2.15907595e+01 1.40000000e+02
      vertex 8.25797175e+01 2.23870729e+01 1.57500000e+02
    endloop
  endfacet
  facet normal 5.08996950e-02 9.97197957e-01 -5.48220303e-02
    outer loop
      vertex 8.24560389e+01 2.14313045e+01 1.40000000e+02
      vertex 8.25797175e+01 2.23870729e+01 1.57500000e+02
      vertex 8.57714486e+01 2.22241583e+01 1.57500000e+02
    endloop
  endfacet
  facet normal 1.66519115e-02 9.98650701e-01 -4.91883210e-02
    outer loop
      vertex 7.91605995e+01 2.15907595e+01 1.40000000e+02
      vertex 7.58615935e+01 2.16457685e+01 1.40000000e+02
      vertex 7.93842680e+01 2.24489886e+01 1.57500000e+02
    endloop
  endfacet
  facet normal 1.93490998e-02 9.98600506e-01 -4.92203323e-02
    outer loop
      vertex 7.91605995e+01 2.15907595e+01 1.40000000e+02
      vertex 7.93842680e+01 2.24489886e+01 1.57500000e+02
      vertex 8.25797175e+01 2.23870729e+01 1.57500000e+02
    endloop
  endfacet
  facet normal -1.26125466e-02 9.98960204e-01 -4.38113569e-02
    outer loop
      vertex 7.58615935e+01 2.16457685e+01 1.40000000e+02
      vertex 7.25619019e+01 2.16041076e+01 1.40000000e+02
      vertex 7.61879000e+01 2.24173851e+01 1.57500000e+02
    endloop
  endfacet
  facet normal -9.87731986e-03 9.98988700e-01 -4.38636147e-02
    outer loop
      vertex 7.58615935e+01 2.16457685e+01 1.40000000e+02
      vertex 7.61879000e+01 2.24173851e+01 1.57500000e+02
      vertex 7.93842680e+01 2.24489886e+01 1.57500000e+02
    endloop
  endfacet
  facet normal -4.90677872e-02 9.98120016e-01 -3.67258182e-02
    outer loop
      vertex 7.25619019e+01 2.16041076e+01 1.40000000e+02
      vertex 6.92657014e+01 2.14420657e+01 1.40000000e+02
      vertex 7.29945904e+01 2.22692911e+01 1.57500000e+02
    endloop
  endfacet
  facet normal -4.62951786e-02 9.98249752e-01 -3.67993025e-02
    outer loop
      vertex 7.25619019e+01 2.16041076e+01 1.40000000e+02
      vertex 7.29945904e+01 2.22692911e+01 1.57500000e+02
      vertex 7.61879000e+01 2.24173851e+01 1.57500000e+02
    endloop
  endfacet
  facet normal -8.08179799e-02 9.96265588e-01 -3.03863942e-02
    outer loop
      vertex 6.92657014e+01 2.14420657e+01 1.40000000e+02
      vertex 6.59767222e+01 2.11752607e+01 1.40000000e+02
      vertex 6.98079860e+01 2.20198115e+01 1.57500000e+02
    endloop
  endfacet
  facet normal -7.80149857e-02 9.96486126e-01 -3.04805333e-02
    outer loop
      vertex 6.92657014e+01 2.14420657e+01 1.40000000e+02
      vertex 6.98079860e+01 2.20198115e+01 1.57500000e+02
      vertex 7.29945904e+01 2.22692911e+01 1.57500000e+02
    endloop
  endfacet
  facet normal -1.10463195e-01 9.93583488e-01 -2.42844724e-02
    outer loop
      vertex 6.59767222e+01 2.11752607e+01 1.40000000e+02
      vertex 6.26973988e+01 2.08106768e+01 1.40000000e+02
      vertex 6.66304588e+01 2.16756637e+01 1.57500000e+02
    endloop
  endfacet
  facet normal -1.07645058e-01 9.93889961e-01 -2.43985112e-02
    outer loop
      vertex 6.59767222e+01 2.11752607e+01 1.40000000e+02
      vertex 6.66304588e+01 2.16756637e+01 1.57500000e+02
      vertex 6.98079860e+01 2.20198115e+01 1.57500000e+02
    endloop
  endfacet
  facet normal -1.42558515e-01 9.89633492e-01 -1.73960079e-02
    outer loop
      vertex 6.26973988e+01 2.08106768e+01 1.40000000e+02
      vertex 5.94315854e+01 2.03402304e+01 1.40000000e+02
      vertex 6.34657223e+01 2.12289743e+01 1.57500000e+02
    endloop
  endfacet
  facet normal -1.39739056e-01 9.90033190e-01 -1.75293479e-02
    outer loop
      vertex 6.26973988e+01 2.08106768e+01 1.40000000e+02
      vertex 6.34657223e+01 2.12289743e+01 1.57500000e+02
      vertex 6.66304588e+01 2.16756637e+01 1.57500000e+02
    endloop
  endfacet
  facet normal -1.78523129e-01 9.83891473e-01 -9.33070277e-03
    outer loop
      vertex 5.94315854e+01 2.03402304e+01 1.40000000e+02
      vertex 5.61849878e+01 1.97511484e+01 1.40000000e+02
      vertex 6.03192822e+01 2.06672601e+01 1.57500000e+02
    endloop
  endfacet
  facet normal -1.75737227e-01 9.84391452e-01 -9.48136247e-03
    outer loop
      vertex 5.94315854e+01 2.03402304e+01 1.40000000e+02
      vertex 6.03192822e+01 2.06672601e+01 1.57500000e+02
      vertex 6.34657223e+01 2.12289743e+01 1.57500000e+02
    endloop
  endfacet
  facet normal -2.21044597e-01 9.75263476e-01 6.62047568e-04
    outer loop
      vertex 5.61849878e+01 1.97511484e+01 1.40000000e+02
      vertex 5.29669259e+01 1.90217710e+01 1.40000000e+02
      vertex 5.72001476e+01 1.99693559e+01 1.57500000e+02
    endloop
  endfacet
  facet normal -2.18350318e-01 9.75870325e-01 4.98188000e-04
    outer loop
      vertex 5.61849878e+01 1.97511484e+01 1.40000000e+02
      vertex 5.72001476e+01 1.99693559e+01 1.57500000e+02
      vertex 6.03192822e+01 2.06672601e+01 1.57500000e+02
    endloop
  endfacet
  facet normal -2.72910086e-01 9.61945464e-01 1.34540045e-02
    outer loop
      vertex 5.29669259e+01 1.90217710e+01 1.40000000e+02
      vertex 4.97926226e+01 1.81212008e+01 1.40000000e+02
      vertex 5.41230799e+01 1.91050200e+01 1.57500000e+02
    endloop
  endfacet
  facet normal -2.70405837e-01 9.62654760e-01 1.32851847e-02
    outer loop
      vertex 5.29669259e+01 1.90217710e+01 1.40000000e+02
      vertex 5.41230799e+01 1.91050200e+01 1.57500000e+02
      vertex 5.72001476e+01 1.99693559e+01 1.57500000e+02
    endloop
  endfacet
  facet normal -3.34456893e-01 9.41953632e-01 2.93588611e-02
    outer loop
      vertex 4.97926226e+01 1.81212008e+01 1.40000000e+02
      vertex 4.66836562e+01 1.70173086e+01 1.40000000e+02
      vertex 5.11089378e+01 1.80431403e+01 1.57500000e+02
    endloop
  endfacet
  facet normal -3.32140014e-01 9.42778371e-01 2.91882688e-02
    outer loop
      vertex 4.97926226e+01 1.81212008e+01 1.40000000e+02
      vertex 5.11089378e+01 1.80431403e+01 1.57500000e+02
      vertex 5.41230799e+01 1.91050200e+01 1.57500000e+02
    endloop
  endfacet
  facet normal -4.06177946e-01 9.12491924e-01 4.87643804e-02
    outer loop
      vertex 4.66836562e+01 1.70173086e+01 1.40000000e+02
      vertex 4.36705453e+01 1.56760812e+01 1.40000000e+02
      vertex 4.81870081e+01 1.67512808e+01 1.57500000e+02
    endloop
  endfacet
  facet normal -4.03889111e-01 9.13516965e-01 4.85833385e-02
    outer loop
      vertex 4.66836562e+01 1.70173086e+01 1.40000000e+02
      vertex 4.81870081e+01 1.67512808e+01 1.57500000e+02
      vertex 5.11089378e+01 1.80431403e+01 1.57500000e+02
    endloop
  endfacet
  facet normal -4.96336109e-01 8.64935225e-01 7.44145385e-02
    outer loop
      vertex 4.36705453e+01 1.56760812e+01 1.40000000e+02
      vertex 4.08109515e+01 1.40351264e+01 1.40000000e+02
      vertex 4.54123085e+01 1.51699688e+01 1.57500000e+02
    endloop
  endfacet
  facet normal -4.93774988e-01 8.66418056e-01 7.42025164e-02
    outer loop
      vertex 4.36705453e+01 1.56760812e+01 1.40000000e+02
      vertex 4.54123085e+01 1.51699688e+01 1.57500000e+02
      vertex 4.81870081e+01 1.67512808e+01 1.57500000e+02
    endloop
  endfacet
  facet normal -6.56384557e-01 7.44238410e-01 1.23565782e-01
    outer loop
      vertex 4.08109515e+01 1.40351264e+01 1.40000000e+02
      vertex 3.83437202e+01 1.18591401e+01 1.40000000e+02
      vertex 4.30135662e+01 1.30722106e+01 1.57500000e+02
    endloop
  endfacet
  facet normal -6.53276323e-01 7.47007705e-01 1.23326945e-01
    outer loop
      vertex 4.08109515e+01 1.40351264e+01 1.40000000e+02
      vertex 4.30135662e+01 1.30722106e+01 1.57500000e+02
      vertex 4.54123085e+01 1.51699688e+01 1.57500000e+02
    endloop
  endfacet
  facet normal -9.65231708e-01 -3.11110611e-02 2.59537764e-01
    outer loop
      vertex 3.83437202e+01 1.18591401e+01 1.40000000e+02
      vertex 3.84309355e+01 9.15325392e+00 1.40000000e+02
      vertex 4.30944789e+01 1.04553922e+01 1.57500000e+02
    endloop
  endfacet
  facet normal -9.65243506e-01 -2.98455661e-02 2.59642477e-01
    outer loop
      vertex 3.83437202e+01 1.18591401e+01 1.40000000e+02
      vertex 4.30944789e+01 1.04553922e+01 1.57500000e+02
      vertex 4.30135662e+01 1.30722106e+01 1.57500000e+02
    endloop
  endfacet
  facet normal -4.11757541e-01 -8.94141043e-01 1.75975918e-01
    outer loop
      vertex 3.84309355e+01 9.15325392e+00 1.40000000e+02
      vertex 4.14197876e+01 7.77686885e+00 1.40000000e+02
      vertex 4.59875689e+01 9.11755235e+00 1.57500000e+02
    endloop
  endfacet
  facet normal -4.13127558e-01 -8.93391850e-01 1.76569030e-01
    outer loop
      vertex 3.84309355e+01 9.15325392e+00 1.40000000e+02
      vertex 4.59875689e+01 9.11755235e+00 1.57500000e+02
      vertex 4.30944789e+01 1.04553922e+01 1.57500000e+02
    endloop
  endfacet
  facet normal -2.82750090e-01 -9.48006012e-01 1.46071861e-01
    outer loop
      vertex 4.14197876e+01 7.77686885e+00 1.40000000e+02
      vertex 4.45808566e+01 6.83405566e+00 1.40000000e+02
      vertex 4.90477488e+01 8.19822784e+00 1.57500000e+02
    endloop
  endfacet
  facet normal -2.84593125e-01 -9.47332670e-01 1.46858997e-01
    outer loop
      vertex 4.14197876e+01 7.77686885e+00 1.40000000e+02
      vertex 4.90477488e+01 8.19822784e+00 1.57500000e+02
      vertex 4.59875689e+01 9.11755235e+00 1.57500000e+02
    endloop
  endfacet
  facet normal -2.24217232e-01 -9.65542642e-01 1.32113736e-01
    outer loop
      vertex 4.45808566e+01 6.83405566e+00 1.40000000e+02
      vertex 4.77946863e+01 6.08774373e+00 1.40000000e+02
      vertex 5.21593048e+01 7.46869539e+00 1.57500000e+02
    endloop
  endfacet
  facet normal -2.26241897e-01 -9.64952752e-01 1.32969134e-01
    outer loop
      vertex 4.45808566e+01 6.83405566e+00 1.40000000e+02
      vertex 5.21593048e+01 7.46869539e+00 1.57500000e+02
      vertex 4.90477488e+01 8.19822784e+00 1.57500000e+02
    endloop
  endfacet
  facet normal -1.82694200e-01 -9.75553020e-01 1.22143905e-01
    outer loop
      vertex 4.77946863e+01 6.08774373e+00 1.40000000e+02
      vertex 5.10379670e+01 5.48036663e+00 1.40000000e+02
      vertex 5.52996133e+01 6.87336141e+00 1.57500000e+02
    endloop
  endfacet
  facet normal -1.84845298e-01 -9.75034667e-01 1.23043140e-01
    outer loop
      vertex 4.77946863e+01 6.08774373e+00 1.40000000e+02
      vertex 5.52996133e+01 6.87336141e+00 1.57500000e+02
      vertex 5.21593048e+01 7.46869539e+00 1.57500000e+02
    endloop
  endfacet
  facet normal -1.50611949e-01 -9.81948829e-01 1.14422626e-01
    outer loop
      vertex 5.10379670e+01 5.48036663e+00 1.40000000e+02
      vertex 5.42995938e+01 4.98009619e+00 1.40000000e+02
      vertex 5.84578864e+01 6.38150057e+00 1.57500000e+02
    endloop
  endfacet
  facet normal -1.52855131e-01 -9.81493567e-01 1.15350282e-01
    outer loop
      vertex 5.10379670e+01 5.48036663e+00 1.40000000e+02
      vertex 5.84578864e+01 6.38150057e+00 1.57500000e+02
      vertex 5.52996133e+01 6.87336141e+00 1.57500000e+02
    endloop
  endfacet
  facet normal -1.24273461e-01 -9.86343479e-01 1.08086302e-01
    outer loop
      vertex 5.42995938e+01 4.98009619e+00 1.40000000e+02
      vertex 5.75735204e+01 4.56760075e+00 1.40000000e+02
      vertex 6.16282434e+01 5.97442895e+00 1.57500000e+02
    endloop
  endfacet
  facet normal -1.26594490e-01 -9.85943749e-01 1.09035590e-01
    outer loop
      vertex 5.42995938e+01 4.98009619e+00 1.40000000e+02
      vertex 6.16282434e+01 5.97442895e+00 1.57500000e+02
      vertex 5.84578864e+01 6.38150057e+00 1.57500000e+02
    endloop
  endfacet
  facet normal -1.01484132e-01 -9.89530213e-01 1.02620316e-01
    outer loop
      vertex 5.75735204e+01 4.56760075e+00 1.40000000e+02
      vertex 6.08561916e+01 4.23093692e+00 1.40000000e+02
      vertex 6.48072233e+01 5.64058414e+00 1.57500000e+02
    endloop
  endfacet
  facet normal -1.03880117e-01 -9.89180562e-01 1.03589269e-01
    outer loop
      vertex 5.75735204e+01 4.56760075e+00 1.40000000e+02
      vertex 6.48072233e+01 5.64058414e+00 1.57500000e+02
      vertex 6.16282434e+01 5.97442895e+00 1.57500000e+02
    endloop
  endfacet
  facet normal -8.10112674e-02 -9.91909691e-01 9.77360655e-02
    outer loop
      vertex 6.08561916e+01 4.23093692e+00 1.40000000e+02
      vertex 6.41453806e+01 3.96230221e+00 1.40000000e+02
      vertex 6.79926599e+01 5.37241866e+00 1.57500000e+02
    endloop
  endfacet
  facet normal -8.34783137e-02 -9.91607411e-01 9.87224055e-02
    outer loop
      vertex 6.08561916e+01 4.23093692e+00 1.40000000e+02
      vertex 6.79926599e+01 5.37241866e+00 1.57500000e+02
      vertex 6.48072233e+01 5.64058414e+00 1.57500000e+02
    endloop
  endfacet
  facet normal -5.31651304e-02 -9.94397942e-01 9.13575501e-02
    outer loop
      vertex 6.41453806e+01 3.96230221e+00 1.40000000e+02
      vertex 6.74408574e+01 3.78611072e+00 1.40000000e+02
      vertex 7.11844059e+01 5.19372715e+00 1.57500000e+02
    endloop
  endfacet
  facet normal -5.56591229e-02 -9.94170267e-01 9.23446880e-02
    outer loop
      vertex 6.41453806e+01 3.96230221e+00 1.40000000e+02
      vertex 7.11844059e+01 5.19372715e+00 1.57500000e+02
      vertex 6.79926599e+01 5.37241866e+00 1.57500000e+02
    endloop
  endfacet
  facet normal -3.14704776e-02 -9.95767478e-01 8.63524085e-02
    outer loop
      vertex 6.74408574e+01 3.78611072e+00 1.40000000e+02
      vertex 7.07390620e+01 3.68187346e+00 1.40000000e+02
      vertex 7.43789593e+01 5.08442764e+00 1.57500000e+02
    endloop
  endfacet
  facet normal -3.40635696e-02 -9.95593582e-01 8.73675721e-02
    outer loop
      vertex 6.74408574e+01 3.78611072e+00 1.40000000e+02
      vertex 7.43789593e+01 5.08442764e+00 1.57500000e+02
      vertex 7.11844059e+01 5.19372715e+00 1.57500000e+02
    endloop
  endfacet
  facet normal -9.08487895e-03 -9.96650106e-01 8.12774919e-02
    outer loop
      vertex 7.07390620e+01 3.68187346e+00 1.40000000e+02
      vertex 7.40385405e+01 3.65179734e+00 1.40000000e+02
      vertex 7.75749352e+01 5.04669850e+00 1.57500000e+02
    endloop
  endfacet
  facet normal -1.17643174e-02 -9.96536899e-01 8.23153087e-02
    outer loop
      vertex 7.07390620e+01 3.68187346e+00 1.40000000e+02
      vertex 7.75749352e+01 5.04669850e+00 1.57500000e+02
      vertex 7.43789593e+01 5.08442764e+00 1.57500000e+02
    endloop
  endfacet
  facet normal 1.69722841e-02 -9.96997438e-01 7.55516376e-02
    outer loop
      vertex 7.40385405e+01 3.65179734e+00 1.40000000e+02
      vertex 7.73382470e+01 3.70796956e+00 1.40000000e+02
      vertex 8.07713517e+01 5.09254813e+00 1.57500000e+02
    endloop
  endfacet
  facet normal 1.43004814e-02 -9.96961145e-01 7.65765778e-02
    outer loop
      vertex 7.40385405e+01 3.65179734e+00 1.40000000e+02
      vertex 8.07713517e+01 5.09254813e+00 1.57500000e+02
      vertex 7.75749352e+01 5.04669850e+00 1.57500000e+02
    endloop
  endfacet
  facet normal 6.77184710e-02 -9.95588012e-01 6.49516632e-02
    outer loop
      vertex 7.73382470e+01 3.70796956e+00 1.40000000e+02
      vertex 8.06305818e+01 3.93190946e+00 1.40000000e+02
      vertex 8.39611047e+01 5.30013809e+00 1.57500000e+02
    endloop
  endfacet
  facet normal 6.48009892e-02 -9.95708800e-01 6.60667707e-02
    outer loop
      vertex 7.73382470e+01 3.70796956e+00 1.40000000e+02
      vertex 8.39611047e+01 5.30013809e+00 1.57500000e+02
      vertex 8.07713517e+01 5.09254813e+00 1.57500000e+02
    endloop
  endfacet
  facet normal 9.54787845e-02 -9.93682828e-01 5.89765964e-02
    outer loop
      vertex 8.06305818e+01 3.93190946e+00 1.40000000e+02
      vertex 8.39147191e+01 4.24746834e+00 1.40000000e+02
      vertex 8.71432037e+01 5.59633156e+00 1.57500000e+02
    endloop
  endfacet
  facet normal 9.25129938e-02 -9.93896003e-01 6.01005900e-02
    outer loop
      vertex 8.06305818e+01 3.93190946e+00 1.40000000e+02
      vertex 8.71432037e+01 5.59633156e+00 1.57500000e+02
      vertex 8.39611047e+01 5.30013809e+00 1.57500000e+02
    endloop
  endfacet
  facet normal 1.18694793e-01 -9.91462222e-01 5.39834156e-02
    outer loop
      vertex 8.39147191e+01 4.24746834e+00 1.40000000e+02
      vertex 8.71914376e+01 4.63974694e+00 1.40000000e+02
      vertex 9.03183291e+01 5.96693369e+00 1.57500000e+02
    endloop
  endfacet
  facet normal 1.15757386e-01 -9.91748815e-01 5.50864323e-02
    outer loop
      vertex 8.39147191e+01 4.24746834e+00 1.40000000e+02
      vertex 9.03183291e+01 5.96693369e+00 1.57500000e+02
      vertex 8.71432037e+01 5.59633156e+00 1.57500000e+02
    endloop
  endfacet
  facet normal 1.38973803e-01 -9.89051050e-01 4.96417429e-02
    outer loop
      vertex 8.71914376e+01 4.63974694e+00 1.40000000e+02
      vertex 9.04595027e+01 5.09895018e+00 1.40000000e+02
      vertex 9.34852528e+01 6.40245266e+00 1.57500000e+02
    endloop
  endfacet
  facet normal 1.36063524e-01 -9.89400743e-01 5.07236381e-02
    outer loop
      vertex 8.71914376e+01 4.63974694e+00 1.40000000e+02
      vertex 9.34852528e+01 6.40245266e+00 1.57500000e+02
      vertex 9.03183291e+01 5.96693369e+00 1.57500000e+02
    endloop
  endfacet
  facet normal 1.42028620e-01 -9.88671413e-01 4.85459339e-02
    outer loop
      vertex 9.04595027e+01 5.09895018e+00 1.40000000e+02
      vertex 9.37261224e+01 5.56821983e+00 1.40000000e+02
      vertex 9.66508146e+01 6.84765790e+00 1.57500000e+02
    endloop
  endfacet
  facet normal 1.39098039e-01 -9.89034724e-01 4.96190465e-02
    outer loop
      vertex 9.04595027e+01 5.09895018e+00 1.40000000e+02
      vertex 9.66508146e+01 6.84765790e+00 1.57500000e+02
      vertex 9.34852528e+01 6.40245266e+00 1.57500000e+02
    endloop
  endfacet
  facet normal 1.44466541e-01 -9.88365070e-01 4.75805369e-02
    outer loop
      vertex 9.37261224e+01 5.56821983e+00 1.40000000e+02
      vertex 9.69915925e+01 6.04552440e+00 1.40000000e+02
      vertex 9.98152764e+01 7.30071571e+00 1.57500000e+02
    endloop
  endfacet
  facet normal 1.41557736e-01 -9.88734849e-01 4.86292684e-02
    outer loop
      vertex 9.37261224e+01 5.56821983e+00 1.40000000e+02
      vertex 9.98152764e+01 7.30071571e+00 1.57500000e+02
      vertex 9.66508146e+01 6.84765790e+00 1.57500000e+02
    endloop
  endfacet
  facet normal 1.40653772e-01 -9.88908997e-01 4.77023224e-02
    outer loop
      vertex 9.69915925e+01 6.04552440e+00 1.40000000e+02
      vertex 1.00258880e+02 6.51023487e+00 1.40000000e+02
      vertex 1.02981456e+02 7.74162332e+00 1.57500000e+02
    endloop
  endfacet
  facet normal 1.37760683e-01 -9.89266221e-01 4.87271850e-02
    outer loop
      vertex 9.69915925e+01 6.04552440e+00 1.40000000e+02
      vertex 1.02981456e+02 7.74162332e+00 1.57500000e+02
      vertex 9.98152764e+01 7.30071571e+00 1.57500000e+02
    endloop
  endfacet
  facet normal 1.35542243e-01 -9.89607095e-01 4.80218451e-02
    outer loop
      vertex 1.00258880e+02 6.51023487e+00 1.40000000e+02
      vertex 1.03528477e+02 6.95805746e+00 1.40000000e+02
      vertex 1.06149806e+02 8.16629774e+00 1.57500000e+02
    endloop
  endfacet
  facet normal 1.32688720e-01 -9.89945096e-01 4.90143964e-02
    outer loop
      vertex 1.00258880e+02 6.51023487e+00 1.40000000e+02
      vertex 1.06149806e+02 8.16629774e+00 1.57500000e+02
      vertex 1.02981456e+02 7.74162332e+00 1.57500000e+02
    endloop
  endfacet
  facet normal 1.29335943e-01 -9.90415045e-01 4.84794008e-02
    outer loop
      vertex 1.03528477e+02 6.95805746e+00 1.40000000e+02
      vertex 1.06800866e+02 7.38539094e+00 1.40000000e+02
      vertex 1.09320811e+02 8.57106457e+00 1.57500000e+02
    endloop
  endfacet
  facet normal 1.26463905e-01 -9.90737410e-01 4.94597312e-02
    outer loop
      vertex 1.03528477e+02 6.95805746e+00 1.40000000e+02
      vertex 1.09320811e+02 8.57106457e+00 1.57500000e+02
      vertex 1.06149806e+02 8.16629774e+00 1.57500000e+02
    endloop
  endfacet
  facet normal 1.13167042e-01 -9.92295851e-01 5.04198928e-02
    outer loop
      vertex 1.06800866e+02 7.38539094e+00 1.40000000e+02
      vertex 1.10079753e+02 7.75933380e+00 1.40000000e+02
      vertex 1.12497935e+02 8.92431567e+00 1.57500000e+02
    endloop
  endfacet
  facet normal 1.10359020e-01 -9.92563994e-01 5.13576156e-02
    outer loop
      vertex 1.06800866e+02 7.38539094e+00 1.40000000e+02
      vertex 1.12497935e+02 8.92431567e+00 1.57500000e+02
      vertex 1.09320811e+02 8.57106457e+00 1.57500000e+02
    endloop
  endfacet
  facet normal 1.01835253e-01 -9.93464525e-01 5.15540377e-02
    outer loop
      vertex 1.10079753e+02 7.75933380e+00 1.40000000e+02
      vertex 1.13362528e+02 8.09583530e+00 1.40000000e+02
      vertex 1.15678716e+02 9.24138725e+00 1.57500000e+02
    endloop
  endfacet
  facet normal 9.90553506e-02 -9.93697967e-01 5.24632118e-02
    outer loop
      vertex 1.10079753e+02 7.75933380e+00 1.40000000e+02
      vertex 1.15678716e+02 9.24138725e+00 1.57500000e+02
      vertex 1.12497935e+02 8.92431567e+00 1.57500000e+02
    endloop
  endfacet
  facet normal 8.79825086e-02 -9.94712874e-01 5.29658104e-02
    outer loop
      vertex 1.13362528e+02 8.09583530e+00 1.40000000e+02
      vertex 1.16649808e+02 8.38659574e+00 1.40000000e+02
      vertex 1.18863729e+02 9.51424570e+00 1.57500000e+02
    endloop
  endfacet
  facet normal 8.52330191e-02 -9.94905007e-01 5.38456971e-02
    outer loop
      vertex 1.13362528e+02 8.09583530e+00 1.40000000e+02
      vertex 1.18863729e+02 9.51424570e+00 1.57500000e+02
      vertex 1.15678716e+02 9.24138725e+00 1.57500000e+02
    endloop
  endfacet
  facet normal 6.25383058e-02 -9.96481886e-01 5.57925746e-02
    outer loop
      vertex 1.16649808e+02 8.38659574e+00 1.40000000e+02
      vertex 1.19943510e+02 8.59330546e+00 1.40000000e+02
      vertex 1.22054737e+02 9.70562135e+00 1.57500000e+02
    endloop
  endfacet
  facet normal 5.97696814e-02 -9.96603026e-01 5.66568034e-02
    outer loop
      vertex 1.16649808e+02 8.38659574e+00 1.40000000e+02
      vertex 1.22054737e+02 9.70562135e+00 1.57500000e+02
      vertex 1.18863729e+02 9.51424570e+00 1.57500000e+02
    endloop
  endfacet
  facet normal 3.85722739e-02 -9.97555738e-01 5.82643025e-02
    outer loop
      vertex 1.19943510e+02 8.59330546e+00 1.40000000e+02
      vertex 1.23240969e+02 8.72080760e+00 1.40000000e+02
      vertex 1.25249161e+02 9.82058157e+00 1.57500000e+02
    endloop
  endfacet
  facet normal 3.59016812e-02 -9.97607591e-01 5.90776095e-02
    outer loop
      vertex 1.19943510e+02 8.59330546e+00 1.40000000e+02
      vertex 1.25249161e+02 9.82058157e+00 1.57500000e+02
      vertex 1.22054737e+02 9.70562135e+00 1.57500000e+02
    endloop
  endfacet
  facet normal 9.26487208e-03 -9.98083729e-01 6.11803230e-02
    outer loop
      vertex 1.23240969e+02 8.72080760e+00 1.40000000e+02
      vertex 1.26540553e+02 8.75143651e+00 1.40000000e+02
      vertex 1.28445392e+02 9.84182975e+00 1.57500000e+02
    endloop
  endfacet
  facet normal 6.63496653e-03 -9.98056536e-01 6.19607035e-02
    outer loop
      vertex 1.23240969e+02 8.72080760e+00 1.40000000e+02
      vertex 1.28445392e+02 9.84182975e+00 1.57500000e+02
      vertex 1.25249161e+02 9.82058157e+00 1.57500000e+02
    endloop
  endfacet
  facet normal -3.01557347e-02 -9.97431840e-01 6.49642684e-02
    outer loop
      vertex 1.26540553e+02 8.75143651e+00 1.40000000e+02
      vertex 1.29838663e+02 8.65172351e+00 1.40000000e+02
      vertex 1.31639872e+02 9.73706874e+00 1.57500000e+02
    endloop
  endfacet
  facet normal -3.27059466e-02 -9.97303271e-01 6.57001326e-02
    outer loop
      vertex 1.26540553e+02 8.75143651e+00 1.40000000e+02
      vertex 1.31639872e+02 9.73706874e+00 1.57500000e+02
      vertex 1.28445392e+02 9.84182975e+00 1.57500000e+02
    endloop
  endfacet
  facet normal -1.00318991e-01 -9.92391793e-01 7.13766728e-02
    outer loop
      vertex 1.29838663e+02 8.65172351e+00 1.40000000e+02
      vertex 1.33497096e+02 8.28189944e+00 1.40000000e+02
      vertex 1.35182637e+02 9.37017928e+00 1.57500000e+02
    endloop
  endfacet
  facet normal -1.02741179e-01 -9.92091358e-01 7.21040021e-02
    outer loop
      vertex 1.29838663e+02 8.65172351e+00 1.40000000e+02
      vertex 1.35182637e+02 9.37017928e+00 1.57500000e+02
      vertex 1.31639872e+02 9.73706874e+00 1.57500000e+02
    endloop
  endfacet
  facet normal 3.06608411e-01 9.47616730e-01 -8.95199118e-02
    outer loop
      vertex 1.35182637e+02 9.37017928e+00 1.57500000e+02
      vertex 1.32141492e+02 1.03541644e+01 1.57500000e+02
      vertex 1.33927518e+02 1.14294807e+01 1.75000000e+02
    endloop
  endfacet
  facet normal 3.08895458e-01 9.46897168e-01 -8.92712083e-02
    outer loop
      vertex 1.35182637e+02 9.37017928e+00 1.57500000e+02
      vertex 1.33927518e+02 1.14294807e+01 1.75000000e+02
      vertex 1.36867978e+02 1.04702481e+01 1.75000000e+02
    endloop
  endfacet
  facet normal 2.94125230e-01 9.51622315e-01 -8.89118539e-02
    outer loop
      vertex 1.32141492e+02 1.03541644e+01 1.57500000e+02
      vertex 1.29087453e+02 1.12980998e+01 1.57500000e+02
      vertex 1.30974469e+02 1.23499230e+01 1.75000000e+02
    endloop
  endfacet
  facet normal 2.96399802e-01 9.50937770e-01 -8.86821016e-02
    outer loop
      vertex 1.32141492e+02 1.03541644e+01 1.57500000e+02
      vertex 1.30974469e+02 1.23499230e+01 1.75000000e+02
      vertex 1.33927518e+02 1.14294807e+01 1.75000000e+02
    endloop
  endfacet
  facet normal 2.80235307e-01 9.55880924e-01 -8.80899071e-02
    outer loop
      vertex 1.29087453e+02 1.12980998e+01 1.57500000e+02
      vertex 1.26019838e+02 1.21974315e+01 1.57500000e+02
      vertex 1.28008179e+02 1.32272354e+01 1.75000000e+02
    endloop
  endfacet
  facet normal 2.82519084e-01 9.55228028e-01 -8.78770874e-02
    outer loop
      vertex 1.29087453e+02 1.12980998e+01 1.57500000e+02
      vertex 1.28008179e+02 1.32272354e+01 1.75000000e+02
      vertex 1.30974469e+02 1.23499230e+01 1.75000000e+02
    endloop
  endfacet
  facet normal 2.79393535e-01 9.56096265e-01 -8.84261526e-02
    outer loop
      vertex 1.26019838e+02 1.21974315e+01 1.57500000e+02
      vertex 1.22951431e+02 1.30940913e+01 1.57500000e+02
      vertex 1.25041114e+02 1.41019539e+01 1.75000000e+02
    endloop
  endfacet
  facet normal 2.81674162e-01 9.55445200e-01 -8.82277485e-02
    outer loop
      vertex 1.26019838e+02 1.21974315e+01 1.57500000e+02
      vertex 1.25041114e+02 1.41019539e+01 1.75000000e+02
      vertex 1.28008179e+02 1.32272354e+01 1.75000000e+02
    endloop
  endfacet
  facet normal 2.81296165e-01 9.55481769e-01 -8.90340222e-02
    outer loop
      vertex 1.22951431e+02 1.30940913e+01 1.57500000e+02
      vertex 1.19884832e+02 1.39969056e+01 1.57500000e+02
      vertex 1.22075797e+02 1.49825709e+01 1.75000000e+02
    endloop
  endfacet
  facet normal 2.83558059e-01 9.54830044e-01 -8.88505160e-02
    outer loop
      vertex 1.22951431e+02 1.30940913e+01 1.57500000e+02
      vertex 1.22075797e+02 1.49825709e+01 1.75000000e+02
      vertex 1.25041114e+02 1.41019539e+01 1.75000000e+02
    endloop
  endfacet
  facet normal 2.82832827e-01 9.54974150e-01 -8.96100695e-02
    outer loop
      vertex 1.19884832e+02 1.39969056e+01 1.57500000e+02
      vertex 1.16819703e+02 1.49046986e+01 1.57500000e+02
      vertex 1.19111895e+02 1.58679384e+01 1.75000000e+02
    endloop
  endfacet
  facet normal 2.85072626e-01 9.54323738e-01 -8.94416030e-02
    outer loop
      vertex 1.19884832e+02 1.39969056e+01 1.57500000e+02
      vertex 1.19111895e+02 1.58679384e+01 1.75000000e+02
      vertex 1.22075797e+02 1.49825709e+01 1.75000000e+02
    endloop
  endfacet
  facet normal 2.83523494e-01 9.54723677e-01 -9.00951076e-02
    outer loop
      vertex 1.16819703e+02 1.49046986e+01 1.57500000e+02
      vertex 1.13755245e+02 1.58147481e+01 1.57500000e+02
      vertex 1.16148628e+02 1.67554226e+01 1.75000000e+02
    endloop
  endfacet
  facet normal 2.85741358e-01 9.54076715e-01 -8.99416389e-02
    outer loop
      vertex 1.16819703e+02 1.49046986e+01 1.57500000e+02
      vertex 1.16148628e+02 1.67554226e+01 1.75000000e+02
      vertex 1.19111895e+02 1.58679384e+01 1.75000000e+02
    endloop
  endfacet
  facet normal 2.82481566e-01 9.55006246e-01 -9.03727619e-02
    outer loop
      vertex 1.13755245e+02 1.58147481e+01 1.57500000e+02
      vertex 1.10689805e+02 1.67214757e+01 1.57500000e+02
      vertex 1.13184385e+02 1.76396376e+01 1.75000000e+02
    endloop
  endfacet
  facet normal 2.84681350e-01 9.54365922e-01 -9.02342310e-02
    outer loop
      vertex 1.13755245e+02 1.58147481e+01 1.57500000e+02
      vertex 1.13184385e+02 1.76396376e+01 1.75000000e+02
      vertex 1.16148628e+02 1.67554226e+01 1.75000000e+02
    endloop
  endfacet
  facet normal 2.78266002e-01 9.56255420e-01 -9.02419196e-02
    outer loop
      vertex 1.10689805e+02 1.67214757e+01 1.57500000e+02
      vertex 1.07620398e+02 1.76146592e+01 1.57500000e+02
      vertex 1.10216272e+02 1.85107482e+01 1.75000000e+02
    endloop
  endfacet
  facet normal 2.80465896e-01 9.55624222e-01 -9.01178563e-02
    outer loop
      vertex 1.10689805e+02 1.67214757e+01 1.57500000e+02
      vertex 1.10216272e+02 1.85107482e+01 1.75000000e+02
      vertex 1.13184385e+02 1.76396376e+01 1.75000000e+02
    endloop
  endfacet
  facet normal 2.72267937e-01 9.58017696e-01 -8.98457775e-02
    outer loop
      vertex 1.07620398e+02 1.76146592e+01 1.57500000e+02
      vertex 1.04545492e+02 1.84885452e+01 1.57500000e+02
      vertex 1.07242790e+02 1.93631777e+01 1.75000000e+02
    endloop
  endfacet
  facet normal 2.74464934e-01 9.57400814e-01 -8.97367355e-02
    outer loop
      vertex 1.07620398e+02 1.76146592e+01 1.57500000e+02
      vertex 1.07242790e+02 1.93631777e+01 1.75000000e+02
      vertex 1.10216272e+02 1.85107482e+01 1.75000000e+02
    endloop
  endfacet
  facet normal 2.64779836e-01 9.60174321e-01 -8.92015297e-02
    outer loop
      vertex 1.04545492e+02 1.84885452e+01 1.57500000e+02
      vertex 1.01463827e+02 1.93383522e+01 1.57500000e+02
      vertex 1.04262707e+02 2.01923009e+01 1.75000000e+02
    endloop
  endfacet
  facet normal 2.66974489e-01 9.59575132e-01 -8.91077306e-02
    outer loop
      vertex 1.04545492e+02 1.84885452e+01 1.57500000e+02
      vertex 1.04262707e+02 2.01923009e+01 1.75000000e+02
      vertex 1.07242790e+02 1.93631777e+01 1.75000000e+02
    endloop
  endfacet
  facet normal 2.46673899e-01 9.65189122e-01 -8.69594553e-02
    outer loop
      vertex 1.01463827e+02 1.93383522e+01 1.57500000e+02
      vertex 9.83666432e+01 2.01299010e+01 1.57500000e+02
      vertex 1.01267510e+02 2.09652010e+01 1.75000000e+02
    endloop
  endfacet
  facet normal 2.48916795e-01 9.64620159e-01 -8.68814018e-02
    outer loop
      vertex 1.01463827e+02 1.93383522e+01 1.57500000e+02
      vertex 1.01267510e+02 2.09652010e+01 1.75000000e+02
      vertex 1.04262707e+02 2.01923009e+01 1.75000000e+02
    endloop
  endfacet
  facet normal 2.22743062e-01 9.71278267e-01 -8.36902343e-02
    outer loop
      vertex 9.83666432e+01 2.01299010e+01 1.57500000e+02
      vertex 9.52512306e+01 2.08443580e+01 1.57500000e+02
      vertex 9.82544897e+01 2.16635094e+01 1.75000000e+02
    endloop
  endfacet
  facet normal 2.24988201e-01 9.70765768e-01 -8.36309329e-02
    outer loop
      vertex 9.83666432e+01 2.01299010e+01 1.57500000e+02
      vertex 9.82544897e+01 2.16635094e+01 1.75000000e+02
      vertex 1.01267510e+02 2.09652010e+01 1.75000000e+02
    endloop
  endfacet
  facet normal 1.91704007e-01 9.78259681e-01 -7.91048079e-02
    outer loop
      vertex 9.52512306e+01 2.08443580e+01 1.57500000e+02
      vertex 9.21154409e+01 2.14588610e+01 1.57500000e+02
      vertex 9.52215519e+01 2.22652728e+01 1.75000000e+02
    endloop
  endfacet
  facet normal 1.94006491e-01 9.77808937e-01 -7.90643049e-02
    outer loop
      vertex 9.52512306e+01 2.08443580e+01 1.57500000e+02
      vertex 9.52215519e+01 2.22652728e+01 1.75000000e+02
      vertex 9.82544897e+01 2.16635094e+01 1.75000000e+02
    endloop
  endfacet
  facet normal 1.51205198e-01 9.85825634e-01 -7.26966825e-02
    outer loop
      vertex 9.21154409e+01 2.14588610e+01 1.57500000e+02
      vertex 8.89558482e+01 2.19434769e+01 1.57500000e+02
      vertex 9.21653348e+01 2.27416920e+01 1.75000000e+02
    endloop
  endfacet
  facet normal 1.53617760e-01 9.85454076e-01 -7.26763240e-02
    outer loop
      vertex 9.21154409e+01 2.14588610e+01 1.57500000e+02
      vertex 9.21653348e+01 2.27416920e+01 1.75000000e+02
      vertex 9.52215519e+01 2.22652728e+01 1.75000000e+02
    endloop
  endfacet
  facet normal 8.76339608e-02 9.94229102e-01 -6.18771543e-02
    outer loop
      vertex 8.89558482e+01 2.19434769e+01 1.57500000e+02
      vertex 8.57714486e+01 2.22241583e+01 1.57500000e+02
      vertex 8.90846677e+01 2.30212579e+01 1.75000000e+02
    endloop
  endfacet
  facet normal 9.02039140e-02 9.93998936e-01 -6.18818967e-02
    outer loop
      vertex 8.89558482e+01 2.19434769e+01 1.57500000e+02
      vertex 8.90846677e+01 2.30212579e+01 1.75000000e+02
      vertex 9.21653348e+01 2.27416920e+01 1.75000000e+02
    endloop
  endfacet
  facet normal 5.08977206e-02 9.97159276e-01 -5.55229627e-02
    outer loop
      vertex 8.57714486e+01 2.22241583e+01 1.57500000e+02
      vertex 8.25797175e+01 2.23870729e+01 1.57500000e+02
      vertex 8.59966197e+01 2.31870848e+01 1.75000000e+02
    endloop
  endfacet
  facet normal 5.35395297e-02 9.97019457e-01 -5.55492612e-02
    outer loop
      vertex 8.57714486e+01 2.22241583e+01 1.57500000e+02
      vertex 8.59966197e+01 2.31870848e+01 1.75000000e+02
      vertex 8.90846677e+01 2.30212579e+01 1.75000000e+02
    endloop
  endfacet
  facet normal 1.93484426e-02 9.98566588e-01 -4.99039761e-02
    outer loop
      vertex 8.25797175e+01 2.23870729e+01 1.57500000e+02
      vertex 7.93842680e+01 2.24489886e+01 1.57500000e+02
      vertex 8.29047194e+01 2.32553488e+01 1.75000000e+02
    endloop
  endfacet
  facet normal 2.20453884e-02 9.98508328e-01 -4.99511720e-02
    outer loop
      vertex 8.25797175e+01 2.23870729e+01 1.57500000e+02
      vertex 8.29047194e+01 2.32553488e+01 1.75000000e+02
      vertex 8.59966197e+01 2.31870848e+01 1.75000000e+02
    endloop
  endfacet
  facet normal -9.87703002e-03 9.98959385e-01 -4.45262909e-02
    outer loop
      vertex 7.93842680e+01 2.24489886e+01 1.57500000e+02
      vertex 7.61879000e+01 2.24173851e+01 1.57500000e+02
      vertex 7.98116847e+01 2.32332364e+01 1.75000000e+02
    endloop
  endfacet
  facet normal -7.14179383e-03 9.98979664e-01 -4.45940046e-02
    outer loop
      vertex 7.93842680e+01 2.24489886e+01 1.57500000e+02
      vertex 7.98116847e+01 2.32332364e+01 1.75000000e+02
      vertex 8.29047194e+01 2.32553488e+01 1.75000000e+02
    endloop
  endfacet
  facet normal -4.62940731e-02 9.98225915e-01 -3.74417137e-02
    outer loop
      vertex 7.61879000e+01 2.24173851e+01 1.57500000e+02
      vertex 7.29945904e+01 2.22692911e+01 1.57500000e+02
      vertex 7.67212973e+01 2.30985166e+01 1.75000000e+02
    endloop
  endfacet
  facet normal -4.35211297e-02 9.98347304e-01 -3.75309572e-02
    outer loop
      vertex 7.61879000e+01 2.24173851e+01 1.57500000e+02
      vertex 7.67212973e+01 2.30985166e+01 1.75000000e+02
      vertex 7.98116847e+01 2.32332364e+01 1.75000000e+02
    endloop
  endfacet
  facet normal -7.80134950e-02 9.96467086e-01 -3.11005010e-02
    outer loop
      vertex 7.29945904e+01 2.22692911e+01 1.57500000e+02
      vertex 6.98079860e+01 2.20198115e+01 1.57500000e+02
      vertex 7.36371182e+01 2.28657830e+01 1.75000000e+02
    endloop
  endfacet
  facet normal -7.52098728e-02 9.96679171e-01 -3.12106674e-02
    outer loop
      vertex 7.29945904e+01 2.22692911e+01 1.57500000e+02
      vertex 7.36371182e+01 2.28657830e+01 1.75000000e+02
      vertex 7.67212973e+01 2.30985166e+01 1.75000000e+02
    endloop
  endfacet
  facet normal -1.07643477e-01 9.93875362e-01 -2.49929241e-02
    outer loop
      vertex 6.98079860e+01 2.20198115e+01 1.57500000e+02
      vertex 6.66304588e+01 2.16756637e+01 1.57500000e+02
      vertex 7.05614561e+01 2.25414889e+01 1.75000000e+02
    endloop
  endfacet
  facet normal -1.04824439e-01 9.94173357e-01 -2.51231823e-02
    outer loop
      vertex 6.98079860e+01 2.20198115e+01 1.57500000e+02
      vertex 7.05614561e+01 2.25414889e+01 1.75000000e+02
      vertex 7.36371182e+01 2.28657830e+01 1.75000000e+02
    endloop
  endfacet
  facet normal -1.39737644e-01 9.90023188e-01 -1.80963285e-02
    outer loop
      vertex 6.66304588e+01 2.16756637e+01 1.57500000e+02
      vertex 6.34657223e+01 2.12289743e+01 1.57500000e+02
      vertex 6.74978845e+01 2.21179743e+01 1.75000000e+02
    endloop
  endfacet
  facet normal -1.36916995e-01 9.90414468e-01 -1.82460297e-02
    outer loop
      vertex 6.66304588e+01 2.16756637e+01 1.57500000e+02
      vertex 6.74978845e+01 2.21179743e+01 1.75000000e+02
      vertex 7.05614561e+01 2.25414889e+01 1.75000000e+02
    endloop
  endfacet
  facet normal -1.75736311e-01 9.84386323e-01 -1.00157733e-02
    outer loop
      vertex 6.34657223e+01 2.12289743e+01 1.57500000e+02
      vertex 6.03192822e+01 2.06672601e+01 1.57500000e+02
      vertex 6.44517102e+01 2.15830527e+01 1.75000000e+02
    endloop
  endfacet
  facet normal -1.72948936e-01 9.84878153e-01 -1.01827712e-02
    outer loop
      vertex 6.34657223e+01 2.12289743e+01 1.57500000e+02
      vertex 6.44517102e+01 2.15830527e+01 1.75000000e+02
      vertex 6.74978845e+01 2.21179743e+01 1.75000000e+02
    endloop
  endfacet
  facet normal -2.18350345e-01 9.75870446e-01 4.58995789e-06
    outer loop
      vertex 6.03192822e+01 2.06672601e+01 1.57500000e+02
      vertex 5.72001476e+01 1.99693559e+01 1.57500000e+02
      vertex 6.14316318e+01 2.09160653e+01 1.75000000e+02
    endloop
  endfacet
  facet normal -2.15654348e-01 9.76469749e-01 -1.75295776e-04
    outer loop
      vertex 6.03192822e+01 2.06672601e+01 1.57500000e+02
      vertex 6.14316318e+01 2.09160653e+01 1.75000000e+02
      vertex 6.44517102e+01 2.15830527e+01 1.75000000e+02
    endloop
  endfacet
  facet normal -2.70407387e-01 9.62660278e-01 1.28465904e-02
    outer loop
      vertex 5.72001476e+01 1.99693559e+01 1.57500000e+02
      vertex 5.41230799e+01 1.91050200e+01 1.57500000e+02
      vertex 5.84519469e+01 2.00874458e+01 1.75000000e+02
    endloop
  endfacet
  facet normal -2.67901308e-01 9.63363145e-01 1.26625841e-02
    outer loop
      vertex 5.72001476e+01 1.99693559e+01 1.57500000e+02
      vertex 5.84519469e+01 2.00874458e+01 1.75000000e+02
      vertex 6.14316318e+01 2.09160653e+01 1.75000000e+02
    endloop
  endfacet
  facet normal -3.32143766e-01 9.42789023e-01 2.87989138e-02
    outer loop
      vertex 5.41230799e+01 1.91050200e+01 1.57500000e+02
      vertex 5.11089378e+01 1.80431403e+01 1.57500000e+02
      vertex 5.55327977e+01 1.90670984e+01 1.75000000e+02
    endloop
  endfacet
  facet normal -3.29824961e-01 9.43608362e-01 2.86138972e-02
    outer loop
      vertex 5.41230799e+01 1.91050200e+01 1.57500000e+02
      vertex 5.55327977e+01 1.90670984e+01 1.75000000e+02
      vertex 5.84519469e+01 2.00874458e+01 1.75000000e+02
    endloop
  endfacet
  facet normal -4.03896500e-01 9.13533678e-01 4.82061880e-02
    outer loop
      vertex 5.11089378e+01 1.80431403e+01 1.57500000e+02
      vertex 4.81870081e+01 1.67512808e+01 1.57500000e+02
      vertex 5.27022596e+01 1.78241323e+01 1.75000000e+02
    endloop
  endfacet
  facet normal -4.01605301e-01 9.14553546e-01 4.80103447e-02
    outer loop
      vertex 5.11089378e+01 1.80431403e+01 1.57500000e+02
      vertex 5.27022596e+01 1.78241323e+01 1.75000000e+02
      vertex 5.55327977e+01 1.90670984e+01 1.75000000e+02
    endloop
  endfacet
  facet normal -4.93791082e-01 8.66446296e-01 7.37643758e-02
    outer loop
      vertex 4.81870081e+01 1.67512808e+01 1.57500000e+02
      vertex 4.54123085e+01 1.51699688e+01 1.57500000e+02
      vertex 5.00127666e+01 1.63019358e+01 1.75000000e+02
    endloop
  endfacet
  facet normal -4.91225969e-01 8.67922635e-01 7.35346677e-02
    outer loop
      vertex 4.81870081e+01 1.67512808e+01 1.57500000e+02
      vertex 5.00127666e+01 1.63019358e+01 1.75000000e+02
      vertex 5.27022596e+01 1.78241323e+01 1.75000000e+02
    endloop
  endfacet
  facet normal -6.53328109e-01 7.47066921e-01 1.22692291e-01
    outer loop
      vertex 4.54123085e+01 1.51699688e+01 1.57500000e+02
      vertex 4.30135662e+01 1.30722106e+01 1.57500000e+02
      vertex 4.76831049e+01 1.42817753e+01 1.75000000e+02
    endloop
  endfacet
  facet normal -6.50209682e-01 7.49825869e-01 1.22427672e-01
    outer loop
      vertex 4.54123085e+01 1.51699688e+01 1.57500000e+02
      vertex 4.76831049e+01 1.42817753e+01 1.75000000e+02
      vertex 5.00127666e+01 1.63019358e+01 1.75000000e+02
    endloop
  endfacet
  facet normal -9.65294901e-01 -2.98471553e-02 2.59451153e-01
    outer loop
      vertex 4.30135662e+01 1.30722106e+01 1.57500000e+02
      vertex 4.30944789e+01 1.04553922e+01 1.57500000e+02
      vertex 4.77579691e+01 1.17537345e+01 1.75000000e+02
    endloop
  endfacet
  facet normal -9.65306670e-01 -2.85861284e-02 2.59549351e-01
    outer loop
      vertex 4.30135662e+01 1.30722106e+01 1.57500000e+02
      vertex 4.77579691e+01 1.17537345e+01 1.75000000e+02
      vertex 4.76831049e+01 1.42817753e+01 1.75000000e+02
    endloop
  endfacet
  facet normal -4.13161770e-01 -8.93465833e-01 1.76114044e-01
    outer loop
      vertex 4.30944789e+01 1.04553922e+01 1.57500000e+02
      vertex 4.59875689e+01 9.11755235e+00 1.57500000e+02
      vertex 5.05554459e+01 1.04547312e+01 1.75000000e+02
    endloop
  endfacet
  facet normal -4.14531075e-01 -8.92715998e-01 1.76697863e-01
    outer loop
      vertex 4.30944789e+01 1.04553922e+01 1.57500000e+02
      vertex 5.05554459e+01 1.04547312e+01 1.75000000e+02
      vertex 4.77579691e+01 1.17537345e+01 1.75000000e+02
    endloop
  endfacet
  facet normal -2.84615413e-01 -9.47406863e-01 1.46336267e-01
    outer loop
      vertex 4.59875689e+01 9.11755235e+00 1.57500000e+02
      vertex 4.90477488e+01 8.19822784e+00 1.57500000e+02
      vertex 5.35148625e+01 9.55928538e+00 1.75000000e+02
    endloop
  endfacet
  facet normal -2.86457372e-01 -9.46731419e-01 1.47111501e-01
    outer loop
      vertex 4.59875689e+01 9.11755235e+00 1.57500000e+02
      vertex 5.35148625e+01 9.55928538e+00 1.75000000e+02
      vertex 5.05554459e+01 1.04547312e+01 1.75000000e+02
    endloop
  endfacet
  facet normal -2.26258139e-01 -9.65022028e-01 1.32437683e-01
    outer loop
      vertex 4.90477488e+01 8.19822784e+00 1.57500000e+02
      vertex 5.21593048e+01 7.46869539e+00 1.57500000e+02
      vertex 5.65242512e+01 8.84695906e+00 1.75000000e+02
    endloop
  endfacet
  facet normal -2.28281698e-01 -9.64429285e-01 1.33280232e-01
    outer loop
      vertex 4.90477488e+01 8.19822784e+00 1.57500000e+02
      vertex 5.65242512e+01 8.84695906e+00 1.75000000e+02
      vertex 5.35148625e+01 9.55928538e+00 1.75000000e+02
    endloop
  endfacet
  facet normal -1.84857482e-01 -9.75098937e-01 1.22514388e-01
    outer loop
      vertex 5.21593048e+01 7.46869539e+00 1.57500000e+02
      vertex 5.52996133e+01 6.87336141e+00 1.57500000e+02
      vertex 5.95616777e+01 8.26412008e+00 1.75000000e+02
    endloop
  endfacet
  facet normal -1.87007500e-01 -9.74577143e-01 1.23400113e-01
    outer loop
      vertex 5.21593048e+01 7.46869539e+00 1.57500000e+02
      vertex 5.95616777e+01 8.26412008e+00 1.75000000e+02
      vertex 5.65242512e+01 8.84695906e+00 1.75000000e+02
    endloop
  endfacet
  facet normal -1.52864382e-01 -9.81552968e-01 1.14831405e-01
    outer loop
      vertex 5.52996133e+01 6.87336141e+00 1.57500000e+02
      vertex 5.84578864e+01 6.38150057e+00 1.57500000e+02
      vertex 6.26166736e+01 7.78113891e+00 1.75000000e+02
    endloop
  endfacet
  facet normal -1.55106538e-01 -9.81093798e-01 1.15745072e-01
    outer loop
      vertex 5.52996133e+01 6.87336141e+00 1.57500000e+02
      vertex 6.26166736e+01 7.78113891e+00 1.75000000e+02
      vertex 5.95616777e+01 8.26412008e+00 1.75000000e+02
    endloop
  endfacet
  facet normal -1.26601537e-01 -9.85998639e-01 1.08529883e-01
    outer loop
      vertex 5.84578864e+01 6.38150057e+00 1.57500000e+02
      vertex 6.16282434e+01 5.97442895e+00 1.57500000e+02
      vertex 6.56835254e+01 7.37997655e+00 1.75000000e+02
    endloop
  endfacet
  facet normal -1.28921603e-01 -9.85594584e-01 1.09464770e-01
    outer loop
      vertex 5.84578864e+01 6.38150057e+00 1.57500000e+02
      vertex 6.56835254e+01 7.37997655e+00 1.75000000e+02
      vertex 6.26166736e+01 7.78113891e+00 1.75000000e+02
    endloop
  endfacet
  facet normal -1.03885449e-01 -9.89231334e-01 1.03097924e-01
    outer loop
      vertex 6.16282434e+01 5.97442895e+00 1.57500000e+02
      vertex 6.48072233e+01 5.64058414e+00 1.57500000e+02
      vertex 6.87588675e+01 7.04945109e+00 1.75000000e+02
    endloop
  endfacet
  facet normal -1.06280537e-01 -9.88876946e-01 1.04052067e-01
    outer loop
      vertex 6.16282434e+01 5.97442895e+00 1.57500000e+02
      vertex 6.87588675e+01 7.04945109e+00 1.75000000e+02
      vertex 6.56835254e+01 7.37997655e+00 1.75000000e+02
    endloop
  endfacet
  facet normal -8.34822623e-02 -9.91654315e-01 9.82467901e-02
    outer loop
      vertex 6.48072233e+01 5.64058414e+00 1.57500000e+02
      vertex 6.79926599e+01 5.37241866e+00 1.57500000e+02
      vertex 7.18405950e+01 6.78226933e+00 1.75000000e+02
    endloop
  endfacet
  facet normal -8.59484850e-02 -9.91346892e-01 9.92179262e-02
    outer loop
      vertex 6.48072233e+01 5.64058414e+00 1.57500000e+02
      vertex 7.18405950e+01 6.78226933e+00 1.75000000e+02
      vertex 6.87588675e+01 7.04945109e+00 1.75000000e+02
    endloop
  endfacet
  facet normal -5.56614578e-02 -9.94211973e-01 9.18931717e-02
    outer loop
      vertex 6.79926599e+01 5.37241866e+00 1.57500000e+02
      vertex 7.11844059e+01 5.19372715e+00 1.57500000e+02
      vertex 7.49286389e+01 6.60159698e+00 1.75000000e+02
    endloop
  endfacet
  facet normal -5.81547786e-02 -9.93978929e-01 9.28650099e-02
    outer loop
      vertex 6.79926599e+01 5.37241866e+00 1.57500000e+02
      vertex 7.49286389e+01 6.60159698e+00 1.75000000e+02
      vertex 7.18405950e+01 6.78226933e+00 1.75000000e+02
    endloop
  endfacet
  facet normal -3.40648856e-02 -9.95632046e-01 8.69276242e-02
    outer loop
      vertex 7.11844059e+01 5.19372715e+00 1.57500000e+02
      vertex 7.43789593e+01 5.08442764e+00 1.57500000e+02
      vertex 7.80195578e+01 6.48777424e+00 1.75000000e+02
    endloop
  endfacet
  facet normal -3.66574128e-02 -9.95452205e-01 8.79269152e-02
    outer loop
      vertex 7.11844059e+01 5.19372715e+00 1.57500000e+02
      vertex 7.80195578e+01 6.48777424e+00 1.75000000e+02
      vertex 7.49286389e+01 6.60159698e+00 1.75000000e+02
    endloop
  endfacet
  facet normal -1.17647310e-02 -9.96571927e-01 8.18900766e-02
    outer loop
      vertex 7.43789593e+01 5.08442764e+00 1.57500000e+02
      vertex 7.75749352e+01 5.04669850e+00 1.57500000e+02
      vertex 8.11120343e+01 6.44294827e+00 1.75000000e+02
    endloop
  endfacet
  facet normal -1.44437444e-02 -9.96452235e-01 8.29115277e-02
    outer loop
      vertex 7.43789593e+01 5.08442764e+00 1.57500000e+02
      vertex 8.11120343e+01 6.44294827e+00 1.75000000e+02
      vertex 7.80195578e+01 6.48777424e+00 1.75000000e+02
    endloop
  endfacet
  facet normal 1.43009138e-02 -9.96991288e-01 7.61830384e-02
    outer loop
      vertex 7.75749352e+01 5.04669850e+00 1.57500000e+02
      vertex 8.07713517e+01 5.09254813e+00 1.57500000e+02
      vertex 8.42051496e+01 6.47902927e+00 1.75000000e+02
    endloop
  endfacet
  facet normal 1.16293421e-02 -9.96948443e-01 7.71917084e-02
    outer loop
      vertex 7.75749352e+01 5.04669850e+00 1.57500000e+02
      vertex 8.42051496e+01 6.47902927e+00 1.75000000e+02
      vertex 8.11120343e+01 6.44294827e+00 1.75000000e+02
    endloop
  endfacet
  facet normal 6.48027401e-02 -9.95735704e-01 6.56583012e-02
    outer loop
      vertex 8.07713517e+01 5.09254813e+00 1.57500000e+02
      vertex 8.39611047e+01 5.30013809e+00 1.57500000e+02
      vertex 8.72922751e+01 6.67087255e+00 1.75000000e+02
    endloop
  endfacet
  facet normal 6.18850160e-02 -9.95848344e-01 6.67556748e-02
    outer loop
      vertex 8.07713517e+01 5.09254813e+00 1.57500000e+02
      vertex 8.72922751e+01 6.67087255e+00 1.75000000e+02
      vertex 8.42051496e+01 6.47902927e+00 1.75000000e+02
    endloop
  endfacet
  facet normal 9.25151355e-02 -9.93919012e-01 5.97155610e-02
    outer loop
      vertex 8.39611047e+01 5.30013809e+00 1.57500000e+02
      vertex 8.71432037e+01 5.59633156e+00 1.57500000e+02
      vertex 9.03722706e+01 6.94831282e+00 1.75000000e+02
    endloop
  endfacet
  facet normal 8.95488082e-02 -9.94123609e-01 6.08215512e-02
    outer loop
      vertex 8.39611047e+01 5.30013809e+00 1.57500000e+02
      vertex 9.03722706e+01 6.94831282e+00 1.75000000e+02
      vertex 8.72922751e+01 6.67087255e+00 1.75000000e+02
    endloop
  endfacet
  facet normal 1.15759603e-01 -9.91767806e-01 5.47387702e-02
    outer loop
      vertex 8.71432037e+01 5.59633156e+00 1.57500000e+02
      vertex 9.03183291e+01 5.96693369e+00 1.57500000e+02
      vertex 9.34457244e+01 7.29784452e+00 1.75000000e+02
    endloop
  endfacet
  facet normal 1.12821437e-01 -9.92045870e-01 5.58239691e-02
    outer loop
      vertex 8.71432037e+01 5.59633156e+00 1.57500000e+02
      vertex 9.34457244e+01 7.29784452e+00 1.75000000e+02
      vertex 9.03722706e+01 6.94831282e+00 1.75000000e+02
    endloop
  endfacet
  facet normal 1.36065666e-01 -9.89416323e-01 5.04130347e-02
    outer loop
      vertex 9.03183291e+01 5.96693369e+00 1.57500000e+02
      vertex 9.34852528e+01 6.40245266e+00 1.57500000e+02
      vertex 9.65114168e+01 7.71027940e+00 1.75000000e+02
    endloop
  endfacet
  facet normal 1.33154435e-01 -9.89757539e-01 5.14772844e-02
    outer loop
      vertex 9.03183291e+01 5.96693369e+00 1.57500000e+02
      vertex 9.65114168e+01 7.71027940e+00 1.75000000e+02
      vertex 9.34457244e+01 7.29784452e+00 1.75000000e+02
    endloop
  endfacet
  facet normal 1.39099971e-01 -9.89048465e-01 4.93389447e-02
    outer loop
      vertex 9.34852528e+01 6.40245266e+00 1.57500000e+02
      vertex 9.66508146e+01 6.84765790e+00 1.57500000e+02
      vertex 9.95758280e+01 8.13202449e+00 1.75000000e+02
    endloop
  endfacet
  facet normal 1.36168384e-01 -9.89403147e-01 5.03942877e-02
    outer loop
      vertex 9.34852528e+01 6.40245266e+00 1.57500000e+02
      vertex 9.95758280e+01 8.13202449e+00 1.75000000e+02
      vertex 9.65114168e+01 7.71027940e+00 1.75000000e+02
    endloop
  endfacet
  facet normal 1.41559401e-01 -9.88746473e-01 4.83874766e-02
    outer loop
      vertex 9.66508146e+01 6.84765790e+00 1.57500000e+02
      vertex 9.98152764e+01 7.30071571e+00 1.57500000e+02
      vertex 1.02639188e+02 8.56143535e+00 1.75000000e+02
    endloop
  endfacet
  facet normal 1.38649578e-01 -9.89107729e-01 4.94185745e-02
    outer loop
      vertex 9.66508146e+01 6.84765790e+00 1.57500000e+02
      vertex 1.02639188e+02 8.56143535e+00 1.75000000e+02
      vertex 9.95758280e+01 8.13202449e+00 1.75000000e+02
    endloop
  endfacet
  facet normal 1.37762052e-01 -9.89276057e-01 4.85231969e-02
    outer loop
      vertex 9.98152764e+01 7.30071571e+00 1.57500000e+02
      vertex 1.02981456e+02 7.74162332e+00 1.57500000e+02
      vertex 1.05704169e+02 8.97913682e+00 1.75000000e+02
    endloop
  endfacet
  facet normal 1.34867993e-01 -9.89624854e-01 4.95305243e-02
    outer loop
      vertex 9.98152764e+01 7.30071571e+00 1.57500000e+02
      vertex 1.05704169e+02 8.97913682e+00 1.75000000e+02
      vertex 1.02639188e+02 8.56143535e+00 1.75000000e+02
    endloop
  endfacet
  facet normal 1.32689774e-01 -9.89952962e-01 4.88523895e-02
    outer loop
      vertex 1.02981456e+02 7.74162332e+00 1.57500000e+02
      vertex 1.06149806e+02 8.16629774e+00 1.57500000e+02
      vertex 1.08771188e+02 9.38125180e+00 1.75000000e+02
    endloop
  endfacet
  facet normal 1.29835360e-01 -9.90282780e-01 4.98276507e-02
    outer loop
      vertex 1.02981456e+02 7.74162332e+00 1.57500000e+02
      vertex 1.08771188e+02 9.38125180e+00 1.75000000e+02
      vertex 1.05704169e+02 8.97913682e+00 1.75000000e+02
    endloop
  endfacet
  facet normal 1.26464724e-01 -9.90743824e-01 4.93289853e-02
    outer loop
      vertex 1.06149806e+02 8.16629774e+00 1.57500000e+02
      vertex 1.09320811e+02 8.57106457e+00 1.57500000e+02
      vertex 1.11840726e+02 9.76404464e+00 1.75000000e+02
    endloop
  endfacet
  facet normal 1.23591837e-01 -9.91057910e-01 5.02919111e-02
    outer loop
      vertex 1.06149806e+02 8.16629774e+00 1.57500000e+02
      vertex 1.11840726e+02 9.76404464e+00 1.75000000e+02
      vertex 1.08771188e+02 9.38125180e+00 1.75000000e+02
    endloop
  endfacet
  facet normal 1.10359495e-01 -9.92568269e-01 5.12739069e-02
    outer loop
      vertex 1.09320811e+02 8.57106457e+00 1.57500000e+02
      vertex 1.12497935e+02 8.92431567e+00 1.57500000e+02
      vertex 1.14916018e+02 1.00971839e+01 1.75000000e+02
    endloop
  endfacet
  facet normal 1.07550819e-01 -9.92828557e-01 5.21946130e-02
    outer loop
      vertex 1.09320811e+02 8.57106457e+00 1.57500000e+02
      vertex 1.14916018e+02 1.00971839e+01 1.75000000e+02
      vertex 1.11840726e+02 9.76404464e+00 1.75000000e+02
    endloop
  endfacet
  facet normal 9.90555824e-02 -9.93700292e-01 5.24187050e-02
    outer loop
      vertex 1.12497935e+02 8.92431567e+00 1.57500000e+02
      vertex 1.15678716e+02 9.24138725e+00 1.57500000e+02
      vertex 1.17994742e+02 1.03953998e+01 1.75000000e+02
    endloop
  endfacet
  facet normal 9.62751408e-02 -9.93926069e-01 5.33110300e-02
    outer loop
      vertex 1.12497935e+02 8.92431567e+00 1.57500000e+02
      vertex 1.17994742e+02 1.03953998e+01 1.75000000e+02
      vertex 1.14916018e+02 1.00971839e+01 1.75000000e+02
    endloop
  endfacet
  facet normal 8.52330435e-02 -9.94905292e-01 5.38404003e-02
    outer loop
      vertex 1.15678716e+02 9.24138725e+00 1.57500000e+02
      vertex 1.18863729e+02 9.51424570e+00 1.57500000e+02
      vertex 1.21077434e+02 1.06509246e+01 1.75000000e+02
    endloop
  endfacet
  facet normal 8.24831475e-02 -9.95089968e-01 5.47036129e-02
    outer loop
      vertex 1.15678716e+02 9.24138725e+00 1.57500000e+02
      vertex 1.21077434e+02 1.06509246e+01 1.75000000e+02
      vertex 1.17994742e+02 1.03953998e+01 1.75000000e+02
    endloop
  endfacet
  facet normal 5.97695962e-02 -9.96601606e-01 5.66818711e-02
    outer loop
      vertex 1.18863729e+02 9.51424570e+00 1.57500000e+02
      vertex 1.22054737e+02 9.70562135e+00 1.57500000e+02
      vertex 1.24165710e+02 1.08275388e+01 1.75000000e+02
    endloop
  endfacet
  facet normal 5.70007660e-02 -9.96715253e-01 5.75292733e-02
    outer loop
      vertex 1.18863729e+02 9.51424570e+00 1.57500000e+02
      vertex 1.24165710e+02 1.08275388e+01 1.75000000e+02
      vertex 1.21077434e+02 1.06509246e+01 1.75000000e+02
    endloop
  endfacet
  facet normal 3.59015203e-02 -9.97603118e-01 5.91531910e-02
    outer loop
      vertex 1.22054737e+02 9.70562135e+00 1.57500000e+02
      vertex 1.25249161e+02 9.82058157e+00 1.57500000e+02
      vertex 1.27257076e+02 1.09305100e+01 1.75000000e+02
    endloop
  endfacet
  facet normal 3.32309354e-02 -9.97648071e-01 5.99502396e-02
    outer loop
      vertex 1.22054737e+02 9.70562135e+00 1.57500000e+02
      vertex 1.27257076e+02 1.09305100e+01 1.75000000e+02
      vertex 1.24165710e+02 1.08275388e+01 1.75000000e+02
    endloop
  endfacet
  facet normal 6.63491941e-03 -9.98049449e-01 6.20747566e-02
    outer loop
      vertex 1.25249161e+02 9.82058157e+00 1.57500000e+02
      vertex 1.28445392e+02 9.84182975e+00 1.57500000e+02
      vertex 1.30349949e+02 1.09429223e+01 1.75000000e+02
    endloop
  endfacet
  facet normal 4.00523818e-03 -9.98015636e-01 6.28390706e-02
    outer loop
      vertex 1.25249161e+02 9.82058157e+00 1.57500000e+02
      vertex 1.30349949e+02 1.09429223e+01 1.75000000e+02
      vertex 1.27257076e+02 1.09305100e+01 1.75000000e+02
    endloop
  endfacet
  facet normal -3.27056066e-02 -9.97292904e-01 6.58574790e-02
    outer loop
      vertex 1.28445392e+02 9.84182975e+00 1.57500000e+02
      vertex 1.31639872e+02 9.73706874e+00 1.57500000e+02
      vertex 1.33440815e+02 1.08336422e+01 1.75000000e+02
    endloop
  endfacet
  facet normal -3.52553338e-02 -9.97158200e-01 6.65776712e-02
    outer loop
      vertex 1.28445392e+02 9.84182975e+00 1.57500000e+02
      vertex 1.33440815e+02 1.08336422e+01 1.75000000e+02
      vertex 1.30349949e+02 1.09429223e+01 1.75000000e+02
    endloop
  endfacet
  facet normal -1.02740034e-01 -9.92080299e-01 7.22576314e-02
    outer loop
      vertex 1.31639872e+02 9.73706874e+00 1.57500000e+02
      vertex 1.35182637e+02 9.37017928e+00 1.57500000e+02
      vertex 1.36867978e+02 1.04702481e+01 1.75000000e+02
    endloop
  endfacet
  facet normal -1.05161343e-01 -9.91774539e-01 7.29681848e-02
    outer loop
      vertex 1.31639872e+02 9.73706874e+00 1.57500000e+02
      vertex 1.36867978e+02 1.04702481e+01 1.75000000e+02
      vertex 1.33440815e+02 1.08336422e+01 1.75000000e+02
    endloop
  endfacet
  facet normal 3.08866485e-01 9.46808352e-01 -9.03074671e-02
    outer loop
      vertex 1.36867978e+02 1.04702481e+01 1.75000000e+02
      vertex 1.33927518e+02 1.14294807e+01 1.75000000e+02
      vertex 1.35713235e+02 1.25161133e+01 1.92500000e+02
    endloop
  endfacet
  facet normal 3.11151285e-01 9.46082418e-01 -9.00718373e-02
    outer loop
      vertex 1.36867978e+02 1.04702481e+01 1.75000000e+02
      vertex 1.35713235e+02 1.25161133e+01 1.92500000e+02
      vertex 1.38553165e+02 1.15821059e+01 1.92500000e+02
    endloop
  endfacet
  facet normal 2.96372961e-01 9.50851656e-01 -8.96894380e-02
    outer loop
      vertex 1.33927518e+02 1.14294807e+01 1.75000000e+02
      vertex 1.30974469e+02 1.23499230e+01 1.75000000e+02
      vertex 1.32861025e+02 1.34125922e+01 1.92500000e+02
    endloop
  endfacet
  facet normal 2.98645398e-01 9.50160812e-01 -8.94726632e-02
    outer loop
      vertex 1.33927518e+02 1.14294807e+01 1.75000000e+02
      vertex 1.32861025e+02 1.34125922e+01 1.92500000e+02
      vertex 1.35713235e+02 1.25161133e+01 1.92500000e+02
    endloop
  endfacet
  facet normal 2.82494360e-01 9.55144432e-01 -8.88597214e-02
    outer loop
      vertex 1.30974469e+02 1.23499230e+01 1.75000000e+02
      vertex 1.28008179e+02 1.32272354e+01 1.75000000e+02
      vertex 1.29995919e+02 1.42674130e+01 1.92500000e+02
    endloop
  endfacet
  facet normal 2.84776090e-01 9.54485202e-01 -8.86599011e-02
    outer loop
      vertex 1.30974469e+02 1.23499230e+01 1.75000000e+02
      vertex 1.29995919e+02 1.42674130e+01 1.92500000e+02
      vertex 1.32861025e+02 1.34125922e+01 1.92500000e+02
    endloop
  endfacet
  facet normal 2.81650131e-01 9.55363685e-01 -8.91820288e-02
    outer loop
      vertex 1.28008179e+02 1.32272354e+01 1.75000000e+02
      vertex 1.25041114e+02 1.41019539e+01 1.75000000e+02
      vertex 1.27130054e+02 1.51197185e+01 1.92500000e+02
    endloop
  endfacet
  facet normal 2.83928716e-01 9.54706284e-01 -8.89966000e-02
    outer loop
      vertex 1.28008179e+02 1.32272354e+01 1.75000000e+02
      vertex 1.27130054e+02 1.51197185e+01 1.92500000e+02
      vertex 1.29995919e+02 1.42674130e+01 1.92500000e+02
    endloop
  endfacet
  facet normal 2.83534499e-01 9.54750710e-01 -8.97734356e-02
    outer loop
      vertex 1.25041114e+02 1.41019539e+01 1.75000000e+02
      vertex 1.22075797e+02 1.49825709e+01 1.75000000e+02
      vertex 1.24265877e+02 1.59776704e+01 1.92500000e+02
    endloop
  endfacet
  facet normal 2.85794356e-01 9.54092723e-01 -8.96028000e-02
    outer loop
      vertex 1.25041114e+02 1.41019539e+01 1.75000000e+02
      vertex 1.24265877e+02 1.59776704e+01 1.92500000e+02
      vertex 1.27130054e+02 1.51197185e+01 1.92500000e+02
    endloop
  endfacet
  facet normal 2.85049604e-01 9.54246669e-01 -9.03328217e-02
    outer loop
      vertex 1.22075797e+02 1.49825709e+01 1.75000000e+02
      vertex 1.19111895e+02 1.58679384e+01 1.75000000e+02
      vertex 1.21403060e+02 1.68401491e+01 1.92500000e+02
    endloop
  endfacet
  facet normal 2.87287378e-01 9.53590086e-01 -9.01771024e-02
    outer loop
      vertex 1.22075797e+02 1.49825709e+01 1.75000000e+02
      vertex 1.21403060e+02 1.68401491e+01 1.92500000e+02
      vertex 1.24265877e+02 1.59776704e+01 1.92500000e+02
    endloop
  endfacet
  facet normal 2.85718971e-01 9.54001966e-01 -9.08015374e-02
    outer loop
      vertex 1.19111895e+02 1.58679384e+01 1.75000000e+02
      vertex 1.16148628e+02 1.67554226e+01 1.75000000e+02
      vertex 1.18540842e+02 1.77046093e+01 1.92500000e+02
    endloop
  endfacet
  facet normal 2.87934829e-01 9.53348925e-01 -9.06606921e-02
    outer loop
      vertex 1.19111895e+02 1.58679384e+01 1.75000000e+02
      vertex 1.18540842e+02 1.77046093e+01 1.92500000e+02
      vertex 1.21403060e+02 1.68401491e+01 1.92500000e+02
    endloop
  endfacet
  facet normal 2.84659761e-01 9.54293548e-01 -9.10639537e-02
    outer loop
      vertex 1.16148628e+02 1.67554226e+01 1.75000000e+02
      vertex 1.13184385e+02 1.76396376e+01 1.75000000e+02
      vertex 1.15677657e+02 1.85658567e+01 1.92500000e+02
    endloop
  endfacet
  facet normal 2.86857568e-01 9.53647223e-01 -9.09379404e-02
    outer loop
      vertex 1.16148628e+02 1.67554226e+01 1.75000000e+02
      vertex 1.15677657e+02 1.85658567e+01 1.92500000e+02
      vertex 1.18540842e+02 1.77046093e+01 1.92500000e+02
    endloop
  endfacet
  facet normal 2.80445333e-01 9.55554158e-01 -9.09212116e-02
    outer loop
      vertex 1.13184385e+02 1.76396376e+01 1.75000000e+02
      vertex 1.10216272e+02 1.85107482e+01 1.75000000e+02
      vertex 1.12810701e+02 1.94144393e+01 1.92500000e+02
    endloop
  endfacet
  facet normal 2.82643277e-01 9.54916952e-01 -9.08096544e-02
    outer loop
      vertex 1.13184385e+02 1.76396376e+01 1.75000000e+02
      vertex 1.12810701e+02 1.94144393e+01 1.92500000e+02
      vertex 1.15677657e+02 1.85658567e+01 1.92500000e+02
    endloop
  endfacet
  facet normal 2.74445565e-01 9.57333250e-01 -9.05134294e-02
    outer loop
      vertex 1.10216272e+02 1.85107482e+01 1.75000000e+02
      vertex 1.07242790e+02 1.93631777e+01 1.75000000e+02
      vertex 1.09938507e+02 2.02449578e+01 1.92500000e+02
    endloop
  endfacet
  facet normal 2.76640655e-01 9.56710374e-01 -9.04168627e-02
    outer loop
      vertex 1.10216272e+02 1.85107482e+01 1.75000000e+02
      vertex 1.09938507e+02 2.02449578e+01 1.92500000e+02
      vertex 1.12810701e+02 1.94144393e+01 1.92500000e+02
    endloop
  endfacet
  facet normal 2.66956418e-01 9.59510181e-01 -8.98581254e-02
    outer loop
      vertex 1.07242790e+02 1.93631777e+01 1.75000000e+02
      vertex 1.04262707e+02 2.01923009e+01 1.75000000e+02
      vertex 1.07059877e+02 2.10529429e+01 1.92500000e+02
    endloop
  endfacet
  facet normal 2.69149219e-01 9.58905016e-01 -8.97767723e-02
    outer loop
      vertex 1.07242790e+02 1.93631777e+01 1.75000000e+02
      vertex 1.07059877e+02 2.10529429e+01 1.92500000e+02
      vertex 1.09938507e+02 2.02449578e+01 1.92500000e+02
    endloop
  endfacet
  facet normal 2.48900727e-01 9.64557888e-01 -8.76156842e-02
    outer loop
      vertex 1.04262707e+02 2.01923009e+01 1.75000000e+02
      vertex 1.01267510e+02 2.09652010e+01 1.75000000e+02
      vertex 1.04166542e+02 2.18067298e+01 1.92500000e+02
    endloop
  endfacet
  facet normal 2.51141843e-01 9.63982737e-01 -8.75503093e-02
    outer loop
      vertex 1.04262707e+02 2.01923009e+01 1.75000000e+02
      vertex 1.04166542e+02 2.18067298e+01 1.92500000e+02
      vertex 1.07059877e+02 2.10529429e+01 1.92500000e+02
    endloop
  endfacet
  facet normal 2.24974685e-01 9.70707450e-01 -8.43412022e-02
    outer loop
      vertex 1.01267510e+02 2.09652010e+01 1.75000000e+02
      vertex 9.82544897e+01 2.16635094e+01 1.75000000e+02
      vertex 1.01255803e+02 2.24884248e+01 1.92500000e+02
    endloop
  endfacet
  facet normal 2.27218217e-01 9.70188801e-01 -8.42945575e-02
    outer loop
      vertex 1.01267510e+02 2.09652010e+01 1.75000000e+02
      vertex 1.01255803e+02 2.24884248e+01 1.92500000e+02
      vertex 1.04166542e+02 2.18067298e+01 1.92500000e+02
    endloop
  endfacet
  facet normal 1.93995688e-01 9.77754494e-01 -7.97610346e-02
    outer loop
      vertex 9.82544897e+01 2.16635094e+01 1.75000000e+02
      vertex 9.52215519e+01 2.22652728e+01 1.75000000e+02
      vertex 9.83256198e+01 2.30769718e+01 1.92500000e+02
    endloop
  endfacet
  facet normal 1.96296736e-01 9.77297378e-01 -7.97334665e-02
    outer loop
      vertex 9.82544897e+01 2.16635094e+01 1.75000000e+02
      vertex 9.83256198e+01 2.30769718e+01 1.92500000e+02
      vertex 1.01255803e+02 2.24884248e+01 1.92500000e+02
    endloop
  endfacet
  facet normal 1.53609944e-01 9.85403935e-01 -7.33694025e-02
    outer loop
      vertex 9.52215519e+01 2.22652728e+01 1.75000000e+02
      vertex 9.21653348e+01 2.27416920e+01 1.75000000e+02
      vertex 9.53726987e+01 2.35446942e+01 1.92500000e+02
    endloop
  endfacet
  facet normal 1.56021284e-01 9.85025529e-01 -7.33625639e-02
    outer loop
      vertex 9.52215519e+01 2.22652728e+01 1.75000000e+02
      vertex 9.53726987e+01 2.35446942e+01 1.92500000e+02
      vertex 9.83256198e+01 2.30769718e+01 1.92500000e+02
    endloop
  endfacet
  facet normal 9.01999746e-02 9.93955525e-01 -6.25809717e-02
    outer loop
      vertex 9.21653348e+01 2.27416920e+01 1.75000000e+02
      vertex 8.90846677e+01 2.30212579e+01 1.75000000e+02
      vertex 9.23957165e+01 2.38226122e+01 1.92500000e+02
    endloop
  endfacet
  facet normal 9.27691207e-02 9.93717825e-01 -6.26001117e-02
    outer loop
      vertex 9.21653348e+01 2.27416920e+01 1.75000000e+02
      vertex 9.23957165e+01 2.38226122e+01 1.92500000e+02
      vertex 9.53726987e+01 2.35446942e+01 1.92500000e+02
    endloop
  endfacet
  facet normal 5.35374721e-02 9.96981141e-01 -5.62347266e-02
    outer loop
      vertex 8.90846677e+01 2.30212579e+01 1.75000000e+02
      vertex 8.59966197e+01 2.31870848e+01 1.75000000e+02
      vertex 8.94113241e+01 2.39908042e+01 1.92500000e+02
    endloop
  endfacet
  facet normal 5.61787541e-02 9.96833475e-01 -5.62758480e-02
    outer loop
      vertex 8.90846677e+01 2.30212579e+01 1.75000000e+02
      vertex 8.94113241e+01 2.39908042e+01 1.92500000e+02
      vertex 9.23957165e+01 2.38226122e+01 1.92500000e+02
    endloop
  endfacet
  facet normal 2.20446462e-02 9.98474711e-01 -5.06190280e-02
    outer loop
      vertex 8.59966197e+01 2.31870848e+01 1.75000000e+02
      vertex 8.29047194e+01 2.32553488e+01 1.75000000e+02
      vertex 8.64229636e+01 2.40648581e+01 1.92500000e+02
    endloop
  endfacet
  facet normal 2.47413235e-02 9.98408365e-01 -5.06813981e-02
    outer loop
      vertex 8.59966197e+01 2.31870848e+01 1.75000000e+02
      vertex 8.64229636e+01 2.40648581e+01 1.92500000e+02
      vertex 8.94113241e+01 2.39908042e+01 1.92500000e+02
    endloop
  endfacet
  facet normal -7.14158597e-03 9.98950590e-01 -4.52406605e-02
    outer loop
      vertex 8.29047194e+01 2.32553488e+01 1.75000000e+02
      vertex 7.98116847e+01 2.32332364e+01 1.75000000e+02
      vertex 8.34332695e+01 2.40516707e+01 1.92500000e+02
    endloop
  endfacet
  facet normal -4.40636607e-03 9.98962630e-01 -4.53238198e-02
    outer loop
      vertex 8.29047194e+01 2.32553488e+01 1.75000000e+02
      vertex 8.34332695e+01 2.40516707e+01 1.92500000e+02
      vertex 8.64229636e+01 2.40648581e+01 1.92500000e+02
    endloop
  endfacet
  facet normal -4.35200970e-02 9.98323613e-01 -3.81571001e-02
    outer loop
      vertex 7.98116847e+01 2.32332364e+01 1.75000000e+02
      vertex 7.67212973e+01 2.30985166e+01 1.75000000e+02
      vertex 8.04458332e+01 2.39297515e+01 1.92500000e+02
    endloop
  endfacet
  facet normal -4.07468443e-02 9.98436631e-01 -3.82620928e-02
    outer loop
      vertex 7.98116847e+01 2.32332364e+01 1.75000000e+02
      vertex 8.04458332e+01 2.39297515e+01 1.92500000e+02
      vertex 8.34332695e+01 2.40516707e+01 1.92500000e+02
    endloop
  endfacet
  facet normal -7.52084411e-02 9.96660198e-01 -3.18141517e-02
    outer loop
      vertex 7.67212973e+01 2.30985166e+01 1.75000000e+02
      vertex 7.36371182e+01 2.28657830e+01 1.75000000e+02
      vertex 7.74641277e+01 2.37131843e+01 1.92500000e+02
    endloop
  endfacet
  facet normal -7.24042159e-02 9.96863804e-01 -3.19403354e-02
    outer loop
      vertex 7.67212973e+01 2.30985166e+01 1.75000000e+02
      vertex 7.74641277e+01 2.37131843e+01 1.92500000e+02
      vertex 8.04458332e+01 2.39297515e+01 1.92500000e+02
    endloop
  endfacet
  facet normal -1.04822898e-01 9.94158750e-01 -2.57009764e-02
    outer loop
      vertex 7.36371182e+01 2.28657830e+01 1.75000000e+02
      vertex 7.05614561e+01 2.25414889e+01 1.75000000e+02
      vertex 7.44903969e+01 2.34081614e+01 1.92500000e+02
    endloop
  endfacet
  facet normal -1.02002983e-01 9.94448240e-01 -2.58474442e-02
    outer loop
      vertex 7.36371182e+01 2.28657830e+01 1.75000000e+02
      vertex 7.44903969e+01 2.34081614e+01 1.92500000e+02
      vertex 7.74641277e+01 2.37131843e+01 1.92500000e+02
    endloop
  endfacet
  facet normal -1.36915600e-01 9.90404370e-01 -1.87963175e-02
    outer loop
      vertex 7.05614561e+01 2.25414889e+01 1.75000000e+02
      vertex 6.74978845e+01 2.21179743e+01 1.75000000e+02
      vertex 7.15280759e+01 2.30072390e+01 1.92500000e+02
    endloop
  endfacet
  facet normal -1.34093785e-01 9.90787205e-01 -1.89623705e-02
    outer loop
      vertex 7.05614561e+01 2.25414889e+01 1.75000000e+02
      vertex 7.15280759e+01 2.30072390e+01 1.92500000e+02
      vertex 7.44903969e+01 2.34081614e+01 1.92500000e+02
    endloop
  endfacet
  facet normal -1.72948001e-01 9.84872827e-01 -1.07005970e-02
    outer loop
      vertex 6.74978845e+01 2.21179743e+01 1.75000000e+02
      vertex 6.44517102e+01 2.15830527e+01 1.75000000e+02
      vertex 6.85822732e+01 2.24985344e+01 1.92500000e+02
    endloop
  endfacet
  facet normal -1.70159174e-01 9.85356481e-01 -1.08839245e-02
    outer loop
      vertex 6.74978845e+01 2.21179743e+01 1.75000000e+02
      vertex 6.85822732e+01 2.24985344e+01 1.92500000e+02
      vertex 7.15280759e+01 2.30072390e+01 1.92500000e+02
    endloop
  endfacet
  facet normal -2.15654306e-01 9.76469556e-01 -6.52727024e-04
    outer loop
      vertex 6.44517102e+01 2.15830527e+01 1.75000000e+02
      vertex 6.14316318e+01 2.09160653e+01 1.75000000e+02
      vertex 6.56613777e+01 2.18619070e+01 1.92500000e+02
    endloop
  endfacet
  facet normal -2.12956610e-01 9.77061289e-01 -8.48631146e-04
    outer loop
      vertex 6.44517102e+01 2.15830527e+01 1.75000000e+02
      vertex 6.56613777e+01 2.18619070e+01 1.92500000e+02
      vertex 6.85822732e+01 2.24985344e+01 1.92500000e+02
    endloop
  endfacet
  facet normal -2.67902720e-01 9.63368224e-01 1.22391927e-02
    outer loop
      vertex 6.14316318e+01 2.09160653e+01 1.75000000e+02
      vertex 5.84519469e+01 2.00874458e+01 1.75000000e+02
      vertex 6.27792206e+01 2.10684855e+01 1.92500000e+02
    endloop
  endfacet
  facet normal -2.65394822e-01 9.64064638e-01 1.20400062e-02
    outer loop
      vertex 6.14316318e+01 2.09160653e+01 1.75000000e+02
      vertex 6.27792206e+01 2.10684855e+01 1.92500000e+02
      vertex 6.56613777e+01 2.18619070e+01 1.92500000e+02
    endloop
  endfacet
  facet normal -3.29828480e-01 9.43618429e-01 2.82388656e-02
    outer loop
      vertex 5.84519469e+01 2.00874458e+01 1.75000000e+02
      vertex 5.55327977e+01 1.90670984e+01 1.75000000e+02
      vertex 5.99552309e+01 2.00891898e+01 1.92500000e+02
    endloop
  endfacet
  facet normal -3.27507755e-01 9.44432348e-01 2.80394298e-02
    outer loop
      vertex 5.84519469e+01 2.00874458e+01 1.75000000e+02
      vertex 5.99552309e+01 2.00891898e+01 1.92500000e+02
      vertex 6.27792206e+01 2.10684855e+01 1.92500000e+02
    endloop
  endfacet
  facet normal -4.01612281e-01 9.14569443e-01 4.76477682e-02
    outer loop
      vertex 5.55327977e+01 1.90670984e+01 1.75000000e+02
      vertex 5.27022596e+01 1.78241323e+01 1.75000000e+02
      vertex 5.72162932e+01 1.88946419e+01 1.92500000e+02
    endloop
  endfacet
  facet normal -3.99318722e-01 9.15584118e-01 4.74371277e-02
    outer loop
      vertex 5.55327977e+01 1.90670984e+01 1.75000000e+02
      vertex 5.72162932e+01 1.88946419e+01 1.92500000e+02
      vertex 5.99552309e+01 2.00891898e+01 1.92500000e+02
    endloop
  endfacet
  facet normal -4.91241214e-01 8.67949570e-01 7.31137072e-02
    outer loop
      vertex 5.27022596e+01 1.78241323e+01 1.75000000e+02
      vertex 5.00127666e+01 1.63019358e+01 1.75000000e+02
      vertex 5.46123167e+01 1.74310322e+01 1.92500000e+02
    endloop
  endfacet
  facet normal -4.88672114e-01 8.69419384e-01 7.28663162e-02
    outer loop
      vertex 5.27022596e+01 1.78241323e+01 1.75000000e+02
      vertex 5.46123167e+01 1.74310322e+01 1.92500000e+02
      vertex 5.72162932e+01 1.88946419e+01 1.92500000e+02
    endloop
  endfacet
  facet normal -6.50258910e-01 7.49882640e-01 1.21816978e-01
    outer loop
      vertex 5.00127666e+01 1.63019358e+01 1.75000000e+02
      vertex 4.76831049e+01 1.42817753e+01 1.75000000e+02
      vertex 5.23523238e+01 1.54878361e+01 1.92500000e+02
    endloop
  endfacet
  facet normal -6.47130299e-01 7.52631162e-01 1.21526579e-01
    outer loop
      vertex 5.00127666e+01 1.63019358e+01 1.75000000e+02
      vertex 5.23523238e+01 1.54878361e+01 1.92500000e+02
      vertex 5.46123167e+01 1.74310322e+01 1.92500000e+02
    endloop
  endfacet
  facet normal -9.65356406e-01 -2.85876013e-02 2.59364142e-01
    outer loop
      vertex 4.76831049e+01 1.42817753e+01 1.75000000e+02
      vertex 4.77579691e+01 1.17537345e+01 1.75000000e+02
      vertex 5.24213913e+01 1.30482826e+01 1.92500000e+02
    endloop
  endfacet
  facet normal -9.65368145e-01 -2.73310594e-02 2.59455888e-01
    outer loop
      vertex 4.76831049e+01 1.42817753e+01 1.75000000e+02
      vertex 5.24213913e+01 1.30482826e+01 1.92500000e+02
      vertex 5.23523238e+01 1.54878361e+01 1.92500000e+02
    endloop
  endfacet
  facet normal -4.14564764e-01 -8.92788550e-01 1.76251697e-01
    outer loop
      vertex 4.77579691e+01 1.17537345e+01 1.75000000e+02
      vertex 5.05554459e+01 1.04547312e+01 1.75000000e+02
      vertex 5.51234041e+01 1.17884067e+01 1.92500000e+02
    endloop
  endfacet
  facet normal -4.15933360e-01 -8.92038074e-01 1.76826227e-01
    outer loop
      vertex 4.77579691e+01 1.17537345e+01 1.75000000e+02
      vertex 5.51234041e+01 1.17884067e+01 1.92500000e+02
      vertex 5.24213913e+01 1.30482826e+01 1.92500000e+02
    endloop
  endfacet
  facet normal -2.86479360e-01 -9.46804087e-01 1.46600125e-01
    outer loop
      vertex 5.05554459e+01 1.04547312e+01 1.75000000e+02
      vertex 5.35148625e+01 9.55928538e+00 1.75000000e+02
      vertex 5.79821842e+01 1.09172292e+01 1.92500000e+02
    endloop
  endfacet
  facet normal -2.88320245e-01 -9.46126549e-01 1.47363462e-01
    outer loop
      vertex 5.05554459e+01 1.04547312e+01 1.75000000e+02
      vertex 5.79821842e+01 1.09172292e+01 1.92500000e+02
      vertex 5.51234041e+01 1.17884067e+01 1.92500000e+02
    endloop
  endfacet
  facet normal -2.28297748e-01 -9.64497091e-01 1.32761064e-01
    outer loop
      vertex 5.35148625e+01 9.55928538e+00 1.75000000e+02
      vertex 5.65242512e+01 8.84695906e+00 1.75000000e+02
      vertex 6.08895131e+01 1.02225352e+01 1.92500000e+02
    endloop
  endfacet
  facet normal -2.30320200e-01 -9.63901505e-01 1.33590770e-01
    outer loop
      vertex 5.35148625e+01 9.55928538e+00 1.75000000e+02
      vertex 6.08895131e+01 1.02225352e+01 1.92500000e+02
      vertex 5.79821842e+01 1.09172292e+01 1.92500000e+02
    endloop
  endfacet
  facet normal -1.87019561e-01 -9.74640002e-01 1.22884298e-01
    outer loop
      vertex 5.65242512e+01 8.84695906e+00 1.75000000e+02
      vertex 5.95616777e+01 8.26412008e+00 1.75000000e+02
      vertex 6.38241494e+01 9.65264265e+00 1.92500000e+02
    endloop
  endfacet
  facet normal -1.89168496e-01 -9.74114780e-01 1.23756517e-01
    outer loop
      vertex 5.65242512e+01 8.84695906e+00 1.75000000e+02
      vertex 6.38241494e+01 9.65264265e+00 1.92500000e+02
      vertex 6.08895131e+01 1.02225352e+01 1.92500000e+02
    endloop
  endfacet
  facet normal -1.55115716e-01 -9.81151847e-01 1.15239609e-01
    outer loop
      vertex 5.95616777e+01 8.26412008e+00 1.75000000e+02
      vertex 6.26166736e+01 7.78113891e+00 1.75000000e+02
      vertex 6.67759460e+01 9.17901084e+00 1.92500000e+02
    endloop
  endfacet
  facet normal -1.57356841e-01 -9.80688783e-01 1.16139290e-01
    outer loop
      vertex 5.95616777e+01 8.26412008e+00 1.75000000e+02
      vertex 6.67759460e+01 9.17901084e+00 1.92500000e+02
      vertex 6.38241494e+01 9.65264265e+00 1.92500000e+02
    endloop
  endfacet
  facet normal -1.28928612e-01 -9.85648174e-01 1.08972885e-01
    outer loop
      vertex 6.26166736e+01 7.78113891e+00 1.75000000e+02
      vertex 6.56835254e+01 7.37997655e+00 1.75000000e+02
      vertex 6.97393588e+01 8.78424286e+00 1.92500000e+02
    endloop
  endfacet
  facet normal -1.31247708e-01 -9.85239811e-01 1.09893374e-01
    outer loop
      vertex 6.26166736e+01 7.78113891e+00 1.75000000e+02
      vertex 6.97393588e+01 8.78424286e+00 1.92500000e+02
      vertex 6.67759460e+01 9.17901084e+00 1.92500000e+02
    endloop
  endfacet
  facet normal -1.06285858e-01 -9.88926462e-01 1.03574948e-01
    outer loop
      vertex 6.56835254e+01 7.37997655e+00 1.75000000e+02
      vertex 6.87588675e+01 7.04945109e+00 1.75000000e+02
      vertex 7.27111185e+01 8.45753678e+00 1.92500000e+02
    endloop
  endfacet
  facet normal -1.08680041e-01 -9.88567354e-01 1.04514284e-01
    outer loop
      vertex 6.56835254e+01 7.37997655e+00 1.75000000e+02
      vertex 7.27111185e+01 8.45753678e+00 1.92500000e+02
      vertex 6.97393588e+01 8.78424286e+00 1.92500000e+02
    endloop
  endfacet
  facet normal -8.59524460e-02 -9.91392579e-01 9.87569266e-02
    outer loop
      vertex 6.87588675e+01 7.04945109e+00 1.75000000e+02
      vertex 7.18405950e+01 6.78226933e+00 1.75000000e+02
      vertex 7.56891820e+01 8.19185296e+00 1.92500000e+02
    endloop
  endfacet
  facet normal -8.84178357e-02 -9.91080033e-01 9.97128622e-02
    outer loop
      vertex 6.87588675e+01 7.04945109e+00 1.75000000e+02
      vertex 7.56891820e+01 8.19185296e+00 1.92500000e+02
      vertex 7.27111185e+01 8.45753678e+00 1.92500000e+02
    endloop
  endfacet
  facet normal -5.81571523e-02 -9.94019500e-01 9.24282340e-02
    outer loop
      vertex 7.18405950e+01 6.78226933e+00 1.75000000e+02
      vertex 7.49286389e+01 6.60159698e+00 1.75000000e+02
      vertex 7.86735546e+01 8.00971871e+00 1.92500000e+02
    endloop
  endfacet
  facet normal -6.06497905e-02 -9.93781106e-01 9.33847756e-02
    outer loop
      vertex 7.18405950e+01 6.78226933e+00 1.75000000e+02
      vertex 7.86735546e+01 8.00971871e+00 1.92500000e+02
      vertex 7.56891820e+01 8.19185296e+00 1.92500000e+02
    endloop
  endfacet
  facet normal -3.66587888e-02 -9.95489571e-01 8.75022715e-02
    outer loop
      vertex 7.49286389e+01 6.60159698e+00 1.75000000e+02
      vertex 7.80195578e+01 6.48777424e+00 1.75000000e+02
      vertex 8.16608578e+01 7.89191161e+00 1.92500000e+02
    endloop
  endfacet
  facet normal -3.92507378e-02 -9.95303804e-01 8.84856926e-02
    outer loop
      vertex 7.49286389e+01 6.60159698e+00 1.75000000e+02
      vertex 8.16608578e+01 7.89191161e+00 1.92500000e+02
      vertex 7.86735546e+01 8.00971871e+00 1.92500000e+02
    endloop
  endfacet
  facet normal -1.44442369e-02 -9.96486211e-01 8.25020936e-02
    outer loop
      vertex 7.80195578e+01 6.48777424e+00 1.75000000e+02
      vertex 8.11120343e+01 6.44294827e+00 1.75000000e+02
      vertex 8.46498400e+01 7.84054487e+00 1.92500000e+02
    endloop
  endfacet
  facet normal -1.71228093e-02 -9.96360055e-01 8.35071811e-02
    outer loop
      vertex 7.80195578e+01 6.48777424e+00 1.75000000e+02
      vertex 8.46498400e+01 7.84054487e+00 1.92500000e+02
      vertex 8.16608578e+01 7.89191161e+00 1.92500000e+02
    endloop
  endfacet
  facet normal 1.16296824e-02 -9.96977619e-01 7.68139175e-02
    outer loop
      vertex 8.11120343e+01 6.44294827e+00 1.75000000e+02
      vertex 8.42051496e+01 6.47902927e+00 1.75000000e+02
      vertex 8.76396456e+01 7.86741114e+00 1.92500000e+02
    endloop
  endfacet
  facet normal 8.95835862e-03 -9.96928244e-01 7.78063192e-02
    outer loop
      vertex 8.11120343e+01 6.44294827e+00 1.75000000e+02
      vertex 8.76396456e+01 7.86741114e+00 1.92500000e+02
      vertex 8.46498400e+01 7.84054487e+00 1.92500000e+02
    endloop
  endfacet
  facet normal 6.18866347e-02 -9.95874393e-01 6.63644359e-02
    outer loop
      vertex 8.42051496e+01 6.47902927e+00 1.75000000e+02
      vertex 8.72922751e+01 6.67087255e+00 1.75000000e+02
      vertex 9.06241002e+01 8.04411106e+00 1.92500000e+02
    endloop
  endfacet
  facet normal 5.89686939e-02 -9.95978910e-01 6.74440757e-02
    outer loop
      vertex 8.42051496e+01 6.47902927e+00 1.75000000e+02
      vertex 9.06241002e+01 8.04411106e+00 1.92500000e+02
      vertex 8.76396456e+01 7.86741114e+00 1.92500000e+02
    endloop
  endfacet
  facet normal 8.95508111e-02 -9.94145843e-01 6.04540660e-02
    outer loop
      vertex 8.72922751e+01 6.67087255e+00 1.75000000e+02
      vertex 9.03722706e+01 6.94831282e+00 1.75000000e+02
      vertex 9.36019298e+01 8.30341053e+00 1.92500000e+02
    endloop
  endfacet
  facet normal 8.65839761e-02 -9.94341888e-01 6.15420520e-02
    outer loop
      vertex 8.72922751e+01 6.67087255e+00 1.75000000e+02
      vertex 9.36019298e+01 8.30341053e+00 1.92500000e+02
      vertex 9.06241002e+01 8.04411106e+00 1.92500000e+02
    endloop
  endfacet
  facet normal 1.12823517e-01 -9.92064162e-01 5.54937214e-02
    outer loop
      vertex 9.03722706e+01 6.94831282e+00 1.75000000e+02
      vertex 9.34457244e+01 7.29784452e+00 1.75000000e+02
      vertex 9.65736361e+01 8.63247808e+00 1.92500000e+02
    endloop
  endfacet
  facet normal 1.09884621e-01 -9.92333720e-01 5.65611014e-02
    outer loop
      vertex 9.03722706e+01 6.94831282e+00 1.75000000e+02
      vertex 9.65736361e+01 8.63247808e+00 1.92500000e+02
      vertex 9.36019298e+01 8.30341053e+00 1.92500000e+02
    endloop
  endfacet
  facet normal 1.33156445e-01 -9.89772480e-01 5.11839711e-02
    outer loop
      vertex 9.34457244e+01 7.29784452e+00 1.75000000e+02
      vertex 9.65114168e+01 7.71027940e+00 1.75000000e+02
      vertex 9.95380099e+01 9.02242931e+00 1.92500000e+02
    endloop
  endfacet
  facet normal 1.30244291e-01 -9.90105243e-01 5.22305740e-02
    outer loop
      vertex 9.34457244e+01 7.29784452e+00 1.75000000e+02
      vertex 9.95380099e+01 9.02242931e+00 1.92500000e+02
      vertex 9.65736361e+01 8.63247808e+00 1.92500000e+02
    endloop
  endfacet
  facet normal 1.36170186e-01 -9.89416244e-01 5.01315976e-02
    outer loop
      vertex 9.65114168e+01 7.71027940e+00 1.75000000e+02
      vertex 9.95758280e+01 8.13202449e+00 1.75000000e+02
      vertex 1.02501180e+02 9.42131881e+00 1.92500000e+02
    endloop
  endfacet
  facet normal 1.33237623e-01 -9.89762321e-01 5.11691697e-02
    outer loop
      vertex 9.65114168e+01 7.71027940e+00 1.75000000e+02
      vertex 1.02501180e+02 9.42131881e+00 1.92500000e+02
      vertex 9.95380099e+01 9.02242931e+00 1.92500000e+02
    endloop
  endfacet
  facet normal 1.38651117e-01 -9.89118705e-01 4.91940625e-02
    outer loop
      vertex 9.95758280e+01 8.13202449e+00 1.75000000e+02
      vertex 1.02639188e+02 8.56143535e+00 1.75000000e+02
      vertex 1.05463348e+02 9.82768284e+00 1.92500000e+02
    endloop
  endfacet
  facet normal 1.35740308e-01 -9.89471462e-01 5.02075255e-02
    outer loop
      vertex 9.95758280e+01 8.13202449e+00 1.75000000e+02
      vertex 1.05463348e+02 9.82768284e+00 1.92500000e+02
      vertex 1.02501180e+02 9.42131881e+00 1.92500000e+02
    endloop
  endfacet
  facet normal 1.34869242e-01 -9.89634016e-01 4.93437056e-02
    outer loop
      vertex 1.02639188e+02 8.56143535e+00 1.75000000e+02
      vertex 1.05704169e+02 8.97913682e+00 1.75000000e+02
      vertex 1.08427043e+02 1.02227751e+01 1.92500000e+02
    endloop
  endfacet
  facet normal 1.31974243e-01 -9.89974413e-01 5.03334967e-02
    outer loop
      vertex 1.02639188e+02 8.56143535e+00 1.75000000e+02
      vertex 1.08427043e+02 1.02227751e+01 1.92500000e+02
      vertex 1.05463348e+02 9.82768284e+00 1.92500000e+02
    endloop
  endfacet
  facet normal 1.29836300e-01 -9.90289947e-01 4.96825577e-02
    outer loop
      vertex 1.05704169e+02 8.97913682e+00 1.75000000e+02
      vertex 1.08771188e+02 9.38125180e+00 1.75000000e+02
      vertex 1.11392648e+02 1.06029197e+01 1.92500000e+02
    endloop
  endfacet
  facet normal 1.26981024e-01 -9.90611607e-01 5.06405280e-02
    outer loop
      vertex 1.05704169e+02 8.97913682e+00 1.75000000e+02
      vertex 1.11392648e+02 1.06029197e+01 1.92500000e+02
      vertex 1.08427043e+02 1.02227751e+01 1.92500000e+02
    endloop
  endfacet
  facet normal 1.23592545e-01 -9.91063587e-01 5.01781699e-02
    outer loop
      vertex 1.08771188e+02 9.38125180e+00 1.75000000e+02
      vertex 1.11840726e+02 9.76404464e+00 1.75000000e+02
      vertex 1.14360640e+02 1.09643314e+01 1.92500000e+02
    endloop
  endfacet
  facet normal 1.20718838e-01 -9.91369422e-01 5.11236902e-02
    outer loop
      vertex 1.08771188e+02 9.38125180e+00 1.75000000e+02
      vertex 1.14360640e+02 1.09643314e+01 1.92500000e+02
      vertex 1.11392648e+02 1.06029197e+01 1.92500000e+02
    endloop
  endfacet
  facet normal 1.07551196e-01 -9.92832043e-01 5.21274919e-02
    outer loop
      vertex 1.11840726e+02 9.76404464e+00 1.75000000e+02
      vertex 1.14916018e+02 1.00971839e+01 1.75000000e+02
      vertex 1.17334031e+02 1.12779388e+01 1.92500000e+02
    endloop
  endfacet
  facet normal 1.04741892e-01 -9.93084503e-01 5.30311812e-02
    outer loop
      vertex 1.11840726e+02 9.76404464e+00 1.75000000e+02
      vertex 1.17334031e+02 1.12779388e+01 1.92500000e+02
      vertex 1.14360640e+02 1.09643314e+01 1.92500000e+02
    endloop
  endfacet
  facet normal 9.62752855e-02 -9.93927563e-01 5.32829188e-02
    outer loop
      vertex 1.14916018e+02 1.00971839e+01 1.75000000e+02
      vertex 1.17994742e+02 1.03953998e+01 1.75000000e+02
      vertex 1.20310639e+02 1.15578736e+01 1.92500000e+02
    endloop
  endfacet
  facet normal 9.34943309e-02 -9.94145703e-01 5.41583949e-02
    outer loop
      vertex 1.14916018e+02 1.00971839e+01 1.75000000e+02
      vertex 1.20310639e+02 1.15578736e+01 1.92500000e+02
      vertex 1.17334031e+02 1.12779388e+01 1.92500000e+02
    endloop
  endfacet
  facet normal 8.24830982e-02 -9.95089373e-01 5.47145090e-02
    outer loop
      vertex 1.17994742e+02 1.03953998e+01 1.75000000e+02
      vertex 1.21077434e+02 1.06509246e+01 1.75000000e+02
      vertex 1.23290959e+02 1.17966330e+01 1.92500000e+02
    endloop
  endfacet
  facet normal 7.97328202e-02 -9.95266621e-01 5.55610481e-02
    outer loop
      vertex 1.17994742e+02 1.03953998e+01 1.75000000e+02
      vertex 1.23290959e+02 1.17966330e+01 1.92500000e+02
      vertex 1.20310639e+02 1.15578736e+01 1.92500000e+02
    endloop
  endfacet
  facet normal 5.70006299e-02 -9.96712873e-01 5.75706227e-02
    outer loop
      vertex 1.21077434e+02 1.06509246e+01 1.75000000e+02
      vertex 1.24165710e+02 1.08275388e+01 1.75000000e+02
      vertex 1.26276467e+02 1.19590586e+01 1.92500000e+02
    endloop
  endfacet
  facet normal 5.42316180e-02 -9.96819057e-01 5.84011991e-02
    outer loop
      vertex 1.21077434e+02 1.06509246e+01 1.75000000e+02
      vertex 1.26276467e+02 1.19590586e+01 1.92500000e+02
      vertex 1.23290959e+02 1.17966330e+01 1.92500000e+02
    endloop
  endfacet
  facet normal 3.32307528e-02 -9.97642588e-01 6.00415110e-02
    outer loop
      vertex 1.24165710e+02 1.08275388e+01 1.75000000e+02
      vertex 1.27257076e+02 1.09305100e+01 1.75000000e+02
      vertex 1.29264754e+02 1.20505936e+01 1.92500000e+02
    endloop
  endfacet
  facet normal 3.05601966e-02 -9.97680671e-01 6.08223030e-02
    outer loop
      vertex 1.24165710e+02 1.08275388e+01 1.75000000e+02
      vertex 1.29264754e+02 1.20505936e+01 1.92500000e+02
      vertex 1.26276467e+02 1.19590586e+01 1.92500000e+02
    endloop
  endfacet
  facet normal 4.00520542e-03 -9.98007473e-01 6.29685755e-02
    outer loop
      vertex 1.27257076e+02 1.09305100e+01 1.75000000e+02
      vertex 1.30349949e+02 1.09429223e+01 1.75000000e+02
      vertex 1.32254264e+02 1.20547148e+01 1.92500000e+02
    endloop
  endfacet
  facet normal 1.37576718e-03 -9.97967070e-01 6.37168256e-02
    outer loop
      vertex 1.27257076e+02 1.09305100e+01 1.75000000e+02
      vertex 1.32254264e+02 1.20547148e+01 1.92500000e+02
      vertex 1.29264754e+02 1.20505936e+01 1.92500000e+02
    endloop
  endfacet
  facet normal -3.52549269e-02 -9.97146691e-01 6.67500324e-02
    outer loop
      vertex 1.30349949e+02 1.09429223e+01 1.75000000e+02
      vertex 1.33440815e+02 1.08336422e+01 1.75000000e+02
      vertex 1.35241535e+02 1.19414444e+01 1.92500000e+02
    endloop
  endfacet
  facet normal -3.78041536e-02 -9.97005882e-01 6.74545560e-02
    outer loop
      vertex 1.30349949e+02 1.09429223e+01 1.75000000e+02
      vertex 1.35241535e+02 1.19414444e+01 1.92500000e+02
      vertex 1.32254264e+02 1.20547148e+01 1.92500000e+02
    endloop
  endfacet
  facet normal -1.05160032e-01 -9.91762179e-01 7.31378760e-02
    outer loop
      vertex 1.33440815e+02 1.08336422e+01 1.75000000e+02
      vertex 1.36867978e+02 1.04702481e+01 1.75000000e+02
      vertex 1.38553165e+02 1.15821059e+01 1.92500000e+02
    endloop
  endfacet
  facet normal -1.07580452e-01 -9.91451125e-01 7.38316600e-02
    outer loop
      vertex 1.33440815e+02 1.08336422e+01 1.75000000e+02
      vertex 1.38553165e+02 1.15821059e+01 1.92500000e+02
      vertex 1.35241535e+02 1.19414444e+01 1.92500000e+02
    endloop
  endfacet
  facet normal 3.11122235e-01 9.45994089e-01 -9.10941152e-02
    outer loop
      vertex 1.38553165e+02 1.15821059e+01 1.92500000e+02
      vertex 1.35713235e+02 1.25161133e+01 1.92500000e+02
      vertex 1.37498685e+02 1.36140628e+01 2.10000000e+02
    endloop
  endfacet
  facet normal 3.13404764e-01 9.45261771e-01 -9.08715484e-02
    outer loop
      vertex 1.38553165e+02 1.15821059e+01 1.92500000e+02
      vertex 1.37498685e+02 1.36140628e+01 2.10000000e+02
      vertex 1.40238244e+02 1.27057527e+01 2.10000000e+02
    endloop
  endfacet
  facet normal 2.98618487e-01 9.50075194e-01 -9.04661545e-02
    outer loop
      vertex 1.35713235e+02 1.25161133e+01 1.92500000e+02
      vertex 1.32861025e+02 1.34125922e+01 1.92500000e+02
      vertex 1.34747165e+02 1.44861089e+01 2.10000000e+02
    endloop
  endfacet
  facet normal 3.00888763e-01 9.49378039e-01 -9.02623467e-02
    outer loop
      vertex 1.35713235e+02 1.25161133e+01 1.92500000e+02
      vertex 1.34747165e+02 1.44861089e+01 2.10000000e+02
      vertex 1.37498685e+02 1.36140628e+01 2.10000000e+02
    endloop
  endfacet
  facet normal 2.84751300e-01 9.54402114e-01 -8.96286899e-02
    outer loop
      vertex 1.32861025e+02 1.34125922e+01 1.92500000e+02
      vertex 1.29995919e+02 1.42674130e+01 1.92500000e+02
      vertex 1.31983098e+02 1.53179663e+01 2.10000000e+02
    endloop
  endfacet
  facet normal 2.87030961e-01 9.53736537e-01 -8.94418584e-02
    outer loop
      vertex 1.32861025e+02 1.34125922e+01 1.92500000e+02
      vertex 1.31983098e+02 1.53179663e+01 2.10000000e+02
      vertex 1.34747165e+02 1.44861089e+01 2.10000000e+02
    endloop
  endfacet
  facet normal 2.83904635e-01 9.54625310e-01 -8.99370711e-02
    outer loop
      vertex 1.29995919e+02 1.42674130e+01 1.92500000e+02
      vertex 1.27130054e+02 1.51197185e+01 1.92500000e+02
      vertex 1.29218290e+02 1.61473876e+01 2.10000000e+02
    endloop
  endfacet
  facet normal 2.86181155e-01 9.53961562e-01 -8.97646072e-02
    outer loop
      vertex 1.29995919e+02 1.42674130e+01 1.92500000e+02
      vertex 1.29218290e+02 1.61473876e+01 2.10000000e+02
      vertex 1.31983098e+02 1.53179663e+01 2.10000000e+02
    endloop
  endfacet
  facet normal 2.85770764e-01 9.54013963e-01 -9.05120366e-02
    outer loop
      vertex 1.27130054e+02 1.51197185e+01 1.92500000e+02
      vertex 1.24265877e+02 1.59776704e+01 1.92500000e+02
      vertex 1.26455109e+02 1.69822072e+01 2.10000000e+02
    endloop
  endfacet
  facet normal 2.88028561e-01 9.53349703e-01 -9.03542613e-02
    outer loop
      vertex 1.27130054e+02 1.51197185e+01 1.92500000e+02
      vertex 1.26455109e+02 1.69822072e+01 2.10000000e+02
      vertex 1.29218290e+02 1.61473876e+01 2.10000000e+02
    endloop
  endfacet
  facet normal 2.87264341e-01 9.53513620e-01 -9.10547863e-02
    outer loop
      vertex 1.24265877e+02 1.59776704e+01 1.92500000e+02
      vertex 1.21403060e+02 1.68401491e+01 1.92500000e+02
      vertex 1.23693234e+02 1.78213344e+01 2.10000000e+02
    endloop
  endfacet
  facet normal 2.89500069e-01 9.52850856e-01 -9.09118041e-02
    outer loop
      vertex 1.24265877e+02 1.59776704e+01 1.92500000e+02
      vertex 1.23693234e+02 1.78213344e+01 2.10000000e+02
      vertex 1.26455109e+02 1.69822072e+01 2.10000000e+02
    endloop
  endfacet
  facet normal 2.87912444e-01 9.53274806e-01 -9.15072056e-02
    outer loop
      vertex 1.21403060e+02 1.68401491e+01 1.92500000e+02
      vertex 1.18540842e+02 1.77046093e+01 1.92500000e+02
      vertex 1.20931923e+02 1.86623124e+01 2.10000000e+02
    endloop
  endfacet
  facet normal 2.90126276e-01 9.52615677e-01 -9.13789736e-02
    outer loop
      vertex 1.21403060e+02 1.68401491e+01 1.92500000e+02
      vertex 1.20931923e+02 1.86623124e+01 2.10000000e+02
      vertex 1.23693234e+02 1.78213344e+01 2.10000000e+02
    endloop
  endfacet
  facet normal 2.86835995e-01 9.53575503e-01 -9.17544088e-02
    outer loop
      vertex 1.18540842e+02 1.77046093e+01 1.92500000e+02
      vertex 1.15677657e+02 1.85658567e+01 1.92500000e+02
      vertex 1.18169655e+02 1.95001377e+01 2.10000000e+02
    endloop
  endfacet
  facet normal 2.89031803e-01 9.52923167e-01 -9.16409034e-02
    outer loop
      vertex 1.18540842e+02 1.77046093e+01 1.92500000e+02
      vertex 1.18169655e+02 1.95001377e+01 2.10000000e+02
      vertex 1.20931923e+02 1.86623124e+01 2.10000000e+02
    endloop
  endfacet
  facet normal 2.82622738e-01 9.54847563e-01 -9.15997804e-02
    outer loop
      vertex 1.15677657e+02 1.85658567e+01 1.92500000e+02
      vertex 1.12810701e+02 1.94144393e+01 1.92500000e+02
      vertex 1.15403716e+02 2.03257379e+01 2.10000000e+02
    endloop
  endfacet
  facet normal 2.84818709e-01 9.54204339e-01 -9.15007196e-02
    outer loop
      vertex 1.15677657e+02 1.85658567e+01 1.92500000e+02
      vertex 1.15403716e+02 2.03257379e+01 2.10000000e+02
      vertex 1.18169655e+02 1.95001377e+01 2.10000000e+02
    endloop
  endfacet
  facet normal 2.76621318e-01 9.56643500e-01 -9.11803767e-02
    outer loop
      vertex 1.12810701e+02 1.94144393e+01 1.92500000e+02
      vertex 1.09938507e+02 2.02449578e+01 1.92500000e+02
      vertex 1.12632675e+02 2.11338912e+01 2.10000000e+02
    endloop
  endfacet
  facet normal 2.78814480e-01 9.56014620e-01 -9.10962756e-02
    outer loop
      vertex 1.12810701e+02 1.94144393e+01 1.92500000e+02
      vertex 1.12632675e+02 2.11338912e+01 2.10000000e+02
      vertex 1.15403716e+02 2.03257379e+01 2.10000000e+02
    endloop
  endfacet
  facet normal 2.69131185e-01 9.58840766e-01 -9.05140363e-02
    outer loop
      vertex 1.09938507e+02 2.02449578e+01 1.92500000e+02
      vertex 1.07059877e+02 2.10529429e+01 1.92500000e+02
      vertex 1.09855365e+02 2.19202847e+01 2.10000000e+02
    endloop
  endfacet
  facet normal 2.71322113e-01 9.58229613e-01 -9.04451197e-02
    outer loop
      vertex 1.09938507e+02 2.02449578e+01 1.92500000e+02
      vertex 1.09855365e+02 2.19202847e+01 2.10000000e+02
      vertex 1.12632675e+02 2.11338912e+01 2.10000000e+02
    endloop
  endfacet
  facet normal 2.51125803e-01 9.63921170e-01 -8.82712204e-02
    outer loop
      vertex 1.07059877e+02 2.10529429e+01 1.92500000e+02
      vertex 1.04166542e+02 2.18067298e+01 1.92500000e+02
      vertex 1.07063767e+02 2.26544946e+01 2.10000000e+02
    endloop
  endfacet
  facet normal 2.53365119e-01 9.63339821e-01 -8.82185146e-02
    outer loop
      vertex 1.07059877e+02 2.10529429e+01 1.92500000e+02
      vertex 1.07063767e+02 2.26544946e+01 2.10000000e+02
      vertex 1.09855365e+02 2.19202847e+01 2.10000000e+02
    endloop
  endfacet
  facet normal 2.27204716e-01 9.70131156e-01 -8.49915162e-02
    outer loop
      vertex 1.04166542e+02 2.18067298e+01 1.92500000e+02
      vertex 1.01255803e+02 2.24884248e+01 1.92500000e+02
      vertex 1.04255196e+02 2.33191117e+01 2.10000000e+02
    endloop
  endfacet
  facet normal 2.29446621e-01 9.69606347e-01 -8.49575187e-02
    outer loop
      vertex 1.04166542e+02 2.18067298e+01 1.92500000e+02
      vertex 1.04255196e+02 2.33191117e+01 2.10000000e+02
      vertex 1.07063767e+02 2.26544946e+01 2.10000000e+02
    endloop
  endfacet
  facet normal 1.96285929e-01 9.77243574e-01 -8.04166126e-02
    outer loop
      vertex 1.01255803e+02 2.24884248e+01 1.92500000e+02
      vertex 9.83256198e+01 2.30769718e+01 1.92500000e+02
      vertex 1.01427669e+02 2.38939658e+01 2.10000000e+02
    endloop
  endfacet
  facet normal 1.98585520e-01 9.76780075e-01 -8.04019700e-02
    outer loop
      vertex 1.01255803e+02 2.24884248e+01 1.92500000e+02
      vertex 1.01427669e+02 2.38939658e+01 2.10000000e+02
      vertex 1.04255196e+02 2.33191117e+01 2.10000000e+02
    endloop
  endfacet
  facet normal 1.56013435e-01 9.84975975e-01 -7.40414583e-02
    outer loop
      vertex 9.83256198e+01 2.30769718e+01 1.92500000e+02
      vertex 9.53726987e+01 2.35446942e+01 1.92500000e+02
      vertex 9.85779623e+01 2.43524919e+01 2.10000000e+02
    endloop
  endfacet
  facet normal 1.58423531e-01 9.84590707e-01 -7.40481299e-02
    outer loop
      vertex 9.83256198e+01 2.30769718e+01 1.92500000e+02
      vertex 9.85779623e+01 2.43524919e+01 2.10000000e+02
      vertex 1.01427669e+02 2.38939658e+01 2.10000000e+02
    endloop
  endfacet
  facet normal 9.27651109e-02 9.93674873e-01 -6.32841258e-02
    outer loop
      vertex 9.53726987e+01 2.35446942e+01 1.92500000e+02
      vertex 9.23957165e+01 2.38226122e+01 1.92500000e+02
      vertex 9.57046154e+01 2.46282296e+01 2.10000000e+02
    endloop
  endfacet
  facet normal 9.53334250e-02 9.93429622e-01 -6.33176531e-02
    outer loop
      vertex 9.53726987e+01 2.35446942e+01 1.92500000e+02
      vertex 9.57046154e+01 2.46282296e+01 2.10000000e+02
      vertex 9.85779623e+01 2.43524919e+01 2.10000000e+02
    endloop
  endfacet
  facet normal 5.61766164e-02 9.96795545e-01 -5.69458517e-02
    outer loop
      vertex 9.23957165e+01 2.38226122e+01 1.92500000e+02
      vertex 8.94113241e+01 2.39908042e+01 1.92500000e+02
      vertex 9.28238491e+01 2.47982399e+01 2.10000000e+02
    endloop
  endfacet
  facet normal 5.88173457e-02 9.96640013e-01 -5.70017855e-02
    outer loop
      vertex 9.23957165e+01 2.38226122e+01 1.92500000e+02
      vertex 9.28238491e+01 2.47982399e+01 2.10000000e+02
      vertex 9.57046154e+01 2.46282296e+01 2.10000000e+02
    endloop
  endfacet
  facet normal 2.47404985e-02 9.98375071e-01 -5.13334714e-02
    outer loop
      vertex 8.94113241e+01 2.39908042e+01 1.92500000e+02
      vertex 8.64229636e+01 2.40648581e+01 1.92500000e+02
      vertex 8.99390164e+01 2.48775255e+01 2.10000000e+02
    endloop
  endfacet
  facet normal 2.74368816e-02 9.98300619e-01 -5.14110053e-02
    outer loop
      vertex 8.94113241e+01 2.39908042e+01 1.92500000e+02
      vertex 8.99390164e+01 2.48775255e+01 2.10000000e+02
      vertex 9.28238491e+01 2.47982399e+01 2.10000000e+02
    endloop
  endfacet
  facet normal -4.40623898e-03 9.98933818e-01 -4.59544601e-02
    outer loop
      vertex 8.64229636e+01 2.40648581e+01 1.92500000e+02
      vertex 8.34332695e+01 2.40516707e+01 1.92500000e+02
      vertex 8.70526680e+01 2.48726971e+01 2.10000000e+02
    endloop
  endfacet
  facet normal -1.67106127e-03 9.98937598e-01 -4.60530548e-02
    outer loop
      vertex 8.64229636e+01 2.40648581e+01 1.92500000e+02
      vertex 8.70526680e+01 2.48726971e+01 2.10000000e+02
      vertex 8.99390164e+01 2.48775255e+01 2.10000000e+02
    endloop
  endfacet
  facet normal -4.07458844e-02 9.98413112e-01 -3.88719717e-02
    outer loop
      vertex 8.34332695e+01 2.40516707e+01 1.92500000e+02
      vertex 8.04458332e+01 2.39297515e+01 1.92500000e+02
      vertex 8.41682093e+01 2.47630048e+01 2.10000000e+02
    endloop
  endfacet
  facet normal -3.79723480e-02 9.98517736e-01 -3.89927035e-02
    outer loop
      vertex 8.34332695e+01 2.40516707e+01 1.92500000e+02
      vertex 8.41682093e+01 2.47630048e+01 2.10000000e+02
      vertex 8.70526680e+01 2.48726971e+01 2.10000000e+02
    endloop
  endfacet
  facet normal -7.24028445e-02 9.96844923e-01 -3.25273403e-02
    outer loop
      vertex 8.04458332e+01 2.39297515e+01 1.92500000e+02
      vertex 7.74641277e+01 2.37131843e+01 1.92500000e+02
      vertex 8.12890231e+01 2.45620242e+01 2.10000000e+02
    endloop
  endfacet
  facet normal -6.95980417e-02 9.97040026e-01 -3.26695311e-02
    outer loop
      vertex 8.04458332e+01 2.39297515e+01 1.92500000e+02
      vertex 8.12890231e+01 2.45620242e+01 2.10000000e+02
      vertex 8.41682093e+01 2.47630048e+01 2.10000000e+02
    endloop
  endfacet
  facet normal -1.02001487e-01 9.94433649e-01 -2.64086232e-02
    outer loop
      vertex 7.74641277e+01 2.37131843e+01 1.92500000e+02
      vertex 7.44903969e+01 2.34081614e+01 1.92500000e+02
      vertex 7.84172875e+01 2.42756900e+01 2.10000000e+02
    endloop
  endfacet
  facet normal -9.91807191e-02 9.94714608e-01 -2.65712908e-02
    outer loop
      vertex 7.74641277e+01 2.37131843e+01 1.92500000e+02
      vertex 7.84172875e+01 2.42756900e+01 2.10000000e+02
      vertex 8.12890231e+01 2.45620242e+01 2.10000000e+02
    endloop
  endfacet
  facet normal -1.34092408e-01 9.90777035e-01 -1.94959684e-02
    outer loop
      vertex 7.44903969e+01 2.34081614e+01 1.92500000e+02
      vertex 7.15280759e+01 2.30072390e+01 1.92500000e+02
      vertex 7.55563002e+01 2.38967769e+01 2.10000000e+02
    endloop
  endfacet
  facet normal -1.31269451e-01 9.91151398e-01 -1.96783638e-02
    outer loop
      vertex 7.44903969e+01 2.34081614e+01 1.92500000e+02
      vertex 7.55563002e+01 2.38967769e+01 2.10000000e+02
      vertex 7.84172875e+01 2.42756900e+01 2.10000000e+02
    endloop
  endfacet
  facet normal -1.70158224e-01 9.85350981e-01 -1.13851677e-02
    outer loop
      vertex 7.15280759e+01 2.30072390e+01 1.92500000e+02
      vertex 6.85822732e+01 2.24985344e+01 1.92500000e+02
      vertex 7.27109726e+01 2.34137135e+01 2.10000000e+02
    endloop
  endfacet
  facet normal -1.67367968e-01 9.85826433e-01 -1.15848159e-02
    outer loop
      vertex 7.15280759e+01 2.30072390e+01 1.92500000e+02
      vertex 7.27109726e+01 2.34137135e+01 2.10000000e+02
      vertex 7.55563002e+01 2.38967769e+01 2.10000000e+02
    endloop
  endfacet
  facet normal -2.12956504e-01 9.77060802e-01 -1.30989761e-03
    outer loop
      vertex 6.85822732e+01 2.24985344e+01 1.92500000e+02
      vertex 6.56613777e+01 2.18619070e+01 1.92500000e+02
      vertex 6.98893841e+01 2.28068888e+01 2.10000000e+02
    endloop
  endfacet
  facet normal -2.10257126e-01 9.77644938e-01 -1.52181228e-03
    outer loop
      vertex 6.85822732e+01 2.24985344e+01 1.92500000e+02
      vertex 6.98893841e+01 2.28068888e+01 2.10000000e+02
      vertex 7.27109726e+01 2.34137135e+01 2.10000000e+02
    endloop
  endfacet
  facet normal -2.65396105e-01 9.64069297e-01 1.16318160e-02
    outer loop
      vertex 6.56613777e+01 2.18619070e+01 1.92500000e+02
      vertex 6.27792206e+01 2.10684855e+01 1.92500000e+02
      vertex 6.71048980e+01 2.20481466e+01 2.10000000e+02
    endloop
  endfacet
  facet normal -2.62886401e-01 9.64759235e-01 1.14174558e-02
    outer loop
      vertex 6.56613777e+01 2.18619070e+01 1.92500000e+02
      vertex 6.71048980e+01 2.20481466e+01 2.10000000e+02
      vertex 6.98893841e+01 2.28068888e+01 2.10000000e+02
    endloop
  endfacet
  facet normal -3.27511049e-01 9.44441846e-01 2.76787204e-02
    outer loop
      vertex 6.27792206e+01 2.10684855e+01 1.92500000e+02
      vertex 5.99552309e+01 2.00891898e+01 1.92500000e+02
      vertex 6.43762327e+01 2.11094214e+01 2.10000000e+02
    endloop
  endfacet
  facet normal -3.25188414e-01 9.45250325e-01 2.74648706e-02
    outer loop
      vertex 6.27792206e+01 2.10684855e+01 1.92500000e+02
      vertex 6.43762327e+01 2.11094214e+01 2.10000000e+02
      vertex 6.71048980e+01 2.20481466e+01 2.10000000e+02
    endloop
  endfacet
  facet normal -3.99325305e-01 9.15599211e-01 4.70891252e-02
    outer loop
      vertex 5.99552309e+01 2.00891898e+01 1.92500000e+02
      vertex 5.72162932e+01 1.88946419e+01 1.92500000e+02
      vertex 6.17291024e+01 1.99628158e+01 2.10000000e+02
    endloop
  endfacet
  facet normal -3.97029392e-01 9.16608671e-01 4.68636918e-02
    outer loop
      vertex 5.99552309e+01 2.00891898e+01 1.92500000e+02
      vertex 6.17291024e+01 1.99628158e+01 2.10000000e+02
      vertex 6.43762327e+01 2.11094214e+01 2.10000000e+02
    endloop
  endfacet
  facet normal -4.88686528e-01 8.69445028e-01 7.24625393e-02
    outer loop
      vertex 5.72162932e+01 1.88946419e+01 1.92500000e+02
      vertex 5.46123167e+01 1.74310322e+01 1.92500000e+02
      vertex 5.92109498e+01 1.85572628e+01 2.10000000e+02
    endloop
  endfacet
  facet normal -4.86113448e-01 8.70908285e-01 7.21974685e-02
    outer loop
      vertex 5.72162932e+01 1.88946419e+01 1.92500000e+02
      vertex 5.92109498e+01 1.85572628e+01 2.10000000e+02
      vertex 6.17291024e+01 1.99628158e+01 2.10000000e+02
    endloop
  endfacet
  facet normal -6.47177018e-01 7.52685497e-01 1.20939861e-01
    outer loop
      vertex 5.46123167e+01 1.74310322e+01 1.92500000e+02
      vertex 5.23523238e+01 1.54878361e+01 1.92500000e+02
      vertex 5.70212102e+01 1.66903947e+01 2.10000000e+02
    endloop
  endfacet
  facet normal -6.44038231e-01 7.55423513e-01 1.20623682e-01
    outer loop
      vertex 5.46123167e+01 1.74310322e+01 1.92500000e+02
      vertex 5.70212102e+01 1.66903947e+01 2.10000000e+02
      vertex 5.92109498e+01 1.85572628e+01 2.10000000e+02
    endloop
  endfacet
  facet normal -9.65416238e-01 -2.73324210e-02 2.59276735e-01
    outer loop
      vertex 5.23523238e+01 1.54878361e+01 1.92500000e+02
      vertex 5.24213913e+01 1.30482826e+01 1.92500000e+02
      vertex 5.70847305e+01 1.43390379e+01 2.10000000e+02
    endloop
  endfacet
  facet normal -9.65427946e-01 -2.60803811e-02 2.59362092e-01
    outer loop
      vertex 5.23523238e+01 1.54878361e+01 1.92500000e+02
      vertex 5.70847305e+01 1.43390379e+01 2.10000000e+02
      vertex 5.70212102e+01 1.66903947e+01 2.10000000e+02
    endloop
  endfacet
  facet normal -4.15966522e-01 -8.92109196e-01 1.76388876e-01
    outer loop
      vertex 5.24213913e+01 1.30482826e+01 1.92500000e+02
      vertex 5.51234041e+01 1.17884067e+01 1.92500000e+02
      vertex 5.96914288e+01 1.31185801e+01 2.10000000e+02
    endloop
  endfacet
  facet normal -4.17334414e-01 -8.91358079e-01 1.76954123e-01
    outer loop
      vertex 5.24213913e+01 1.30482826e+01 1.92500000e+02
      vertex 5.96914288e+01 1.31185801e+01 2.10000000e+02
      vertex 5.70847305e+01 1.43390379e+01 2.10000000e+02
    endloop
  endfacet
  facet normal -2.88341924e-01 -9.46197689e-01 1.46863433e-01
    outer loop
      vertex 5.51234041e+01 1.17884067e+01 1.92500000e+02
      vertex 5.79821842e+01 1.09172292e+01 1.92500000e+02
      vertex 6.24497004e+01 1.22720600e+01 2.10000000e+02
    endloop
  endfacet
  facet normal -2.90181736e-01 -9.45518063e-01 1.47614879e-01
    outer loop
      vertex 5.51234041e+01 1.17884067e+01 1.92500000e+02
      vertex 6.24497004e+01 1.22720600e+01 2.10000000e+02
      vertex 5.96914288e+01 1.31185801e+01 2.10000000e+02
    endloop
  endfacet
  facet normal -2.30336049e-01 -9.63967834e-01 1.33083879e-01
    outer loop
      vertex 5.79821842e+01 1.09172292e+01 1.92500000e+02
      vertex 6.08895131e+01 1.02225352e+01 1.92500000e+02
      vertex 6.52550784e+01 1.15954242e+01 2.10000000e+02
    endloop
  endfacet
  facet normal -2.32357394e-01 -9.63369416e-01 1.33900747e-01
    outer loop
      vertex 5.79821842e+01 1.09172292e+01 1.92500000e+02
      vertex 6.52550784e+01 1.15954242e+01 2.10000000e+02
      vertex 6.24497004e+01 1.22720600e+01 2.10000000e+02
    endloop
  endfacet
  facet normal -1.89180427e-01 -9.74176220e-01 1.23253632e-01
    outer loop
      vertex 6.08895131e+01 1.02225352e+01 1.92500000e+02
      vertex 6.38241494e+01 9.65264265e+00 1.92500000e+02
      vertex 6.80870174e+01 1.10389292e+01 2.10000000e+02
    endloop
  endfacet
  facet normal -1.91328276e-01 -9.73647583e-01 1.24112350e-01
    outer loop
      vertex 6.08895131e+01 1.02225352e+01 1.92500000e+02
      vertex 6.80870174e+01 1.10389292e+01 2.10000000e+02
      vertex 6.52550784e+01 1.15954242e+01 2.10000000e+02
    endloop
  endfacet
  facet normal -1.57365936e-01 -9.80745471e-01 1.15647233e-01
    outer loop
      vertex 6.38241494e+01 9.65264265e+00 1.92500000e+02
      vertex 6.67759460e+01 9.17901084e+00 1.92500000e+02
      vertex 7.09356945e+01 1.05751161e+01 2.10000000e+02
    endloop
  endfacet
  facet normal -1.59606026e-01 -9.80278528e-01 1.16532933e-01
    outer loop
      vertex 6.38241494e+01 9.65264265e+00 1.92500000e+02
      vertex 7.09356945e+01 1.05751161e+01 2.10000000e+02
      vertex 6.80870174e+01 1.10389292e+01 2.10000000e+02
    endloop
  endfacet
  facet normal -1.31254672e-01 -9.85292090e-01 1.09415306e-01
    outer loop
      vertex 6.67759460e+01 9.17901084e+00 1.92500000e+02
      vertex 6.97393588e+01 8.78424286e+00 1.92500000e+02
      vertex 7.37957360e+01 1.01872272e+01 2.10000000e+02
    endloop
  endfacet
  facet normal -1.33572792e-01 -9.84879433e-01 1.10321402e-01
    outer loop
      vertex 6.67759460e+01 9.17901084e+00 1.92500000e+02
      vertex 7.37957360e+01 1.01872272e+01 2.10000000e+02
      vertex 7.09356945e+01 1.05751161e+01 2.10000000e+02
    endloop
  endfacet
  facet normal -1.08685346e-01 -9.88615600e-01 1.04051385e-01
    outer loop
      vertex 6.97393588e+01 8.78424286e+00 1.92500000e+02
      vertex 7.27111185e+01 8.45753678e+00 1.92500000e+02
      vertex 7.66639704e+01 9.86484024e+00 2.10000000e+02
    endloop
  endfacet
  facet normal -1.11078617e-01 -9.88251788e-01 1.04975919e-01
    outer loop
      vertex 6.97393588e+01 8.78424286e+00 1.92500000e+02
      vertex 7.66639704e+01 9.86484024e+00 2.10000000e+02
      vertex 7.37957360e+01 1.01872272e+01 2.10000000e+02
    endloop
  endfacet
  facet normal -8.84218018e-02 -9.91124489e-01 9.92664715e-02
    outer loop
      vertex 7.27111185e+01 8.45753678e+00 1.92500000e+02
      vertex 7.56891820e+01 8.19185296e+00 1.92500000e+02
      vertex 7.95384171e+01 9.60116830e+00 2.10000000e+02
    endloop
  endfacet
  facet normal -9.08863491e-02 -9.90806836e-01 1.00207210e-01
    outer loop
      vertex 7.27111185e+01 8.45753678e+00 1.92500000e+02
      vertex 7.95384171e+01 9.60116830e+00 2.10000000e+02
      vertex 7.66639704e+01 9.86484024e+00 2.10000000e+02
    endloop
  endfacet
  facet normal -6.06521963e-02 -9.93820528e-01 9.29627332e-02
    outer loop
      vertex 7.56891820e+01 8.19185296e+00 1.92500000e+02
      vertex 7.86735546e+01 8.00971871e+00 1.92500000e+02
      vertex 8.24191511e+01 9.41809088e+00 2.10000000e+02
    endloop
  endfacet
  facet normal -6.31441412e-02 -9.93576801e-01 9.39039814e-02
    outer loop
      vertex 7.56891820e+01 8.19185296e+00 1.92500000e+02
      vertex 8.24191511e+01 9.41809088e+00 2.10000000e+02
      vertex 7.95384171e+01 9.60116830e+00 2.10000000e+02
    endloop
  endfacet
  facet normal -3.92521674e-02 -9.95340055e-01 8.80763461e-02
    outer loop
      vertex 7.86735546e+01 8.00971871e+00 1.92500000e+02
      vertex 8.16608578e+01 7.89191161e+00 1.92500000e+02
      vertex 8.53028593e+01 9.29683809e+00 2.10000000e+02
    endloop
  endfacet
  facet normal -4.18435250e-02 -9.95148383e-01 8.90439000e-02
    outer loop
      vertex 7.86735546e+01 8.00971871e+00 1.92500000e+02
      vertex 8.53028593e+01 9.29683809e+00 2.10000000e+02
      vertex 8.24191511e+01 9.41809088e+00 2.10000000e+02
    endloop
  endfacet
  facet normal -1.71233748e-02 -9.96392960e-01 8.31135383e-02
    outer loop
      vertex 8.16608578e+01 7.89191161e+00 1.92500000e+02
      vertex 8.46498400e+01 7.84054487e+00 1.92500000e+02
      vertex 8.81883548e+01 9.23948651e+00 2.10000000e+02
    endloop
  endfacet
  facet normal -1.98014902e-02 -9.96260363e-01 8.41022643e-02
    outer loop
      vertex 8.16608578e+01 7.89191161e+00 1.92500000e+02
      vertex 8.81883548e+01 9.23948651e+00 2.10000000e+02
      vertex 8.53028593e+01 9.29683809e+00 2.10000000e+02
    endloop
  endfacet
  facet normal 8.95861192e-03 -9.96956433e-01 7.74442699e-02
    outer loop
      vertex 8.46498400e+01 7.84054487e+00 1.92500000e+02
      vertex 8.76396456e+01 7.86741114e+00 1.92500000e+02
      vertex 9.10748441e+01 9.25769189e+00 2.10000000e+02
    endloop
  endfacet
  facet normal 6.28755300e-03 -9.96900550e-01 7.84204054e-02
    outer loop
      vertex 8.46498400e+01 7.84054487e+00 1.92500000e+02
      vertex 9.10748441e+01 9.25769189e+00 2.10000000e+02
      vertex 8.81883548e+01 9.23948651e+00 2.10000000e+02
    endloop
  endfacet
  facet normal 5.89701840e-02 -9.96004078e-01 6.70700606e-02
    outer loop
      vertex 8.76396456e+01 7.86741114e+00 1.92500000e+02
      vertex 9.06241002e+01 8.04411106e+00 1.92500000e+02
      vertex 9.39565874e+01 9.41985186e+00 2.10000000e+02
    endloop
  endfacet
  facet normal 5.60520518e-02 -9.96100498e-01 6.81319667e-02
    outer loop
      vertex 8.76396456e+01 7.86741114e+00 1.92500000e+02
      vertex 9.39565874e+01 9.41985186e+00 2.10000000e+02
      vertex 9.10748441e+01 9.25769189e+00 2.10000000e+02
    endloop
  endfacet
  facet normal 8.65858426e-02 -9.94363323e-01 6.11921041e-02
    outer loop
      vertex 9.06241002e+01 8.04411106e+00 1.92500000e+02
      vertex 9.36019298e+01 8.30341053e+00 1.92500000e+02
      vertex 9.68321912e+01 9.66162306e+00 2.10000000e+02
    endloop
  endfacet
  facet normal 8.36185283e-02 -9.94550841e-01 6.22620851e-02
    outer loop
      vertex 9.06241002e+01 8.04411106e+00 1.92500000e+02
      vertex 9.68321912e+01 9.66162306e+00 2.10000000e+02
      vertex 9.39565874e+01 9.41985186e+00 2.10000000e+02
    endloop
  endfacet
  facet normal 1.09886566e-01 -9.92351286e-01 5.62482619e-02
    outer loop
      vertex 9.36019298e+01 8.30341053e+00 1.92500000e+02
      vertex 9.65736361e+01 8.63247808e+00 1.92500000e+02
      vertex 9.97020768e+01 9.97083297e+00 2.10000000e+02
    endloop
  endfacet
  facet normal 1.06946969e-01 -9.92612364e-01 5.72978219e-02
    outer loop
      vertex 9.36019298e+01 8.30341053e+00 1.92500000e+02
      vertex 9.97020768e+01 9.97083297e+00 2.10000000e+02
      vertex 9.68321912e+01 9.66162306e+00 2.10000000e+02
    endloop
  endfacet
  facet normal 1.30246169e-01 -9.90119518e-01 5.19545448e-02
    outer loop
      vertex 9.65736361e+01 8.63247808e+00 1.92500000e+02
      vertex 9.95380099e+01 9.02242931e+00 1.92500000e+02
      vertex 1.02565047e+02 1.03389013e+01 2.10000000e+02
    endloop
  endfacet
  facet normal 1.27333122e-01 -9.90443852e-01 5.29834996e-02
    outer loop
      vertex 9.65736361e+01 8.63247808e+00 1.92500000e+02
      vertex 1.02565047e+02 1.03389013e+01 2.10000000e+02
      vertex 9.97020768e+01 9.97083297e+00 2.10000000e+02
    endloop
  endfacet
  facet normal 1.33239296e-01 -9.89774746e-01 5.09238852e-02
    outer loop
      vertex 9.95380099e+01 9.02242931e+00 1.92500000e+02
      vertex 1.02501180e+02 9.42131881e+00 1.92500000e+02
      vertex 1.05426890e+02 1.07155400e+01 2.10000000e+02
    endloop
  endfacet
  facet normal 1.30305788e-01 -9.90112244e-01 5.19436849e-02
    outer loop
      vertex 9.95380099e+01 9.02242931e+00 1.92500000e+02
      vertex 1.05426890e+02 1.07155400e+01 2.10000000e+02
      vertex 1.02565047e+02 1.03389013e+01 2.10000000e+02
    endloop
  endfacet
  facet normal 1.35741721e-01 -9.89481762e-01 5.00002871e-02
    outer loop
      vertex 1.02501180e+02 9.42131881e+00 1.92500000e+02
      vertex 1.05463348e+02 9.82768284e+00 1.92500000e+02
      vertex 1.08287778e+02 1.10994576e+01 2.10000000e+02
    endloop
  endfacet
  facet normal 1.32829956e-01 -9.89826045e-01 5.09961139e-02
    outer loop
      vertex 1.02501180e+02 9.42131881e+00 1.92500000e+02
      vertex 1.08287778e+02 1.10994576e+01 2.10000000e+02
      vertex 1.05426890e+02 1.07155400e+01 2.10000000e+02
    endloop
  endfacet
  facet normal 1.31975371e-01 -9.89982874e-01 5.01638412e-02
    outer loop
      vertex 1.05463348e+02 9.82768284e+00 1.92500000e+02
      vertex 1.08427043e+02 1.02227751e+01 1.92500000e+02
      vertex 1.11150100e+02 1.14725380e+01 2.10000000e+02
    endloop
  endfacet
  facet normal 1.29079463e-01 -9.90314895e-01 5.11360948e-02
    outer loop
      vertex 1.05463348e+02 9.82768284e+00 1.92500000e+02
      vertex 1.11150100e+02 1.14725380e+01 2.10000000e+02
      vertex 1.08287778e+02 1.10994576e+01 2.10000000e+02
    endloop
  endfacet
  facet normal 1.26981849e-01 -9.90618046e-01 5.05123424e-02
    outer loop
      vertex 1.08427043e+02 1.02227751e+01 1.92500000e+02
      vertex 1.11392648e+02 1.06029197e+01 1.92500000e+02
      vertex 1.14014211e+02 1.18313013e+01 2.10000000e+02
    endloop
  endfacet
  facet normal 1.24125742e-01 -9.90931575e-01 5.14530212e-02
    outer loop
      vertex 1.08427043e+02 1.02227751e+01 1.92500000e+02
      vertex 1.14014211e+02 1.18313013e+01 2.10000000e+02
      vertex 1.11150100e+02 1.14725380e+01 2.10000000e+02
    endloop
  endfacet
  facet normal 1.20719436e-01 -9.91374333e-01 5.10269473e-02
    outer loop
      vertex 1.11392648e+02 1.06029197e+01 1.92500000e+02
      vertex 1.14360640e+02 1.09643314e+01 1.92500000e+02
      vertex 1.16880580e+02 1.21719251e+01 2.10000000e+02
    endloop
  endfacet
  facet normal 1.17844940e-01 -9.91671943e-01 5.19550612e-02
    outer loop
      vertex 1.11392648e+02 1.06029197e+01 1.92500000e+02
      vertex 1.16880580e+02 1.21719251e+01 2.10000000e+02
      vertex 1.14014211e+02 1.18313013e+01 2.10000000e+02
    endloop
  endfacet
  facet normal 1.04742174e-01 -9.93087171e-01 5.29806408e-02
    outer loop
      vertex 1.14360640e+02 1.09643314e+01 1.92500000e+02
      vertex 1.17334031e+02 1.12779388e+01 1.92500000e+02
      vertex 1.19752007e+02 1.24665809e+01 2.10000000e+02
    endloop
  endfacet
  facet normal 1.01932269e-01 -9.93331830e-01 5.38673131e-02
    outer loop
      vertex 1.14360640e+02 1.09643314e+01 1.92500000e+02
      vertex 1.19752007e+02 1.24665809e+01 2.10000000e+02
      vertex 1.16880580e+02 1.21719251e+01 2.10000000e+02
    endloop
  endfacet
  facet normal 9.34943904e-02 -9.94146336e-01 5.41466724e-02
    outer loop
      vertex 1.17334031e+02 1.12779388e+01 1.92500000e+02
      vertex 1.20310639e+02 1.15578736e+01 1.92500000e+02
      vertex 1.22626440e+02 1.27288090e+01 2.10000000e+02
    endloop
  endfacet
  facet normal 9.07129484e-02 -9.94356867e-01 5.50052999e-02
    outer loop
      vertex 1.17334031e+02 1.12779388e+01 1.92500000e+02
      vertex 1.22626440e+02 1.27288090e+01 2.10000000e+02
      vertex 1.19752007e+02 1.24665809e+01 2.10000000e+02
    endloop
  endfacet
  facet normal 7.97326999e-02 -9.95265119e-01 5.55881298e-02
    outer loop
      vertex 1.20310639e+02 1.15578736e+01 1.92500000e+02
      vertex 1.23290959e+02 1.17966330e+01 1.92500000e+02
      vertex 1.25504340e+02 1.29513717e+01 2.10000000e+02
    endloop
  endfacet
  facet normal 7.69820643e-02 -9.95434966e-01 5.64179962e-02
    outer loop
      vertex 1.20310639e+02 1.15578736e+01 1.92500000e+02
      vertex 1.25504340e+02 1.29513717e+01 2.10000000e+02
      vertex 1.22626440e+02 1.27288090e+01 2.10000000e+02
    endloop
  endfacet
  facet normal 5.42314348e-02 -9.96815689e-01 5.84588224e-02
    outer loop
      vertex 1.23290959e+02 1.17966330e+01 1.92500000e+02
      vertex 1.26276467e+02 1.19590586e+01 1.92500000e+02
      vertex 1.28387045e+02 1.31001814e+01 2.10000000e+02
    endloop
  endfacet
  facet normal 5.14622649e-02 -9.96914438e-01 5.92725741e-02
    outer loop
      vertex 1.23290959e+02 1.17966330e+01 1.92500000e+02
      vertex 1.28387045e+02 1.31001814e+01 2.10000000e+02
      vertex 1.25504340e+02 1.29513717e+01 2.10000000e+02
    endloop
  endfacet
  facet normal 3.05599969e-02 -9.97674151e-01 6.09292563e-02
    outer loop
      vertex 1.26276467e+02 1.19590586e+01 1.92500000e+02
      vertex 1.29264754e+02 1.20505936e+01 1.92500000e+02
      vertex 1.31272235e+02 1.31808330e+01 2.10000000e+02
    endloop
  endfacet
  facet normal 2.78894898e-02 -9.97705393e-01 6.16937938e-02
    outer loop
      vertex 1.26276467e+02 1.19590586e+01 1.92500000e+02
      vertex 1.31272235e+02 1.31808330e+01 2.10000000e+02
      vertex 1.28387045e+02 1.31001814e+01 2.10000000e+02
    endloop
  endfacet
  facet normal 1.37575441e-03 -9.97957805e-01 6.38617739e-02
    outer loop
      vertex 1.29264754e+02 1.20505936e+01 1.92500000e+02
      vertex 1.32254264e+02 1.20547148e+01 1.92500000e+02
      vertex 1.34158382e+02 1.31772078e+01 2.10000000e+02
    endloop
  endfacet
  facet normal -1.25342238e-03 -9.97910842e-01 6.45939626e-02
    outer loop
      vertex 1.29264754e+02 1.20505936e+01 1.92500000e+02
      vertex 1.34158382e+02 1.31772078e+01 2.10000000e+02
      vertex 1.31272235e+02 1.31808330e+01 2.10000000e+02
    endloop
  endfacet
  facet normal -3.78036729e-02 -9.96993206e-01 6.76419230e-02
    outer loop
      vertex 1.32254264e+02 1.20547148e+01 1.92500000e+02
      vertex 1.35241535e+02 1.19414444e+01 1.92500000e+02
      vertex 1.37042078e+02 1.30604757e+01 2.10000000e+02
    endloop
  endfacet
  facet normal -4.03523840e-02 -9.96846322e-01 6.83307814e-02
    outer loop
      vertex 1.32254264e+02 1.20547148e+01 1.92500000e+02
      vertex 1.37042078e+02 1.30604757e+01 2.10000000e+02
      vertex 1.34158382e+02 1.31772078e+01 2.10000000e+02
    endloop
  endfacet
  facet normal -1.07578967e-01 -9.91437436e-01 7.40174016e-02
    outer loop
      vertex 1.35241535e+02 1.19414444e+01 1.92500000e+02
      vertex 1.38553165e+02 1.15821059e+01 1.92500000e+02
      vertex 1.40238244e+02 1.27057527e+01 2.10000000e+02
    endloop
  endfacet
  facet normal -1.09998488e-01 -9.91121121e-01 7.46944232e-02
    outer loop
      vertex 1.35241535e+02 1.19414444e+01 1.92500000e+02
      vertex 1.40238244e+02 1.27057527e+01 2.10000000e+02
      vertex 1.37042078e+02 1.30604757e+01 2.10000000e+02
    endloop
  endfacet
  facet normal 3.13375646e-01 9.45173951e-01 -9.18798527e-02
    outer loop
      vertex 1.40238244e+02 1.27057527e+01 2.10000000e+02
      vertex 1.37498685e+02 1.36140628e+01 2.10000000e+02
      vertex 1.39283914e+02 1.47233296e+01 2.27500000e+02
    endloop
  endfacet
  facet normal 3.15655877e-01 9.44435237e-01 -9.16703381e-02
    outer loop
      vertex 1.40238244e+02 1.27057527e+01 2.10000000e+02
      vertex 1.39283914e+02 1.47233296e+01 2.27500000e+02
      vertex 1.41923261e+02 1.38411882e+01 2.27500000e+02
    endloop
  endfacet
  facet normal 3.00861792e-01 9.49292937e-01 -9.12420000e-02
    outer loop
      vertex 1.37498685e+02 1.36140628e+01 2.10000000e+02
      vertex 1.34747165e+02 1.44861089e+01 2.10000000e+02
      vertex 1.36632931e+02 1.55704739e+01 2.27500000e+02
    endloop
  endfacet
  facet normal 3.03129884e-01 9.48589459e-01 -9.10511486e-02
    outer loop
      vertex 1.37498685e+02 1.36140628e+01 2.10000000e+02
      vertex 1.36632931e+02 1.55704739e+01 2.27500000e+02
      vertex 1.39283914e+02 1.47233296e+01 2.27500000e+02
    endloop
  endfacet
  facet normal 2.87006114e-01 9.53653977e-01 -9.03968089e-02
    outer loop
      vertex 1.34747165e+02 1.44861089e+01 2.10000000e+02
      vertex 1.31983098e+02 1.53179663e+01 2.10000000e+02
      vertex 1.33969758e+02 1.63788969e+01 2.27500000e+02
    endloop
  endfacet
  facet normal 2.89283680e-01 9.52982041e-01 -9.02229558e-02
    outer loop
      vertex 1.34747165e+02 1.44861089e+01 2.10000000e+02
      vertex 1.33969758e+02 1.63788969e+01 2.27500000e+02
      vertex 1.36632931e+02 1.55704739e+01 2.27500000e+02
    endloop
  endfacet
  facet normal 2.86157032e-01 9.53881149e-01 -9.06912761e-02
    outer loop
      vertex 1.31983098e+02 1.53179663e+01 2.10000000e+02
      vertex 1.29218290e+02 1.61473876e+01 2.10000000e+02
      vertex 1.31305861e+02 1.71849635e+01 2.27500000e+02
    endloop
  endfacet
  facet normal 2.88431463e-01 9.53211042e-01 -9.05317666e-02
    outer loop
      vertex 1.31983098e+02 1.53179663e+01 2.10000000e+02
      vertex 1.31305861e+02 1.71849635e+01 2.27500000e+02
      vertex 1.33969758e+02 1.63788969e+01 2.27500000e+02
    endloop
  endfacet
  facet normal 2.88004945e-01 9.53271536e-01 -9.12498217e-02
    outer loop
      vertex 1.29218290e+02 1.61473876e+01 2.10000000e+02
      vertex 1.26455109e+02 1.69822072e+01 2.10000000e+02
      vertex 1.28643532e+02 1.79961840e+01 2.27500000e+02
    endloop
  endfacet
  facet normal 2.90260659e-01 9.52600991e-01 -9.11048964e-02
    outer loop
      vertex 1.29218290e+02 1.61473876e+01 2.10000000e+02
      vertex 1.28643532e+02 1.79961840e+01 2.27500000e+02
      vertex 1.31305861e+02 1.71849635e+01 2.27500000e+02
    endloop
  endfacet
  facet normal 2.89477026e-01 9.52775013e-01 -9.17759600e-02
    outer loop
      vertex 1.26455109e+02 1.69822072e+01 2.10000000e+02
      vertex 1.23693234e+02 1.78213344e+01 2.10000000e+02
      vertex 1.25982453e+02 1.88114976e+01 2.27500000e+02
    endloop
  endfacet
  facet normal 2.91710684e-01 9.52106056e-01 -9.16457047e-02
    outer loop
      vertex 1.26455109e+02 1.69822072e+01 2.10000000e+02
      vertex 1.25982453e+02 1.88114976e+01 2.27500000e+02
      vertex 1.28643532e+02 1.79961840e+01 2.27500000e+02
    endloop
  endfacet
  facet normal 2.90103900e-01 9.52542206e-01 -9.22121089e-02
    outer loop
      vertex 1.23693234e+02 1.78213344e+01 2.10000000e+02
      vertex 1.20931923e+02 1.86623124e+01 2.10000000e+02
      vertex 1.23321905e+02 1.96285359e+01 2.27500000e+02
    endloop
  endfacet
  facet normal 2.92315682e-01 9.51876977e-01 -9.20964803e-02
    outer loop
      vertex 1.23693234e+02 1.78213344e+01 2.10000000e+02
      vertex 1.23321905e+02 1.96285359e+01 2.27500000e+02
      vertex 1.25982453e+02 1.88114976e+01 2.27500000e+02
    endloop
  endfacet
  facet normal 2.89010253e-01 9.52852117e-01 -9.24441242e-02
    outer loop
      vertex 1.20931923e+02 1.86623124e+01 2.10000000e+02
      vertex 1.18169655e+02 1.95001377e+01 2.10000000e+02
      vertex 1.20660412e+02 2.04424854e+01 2.27500000e+02
    endloop
  endfacet
  facet normal 2.91204040e-01 9.52193760e-01 -9.23431169e-02
    outer loop
      vertex 1.20931923e+02 1.86623124e+01 2.10000000e+02
      vertex 1.20660412e+02 2.04424854e+01 2.27500000e+02
      vertex 1.23321905e+02 1.96285359e+01 2.27500000e+02
    endloop
  endfacet
  facet normal 2.84798204e-01 9.54135642e-01 -9.22776231e-02
    outer loop
      vertex 1.18169655e+02 1.95001377e+01 2.10000000e+02
      vertex 1.15403716e+02 2.03257379e+01 2.10000000e+02
      vertex 1.17995349e+02 2.12446491e+01 2.27500000e+02
    endloop
  endfacet
  facet normal 2.86992181e-01 9.53486391e-01 -9.21910489e-02
    outer loop
      vertex 1.18169655e+02 1.95001377e+01 2.10000000e+02
      vertex 1.17995349e+02 2.12446491e+01 2.27500000e+02
      vertex 1.20660412e+02 2.04424854e+01 2.27500000e+02
    endloop
  endfacet
  facet normal 2.78795182e-01 9.55948453e-01 -9.18466163e-02
    outer loop
      vertex 1.15403716e+02 2.03257379e+01 2.10000000e+02
      vertex 1.12632675e+02 2.11338912e+01 2.10000000e+02
      vertex 1.15325323e+02 2.20299839e+01 2.27500000e+02
    endloop
  endfacet
  facet normal 2.80986395e-01 9.55313561e-01 -9.17749713e-02
    outer loop
      vertex 1.15403716e+02 2.03257379e+01 2.10000000e+02
      vertex 1.15325323e+02 2.20299839e+01 2.27500000e+02
      vertex 1.17995349e+02 2.12446491e+01 2.27500000e+02
    endloop
  endfacet
  facet normal 2.71304124e-01 9.58166081e-01 -9.11692593e-02
    outer loop
      vertex 1.12632675e+02 2.11338912e+01 2.10000000e+02
      vertex 1.09855365e+02 2.19202847e+01 2.10000000e+02
      vertex 1.12649200e+02 2.27943326e+01 2.27500000e+02
    endloop
  endfacet
  facet normal 2.73493157e-01 9.57548931e-01 -9.11127698e-02
    outer loop
      vertex 1.12632675e+02 2.11338912e+01 2.10000000e+02
      vertex 1.12649200e+02 2.27943326e+01 2.27500000e+02
      vertex 1.15325323e+02 2.20299839e+01 2.27500000e+02
    endloop
  endfacet
  facet normal 2.53349115e-01 9.63278974e-01 -8.89260609e-02
    outer loop
      vertex 1.09855365e+02 2.19202847e+01 2.10000000e+02
      vertex 1.07063767e+02 2.26544946e+01 2.10000000e+02
      vertex 1.09959212e+02 2.35085021e+01 2.27500000e+02
    endloop
  endfacet
  facet normal 2.55586608e-01 9.62691416e-01 -8.88860145e-02
    outer loop
      vertex 1.09855365e+02 2.19202847e+01 2.10000000e+02
      vertex 1.09959212e+02 2.35085021e+01 2.27500000e+02
      vertex 1.12649200e+02 2.27943326e+01 2.27500000e+02
    endloop
  endfacet
  facet normal 2.29433143e-01 9.69549391e-01 -8.56411730e-02
    outer loop
      vertex 1.07063767e+02 2.26544946e+01 2.10000000e+02
      vertex 1.04255196e+02 2.33191117e+01 2.10000000e+02
      vertex 1.07252696e+02 2.41555774e+01 2.27500000e+02
    endloop
  endfacet
  facet normal 2.31673399e-01 9.69018412e-01 -8.56198133e-02
    outer loop
      vertex 1.07063767e+02 2.26544946e+01 2.10000000e+02
      vertex 1.07252696e+02 2.41555774e+01 2.27500000e+02
      vertex 1.09959212e+02 2.35085021e+01 2.27500000e+02
    endloop
  endfacet
  facet normal 1.98574714e-01 9.76726926e-01 -8.10715386e-02
    outer loop
      vertex 1.04255196e+02 2.33191117e+01 2.10000000e+02
      vertex 1.01427669e+02 2.38939658e+01 2.10000000e+02
      vertex 1.04527723e+02 2.47162628e+01 2.27500000e+02
    endloop
  endfacet
  facet normal 2.00872826e-01 9.76257032e-01 -8.10698120e-02
    outer loop
      vertex 1.04255196e+02 2.33191117e+01 2.10000000e+02
      vertex 1.04527723e+02 2.47162628e+01 2.27500000e+02
      vertex 1.07252696e+02 2.41555774e+01 2.27500000e+02
    endloop
  endfacet
  facet normal 1.58415655e-01 9.84541757e-01 -7.47128463e-02
    outer loop
      vertex 1.01427669e+02 2.38939658e+01 2.10000000e+02
      vertex 9.85779623e+01 2.43524919e+01 2.10000000e+02
      vertex 1.01781148e+02 2.51650934e+01 2.27500000e+02
    endloop
  endfacet
  facet normal 1.60824483e-01 9.84149613e-01 -7.47330181e-02
    outer loop
      vertex 1.01427669e+02 2.38939658e+01 2.10000000e+02
      vertex 1.01781148e+02 2.51650934e+01 2.27500000e+02
      vertex 1.04527723e+02 2.47162628e+01 2.27500000e+02
    endloop
  endfacet
  facet normal 9.53293492e-02 9.93387149e-01 -6.39866120e-02
    outer loop
      vertex 9.85779623e+01 2.43524919e+01 2.10000000e+02
      vertex 9.57046154e+01 2.46282296e+01 2.10000000e+02
      vertex 9.90113848e+01 2.54381189e+01 2.27500000e+02
    endloop
  endfacet
  facet normal 9.78968063e-02 9.93134329e-01 -6.40345163e-02
    outer loop
      vertex 9.85779623e+01 2.43524919e+01 2.10000000e+02
      vertex 9.90113848e+01 2.54381189e+01 2.27500000e+02
      vertex 1.01781148e+02 2.51650934e+01 2.27500000e+02
    endloop
  endfacet
  facet normal 5.88151313e-02 9.96602492e-01 -5.76563330e-02
    outer loop
      vertex 9.57046154e+01 2.46282296e+01 2.10000000e+02
      vertex 9.28238491e+01 2.47982399e+01 2.10000000e+02
      vertex 9.62342129e+01 2.56094007e+01 2.27500000e+02
    endloop
  endfacet
  facet normal 6.14552823e-02 9.96439077e-01 -5.77270689e-02
    outer loop
      vertex 9.57046154e+01 2.46282296e+01 2.10000000e+02
      vertex 9.62342129e+01 2.56094007e+01 2.27500000e+02
      vertex 9.90113848e+01 2.54381189e+01 2.27500000e+02
    endloop
  endfacet
  facet normal 2.74359761e-02 9.98267672e-01 -5.20473010e-02
    outer loop
      vertex 9.28238491e+01 2.47982399e+01 2.10000000e+02
      vertex 8.99390164e+01 2.48775255e+01 2.10000000e+02
      vertex 9.34528938e+01 2.56933599e+01 2.27500000e+02
    endloop
  endfacet
  facet normal 3.01320390e-02 9.98185094e-01 -5.21399882e-02
    outer loop
      vertex 9.28238491e+01 2.47982399e+01 2.10000000e+02
      vertex 9.34528938e+01 2.56933599e+01 2.27500000e+02
      vertex 9.62342129e+01 2.56094007e+01 2.27500000e+02
    endloop
  endfacet
  facet normal -1.67101356e-03 9.98909072e-01 -4.66676841e-02
    outer loop
      vertex 8.99390164e+01 2.48775255e+01 2.10000000e+02
      vertex 8.70526680e+01 2.48726971e+01 2.10000000e+02
      vertex 9.06698940e+01 2.56963245e+01 2.27500000e+02
    endloop
  endfacet
  facet normal 1.06409588e-03 9.98904570e-01 -4.67817038e-02
    outer loop
      vertex 8.99390164e+01 2.48775255e+01 2.10000000e+02
      vertex 9.06698940e+01 2.56963245e+01 2.27500000e+02
      vertex 9.34528938e+01 2.56933599e+01 2.27500000e+02
    endloop
  endfacet
  facet normal -3.79714610e-02 9.98494412e-01 -3.95863228e-02
    outer loop
      vertex 8.70526680e+01 2.48726971e+01 2.10000000e+02
      vertex 8.41682093e+01 2.47630048e+01 2.10000000e+02
      vertex 8.78884370e+01 2.55982855e+01 2.27500000e+02
    endloop
  endfacet
  facet normal -3.51976667e-02 9.98590619e-01 -3.97227832e-02
    outer loop
      vertex 8.70526680e+01 2.48726971e+01 2.10000000e+02
      vertex 8.78884370e+01 2.55982855e+01 2.27500000e+02
      vertex 9.06698940e+01 2.56963245e+01 2.27500000e+02
    endloop
  endfacet
  facet normal -6.95967318e-02 9.97021260e-01 -3.32400605e-02
    outer loop
      vertex 8.41682093e+01 2.47630048e+01 2.10000000e+02
      vertex 8.12890231e+01 2.45620242e+01 2.10000000e+02
      vertex 8.51118132e+01 2.54123117e+01 2.27500000e+02
    endloop
  endfacet
  facet normal -6.67913769e-02 9.97207836e-01 -3.33982484e-02
    outer loop
      vertex 8.41682093e+01 2.47630048e+01 2.10000000e+02
      vertex 8.51118132e+01 2.54123117e+01 2.27500000e+02
      vertex 8.78884370e+01 2.55982855e+01 2.27500000e+02
    endloop
  endfacet
  facet normal -9.91792682e-02 9.94700057e-01 -2.71158581e-02
    outer loop
      vertex 8.12890231e+01 2.45620242e+01 2.10000000e+02
      vertex 7.84172875e+01 2.42756900e+01 2.10000000e+02
      vertex 8.23421342e+01 2.51440834e+01 2.27500000e+02
    endloop
  endfacet
  facet normal -9.63576735e-02 9.94972461e-01 -2.72947157e-02
    outer loop
      vertex 8.12890231e+01 2.45620242e+01 2.10000000e+02
      vertex 8.23421342e+01 2.51440834e+01 2.27500000e+02
      vertex 8.51118132e+01 2.54123117e+01 2.27500000e+02
    endloop
  endfacet
  facet normal -1.31268097e-01 9.91141179e-01 -2.01952750e-02
    outer loop
      vertex 7.84172875e+01 2.42756900e+01 2.10000000e+02
      vertex 7.55563002e+01 2.38967769e+01 2.10000000e+02
      vertex 7.95825613e+01 2.47865966e+01 2.27500000e+02
    endloop
  endfacet
  facet normal -1.28444021e-01 9.91507044e-01 -2.03940033e-02
    outer loop
      vertex 7.84172875e+01 2.42756900e+01 2.10000000e+02
      vertex 7.95825613e+01 2.47865966e+01 2.27500000e+02
      vertex 8.23421342e+01 2.51440834e+01 2.27500000e+02
    endloop
  endfacet
  facet normal -1.67367009e-01 9.85820781e-01 -1.20694793e-02
    outer loop
      vertex 7.55563002e+01 2.38967769e+01 2.10000000e+02
      vertex 7.27109726e+01 2.34137135e+01 2.10000000e+02
      vertex 7.68378098e+01 2.43285981e+01 2.27500000e+02
    endloop
  endfacet
  facet normal -1.64575344e-01 9.86288003e-01 -1.22854393e-02
    outer loop
      vertex 7.55563002e+01 2.38967769e+01 2.10000000e+02
      vertex 7.68378098e+01 2.43285981e+01 2.27500000e+02
      vertex 7.95825613e+01 2.47865966e+01 2.27500000e+02
    endloop
  endfacet
  facet normal -2.10256963e-01 9.77644179e-01 -1.96691603e-03
    outer loop
      vertex 7.27109726e+01 2.34137135e+01 2.10000000e+02
      vertex 6.98893841e+01 2.28068888e+01 2.10000000e+02
      vertex 7.41156503e+01 2.37510185e+01 2.27500000e+02
    endloop
  endfacet
  facet normal -2.07555922e-01 9.78220692e-01 -2.19483335e-03
    outer loop
      vertex 7.27109726e+01 2.34137135e+01 2.10000000e+02
      vertex 7.41156503e+01 2.37510185e+01 2.27500000e+02
      vertex 7.68378098e+01 2.43285981e+01 2.27500000e+02
    endloop
  endfacet
  facet normal -2.62887560e-01 9.64763490e-01 1.10244653e-02
    outer loop
      vertex 6.98893841e+01 2.28068888e+01 2.10000000e+02
      vertex 6.71048980e+01 2.20481466e+01 2.10000000e+02
      vertex 7.14289761e+01 2.30264363e+01 2.27500000e+02
    endloop
  endfacet
  facet normal -2.60376063e-01 9.65446930e-01 1.07949379e-02
    outer loop
      vertex 6.98893841e+01 2.28068888e+01 2.10000000e+02
      vertex 7.14289761e+01 2.30264363e+01 2.27500000e+02
      vertex 7.41156503e+01 2.37510185e+01 2.27500000e+02
    endloop
  endfacet
  facet normal -3.25191491e-01 9.45259267e-01 2.71184824e-02
    outer loop
      vertex 6.71048980e+01 2.20481466e+01 2.10000000e+02
      vertex 6.43762327e+01 2.11094214e+01 2.10000000e+02
      vertex 6.87957983e+01 2.21277998e+01 2.27500000e+02
    endloop
  endfacet
  facet normal -3.22866953e-01 9.46062285e-01 2.68902239e-02
    outer loop
      vertex 6.71048980e+01 2.20481466e+01 2.10000000e+02
      vertex 6.87957983e+01 2.21277998e+01 2.27500000e+02
      vertex 7.14289761e+01 2.30264363e+01 2.27500000e+02
    endloop
  endfacet
  facet normal -3.97035587e-01 9.16622974e-01 4.65302633e-02
    outer loop
      vertex 6.43762327e+01 2.11094214e+01 2.10000000e+02
      vertex 6.17291024e+01 1.99628158e+01 2.10000000e+02
      vertex 6.62406804e+01 2.10286602e+01 2.27500000e+02
    endloop
  endfacet
  facet normal -3.94737326e-01 9.17627199e-01 4.62900413e-02
    outer loop
      vertex 6.43762327e+01 2.11094214e+01 2.10000000e+02
      vertex 6.62406804e+01 2.10286602e+01 2.27500000e+02
      vertex 6.87957983e+01 2.21277998e+01 2.27500000e+02
    endloop
  endfacet
  facet normal -4.86127050e-01 8.70932654e-01 7.18108785e-02
    outer loop
      vertex 6.17291024e+01 1.99628158e+01 2.10000000e+02
      vertex 5.92109498e+01 1.85572628e+01 2.10000000e+02
      vertex 6.38086569e+01 1.96806325e+01 2.27500000e+02
    endloop
  endfacet
  facet normal -4.83549995e-01 8.72389322e-01 7.15281311e-02
    outer loop
      vertex 6.17291024e+01 1.99628158e+01 2.10000000e+02
      vertex 6.38086569e+01 1.96806325e+01 2.27500000e+02
      vertex 6.62406804e+01 2.10286602e+01 2.27500000e+02
    endloop
  endfacet
  facet normal -6.44082488e-01 7.55475424e-01 1.20060956e-01
    outer loop
      vertex 5.92109498e+01 1.85572628e+01 2.10000000e+02
      vertex 5.70212102e+01 1.66903947e+01 2.10000000e+02
      vertex 6.16897517e+01 1.78894530e+01 2.27500000e+02
    endloop
  endfacet
  facet normal -6.40933535e-01 7.58202852e-01 1.19719000e-01
    outer loop
      vertex 5.92109498e+01 1.85572628e+01 2.10000000e+02
      vertex 6.16897517e+01 1.78894530e+01 2.27500000e+02
      vertex 6.38086569e+01 1.96806325e+01 2.27500000e+02
    endloop
  endfacet
  facet normal -9.65474414e-01 -2.60816364e-02 2.59188935e-01
    outer loop
      vertex 5.70212102e+01 1.66903947e+01 2.10000000e+02
      vertex 5.70847305e+01 1.43390379e+01 2.10000000e+02
      vertex 6.17479719e+01 1.56260024e+01 2.27500000e+02
    endloop
  endfacet
  facet normal -9.65486089e-01 -2.48341155e-02 2.59267965e-01
    outer loop
      vertex 5.70212102e+01 1.66903947e+01 2.10000000e+02
      vertex 6.17479719e+01 1.56260024e+01 2.27500000e+02
      vertex 6.16897517e+01 1.78894530e+01 2.27500000e+02
    endloop
  endfacet
  facet normal -4.17367043e-01 -8.91427770e-01 1.76525584e-01
    outer loop
      vertex 5.70847305e+01 1.43390379e+01 2.10000000e+02
      vertex 5.96914288e+01 1.31185801e+01 2.10000000e+02
      vertex 6.42595056e+01 1.44452530e+01 2.27500000e+02
    endloop
  endfacet
  facet normal -4.18734236e-01 -8.90676015e-01 1.77081552e-01
    outer loop
      vertex 5.70847305e+01 1.43390379e+01 2.10000000e+02
      vertex 6.42595056e+01 1.44452530e+01 2.27500000e+02
      vertex 6.17479719e+01 1.56260024e+01 2.27500000e+02
    endloop
  endfacet
  facet normal -2.90203099e-01 -9.45587672e-01 1.47126191e-01
    outer loop
      vertex 5.96914288e+01 1.31185801e+01 2.10000000e+02
      vertex 6.24497004e+01 1.22720600e+01 2.10000000e+02
      vertex 6.69173975e+01 1.36237790e+01 2.27500000e+02
    endloop
  endfacet
  facet normal -2.92041840e-01 -9.44905966e-01 1.47865750e-01
    outer loop
      vertex 5.96914288e+01 1.31185801e+01 2.10000000e+02
      vertex 6.69173975e+01 1.36237790e+01 2.27500000e+02
      vertex 6.42595056e+01 1.44452530e+01 2.27500000e+02
    endloop
  endfacet
  facet normal -2.32373034e-01 -9.63434263e-01 1.33406127e-01
    outer loop
      vertex 6.24497004e+01 1.22720600e+01 2.10000000e+02
      vertex 6.52550784e+01 1.15954242e+01 2.10000000e+02
      vertex 6.96209347e+01 1.29656266e+01 2.27500000e+02
    endloop
  endfacet
  facet normal -2.34393271e-01 -9.62833022e-01 1.34210160e-01
    outer loop
      vertex 6.24497004e+01 1.22720600e+01 2.10000000e+02
      vertex 6.96209347e+01 1.29656266e+01 2.27500000e+02
      vertex 6.69173975e+01 1.36237790e+01 2.27500000e+02
    endloop
  endfacet
  facet normal -1.91340069e-01 -9.73707596e-01 1.23622388e-01
    outer loop
      vertex 6.52550784e+01 1.15954242e+01 2.10000000e+02
      vertex 6.80870174e+01 1.10389292e+01 2.10000000e+02
      vertex 7.23502709e+01 1.24229798e+01 2.27500000e+02
    endloop
  endfacet
  facet normal -1.93486830e-01 -9.73175555e-01 1.24467610e-01
    outer loop
      vertex 6.52550784e+01 1.15954242e+01 2.10000000e+02
      vertex 7.23502709e+01 1.24229798e+01 2.27500000e+02
      vertex 6.96209347e+01 1.29656266e+01 2.27500000e+02
    endloop
  endfacet
  facet normal -1.59615032e-01 -9.80333844e-01 1.16054276e-01
    outer loop
      vertex 6.80870174e+01 1.10389292e+01 2.10000000e+02
      vertex 7.09356945e+01 1.05751161e+01 2.10000000e+02
      vertex 7.50959096e+01 1.19694543e+01 2.27500000e+02
    endloop
  endfacet
  facet normal -1.61854082e-01 -9.79863035e-01 1.16925999e-01
    outer loop
      vertex 6.80870174e+01 1.10389292e+01 2.10000000e+02
      vertex 7.50959096e+01 1.19694543e+01 2.27500000e+02
      vertex 7.23502709e+01 1.24229798e+01 2.27500000e+02
    endloop
  endfacet
  facet normal -1.33579703e-01 -9.84930389e-01 1.09857143e-01
    outer loop
      vertex 7.09356945e+01 1.05751161e+01 2.10000000e+02
      vertex 7.37957360e+01 1.01872272e+01 2.10000000e+02
      vertex 7.78526495e+01 1.15889290e+01 2.27500000e+02
    endloop
  endfacet
  facet normal -1.35896842e-01 -9.84513454e-01 1.10748848e-01
    outer loop
      vertex 7.09356945e+01 1.05751161e+01 2.10000000e+02
      vertex 7.78526495e+01 1.15889290e+01 2.27500000e+02
      vertex 7.50959096e+01 1.19694543e+01 2.27500000e+02
    endloop
  endfacet
  facet normal -1.11083895e-01 -9.88298753e-01 1.04527233e-01
    outer loop
      vertex 7.37957360e+01 1.01872272e+01 2.10000000e+02
      vertex 7.66639704e+01 9.86484024e+00 2.10000000e+02
      vertex 8.06174176e+01 1.12713605e+01 2.27500000e+02
    endloop
  endfacet
  facet normal -1.13476247e-01 -9.87930254e-01 1.05436967e-01
    outer loop
      vertex 7.37957360e+01 1.01872272e+01 2.10000000e+02
      vertex 8.06174176e+01 1.12713605e+01 2.27500000e+02
      vertex 7.78526495e+01 1.15889290e+01 2.27500000e+02
    endloop
  endfacet
  facet normal -9.08903129e-02 -9.90850047e-01 9.97754213e-02
    outer loop
      vertex 7.66639704e+01 9.86484024e+00 2.10000000e+02
      vertex 7.95384171e+01 9.60116830e+00 2.10000000e+02
      vertex 8.33882963e+01 1.10102141e+01 2.27500000e+02
    endloop
  endfacet
  facet normal -9.33540088e-02 -9.90527306e-01 1.00700966e-01
    outer loop
      vertex 7.66639704e+01 9.86484024e+00 2.10000000e+02
      vertex 8.33882963e+01 1.10102141e+01 2.27500000e+02
      vertex 8.06174176e+01 1.12713605e+01 2.27500000e+02
    endloop
  endfacet
  facet normal -6.31465725e-02 -9.93615058e-01 9.34966657e-02
    outer loop
      vertex 7.95384171e+01 9.60116830e+00 2.10000000e+02
      vertex 8.24191511e+01 9.41809088e+00 2.10000000e+02
      vertex 8.61654264e+01 1.08267120e+01 2.27500000e+02
    endloop
  endfacet
  facet normal -6.56378136e-02 -9.93366018e-01 9.44226239e-02
    outer loop
      vertex 7.95384171e+01 9.60116830e+00 2.10000000e+02
      vertex 8.61654264e+01 1.08267120e+01 2.27500000e+02
      vertex 8.33882963e+01 1.10102141e+01 2.27500000e+02
    endloop
  endfacet
  facet normal -4.18450017e-02 -9.95183501e-01 8.86498439e-02
    outer loop
      vertex 8.24191511e+01 9.41809088e+00 2.10000000e+02
      vertex 8.53028593e+01 9.29683809e+00 2.10000000e+02
      vertex 8.89455625e+01 1.07025521e+01 2.27500000e+02
    endloop
  endfacet
  facet normal -4.44357548e-02 -9.94985944e-01 8.96015333e-02
    outer loop
      vertex 8.24191511e+01 9.41809088e+00 2.10000000e+02
      vertex 8.89455625e+01 1.07025521e+01 2.27500000e+02
      vertex 8.61654264e+01 1.08267120e+01 2.27500000e+02
    endloop
  endfacet
  facet normal -1.98021225e-02 -9.96292176e-01 8.37244057e-02
    outer loop
      vertex 8.53028593e+01 9.29683809e+00 2.10000000e+02
      vertex 8.81883548e+01 9.23948651e+00 2.10000000e+02
      vertex 9.17275812e+01 1.06397714e+01 2.27500000e+02
    endloop
  endfacet
  facet normal -2.24797653e-02 -9.96153159e-01 8.46967726e-02
    outer loop
      vertex 8.53028593e+01 9.29683809e+00 2.10000000e+02
      vertex 9.17275812e+01 1.06397714e+01 2.27500000e+02
      vertex 8.89455625e+01 1.07025521e+01 2.27500000e+02
    endloop
  endfacet
  facet normal 6.28772444e-03 -9.96927731e-01 7.80740908e-02
    outer loop
      vertex 8.81883548e+01 9.23948651e+00 2.10000000e+02
      vertex 9.10748441e+01 9.25769189e+00 2.10000000e+02
      vertex 9.45107499e+01 1.06498697e+01 2.27500000e+02
    endloop
  endfacet
  facet normal 3.61694712e-03 -9.96865362e-01 7.90339620e-02
    outer loop
      vertex 8.81883548e+01 9.23948651e+00 2.10000000e+02
      vertex 9.45107499e+01 1.06498697e+01 2.27500000e+02
      vertex 9.17275812e+01 1.06397714e+01 2.27500000e+02
    endloop
  endfacet
  facet normal 5.60534172e-02 -9.96124762e-01 6.77751687e-02
    outer loop
      vertex 9.10748441e+01 9.25769189e+00 2.10000000e+02
      vertex 9.39565874e+01 9.41985186e+00 2.10000000e+02
      vertex 9.72897439e+01 1.07980931e+01 2.27500000e+02
    endloop
  endfacet
  facet normal 5.31351189e-02 -9.96213108e-01 6.88193413e-02
    outer loop
      vertex 9.10748441e+01 9.25769189e+00 2.10000000e+02
      vertex 9.72897439e+01 1.07980931e+01 2.27500000e+02
      vertex 9.45107499e+01 1.06498697e+01 2.27500000e+02
    endloop
  endfacet
  facet normal 8.36202610e-02 -9.94571450e-01 6.19296680e-02
    outer loop
      vertex 9.39565874e+01 9.41985186e+00 2.10000000e+02
      vertex 9.68321912e+01 9.66162306e+00 2.10000000e+02
      vertex 1.00063065e+02 1.10229488e+01 2.27500000e+02
    endloop
  endfacet
  facet normal 8.06524957e-02 -9.94750465e-01 6.29816435e-02
    outer loop
      vertex 9.39565874e+01 9.41985186e+00 2.10000000e+02
      vertex 1.00063065e+02 1.10229488e+01 2.27500000e+02
      vertex 9.72897439e+01 1.07980931e+01 2.27500000e+02
    endloop
  endfacet
  facet normal 1.06948781e-01 -9.92629179e-01 5.70023844e-02
    outer loop
      vertex 9.68321912e+01 9.66162306e+00 2.10000000e+02
      vertex 9.97020768e+01 9.97083297e+00 2.10000000e+02
      vertex 1.02831059e+02 1.13129077e+01 2.27500000e+02
    endloop
  endfacet
  facet normal 1.04008512e-01 -9.92881801e-01 5.80341236e-02
    outer loop
      vertex 9.68321912e+01 9.66162306e+00 2.10000000e+02
      vertex 1.02831059e+02 1.13129077e+01 2.27500000e+02
      vertex 1.00063065e+02 1.10229488e+01 2.27500000e+02
    endloop
  endfacet
  facet normal 1.27334869e-01 -9.90457436e-01 5.27247485e-02
    outer loop
      vertex 9.97020768e+01 9.97083297e+00 2.10000000e+02
      vertex 1.02565047e+02 1.03389013e+01 2.10000000e+02
      vertex 1.05592545e+02 1.16596941e+01 2.27500000e+02
    endloop
  endfacet
  facet normal 1.24420959e-01 -9.90773365e-01 5.37360542e-02
    outer loop
      vertex 9.97020768e+01 9.97083297e+00 2.10000000e+02
      vertex 1.05592545e+02 1.16596941e+01 2.27500000e+02
      vertex 1.02831059e+02 1.13129077e+01 2.27500000e+02
    endloop
  endfacet
  facet normal 1.30307332e-01 -9.90123970e-01 5.17158000e-02
    outer loop
      vertex 1.02565047e+02 1.03389013e+01 2.10000000e+02
      vertex 1.05426890e+02 1.07155400e+01 2.10000000e+02
      vertex 1.08352974e+02 1.20146872e+01 2.27500000e+02
    endloop
  endfacet
  facet normal 1.27372910e-01 -9.90452913e-01 5.27178260e-02
    outer loop
      vertex 1.02565047e+02 1.03389013e+01 2.10000000e+02
      vertex 1.08352974e+02 1.20146872e+01 2.27500000e+02
      vertex 1.05592545e+02 1.16596941e+01 2.27500000e+02
    endloop
  endfacet
  facet normal 1.32831243e-01 -9.89835641e-01 5.08061432e-02
    outer loop
      vertex 1.05426890e+02 1.07155400e+01 2.10000000e+02
      vertex 1.08287778e+02 1.10994576e+01 2.10000000e+02
      vertex 1.11112497e+02 1.23767590e+01 2.27500000e+02
    endloop
  endfacet
  facet normal 1.29918552e-01 -9.90171476e-01 5.17843326e-02
    outer loop
      vertex 1.05426890e+02 1.07155400e+01 2.10000000e+02
      vertex 1.11112497e+02 1.23767590e+01 2.27500000e+02
      vertex 1.08352974e+02 1.20146872e+01 2.27500000e+02
    endloop
  endfacet
  facet normal 1.29080471e-01 -9.90322627e-01 5.09835963e-02
    outer loop
      vertex 1.08287778e+02 1.10994576e+01 2.10000000e+02
      vertex 1.11150100e+02 1.14725380e+01 2.10000000e+02
      vertex 1.13873366e+02 1.27284250e+01 2.27500000e+02
    endloop
  endfacet
  facet normal 1.26183684e-01 -9.90646299e-01 5.19383113e-02
    outer loop
      vertex 1.08287778e+02 1.10994576e+01 2.10000000e+02
      vertex 1.13873366e+02 1.27284250e+01 2.27500000e+02
      vertex 1.11112497e+02 1.23767590e+01 2.27500000e+02
    endloop
  endfacet
  facet normal 1.24126453e-01 -9.90937258e-01 5.13417367e-02
    outer loop
      vertex 1.11150100e+02 1.14725380e+01 2.10000000e+02
      vertex 1.14014211e+02 1.18313013e+01 2.10000000e+02
      vertex 1.16635905e+02 1.30663965e+01 2.27500000e+02
    endloop
  endfacet
  facet normal 1.21269541e-01 -9.91242682e-01 5.22651231e-02
    outer loop
      vertex 1.11150100e+02 1.14725380e+01 2.10000000e+02
      vertex 1.16635905e+02 1.30663965e+01 2.27500000e+02
      vertex 1.13873366e+02 1.27284250e+01 2.27500000e+02
    endloop
  endfacet
  facet normal 1.17845429e-01 -9.91676060e-01 5.18753099e-02
    outer loop
      vertex 1.14014211e+02 1.18313013e+01 2.10000000e+02
      vertex 1.16880580e+02 1.21719251e+01 2.10000000e+02
      vertex 1.19400575e+02 1.33868257e+01 2.27500000e+02
    endloop
  endfacet
  facet normal 1.14970171e-01 -9.91965471e-01 5.27860169e-02
    outer loop
      vertex 1.14014211e+02 1.18313013e+01 2.10000000e+02
      vertex 1.19400575e+02 1.33868257e+01 2.27500000e+02
      vertex 1.16635905e+02 1.30663965e+01 2.27500000e+02
    endloop
  endfacet
  facet normal 1.01932456e-01 -9.93333653e-01 5.38333467e-02
    outer loop
      vertex 1.16880580e+02 1.21719251e+01 2.10000000e+02
      vertex 1.19752007e+02 1.24665809e+01 2.10000000e+02
      vertex 1.22169974e+02 1.36631103e+01 2.27500000e+02
    endloop
  endfacet
  facet normal 9.91219771e-02 -9.93570539e-01 5.47030022e-02
    outer loop
      vertex 1.16880580e+02 1.21719251e+01 2.10000000e+02
      vertex 1.22169974e+02 1.36631103e+01 2.27500000e+02
      vertex 1.19400575e+02 1.33868257e+01 2.27500000e+02
    endloop
  endfacet
  facet normal 9.07129251e-02 -9.94356611e-01 5.50099590e-02
    outer loop
      vertex 1.19752007e+02 1.24665809e+01 2.10000000e+02
      vertex 1.22626440e+02 1.27288090e+01 2.10000000e+02
      vertex 1.24942178e+02 1.39082065e+01 2.27500000e+02
    endloop
  endfacet
  facet normal 8.79310211e-02 -9.94559560e-01 5.58517382e-02
    outer loop
      vertex 1.19752007e+02 1.24665809e+01 2.10000000e+02
      vertex 1.24942178e+02 1.39082065e+01 2.27500000e+02
      vertex 1.22169974e+02 1.36631103e+01 2.27500000e+02
    endloop
  endfacet
  facet normal 7.69818757e-02 -9.95432528e-01 5.64612561e-02
    outer loop
      vertex 1.22626440e+02 1.27288090e+01 2.10000000e+02
      vertex 1.25504340e+02 1.29513717e+01 2.10000000e+02
      vertex 1.27717612e+02 1.41151410e+01 2.27500000e+02
    endloop
  endfacet
  facet normal 7.42309067e-02 -9.95595003e-01 5.72744504e-02
    outer loop
      vertex 1.22626440e+02 1.27288090e+01 2.10000000e+02
      vertex 1.27717612e+02 1.41151410e+01 2.27500000e+02
      vertex 1.24942178e+02 1.39082065e+01 2.27500000e+02
    endloop
  endfacet
  facet normal 5.14620386e-02 -9.96910054e-01 5.93464636e-02
    outer loop
      vertex 1.25504340e+02 1.29513717e+01 2.10000000e+02
      vertex 1.28387045e+02 1.31001814e+01 2.10000000e+02
      vertex 1.30497483e+02 1.42509076e+01 2.27500000e+02
    endloop
  endfacet
  facet normal 4.86927342e-02 -9.97001399e-01 6.01433916e-02
    outer loop
      vertex 1.25504340e+02 1.29513717e+01 2.10000000e+02
      vertex 1.30497483e+02 1.42509076e+01 2.27500000e+02
      vertex 1.27717612e+02 1.41151410e+01 2.27500000e+02
    endloop
  endfacet
  facet normal 2.78892778e-02 -9.97697809e-01 6.18164207e-02
    outer loop
      vertex 1.28387045e+02 1.31001814e+01 2.10000000e+02
      vertex 1.31272235e+02 1.31808330e+01 2.10000000e+02
      vertex 1.33279560e+02 1.43212286e+01 2.27500000e+02
    endloop
  endfacet
  facet normal 2.52188400e-02 -9.97722240e-01 6.25647057e-02
    outer loop
      vertex 1.28387045e+02 1.31001814e+01 2.10000000e+02
      vertex 1.33279560e+02 1.43212286e+01 2.27500000e+02
      vertex 1.30497483e+02 1.42509076e+01 2.27500000e+02
    endloop
  endfacet
  facet normal -1.25340932e-03 -9.97900448e-01 6.47543457e-02
    outer loop
      vertex 1.31272235e+02 1.31808330e+01 2.10000000e+02
      vertex 1.34158382e+02 1.31772078e+01 2.10000000e+02
      vertex 1.36062342e+02 1.43104016e+01 2.27500000e+02
    endloop
  endfacet
  facet normal -3.88230645e-03 -9.97846954e-01 6.54704757e-02
    outer loop
      vertex 1.31272235e+02 1.31808330e+01 2.10000000e+02
      vertex 1.36062342e+02 1.43104016e+01 2.27500000e+02
      vertex 1.33279560e+02 1.43212286e+01 2.27500000e+02
    endloop
  endfacet
  facet normal -4.03518225e-02 -9.96832453e-01 6.85331455e-02
    outer loop
      vertex 1.34158382e+02 1.31772078e+01 2.10000000e+02
      vertex 1.37042078e+02 1.30604757e+01 2.10000000e+02
      vertex 1.38842486e+02 1.41907361e+01 2.27500000e+02
    endloop
  endfacet
  facet normal -4.29000027e-02 -9.96679523e-01 6.92063422e-02
    outer loop
      vertex 1.34158382e+02 1.31772078e+01 2.10000000e+02
      vertex 1.38842486e+02 1.41907361e+01 2.27500000e+02
      vertex 1.36062342e+02 1.43104016e+01 2.27500000e+02
    endloop
  endfacet
  facet normal -1.09996818e-01 -9.91106078e-01 7.48962036e-02
    outer loop
      vertex 1.37042078e+02 1.30604757e+01 2.10000000e+02
      vertex 1.40238244e+02 1.27057527e+01 2.10000000e+02
      vertex 1.41923261e+02 1.38411882e+01 2.27500000e+02
    endloop
  endfacet
  facet normal -1.12415431e-01 -9.90784533e-01 7.55564696e-02
    outer loop
      vertex 1.37042078e+02 1.30604757e+01 2.10000000e+02
      vertex 1.41923261e+02 1.38411882e+01 2.27500000e+02
      vertex 1.38842486e+02 1.41907361e+01 2.27500000e+02
    endloop
  endfacet
  facet normal 3.15626702e-01 9.44347946e-01 -9.26646759e-02
    outer loop
      vertex 1.41923261e+02 1.38411882e+01 2.27500000e+02
      vertex 1.39283914e+02 1.47233296e+01 2.27500000e+02
      vertex 1.41068966e+02 1.58439141e+01 2.45000000e+02
    endloop
  endfacet
  facet normal 3.17904611e-01 9.43602824e-01 -9.24682028e-02
    outer loop
      vertex 1.41923261e+02 1.38411882e+01 2.27500000e+02
      vertex 1.41068966e+02 1.58439141e+01 2.45000000e+02
      vertex 1.43608263e+02 1.49884120e+01 2.45000000e+02
    endloop
  endfacet
  facet normal 3.03102860e-01 9.48504894e-01 -9.20169710e-02
    outer loop
      vertex 1.39283914e+02 1.47233296e+01 2.27500000e+02
      vertex 1.36632931e+02 1.55704739e+01 2.27500000e+02
      vertex 1.38518366e+02 1.66656882e+01 2.45000000e+02
    endloop
  endfacet
  facet normal 3.05368744e-01 9.47795082e-01 -9.18390652e-02
    outer loop
      vertex 1.39283914e+02 1.47233296e+01 2.27500000e+02
      vertex 1.38518366e+02 1.66656882e+01 2.45000000e+02
      vertex 1.41068966e+02 1.58439141e+01 2.45000000e+02
    endloop
  endfacet
  facet normal 2.89258785e-01 9.52900030e-01 -9.11640751e-02
    outer loop
      vertex 1.36632931e+02 1.55704739e+01 2.27500000e+02
      vertex 1.33969758e+02 1.63788969e+01 2.27500000e+02
      vertex 1.35955939e+02 1.74502064e+01 2.45000000e+02
    endloop
  endfacet
  facet normal 2.91534233e-01 9.52221723e-01 -9.10031897e-02
    outer loop
      vertex 1.36632931e+02 1.55704739e+01 2.27500000e+02
      vertex 1.35955939e+02 1.74502064e+01 2.45000000e+02
      vertex 1.38518366e+02 1.66656882e+01 2.45000000e+02
    endloop
  endfacet
  facet normal 2.88407307e-01 9.53131210e-01 -9.14446404e-02
    outer loop
      vertex 1.33969758e+02 1.63788969e+01 2.27500000e+02
      vertex 1.31305861e+02 1.71849635e+01 2.27500000e+02
      vertex 1.33392808e+02 1.82324483e+01 2.45000000e+02
    endloop
  endfacet
  facet normal 2.90679625e-01 9.52454732e-01 -9.12980748e-02
    outer loop
      vertex 1.33969758e+02 1.63788969e+01 2.27500000e+02
      vertex 1.33392808e+02 1.82324483e+01 2.45000000e+02
      vertex 1.35955939e+02 1.74502064e+01 2.45000000e+02
    endloop
  endfacet
  facet normal 2.90237029e-01 9.52523437e-01 -9.19867876e-02
    outer loop
      vertex 1.31305861e+02 1.71849635e+01 2.27500000e+02
      vertex 1.28643532e+02 1.79961840e+01 2.27500000e+02
      vertex 1.30831183e+02 1.90196038e+01 2.45000000e+02
    endloop
  endfacet
  facet normal 2.92490636e-01 9.51846596e-01 -9.18547020e-02
    outer loop
      vertex 1.31305861e+02 1.71849635e+01 2.27500000e+02
      vertex 1.30831183e+02 1.90196038e+01 2.45000000e+02
      vertex 1.33392808e+02 1.82324483e+01 2.45000000e+02
    endloop
  endfacet
  facet normal 2.91687643e-01 9.52030853e-01 -9.24963396e-02
    outer loop
      vertex 1.28643532e+02 1.79961840e+01 2.27500000e+02
      vertex 1.25982453e+02 1.88114976e+01 2.27500000e+02
      vertex 1.28270755e+02 1.98106423e+01 2.45000000e+02
    endloop
  endfacet
  facet normal 2.93919209e-01 9.51355694e-01 -9.23788011e-02
    outer loop
      vertex 1.28643532e+02 1.79961840e+01 2.27500000e+02
      vertex 1.28270755e+02 1.98106423e+01 2.45000000e+02
      vertex 1.30831183e+02 1.90196038e+01 2.45000000e+02
    endloop
  endfacet
  facet normal 2.92293325e-01 9.51804173e-01 -9.29162444e-02
    outer loop
      vertex 1.25982453e+02 1.88114976e+01 2.27500000e+02
      vertex 1.23321905e+02 1.96285359e+01 2.27500000e+02
      vertex 1.25710824e+02 2.06032839e+01 2.45000000e+02
    endloop
  endfacet
  facet normal 2.94503036e-01 9.51132835e-01 -9.28132092e-02
    outer loop
      vertex 1.25982453e+02 1.88114976e+01 2.27500000e+02
      vertex 1.25710824e+02 2.06032839e+01 2.45000000e+02
      vertex 1.28270755e+02 1.98106423e+01 2.45000000e+02
    endloop
  endfacet
  facet normal 2.91182522e-01 9.52123398e-01 -9.31330969e-02
    outer loop
      vertex 1.23321905e+02 1.96285359e+01 2.27500000e+02
      vertex 1.20660412e+02 2.04424854e+01 2.27500000e+02
      vertex 1.23149960e+02 2.13929044e+01 2.45000000e+02
    endloop
  endfacet
  facet normal 2.93374266e-01 9.51459009e-01 -9.30445778e-02
    outer loop
      vertex 1.23321905e+02 1.96285359e+01 2.27500000e+02
      vertex 1.23149960e+02 2.13929044e+01 2.45000000e+02
      vertex 1.25710824e+02 2.06032839e+01 2.45000000e+02
    endloop
  endfacet
  facet normal 2.86971717e-01 9.53418403e-01 -9.29547366e-02
    outer loop
      vertex 1.20660412e+02 2.04424854e+01 2.27500000e+02
      vertex 1.17995349e+02 2.12446491e+01 2.27500000e+02
      vertex 1.20585632e+02 2.21711782e+01 2.45000000e+02
    endloop
  endfacet
  facet normal 2.89163678e-01 9.52763115e-01 -9.28806392e-02
    outer loop
      vertex 1.20660412e+02 2.04424854e+01 2.27500000e+02
      vertex 1.20585632e+02 2.21711782e+01 2.45000000e+02
      vertex 1.23149960e+02 2.13929044e+01 2.45000000e+02
    endloop
  endfacet
  facet normal 2.80967146e-01 9.55248117e-01 -9.25121453e-02
    outer loop
      vertex 1.17995349e+02 2.12446491e+01 2.27500000e+02
      vertex 1.15325323e+02 2.20299839e+01 2.27500000e+02
      vertex 1.18016483e+02 2.29332415e+01 2.45000000e+02
    endloop
  endfacet
  facet normal 2.83156388e-01 9.54607203e-01 -9.24529467e-02
    outer loop
      vertex 1.17995349e+02 2.12446491e+01 2.27500000e+02
      vertex 1.18016483e+02 2.29332415e+01 2.45000000e+02
      vertex 1.20585632e+02 2.21711782e+01 2.45000000e+02
    endloop
  endfacet
  facet normal 2.73475221e-01 9.57486133e-01 -9.18237917e-02
    outer loop
      vertex 1.15325323e+02 2.20299839e+01 2.27500000e+02
      vertex 1.12649200e+02 2.27943326e+01 2.27500000e+02
      vertex 1.15441411e+02 2.36750930e+01 2.45000000e+02
    endloop
  endfacet
  facet normal 2.75662339e-01 9.56862978e-01 -9.17797197e-02
    outer loop
      vertex 1.15325323e+02 2.20299839e+01 2.27500000e+02
      vertex 1.15441411e+02 2.36750930e+01 2.45000000e+02
      vertex 1.18016483e+02 2.29332415e+01 2.45000000e+02
    endloop
  endfacet
  facet normal 2.55570649e-01 9.62631306e-01 -8.95802027e-02
    outer loop
      vertex 1.12649200e+02 2.27943326e+01 2.27500000e+02
      vertex 1.09959212e+02 2.35085021e+01 2.27500000e+02
      vertex 1.12852906e+02 2.43687592e+01 2.45000000e+02
    endloop
  endfacet
  facet normal 2.57806297e-01 9.62037529e-01 -8.95528060e-02
    outer loop
      vertex 1.12649200e+02 2.27943326e+01 2.27500000e+02
      vertex 1.12852906e+02 2.43687592e+01 2.45000000e+02
      vertex 1.15441411e+02 2.36750930e+01 2.45000000e+02
    endloop
  endfacet
  facet normal 2.31659951e-01 9.68962163e-01 -8.62901696e-02
    outer loop
      vertex 1.09959212e+02 2.35085021e+01 2.27500000e+02
      vertex 1.07252696e+02 2.41555774e+01 2.27500000e+02
      vertex 1.10248327e+02 2.49978293e+01 2.45000000e+02
    endloop
  endfacet
  facet normal 2.33898539e-01 9.68425003e-01 -8.62814383e-02
    outer loop
      vertex 1.09959212e+02 2.35085021e+01 2.27500000e+02
      vertex 1.10248327e+02 2.49978293e+01 2.45000000e+02
      vertex 1.12852906e+02 2.43687592e+01 2.45000000e+02
    endloop
  endfacet
  facet normal 2.00862029e-01 9.76204557e-01 -8.17258093e-02
    outer loop
      vertex 1.07252696e+02 2.41555774e+01 2.27500000e+02
      vertex 1.04527723e+02 2.47162628e+01 2.27500000e+02
      vertex 1.07625806e+02 2.55438704e+01 2.45000000e+02
    endloop
  endfacet
  facet normal 2.03158641e-01 9.75728257e-01 -8.17369891e-02
    outer loop
      vertex 1.07252696e+02 2.41555774e+01 2.27500000e+02
      vertex 1.07625806e+02 2.55438704e+01 2.45000000e+02
      vertex 1.10248327e+02 2.49978293e+01 2.45000000e+02
    endloop
  endfacet
  facet normal 1.60816586e-01 9.84101288e-01 -7.53835627e-02
    outer loop
      vertex 1.04527723e+02 2.47162628e+01 2.27500000e+02
      vertex 1.01781148e+02 2.51650934e+01 2.27500000e+02
      vertex 1.04982278e+02 2.59825067e+01 2.45000000e+02
    endloop
  endfacet
  facet normal 1.63224123e-01 9.83702256e-01 -7.54172248e-02
    outer loop
      vertex 1.04527723e+02 2.47162628e+01 2.27500000e+02
      vertex 1.04982278e+02 2.59825067e+01 2.45000000e+02
      vertex 1.07625806e+02 2.55438704e+01 2.45000000e+02
    endloop
  endfacet
  facet normal 9.78926691e-02 9.93092359e-01 -6.46884258e-02
    outer loop
      vertex 1.01781148e+02 2.51650934e+01 2.27500000e+02
      vertex 9.90113848e+01 2.54381189e+01 2.27500000e+02
      vertex 1.02316045e+02 2.62522883e+01 2.45000000e+02
    endloop
  endfacet
  facet normal 1.00459244e-01 9.92831953e-01 -6.47506967e-02
    outer loop
      vertex 1.01781148e+02 2.51650934e+01 2.27500000e+02
      vertex 1.02316045e+02 2.62522883e+01 2.45000000e+02
      vertex 1.04982278e+02 2.59825067e+01 2.45000000e+02
    endloop
  endfacet
  facet normal 6.14529948e-02 9.96401987e-01 -5.83661656e-02
    outer loop
      vertex 9.90113848e+01 2.54381189e+01 2.27500000e+02
      vertex 9.62342129e+01 2.56094007e+01 2.27500000e+02
      vertex 9.96424336e+01 2.64242952e+01 2.45000000e+02
    endloop
  endfacet
  facet normal 6.40925416e-02 9.96230669e-01 -5.84516932e-02
    outer loop
      vertex 9.90113848e+01 2.54381189e+01 2.27500000e+02
      vertex 9.96424336e+01 2.64242952e+01 2.45000000e+02
      vertex 1.02316045e+02 2.62522883e+01 2.45000000e+02
    endloop
  endfacet
  facet normal 3.01310556e-02 9.98152517e-01 -5.27605115e-02
    outer loop
      vertex 9.62342129e+01 2.56094007e+01 2.27500000e+02
      vertex 9.34528938e+01 2.56933599e+01 2.27500000e+02
      vertex 9.69646118e+01 2.65123701e+01 2.45000000e+02
    endloop
  endfacet
  facet normal 3.28267719e-02 9.98061792e-01 -5.28683416e-02
    outer loop
      vertex 9.62342129e+01 2.56094007e+01 2.27500000e+02
      vertex 9.69646118e+01 2.65123701e+01 2.45000000e+02
      vertex 9.96424336e+01 2.64242952e+01 2.45000000e+02
    endloop
  endfacet
  facet normal 1.06406583e-03 9.98876355e-01 -4.73803272e-02
    outer loop
      vertex 9.34528938e+01 2.56933599e+01 2.27500000e+02
      vertex 9.06698940e+01 2.56963245e+01 2.27500000e+02
      vertex 9.42849610e+01 2.65225619e+01 2.45000000e+02
    endloop
  endfacet
  facet normal 3.79908075e-03 9.98863549e-01 -4.75097613e-02
    outer loop
      vertex 9.34528938e+01 2.56933599e+01 2.27500000e+02
      vertex 9.42849610e+01 2.65225619e+01 2.45000000e+02
      vertex 9.69646118e+01 2.65123701e+01 2.45000000e+02
    endloop
  endfacet
  facet normal -3.51968523e-02 9.98567514e-01 -4.03001473e-02
    outer loop
      vertex 9.06698940e+01 2.56963245e+01 2.27500000e+02
      vertex 8.78884370e+01 2.55982855e+01 2.27500000e+02
      vertex 9.16065275e+01 2.64356026e+01 2.45000000e+02
    endloop
  endfacet
  facet normal -3.24228261e-02 9.98655281e-01 -4.04523262e-02
    outer loop
      vertex 9.06698940e+01 2.56963245e+01 2.27500000e+02
      vertex 9.16065275e+01 2.64356026e+01 2.45000000e+02
      vertex 9.42849610e+01 2.65225619e+01 2.45000000e+02
    endloop
  endfacet
  facet normal -6.67901293e-02 9.97189209e-01 -3.39523064e-02
    outer loop
      vertex 8.78884370e+01 2.55982855e+01 2.27500000e+02
      vertex 8.51118132e+01 2.54123117e+01 2.27500000e+02
      vertex 8.89325070e+01 2.62640558e+01 2.45000000e+02
    endloop
  endfacet
  facet normal -6.39842481e-02 9.97367234e-01 -3.41264813e-02
    outer loop
      vertex 8.78884370e+01 2.55982855e+01 2.27500000e+02
      vertex 8.89325070e+01 2.62640558e+01 2.45000000e+02
      vertex 9.16065275e+01 2.64356026e+01 2.45000000e+02
    endloop
  endfacet
  facet normal -9.63562704e-02 9.94957973e-01 -2.78226751e-02
    outer loop
      vertex 8.51118132e+01 2.54123117e+01 2.27500000e+02
      vertex 8.23421342e+01 2.51440834e+01 2.27500000e+02
      vertex 8.62649434e+01 2.60133503e+01 2.45000000e+02
    endloop
  endfacet
  facet normal -9.35338734e-02 9.95221796e-01 -2.80177128e-02
    outer loop
      vertex 8.51118132e+01 2.54123117e+01 2.27500000e+02
      vertex 8.62649434e+01 2.60133503e+01 2.45000000e+02
      vertex 8.89325070e+01 2.62640558e+01 2.45000000e+02
    endloop
  endfacet
  facet normal -1.28442694e-01 9.91496801e-01 -2.08942310e-02
    outer loop
      vertex 8.23421342e+01 2.51440834e+01 2.27500000e+02
      vertex 7.95825613e+01 2.47865966e+01 2.27500000e+02
      vertex 8.36068631e+01 2.56767066e+01 2.45000000e+02
    endloop
  endfacet
  facet normal -1.25617523e-01 9.91854141e-01 -2.11092826e-02
    outer loop
      vertex 8.23421342e+01 2.51440834e+01 2.27500000e+02
      vertex 8.36068631e+01 2.56767066e+01 2.45000000e+02
      vertex 8.62649434e+01 2.60133503e+01 2.45000000e+02
    endloop
  endfacet
  facet normal -1.64574380e-01 9.86282222e-01 -1.27535255e-02
    outer loop
      vertex 7.95825613e+01 2.47865966e+01 2.27500000e+02
      vertex 7.68378098e+01 2.43285981e+01 2.27500000e+02
      vertex 8.09627861e+01 2.52431965e+01 2.45000000e+02
    endloop
  endfacet
  facet normal -1.61781329e-01 9.86741187e-01 -1.29857884e-02
    outer loop
      vertex 7.95825613e+01 2.47865966e+01 2.27500000e+02
      vertex 8.09627861e+01 2.52431965e+01 2.45000000e+02
      vertex 8.36068631e+01 2.56767066e+01 2.45000000e+02
    endloop
  endfacet
  facet normal -2.07555707e-01 9.78219681e-01 -2.62377653e-03
    outer loop
      vertex 7.68378098e+01 2.43285981e+01 2.27500000e+02
      vertex 7.41156503e+01 2.37510185e+01 2.27500000e+02
      vertex 7.83401753e+01 2.46943039e+01 2.45000000e+02
    endloop
  endfacet
  facet normal -2.04853021e-01 9.78788545e-01 -2.86768853e-03
    outer loop
      vertex 7.68378098e+01 2.43285981e+01 2.27500000e+02
      vertex 7.83401753e+01 2.46943039e+01 2.45000000e+02
      vertex 8.09627861e+01 2.52431965e+01 2.45000000e+02
    endloop
  endfacet
  facet normal -2.60377107e-01 9.65450799e-01 1.04171453e-02
    outer loop
      vertex 7.41156503e+01 2.37510185e+01 2.27500000e+02
      vertex 7.14289761e+01 2.30264363e+01 2.27500000e+02
      vertex 7.57514519e+01 2.40033620e+01 2.45000000e+02
    endloop
  endfacet
  facet normal -2.57863830e-01 9.66127718e-01 1.01724574e-02
    outer loop
      vertex 7.41156503e+01 2.37510185e+01 2.27500000e+02
      vertex 7.57514519e+01 2.40033620e+01 2.45000000e+02
      vertex 7.83401753e+01 2.46943039e+01 2.45000000e+02
    endloop
  endfacet
  facet normal -3.22869821e-01 9.46070686e-01 2.65581556e-02
    outer loop
      vertex 7.14289761e+01 2.30264363e+01 2.27500000e+02
      vertex 6.87957983e+01 2.21277998e+01 2.27500000e+02
      vertex 7.32139228e+01 2.31443321e+01 2.45000000e+02
    endloop
  endfacet
  facet normal -3.20543389e-01 9.46868222e-01 2.63154938e-02
    outer loop
      vertex 7.14289761e+01 2.30264363e+01 2.27500000e+02
      vertex 7.32139228e+01 2.31443321e+01 2.45000000e+02
      vertex 7.57514519e+01 2.40033620e+01 2.45000000e+02
    endloop
  endfacet
  facet normal -3.94743144e-01 9.17640725e-01 4.59711866e-02
    outer loop
      vertex 6.87957983e+01 2.21277998e+01 2.27500000e+02
      vertex 6.62406804e+01 2.10286602e+01 2.27500000e+02
      vertex 7.07510206e+01 2.20921811e+01 2.45000000e+02
    endloop
  endfacet
  facet normal -3.92442540e-01 9.18639692e-01 4.57161803e-02
    outer loop
      vertex 6.87957983e+01 2.21277998e+01 2.27500000e+02
      vertex 7.07510206e+01 2.20921811e+01 2.45000000e+02
      vertex 7.32139228e+01 2.31443321e+01 2.45000000e+02
    endloop
  endfacet
  facet normal -4.83562804e-01 8.72412431e-01 7.11587314e-02
    outer loop
      vertex 6.62406804e+01 2.10286602e+01 2.27500000e+02
      vertex 6.38086569e+01 1.96806325e+01 2.27500000e+02
      vertex 6.84054290e+01 2.08011464e+01 2.45000000e+02
    endloop
  endfacet
  facet normal -4.80981779e-01 8.73862477e-01 7.08583106e-02
    outer loop
      vertex 6.62406804e+01 2.10286602e+01 2.27500000e+02
      vertex 6.84054290e+01 2.08011464e+01 2.45000000e+02
      vertex 7.07510206e+01 2.20921811e+01 2.45000000e+02
    endloop
  endfacet
  facet normal -6.40975377e-01 7.58252350e-01 1.19180280e-01
    outer loop
      vertex 6.38086569e+01 1.96806325e+01 2.27500000e+02
      vertex 6.16897517e+01 1.78894530e+01 2.27500000e+02
      vertex 6.63579357e+01 1.90850129e+01 2.45000000e+02
    endloop
  endfacet
  facet normal -6.37816267e-01 7.60969111e-01 1.18812549e-01
    outer loop
      vertex 6.38086569e+01 1.96806325e+01 2.27500000e+02
      vertex 6.63579357e+01 1.90850129e+01 2.45000000e+02
      vertex 6.84054290e+01 2.08011464e+01 2.45000000e+02
    endloop
  endfacet
  facet normal -9.65530949e-01 -2.48352694e-02 2.59100744e-01
    outer loop
      vertex 6.16897517e+01 1.78894530e+01 2.27500000e+02
      vertex 6.17479719e+01 1.56260024e+01 2.27500000e+02
      vertex 6.64111005e+01 1.69091776e+01 2.45000000e+02
    endloop
  endfacet
  facet normal -9.65542591e-01 -2.35922848e-02 2.59173512e-01
    outer loop
      vertex 6.16897517e+01 1.78894530e+01 2.27500000e+02
      vertex 6.64111005e+01 1.69091776e+01 2.45000000e+02
      vertex 6.63579357e+01 1.90850129e+01 2.45000000e+02
    endloop
  endfacet
  facet normal -4.18766327e-01 -8.90744276e-01 1.76661819e-01
    outer loop
      vertex 6.17479719e+01 1.56260024e+01 2.27500000e+02
      vertex 6.42595056e+01 1.44452530e+01 2.27500000e+02
      vertex 6.88276198e+01 1.57684267e+01 2.45000000e+02
    endloop
  endfacet
  facet normal -4.20132824e-01 -8.89991884e-01 1.77208513e-01
    outer loop
      vertex 6.17479719e+01 1.56260024e+01 2.27500000e+02
      vertex 6.88276198e+01 1.57684267e+01 2.45000000e+02
      vertex 6.64111005e+01 1.69091776e+01 2.45000000e+02
    endloop
  endfacet
  facet normal -2.92062879e-01 -9.44974039e-01 1.47388399e-01
    outer loop
      vertex 6.42595056e+01 1.44452530e+01 2.27500000e+02
      vertex 6.69173975e+01 1.36237790e+01 2.27500000e+02
      vertex 7.13852621e+01 1.49723870e+01 2.45000000e+02
    endloop
  endfacet
  facet normal -2.93900550e-01 -9.44290260e-01 1.48116076e-01
    outer loop
      vertex 6.42595056e+01 1.44452530e+01 2.27500000e+02
      vertex 7.13852621e+01 1.49723870e+01 2.45000000e+02
      vertex 6.88276198e+01 1.57684267e+01 2.45000000e+02
    endloop
  endfacet
  facet normal -2.34408695e-01 -9.62896380e-01 1.33727805e-01
    outer loop
      vertex 6.69173975e+01 1.36237790e+01 2.27500000e+02
      vertex 6.96209347e+01 1.29656266e+01 2.27500000e+02
      vertex 7.39870697e+01 1.43331429e+01 2.45000000e+02
    endloop
  endfacet
  facet normal -2.36427822e-01 -9.62292326e-01 1.34519009e-01
    outer loop
      vertex 6.69173975e+01 1.36237790e+01 2.27500000e+02
      vertex 7.39870697e+01 1.43331429e+01 2.45000000e+02
      vertex 7.13852621e+01 1.49723870e+01 2.45000000e+02
    endloop
  endfacet
  facet normal -1.93498476e-01 -9.73234134e-01 1.23990565e-01
    outer loop
      vertex 6.96209347e+01 1.29656266e+01 2.27500000e+02
      vertex 7.23502709e+01 1.24229798e+01 2.27500000e+02
      vertex 7.66138991e+01 1.38047945e+01 2.45000000e+02
    endloop
  endfacet
  facet normal -1.95644146e-01 -9.72698701e-01 1.24822295e-01
    outer loop
      vertex 6.96209347e+01 1.29656266e+01 2.27500000e+02
      vertex 7.66138991e+01 1.38047945e+01 2.45000000e+02
      vertex 7.39870697e+01 1.43331429e+01 2.45000000e+02
    endloop
  endfacet
  facet normal -1.61862991e-01 -9.79916970e-01 1.16460736e-01
    outer loop
      vertex 7.23502709e+01 1.24229798e+01 2.27500000e+02
      vertex 7.50959096e+01 1.19694543e+01 2.27500000e+02
      vertex 7.92565822e+01 1.33620253e+01 2.45000000e+02
    endloop
  endfacet
  facet normal -1.64100997e-01 -9.79442308e-01 1.17318487e-01
    outer loop
      vertex 7.23502709e+01 1.24229798e+01 2.27500000e+02
      vertex 7.92565822e+01 1.33620253e+01 2.45000000e+02
      vertex 7.66138991e+01 1.38047945e+01 2.45000000e+02
    endloop
  endfacet
  facet normal -1.35903692e-01 -9.84563076e-01 1.10298392e-01
    outer loop
      vertex 7.50959096e+01 1.19694543e+01 2.27500000e+02
      vertex 7.78526495e+01 1.15889290e+01 2.27500000e+02
      vertex 8.19100917e+01 1.29893477e+01 2.45000000e+02
    endloop
  endfacet
  facet normal -1.38219843e-01 -9.84141878e-01 1.11175712e-01
    outer loop
      vertex 7.50959096e+01 1.19694543e+01 2.27500000e+02
      vertex 8.19100917e+01 1.29893477e+01 2.45000000e+02
      vertex 7.92565822e+01 1.33620253e+01 2.45000000e+02
    endloop
  endfacet
  facet normal -1.13481493e-01 -9.87975925e-01 1.05002488e-01
    outer loop
      vertex 7.78526495e+01 1.15889290e+01 2.27500000e+02
      vertex 8.06174176e+01 1.12713605e+01 2.27500000e+02
      vertex 8.45714542e+01 1.26770968e+01 2.45000000e+02
    endloop
  endfacet
  facet normal -1.15872917e-01 -9.87602755e-01 1.05897427e-01
    outer loop
      vertex 7.78526495e+01 1.15889290e+01 2.27500000e+02
      vertex 8.45714542e+01 1.26770968e+01 2.45000000e+02
      vertex 8.19100917e+01 1.29893477e+01 2.45000000e+02
    endloop
  endfacet
  facet normal -9.33579626e-02 -9.90569258e-01 1.00283773e-01
    outer loop
      vertex 8.06174176e+01 1.12713605e+01 2.27500000e+02
      vertex 8.33882963e+01 1.10102141e+01 2.27500000e+02
      vertex 8.72388159e+01 1.24189893e+01 2.45000000e+02
    endloop
  endfacet
  facet normal -9.58207980e-02 -9.90241447e-01 1.01194127e-01
    outer loop
      vertex 8.06174176e+01 1.12713605e+01 2.27500000e+02
      vertex 8.72388159e+01 1.24189893e+01 2.45000000e+02
      vertex 8.45714542e+01 1.26770968e+01 2.45000000e+02
    endloop
  endfacet
  facet normal -6.56402635e-02 -9.93403095e-01 9.40300280e-02
    outer loop
      vertex 8.33882963e+01 1.10102141e+01 2.27500000e+02
      vertex 8.61654264e+01 1.08267120e+01 2.27500000e+02
      vertex 8.99123787e+01 1.22355808e+01 2.45000000e+02
    endloop
  endfacet
  facet normal -6.81307902e-02 -9.93148760e-01 9.49406992e-02
    outer loop
      vertex 8.33882963e+01 1.10102141e+01 2.27500000e+02
      vertex 8.99123787e+01 1.22355808e+01 2.45000000e+02
      vertex 8.72388159e+01 1.24189893e+01 2.45000000e+02
    endloop
  endfacet
  facet normal -4.44372718e-02 -9.95019913e-01 8.92227605e-02
    outer loop
      vertex 8.61654264e+01 1.08267120e+01 2.27500000e+02
      vertex 8.89455625e+01 1.07025521e+01 2.27500000e+02
      vertex 9.25889677e+01 1.21090519e+01 2.45000000e+02
    endloop
  endfacet
  facet normal -4.70274075e-02 -9.94816492e-01 9.01585884e-02
    outer loop
      vertex 8.61654264e+01 1.08267120e+01 2.27500000e+02
      vertex 9.25889677e+01 1.21090519e+01 2.45000000e+02
      vertex 8.99123787e+01 1.22355808e+01 2.45000000e+02
    endloop
  endfacet
  facet normal -2.24804582e-02 -9.96183863e-01 8.43346911e-02
    outer loop
      vertex 8.89455625e+01 1.07025521e+01 2.27500000e+02
      vertex 9.17275812e+01 1.06397714e+01 2.27500000e+02
      vertex 9.52675216e+01 1.20413978e+01 2.45000000e+02
    endloop
  endfacet
  facet normal -2.51576128e-02 -9.96038448e-01 8.52907011e-02
    outer loop
      vertex 8.89455625e+01 1.07025521e+01 2.27500000e+02
      vertex 9.52675216e+01 1.20413978e+01 2.45000000e+02
      vertex 9.25889677e+01 1.21090519e+01 2.45000000e+02
    endloop
  endfacet
  facet normal 3.61704202e-03 -9.96891517e-01 7.87033754e-02
    outer loop
      vertex 9.17275812e+01 1.06397714e+01 2.27500000e+02
      vertex 9.45107499e+01 1.06498697e+01 2.27500000e+02
      vertex 9.79473676e+01 1.20439426e+01 2.45000000e+02
    endloop
  endfacet
  facet normal 9.46562864e-04 -9.96822683e-01 7.96469843e-02
    outer loop
      vertex 9.17275812e+01 1.06397714e+01 2.27500000e+02
      vertex 9.79473676e+01 1.20439426e+01 2.45000000e+02
      vertex 9.52675216e+01 1.20413978e+01 2.45000000e+02
    endloop
  endfacet
  facet normal 5.31363635e-02 -9.96236443e-01 6.84797535e-02
    outer loop
      vertex 9.45107499e+01 1.06498697e+01 2.27500000e+02
      vertex 9.72897439e+01 1.07980931e+01 2.27500000e+02
      vertex 1.00623577e+02 1.21788331e+01 2.45000000e+02
    endloop
  endfacet
  facet normal 5.02179239e-02 -9.96316741e-01 6.95061929e-02
    outer loop
      vertex 9.45107499e+01 1.06498697e+01 2.27500000e+02
      vertex 1.00623577e+02 1.21788331e+01 2.45000000e+02
      vertex 9.79473676e+01 1.20439426e+01 2.45000000e+02
    endloop
  endfacet
  facet normal 8.06540976e-02 -9.94770222e-01 6.26667506e-02
    outer loop
      vertex 9.72897439e+01 1.07980931e+01 2.27500000e+02
      vertex 1.00063065e+02 1.10229488e+01 2.27500000e+02
      vertex 1.03294561e+02 1.23873860e+01 2.45000000e+02
    endloop
  endfacet
  facet normal 7.76859092e-02 -9.94940761e-01 6.37007199e-02
    outer loop
      vertex 9.72897439e+01 1.07980931e+01 2.27500000e+02
      vertex 1.03294561e+02 1.23873860e+01 2.45000000e+02
      vertex 1.00623577e+02 1.21788331e+01 2.45000000e+02
    endloop
  endfacet
  facet normal 1.04010192e-01 -9.92897837e-01 5.77560818e-02
    outer loop
      vertex 1.00063065e+02 1.10229488e+01 2.27500000e+02
      vertex 1.02831059e+02 1.13129077e+01 2.27500000e+02
      vertex 1.05960596e+02 1.26587009e+01 2.45000000e+02
    endloop
  endfacet
  facet normal 1.01069280e-01 -9.93142028e-01 5.87699994e-02
    outer loop
      vertex 1.00063065e+02 1.10229488e+01 2.27500000e+02
      vertex 1.05960596e+02 1.26587009e+01 2.45000000e+02
      vertex 1.03294561e+02 1.23873860e+01 2.45000000e+02
    endloop
  endfacet
  facet normal 1.24422575e-01 -9.90786230e-01 5.34945751e-02
    outer loop
      vertex 1.02831059e+02 1.13129077e+01 2.27500000e+02
      vertex 1.05592545e+02 1.16596941e+01 2.27500000e+02
      vertex 1.08620517e+02 1.29848065e+01 2.45000000e+02
    endloop
  endfacet
  facet normal 1.21507832e-01 -9.91093779e-01 5.44882307e-02
    outer loop
      vertex 1.02831059e+02 1.13129077e+01 2.27500000e+02
      vertex 1.08620517e+02 1.29848065e+01 2.45000000e+02
      vertex 1.05960596e+02 1.26587009e+01 2.45000000e+02
    endloop
  endfacet
  facet normal 1.27374325e-01 -9.90463912e-01 5.25073345e-02
    outer loop
      vertex 1.05592545e+02 1.16596941e+01 2.27500000e+02
      vertex 1.08352974e+02 1.20146872e+01 2.27500000e+02
      vertex 1.11279451e+02 1.33187593e+01 2.45000000e+02
    endloop
  endfacet
  facet normal 1.24439020e-01 -9.90784326e-01 5.34915856e-02
    outer loop
      vertex 1.05592545e+02 1.16596941e+01 2.27500000e+02
      vertex 1.11279451e+02 1.33187593e+01 2.45000000e+02
      vertex 1.08620517e+02 1.29848065e+01 2.45000000e+02
    endloop
  endfacet
  facet normal 1.29919715e-01 -9.90180341e-01 5.16116232e-02
    outer loop
      vertex 1.08352974e+02 1.20146872e+01 2.27500000e+02
      vertex 1.11112497e+02 1.23767590e+01 2.27500000e+02
      vertex 1.13937526e+02 1.36595863e+01 2.45000000e+02
    endloop
  endfacet
  facet normal 1.27006128e-01 -9.90507754e-01 5.25721741e-02
    outer loop
      vertex 1.08352974e+02 1.20146872e+01 2.27500000e+02
      vertex 1.13937526e+02 1.36595863e+01 2.45000000e+02
      vertex 1.11279451e+02 1.33187593e+01 2.45000000e+02
    endloop
  endfacet
  facet normal 1.26184572e-01 -9.90653273e-01 5.18029635e-02
    outer loop
      vertex 1.11112497e+02 1.23767590e+01 2.27500000e+02
      vertex 1.13873366e+02 1.27284250e+01 2.27500000e+02
      vertex 1.16596861e+02 1.39904356e+01 2.45000000e+02
    endloop
  endfacet
  facet normal 1.23286934e-01 -9.90968622e-01 5.27401390e-02
    outer loop
      vertex 1.11112497e+02 1.23767590e+01 2.27500000e+02
      vertex 1.16596861e+02 1.39904356e+01 2.45000000e+02
      vertex 1.13937526e+02 1.36595863e+01 2.45000000e+02
    endloop
  endfacet
  facet normal 1.21270141e-01 -9.91247581e-01 5.21707332e-02
    outer loop
      vertex 1.13873366e+02 1.27284250e+01 2.27500000e+02
      vertex 1.16635905e+02 1.30663965e+01 2.27500000e+02
      vertex 1.19257753e+02 1.43082051e+01 2.45000000e+02
    endloop
  endfacet
  facet normal 1.18412453e-01 -9.91544927e-01 5.30768267e-02
    outer loop
      vertex 1.13873366e+02 1.27284250e+01 2.27500000e+02
      vertex 1.19257753e+02 1.43082051e+01 2.45000000e+02
      vertex 1.16596861e+02 1.39904356e+01 2.45000000e+02
    endloop
  endfacet
  facet normal 1.14970553e-01 -9.91968765e-01 5.27232506e-02
    outer loop
      vertex 1.16635905e+02 1.30663965e+01 2.27500000e+02
      vertex 1.19400575e+02 1.33868257e+01 2.27500000e+02
      vertex 1.21920654e+02 1.46090332e+01 2.45000000e+02
    endloop
  endfacet
  facet normal 1.12094563e-01 -9.92250006e-01 5.36165501e-02
    outer loop
      vertex 1.16635905e+02 1.30663965e+01 2.27500000e+02
      vertex 1.21920654e+02 1.46090332e+01 2.45000000e+02
      vertex 1.19257753e+02 1.43082051e+01 2.45000000e+02
    endloop
  endfacet
  facet normal 9.91220718e-02 -9.93571487e-01 5.46856027e-02
    outer loop
      vertex 1.19400575e+02 1.33868257e+01 2.27500000e+02
      vertex 1.22169974e+02 1.36631103e+01 2.27500000e+02
      vertex 1.24587965e+02 1.48675273e+01 2.45000000e+02
    endloop
  endfacet
  facet normal 9.63110452e-02 -9.93800627e-01 5.55382414e-02
    outer loop
      vertex 1.19400575e+02 1.33868257e+01 2.27500000e+02
      vertex 1.24587965e+02 1.48675273e+01 2.45000000e+02
      vertex 1.21920654e+02 1.46090332e+01 2.45000000e+02
    endloop
  endfacet
  facet normal 8.79309174e-02 -9.94558388e-01 5.58727718e-02
    outer loop
      vertex 1.22169974e+02 1.36631103e+01 2.27500000e+02
      vertex 1.24942178e+02 1.39082065e+01 2.27500000e+02
      vertex 1.27257887e+02 1.50960663e+01 2.45000000e+02
    endloop
  endfacet
  facet normal 8.51485766e-02 -9.94753784e-01 5.66977033e-02
    outer loop
      vertex 1.22169974e+02 1.36631103e+01 2.27500000e+02
      vertex 1.27257887e+02 1.50960663e+01 2.45000000e+02
      vertex 1.24587965e+02 1.48675273e+01 2.45000000e+02
    endloop
  endfacet
  facet normal 7.42306530e-02 -9.95591601e-01 5.73338811e-02
    outer loop
      vertex 1.24942178e+02 1.39082065e+01 2.27500000e+02
      vertex 1.27717612e+02 1.41151410e+01 2.27500000e+02
      vertex 1.29930811e+02 1.52879413e+01 2.45000000e+02
    endloop
  endfacet
  facet normal 7.14793743e-02 -9.95746732e-01 5.81304044e-02
    outer loop
      vertex 1.24942178e+02 1.39082065e+01 2.27500000e+02
      vertex 1.29930811e+02 1.52879413e+01 2.45000000e+02
      vertex 1.27257887e+02 1.50960663e+01 2.45000000e+02
    endloop
  endfacet
  facet normal 4.86924691e-02 -9.96995970e-01 6.02335395e-02
    outer loop
      vertex 1.27717612e+02 1.41151410e+01 2.27500000e+02
      vertex 1.30497483e+02 1.42509076e+01 2.27500000e+02
      vertex 1.32607818e+02 1.54112376e+01 2.45000000e+02
    endloop
  endfacet
  facet normal 4.59230535e-02 -9.97079941e-01 6.10136450e-02
    outer loop
      vertex 1.27717612e+02 1.41151410e+01 2.27500000e+02
      vertex 1.32607818e+02 1.54112376e+01 2.45000000e+02
      vertex 1.29930811e+02 1.52879413e+01 2.45000000e+02
    endloop
  endfacet
  facet normal 2.52186207e-02 -9.97713564e-01 6.27029982e-02
    outer loop
      vertex 1.30497483e+02 1.42509076e+01 2.27500000e+02
      vertex 1.33279560e+02 1.43212286e+01 2.27500000e+02
      vertex 1.35286768e+02 1.54717807e+01 2.45000000e+02
    endloop
  endfacet
  facet normal 2.25482722e-02 -9.97731212e-01 6.34350328e-02
    outer loop
      vertex 1.30497483e+02 1.42509076e+01 2.27500000e+02
      vertex 1.35286768e+02 1.54717807e+01 2.45000000e+02
      vertex 1.32607818e+02 1.54112376e+01 2.45000000e+02
    endloop
  endfacet
  facet normal -3.88226151e-03 -9.97835404e-01 6.56462851e-02
    outer loop
      vertex 1.33279560e+02 1.43212286e+01 2.27500000e+02
      vertex 1.36062342e+02 1.43104016e+01 2.27500000e+02
      vertex 1.37966189e+02 1.54542965e+01 2.45000000e+02
    endloop
  endfacet
  facet normal -6.51086101e-03 -9.97775410e-01 6.63463591e-02
    outer loop
      vertex 1.33279560e+02 1.43212286e+01 2.27500000e+02
      vertex 1.37966189e+02 1.54542965e+01 2.45000000e+02
      vertex 1.35286768e+02 1.54717807e+01 2.45000000e+02
    endloop
  endfacet
  facet normal -4.28993532e-02 -9.96664435e-01 6.94236942e-02
    outer loop
      vertex 1.36062342e+02 1.43104016e+01 2.27500000e+02
      vertex 1.38842486e+02 1.41907361e+01 2.27500000e+02
      vertex 1.40642804e+02 1.53322258e+01 2.45000000e+02
    endloop
  endfacet
  facet normal -4.54469876e-02 -9.96505490e-01 7.00812329e-02
    outer loop
      vertex 1.36062342e+02 1.43104016e+01 2.27500000e+02
      vertex 1.40642804e+02 1.53322258e+01 2.45000000e+02
      vertex 1.37966189e+02 1.54542965e+01 2.45000000e+02
    endloop
  endfacet
  facet normal -1.12413567e-01 -9.90768111e-01 7.57742770e-02
    outer loop
      vertex 1.38842486e+02 1.41907361e+01 2.27500000e+02
      vertex 1.41923261e+02 1.38411882e+01 2.27500000e+02
      vertex 1.43608263e+02 1.49884120e+01 2.45000000e+02
    endloop
  endfacet
  facet normal -1.14831261e-01 -9.90441367e-01 7.64177945e-02
    outer loop
      vertex 1.38842486e+02 1.41907361e+01 2.27500000e+02
      vertex 1.43608263e+02 1.49884120e+01 2.45000000e+02
      vertex 1.40642804e+02 1.53322258e+01 2.45000000e+02
    endloop
  endfacet
  facet normal 3.17875387e-01 9.43516084e-01 -9.34485813e-02
    outer loop
      vertex 1.43608263e+02 1.49884120e+01 2.45000000e+02
      vertex 1.41068966e+02 1.58439141e+01 2.45000000e+02
      vertex 1.42853887e+02 1.69758163e+01 2.62500000e+02
    endloop
  endfacet
  facet normal 3.20150948e-01 9.42764543e-01 -9.32651388e-02
    outer loop
      vertex 1.43608263e+02 1.49884120e+01 2.45000000e+02
      vertex 1.42853887e+02 1.69758163e+01 2.62500000e+02
      vertex 1.45293296e+02 1.61474235e+01 2.62500000e+02
    endloop
  endfacet
  facet normal 3.05341677e-01 9.47711073e-01 -9.27910640e-02
    outer loop
      vertex 1.41068966e+02 1.58439141e+01 2.45000000e+02
      vertex 1.38518366e+02 1.66656882e+01 2.45000000e+02
      vertex 1.40403514e+02 1.77717526e+01 2.62500000e+02
    endloop
  endfacet
  facet normal 3.07605327e-01 9.46994915e-01 -9.26260932e-02
    outer loop
      vertex 1.41068966e+02 1.58439141e+01 2.45000000e+02
      vertex 1.40403514e+02 1.77717526e+01 2.62500000e+02
      vertex 1.42853887e+02 1.69758163e+01 2.62500000e+02
    endloop
  endfacet
  facet normal 2.91509299e-01 9.52140281e-01 -9.19304849e-02
    outer loop
      vertex 1.38518366e+02 1.66656882e+01 2.45000000e+02
      vertex 1.35955939e+02 1.74502064e+01 2.45000000e+02
      vertex 1.37941684e+02 1.85318960e+01 2.62500000e+02
    endloop
  endfacet
  facet normal 2.93782604e-01 9.51455592e-01 -9.17825565e-02
    outer loop
      vertex 1.38518366e+02 1.66656882e+01 2.45000000e+02
      vertex 1.37941684e+02 1.85318960e+01 2.62500000e+02
      vertex 1.40403514e+02 1.77717526e+01 2.62500000e+02
    endloop
  endfacet
  facet normal 2.90655444e-01 9.52375502e-01 -9.21971605e-02
    outer loop
      vertex 1.35955939e+02 1.74502064e+01 2.45000000e+02
      vertex 1.33392808e+02 1.82324483e+01 2.45000000e+02
      vertex 1.35479170e+02 1.92898441e+01 2.62500000e+02
    endloop
  endfacet
  facet normal 2.92925625e-01 9.51692642e-01 -9.20635281e-02
    outer loop
      vertex 1.35955939e+02 1.74502064e+01 2.45000000e+02
      vertex 1.35479170e+02 1.92898441e+01 2.62500000e+02
      vertex 1.37941684e+02 1.85318960e+01 2.62500000e+02
    endloop
  endfacet
  facet normal 2.92466999e-01 9.51769674e-01 -9.27229310e-02
    outer loop
      vertex 1.33392808e+02 1.82324483e+01 2.45000000e+02
      vertex 1.30831183e+02 1.90196038e+01 2.45000000e+02
      vertex 1.33018101e+02 2.00524691e+01 2.62500000e+02
    endloop
  endfacet
  facet normal 2.94718475e-01 9.51086526e-01 -9.26036746e-02
    outer loop
      vertex 1.33392808e+02 1.82324483e+01 2.45000000e+02
      vertex 1.33018101e+02 2.00524691e+01 2.62500000e+02
      vertex 1.35479170e+02 1.92898441e+01 2.62500000e+02
    endloop
  endfacet
  facet normal 2.93896179e-01 9.51281151e-01 -9.32159220e-02
    outer loop
      vertex 1.30831183e+02 1.90196038e+01 2.45000000e+02
      vertex 1.28270755e+02 1.98106423e+01 2.45000000e+02
      vertex 1.30558176e+02 2.08187716e+01 2.62500000e+02
    endloop
  endfacet
  facet normal 2.96125630e-01 9.50599777e-01 -9.31110899e-02
    outer loop
      vertex 1.30831183e+02 1.90196038e+01 2.45000000e+02
      vertex 1.30558176e+02 2.08187716e+01 2.62500000e+02
      vertex 1.33018101e+02 2.00524691e+01 2.62500000e+02
    endloop
  endfacet
  facet normal 2.94480705e-01 9.51060715e-01 -9.36196089e-02
    outer loop
      vertex 1.28270755e+02 1.98106423e+01 2.45000000e+02
      vertex 1.25710824e+02 2.06032839e+01 2.45000000e+02
      vertex 1.28098715e+02 2.15865602e+01 2.62500000e+02
    endloop
  endfacet
  facet normal 2.96688322e-01 9.50383258e-01 -9.35291570e-02
    outer loop
      vertex 1.28270755e+02 1.98106423e+01 2.45000000e+02
      vertex 1.28098715e+02 2.15865602e+01 2.62500000e+02
      vertex 1.30558176e+02 2.08187716e+01 2.62500000e+02
    endloop
  endfacet
  facet normal 2.93352788e-01 9.51389353e-01 -9.38213239e-02
    outer loop
      vertex 1.25710824e+02 2.06032839e+01 2.45000000e+02
      vertex 1.23149960e+02 2.13929044e+01 2.45000000e+02
      vertex 1.25638335e+02 2.23513989e+01 2.62500000e+02
    endloop
  endfacet
  facet normal 2.95542468e-01 9.50718924e-01 -9.37452831e-02
    outer loop
      vertex 1.25710824e+02 2.06032839e+01 2.45000000e+02
      vertex 1.25638335e+02 2.23513989e+01 2.62500000e+02
      vertex 1.28098715e+02 2.15865602e+01 2.62500000e+02
    endloop
  endfacet
  facet normal 2.89143264e-01 9.52695852e-01 -9.36311181e-02
    outer loop
      vertex 1.23149960e+02 2.13929044e+01 2.45000000e+02
      vertex 1.20585632e+02 2.21711782e+01 2.45000000e+02
      vertex 1.23174597e+02 2.31053301e+01 2.62500000e+02
    endloop
  endfacet
  facet normal 2.91333188e-01 9.52034519e-01 -9.35694877e-02
    outer loop
      vertex 1.23149960e+02 2.13929044e+01 2.45000000e+02
      vertex 1.23174597e+02 2.31053301e+01 2.62500000e+02
      vertex 1.25638335e+02 2.23513989e+01 2.62500000e+02
    endloop
  endfacet
  facet normal 2.83137196e-01 9.54542499e-01 -9.31769609e-02
    outer loop
      vertex 1.20585632e+02 2.21711782e+01 2.45000000e+02
      vertex 1.18016483e+02 2.29332415e+01 2.45000000e+02
      vertex 1.20706184e+02 2.38436696e+01 2.62500000e+02
    endloop
  endfacet
  facet normal 2.85324446e-01 9.53895553e-01 -9.31301989e-02
    outer loop
      vertex 1.20585632e+02 2.21711782e+01 2.45000000e+02
      vertex 1.20706184e+02 2.38436696e+01 2.62500000e+02
      vertex 1.23174597e+02 2.31053301e+01 2.62500000e+02
    endloop
  endfacet
  facet normal 2.75644463e-01 9.56800929e-01 -9.24776306e-02
    outer loop
      vertex 1.18016483e+02 2.29332415e+01 2.45000000e+02
      vertex 1.15441411e+02 2.36750930e+01 2.45000000e+02
      vertex 1.18232027e+02 2.45625719e+01 2.62500000e+02
    endloop
  endfacet
  facet normal 2.77829645e-01 9.56171758e-01 -9.24459664e-02
    outer loop
      vertex 1.18016483e+02 2.29332415e+01 2.45000000e+02
      vertex 1.18232027e+02 2.45625719e+01 2.62500000e+02
      vertex 1.20706184e+02 2.38436696e+01 2.62500000e+02
    endloop
  endfacet
  facet normal 2.57790391e-01 9.61978172e-01 -9.02336426e-02
    outer loop
      vertex 1.15441411e+02 2.36750930e+01 2.45000000e+02
      vertex 1.12852906e+02 2.43687592e+01 2.45000000e+02
      vertex 1.15744875e+02 2.52352725e+01 2.62500000e+02
    endloop
  endfacet
  facet normal 2.60024173e-01 9.61378168e-01 -9.02188859e-02
    outer loop
      vertex 1.15441411e+02 2.36750930e+01 2.45000000e+02
      vertex 1.15744875e+02 2.52352725e+01 2.62500000e+02
      vertex 1.18232027e+02 2.45625719e+01 2.62500000e+02
    endloop
  endfacet
  facet normal 2.33885128e-01 9.68369477e-01 -8.69385029e-02
    outer loop
      vertex 1.12852906e+02 2.43687592e+01 2.45000000e+02
      vertex 1.10248327e+02 2.49978293e+01 2.45000000e+02
      vertex 1.13242116e+02 2.58458745e+01 2.62500000e+02
    endloop
  endfacet
  facet normal 2.36122024e-01 9.67826126e-01 -8.69423904e-02
    outer loop
      vertex 1.12852906e+02 2.43687592e+01 2.45000000e+02
      vertex 1.13242116e+02 2.58458745e+01 2.62500000e+02
      vertex 1.15744875e+02 2.52352725e+01 2.62500000e+02
    endloop
  endfacet
  facet normal 2.03147859e-01 9.75676472e-01 -8.23794215e-02
    outer loop
      vertex 1.10248327e+02 2.49978293e+01 2.45000000e+02
      vertex 1.07625806e+02 2.55438704e+01 2.45000000e+02
      vertex 1.10721944e+02 2.63767962e+01 2.62500000e+02
    endloop
  endfacet
  facet normal 2.05442950e-01 9.75193754e-01 -8.24034981e-02
    outer loop
      vertex 1.10248327e+02 2.49978293e+01 2.45000000e+02
      vertex 1.10721944e+02 2.63767962e+01 2.62500000e+02
      vertex 1.13242116e+02 2.58458745e+01 2.62500000e+02
    endloop
  endfacet
  facet normal 1.63216211e-01 9.83654572e-01 -7.60536037e-02
    outer loop
      vertex 1.07625806e+02 2.55438704e+01 2.45000000e+02
      vertex 1.04982278e+02 2.59825067e+01 2.45000000e+02
      vertex 1.08181376e+02 2.68047399e+01 2.62500000e+02
    endloop
  endfacet
  facet normal 1.65622435e-01 9.83248639e-01 -7.61007462e-02
    outer loop
      vertex 1.07625806e+02 2.55438704e+01 2.45000000e+02
      vertex 1.08181376e+02 2.68047399e+01 2.62500000e+02
      vertex 1.10721944e+02 2.63767962e+01 2.62500000e+02
    endloop
  endfacet
  facet normal 1.00455050e-01 9.92790506e-01 -6.53895626e-02
    outer loop
      vertex 1.04982278e+02 2.59825067e+01 2.45000000e+02
      vertex 1.02316045e+02 2.62522883e+01 2.45000000e+02
      vertex 1.05618617e+02 2.70707463e+01 2.62500000e+02
    endloop
  endfacet
  facet normal 1.03020718e-01 9.92522498e-01 -6.54661898e-02
    outer loop
      vertex 1.04982278e+02 2.59825067e+01 2.45000000e+02
      vertex 1.05618617e+02 2.70707463e+01 2.62500000e+02
      vertex 1.08181376e+02 2.68047399e+01 2.62500000e+02
    endloop
  endfacet
  facet normal 6.40901846e-02 9.96194033e-01 -5.90753445e-02
    outer loop
      vertex 1.02316045e+02 2.62522883e+01 2.45000000e+02
      vertex 9.96424336e+01 2.64242952e+01 2.45000000e+02
      vertex 1.03048530e+02 2.72429321e+01 2.62500000e+02
    endloop
  endfacet
  facet normal 6.67291013e-02 9.96014794e-01 -5.91756532e-02
    outer loop
      vertex 1.02316045e+02 2.62522883e+01 2.45000000e+02
      vertex 1.03048530e+02 2.72429321e+01 2.62500000e+02
      vertex 1.05618617e+02 2.70707463e+01 2.62500000e+02
    endloop
  endfacet
  facet normal 3.28257134e-02 9.98029609e-01 -5.34730977e-02
    outer loop
      vertex 9.96424336e+01 2.64242952e+01 2.45000000e+02
      vertex 9.69646118e+01 2.65123701e+01 2.45000000e+02
      vertex 1.00474186e+02 2.73345651e+01 2.62500000e+02
    endloop
  endfacet
  facet normal 3.55210568e-02 9.97930717e-01 -5.35960601e-02
    outer loop
      vertex 9.96424336e+01 2.64242952e+01 2.45000000e+02
      vertex 1.00474186e+02 2.73345651e+01 2.62500000e+02
      vertex 1.03048530e+02 2.72429321e+01 2.62500000e+02
    endloop
  endfacet
  facet normal 3.79897470e-03 9.98835667e-01 -4.80923837e-02
    outer loop
      vertex 9.69646118e+01 2.65123701e+01 2.45000000e+02
      vertex 9.42849610e+01 2.65225619e+01 2.45000000e+02
      vertex 9.78978827e+01 2.73514183e+01 2.62500000e+02
    endloop
  endfacet
  facet normal 6.53386868e-03 9.98814537e-01 -4.82372218e-02
    outer loop
      vertex 9.69646118e+01 2.65123701e+01 2.45000000e+02
      vertex 9.78978827e+01 2.73514183e+01 2.62500000e+02
      vertex 1.00474186e+02 2.73345651e+01 2.62500000e+02
    endloop
  endfacet
  facet normal -3.24220838e-02 9.98632418e-01 -4.10134397e-02
    outer loop
      vertex 9.42849610e+01 2.65225619e+01 2.45000000e+02
      vertex 9.16065275e+01 2.64356026e+01 2.45000000e+02
      vertex 9.53224920e+01 2.72749650e+01 2.62500000e+02
    endloop
  endfacet
  facet normal -2.96478519e-02 9.98711722e-01 -4.11813266e-02
    outer loop
      vertex 9.42849610e+01 2.65225619e+01 2.45000000e+02
      vertex 9.53224920e+01 2.72749650e+01 2.62500000e+02
      vertex 9.78978827e+01 2.73514183e+01 2.62500000e+02
    endloop
  endfacet
  facet normal -6.39830636e-02 9.97348770e-01 -3.46640720e-02
    outer loop
      vertex 9.16065275e+01 2.64356026e+01 2.45000000e+02
      vertex 8.89325070e+01 2.62640558e+01 2.45000000e+02
      vertex 9.27511132e+01 2.71172652e+01 2.62500000e+02
    endloop
  endfacet
  facet normal -6.11766820e-02 9.97518219e-01 -3.48542235e-02
    outer loop
      vertex 9.16065275e+01 2.64356026e+01 2.45000000e+02
      vertex 9.27511132e+01 2.71172652e+01 2.62500000e+02
      vertex 9.53224920e+01 2.72749650e+01 2.62500000e+02
    endloop
  endfacet
  facet normal -9.35325200e-02 9.95207395e-01 -2.85290679e-02
    outer loop
      vertex 8.89325070e+01 2.62640558e+01 2.45000000e+02
      vertex 8.62649434e+01 2.60133503e+01 2.45000000e+02
      vertex 9.01857215e+01 2.68834995e+01 2.62500000e+02
    endloop
  endfacet
  facet normal -9.07093460e-02 9.95462612e-01 -2.87402756e-02
    outer loop
      vertex 8.89325070e+01 2.62640558e+01 2.45000000e+02
      vertex 9.01857215e+01 2.68834995e+01 2.62500000e+02
      vertex 9.27511132e+01 2.71172652e+01 2.62500000e+02
    endloop
  endfacet
  facet normal -1.25616225e-01 9.91843896e-01 -2.15928299e-02
    outer loop
      vertex 8.62649434e+01 2.60133503e+01 2.45000000e+02
      vertex 8.36068631e+01 2.56767066e+01 2.45000000e+02
      vertex 8.76292094e+01 2.65671153e+01 2.62500000e+02
    endloop
  endfacet
  facet normal -1.22789984e-01 9.92192685e-01 -2.18241952e-02
    outer loop
      vertex 8.62649434e+01 2.60133503e+01 2.45000000e+02
      vertex 8.76292094e+01 2.65671153e+01 2.62500000e+02
      vertex 9.01857215e+01 2.68834995e+01 2.62500000e+02
    endloop
  endfacet
  facet normal -1.61780363e-01 9.86735300e-01 -1.34373001e-02
    outer loop
      vertex 8.36068631e+01 2.56767066e+01 2.45000000e+02
      vertex 8.09627861e+01 2.52431965e+01 2.45000000e+02
      vertex 8.50859030e+01 2.61575168e+01 2.62500000e+02
    endloop
  endfacet
  facet normal -1.58985949e-01 9.87185983e-01 -1.36858569e-02
    outer loop
      vertex 8.36068631e+01 2.56767066e+01 2.45000000e+02
      vertex 8.50859030e+01 2.61575168e+01 2.62500000e+02
      vertex 8.76292094e+01 2.65671153e+01 2.62500000e+02
    endloop
  endfacet
  facet normal -2.04852761e-01 9.78787303e-01 -3.28047334e-03
    outer loop
      vertex 8.09627861e+01 2.52431965e+01 2.45000000e+02
      vertex 7.83401753e+01 2.46943039e+01 2.45000000e+02
      vertex 8.25629583e+01 2.56367528e+01 2.62500000e+02
    endloop
  endfacet
  facet normal -2.02148448e-01 9.79348493e-01 -3.54037200e-03
    outer loop
      vertex 8.09627861e+01 2.52431965e+01 2.45000000e+02
      vertex 8.25629583e+01 2.56367528e+01 2.62500000e+02
      vertex 8.50859030e+01 2.61575168e+01 2.62500000e+02
    endloop
  endfacet
  facet normal -2.57864764e-01 9.66131218e-01 9.80986095e-03
    outer loop
      vertex 7.83401753e+01 2.46943039e+01 2.45000000e+02
      vertex 7.57514519e+01 2.40033620e+01 2.45000000e+02
      vertex 8.00723225e+01 2.49789311e+01 2.62500000e+02
    endloop
  endfacet
  facet normal -2.55349720e-01 9.66801592e-01 9.55001905e-03
    outer loop
      vertex 7.83401753e+01 2.46943039e+01 2.45000000e+02
      vertex 8.00723225e+01 2.49789311e+01 2.62500000e+02
      vertex 8.25629583e+01 2.56367528e+01 2.62500000e+02
    endloop
  endfacet
  facet normal -3.20546055e-01 9.46876097e-01 2.59977441e-02
    outer loop
      vertex 7.57514519e+01 2.40033620e+01 2.45000000e+02
      vertex 7.32139228e+01 2.31443321e+01 2.45000000e+02
      vertex 7.76306017e+01 2.41590250e+01 2.62500000e+02
    endloop
  endfacet
  facet normal -3.18217738e-01 9.47668132e-01 2.57406842e-02
    outer loop
      vertex 7.57514519e+01 2.40033620e+01 2.45000000e+02
      vertex 7.76306017e+01 2.41590250e+01 2.62500000e+02
      vertex 8.00723225e+01 2.49789311e+01 2.62500000e+02
    endloop
  endfacet
  facet normal -3.92447993e-01 9.18652455e-01 4.54118994e-02
    outer loop
      vertex 7.32139228e+01 2.31443321e+01 2.45000000e+02
      vertex 7.07510206e+01 2.20921811e+01 2.45000000e+02
      vertex 7.52601165e+01 2.31533848e+01 2.62500000e+02
    endloop
  endfacet
  facet normal -3.90145052e-01 9.19646143e-01 4.51421132e-02
    outer loop
      vertex 7.32139228e+01 2.31443321e+01 2.45000000e+02
      vertex 7.52601165e+01 2.31533848e+01 2.62500000e+02
      vertex 7.76306017e+01 2.41590250e+01 2.62500000e+02
    endloop
  endfacet
  facet normal -4.80993813e-01 8.73884341e-01 7.05061045e-02
    outer loop
      vertex 7.07510206e+01 2.20921811e+01 2.45000000e+02
      vertex 6.84054290e+01 2.08011464e+01 2.45000000e+02
      vertex 7.30012572e+01 2.19188093e+01 2.62500000e+02
    endloop
  endfacet
  facet normal -4.78408826e-01 8.75327732e-01 7.01880136e-02
    outer loop
      vertex 7.07510206e+01 2.20921811e+01 2.45000000e+02
      vertex 7.30012572e+01 2.19188093e+01 2.62500000e+02
      vertex 7.52601165e+01 2.31533848e+01 2.62500000e+02
    endloop
  endfacet
  facet normal -6.37855743e-01 7.61016209e-01 1.18297851e-01
    outer loop
      vertex 6.84054290e+01 2.08011464e+01 2.45000000e+02
      vertex 6.63579357e+01 1.90850129e+01 2.45000000e+02
      vertex 7.10257497e+01 2.02770763e+01 2.62500000e+02
    endloop
  endfacet
  facet normal -6.34686487e-01 7.63722219e-01 1.17904347e-01
    outer loop
      vertex 6.84054290e+01 2.08011464e+01 2.45000000e+02
      vertex 7.10257497e+01 2.02770763e+01 2.62500000e+02
      vertex 7.30012572e+01 2.19188093e+01 2.62500000e+02
    endloop
  endfacet
  facet normal -9.65585859e-01 -2.35933420e-02 2.59012167e-01
    outer loop
      vertex 6.63579357e+01 1.90850129e+01 2.45000000e+02
      vertex 6.64111005e+01 1.69091776e+01 2.45000000e+02
      vertex 7.10741016e+01 1.81885656e+01 2.62500000e+02
    endloop
  endfacet
  facet normal -9.65597466e-01 -2.23549110e-02 2.59078735e-01
    outer loop
      vertex 6.63579357e+01 1.90850129e+01 2.45000000e+02
      vertex 7.10741016e+01 1.81885656e+01 2.62500000e+02
      vertex 7.10257497e+01 2.02770763e+01 2.62500000e+02
    endloop
  endfacet
  facet normal -4.20164372e-01 -8.90058715e-01 1.76797582e-01
    outer loop
      vertex 6.64111005e+01 1.69091776e+01 2.45000000e+02
      vertex 6.88276198e+01 1.57684267e+01 2.45000000e+02
      vertex 7.33957571e+01 1.70881027e+01 2.62500000e+02
    endloop
  endfacet
  facet normal -4.21530178e-01 -8.89305686e-01 1.77335008e-01
    outer loop
      vertex 6.64111005e+01 1.69091776e+01 2.45000000e+02
      vertex 7.33957571e+01 1.70881027e+01 2.62500000e+02
      vertex 7.10741016e+01 1.81885656e+01 2.62500000e+02
    endloop
  endfacet
  facet normal -2.93921258e-01 -9.44356795e-01 1.47650054e-01
    outer loop
      vertex 6.88276198e+01 1.57684267e+01 2.45000000e+02
      vertex 7.13852621e+01 1.49723870e+01 2.45000000e+02
      vertex 7.58532806e+01 1.63178852e+01 2.62500000e+02
    endloop
  endfacet
  facet normal -2.95757859e-01 -9.43670950e-01 1.48365854e-01
    outer loop
      vertex 6.88276198e+01 1.57684267e+01 2.45000000e+02
      vertex 7.58532806e+01 1.63178852e+01 2.62500000e+02
      vertex 7.33957571e+01 1.70881027e+01 2.62500000e+02
    endloop
  endfacet
  facet normal -2.36443021e-01 -9.62354190e-01 1.34048912e-01
    outer loop
      vertex 7.13852621e+01 1.49723870e+01 2.45000000e+02
      vertex 7.39870697e+01 1.43331429e+01 2.45000000e+02
      vertex 7.83534712e+01 1.56979739e+01 2.62500000e+02
    endloop
  endfacet
  facet normal -2.38461038e-01 -9.61747334e-01 1.34827291e-01
    outer loop
      vertex 7.13852621e+01 1.49723870e+01 2.45000000e+02
      vertex 7.83534712e+01 1.56979739e+01 2.62500000e+02
      vertex 7.58532806e+01 1.63178852e+01 2.62500000e+02
    endloop
  endfacet
  facet normal -1.95655638e-01 -9.72755837e-01 1.24358161e-01
    outer loop
      vertex 7.39870697e+01 1.43331429e+01 2.45000000e+02
      vertex 7.66138991e+01 1.38047945e+01 2.45000000e+02
      vertex 8.08778912e+01 1.51843737e+01 2.62500000e+02
    endloop
  endfacet
  facet normal -1.97800214e-01 -9.72217025e-01 1.25176403e-01
    outer loop
      vertex 7.39870697e+01 1.43331429e+01 2.45000000e+02
      vertex 8.08778912e+01 1.51843737e+01 2.62500000e+02
      vertex 7.83534712e+01 1.56979739e+01 2.62500000e+02
    endloop
  endfacet
  facet normal -1.64109801e-01 -9.79494854e-01 1.16866610e-01
    outer loop
      vertex 7.66138991e+01 1.38047945e+01 2.45000000e+02
      vertex 7.92565822e+01 1.33620253e+01 2.45000000e+02
      vertex 8.34177031e+01 1.47528289e+01 2.62500000e+02
    endloop
  endfacet
  facet normal -1.66346759e-01 -9.79016353e-01 1.17710392e-01
    outer loop
      vertex 7.66138991e+01 1.38047945e+01 2.45000000e+02
      vertex 8.34177031e+01 1.47528289e+01 2.62500000e+02
      vertex 8.08778912e+01 1.51843737e+01 2.62500000e+02
    endloop
  endfacet
  facet normal -1.38226624e-01 -9.84190156e-01 1.10739052e-01
    outer loop
      vertex 7.92565822e+01 1.33620253e+01 2.45000000e+02
      vertex 8.19100917e+01 1.29893477e+01 2.45000000e+02
      vertex 8.59680550e+01 1.43884826e+01 2.62500000e+02
    endloop
  endfacet
  facet normal -1.40541783e-01 -9.83764709e-01 1.11601990e-01
    outer loop
      vertex 7.92565822e+01 1.33620253e+01 2.45000000e+02
      vertex 8.59680550e+01 1.43884826e+01 2.62500000e+02
      vertex 8.34177031e+01 1.47528289e+01 2.62500000e+02
    endloop
  endfacet
  facet normal -1.15878122e-01 -9.87647119e-01 1.05477147e-01
    outer loop
      vertex 8.19100917e+01 1.29893477e+01 2.45000000e+02
      vertex 8.45714542e+01 1.26770968e+01 2.45000000e+02
      vertex 8.85260744e+01 1.40820481e+01 2.62500000e+02
    endloop
  endfacet
  facet normal -1.18268612e-01 -9.87269295e-01 1.06357295e-01
    outer loop
      vertex 8.19100917e+01 1.29893477e+01 2.45000000e+02
      vertex 8.85260744e+01 1.40820481e+01 2.62500000e+02
      vertex 8.59680550e+01 1.43884826e+01 2.62500000e+02
    endloop
  endfacet
  facet normal -9.58247343e-02 -9.90282126e-01 1.00791522e-01
    outer loop
      vertex 8.45714542e+01 1.26770968e+01 2.45000000e+02
      vertex 8.72388159e+01 1.24189893e+01 2.45000000e+02
      vertex 9.10899719e+01 1.38274926e+01 2.62500000e+02
    endloop
  endfacet
  facet normal -9.82867003e-02 -9.89949262e-01 1.01686690e-01
    outer loop
      vertex 8.45714542e+01 1.26770968e+01 2.45000000e+02
      vertex 9.10899719e+01 1.38274926e+01 2.62500000e+02
      vertex 8.85260744e+01 1.40820481e+01 2.62500000e+02
    endloop
  endfacet
  facet normal -6.81332518e-02 -9.93184642e-01 9.45628163e-02
    outer loop
      vertex 8.72388159e+01 1.24189893e+01 2.45000000e+02
      vertex 8.99123787e+01 1.22355808e+01 2.45000000e+02
      vertex 9.36600059e+01 1.36446957e+01 2.62500000e+02
    endloop
  endfacet
  facet normal -7.06230540e-02 -9.92925030e-01 9.54582040e-02
    outer loop
      vertex 8.72388159e+01 1.24189893e+01 2.45000000e+02
      vertex 9.36600059e+01 1.36446957e+01 2.62500000e+02
      vertex 9.10899719e+01 1.38274926e+01 2.62500000e+02
    endloop
  endfacet
  facet normal -4.70289582e-02 -9.94849294e-01 8.97950919e-02
    outer loop
      vertex 8.99123787e+01 1.22355808e+01 2.45000000e+02
      vertex 9.25889677e+01 1.21090519e+01 2.45000000e+02
      vertex 9.62330750e+01 1.35163359e+01 2.62500000e+02
    endloop
  endfacet
  facet normal -4.96184636e-02 -9.94640028e-01 9.07150610e-02
    outer loop
      vertex 8.99123787e+01 1.22355808e+01 2.45000000e+02
      vertex 9.62330750e+01 1.35163359e+01 2.62500000e+02
      vertex 9.36600059e+01 1.36446957e+01 2.62500000e+02
    endloop
  endfacet
  facet normal -2.51583598e-02 -9.96068024e-01 8.49443898e-02
    outer loop
      vertex 9.25889677e+01 1.21090519e+01 2.45000000e+02
      vertex 9.52675216e+01 1.20413978e+01 2.45000000e+02
      vertex 9.88081783e+01 1.34443640e+01 2.62500000e+02
    endloop
  endfacet
  facet normal -2.78350109e-02 -9.95916233e-01 8.58840452e-02
    outer loop
      vertex 9.25889677e+01 1.21090519e+01 2.45000000e+02
      vertex 9.88081783e+01 1.34443640e+01 2.62500000e+02
      vertex 9.62330750e+01 1.35163359e+01 2.62500000e+02
    endloop
  endfacet
  facet normal 9.46586706e-04 -9.96847791e-01 7.93321187e-02
    outer loop
      vertex 9.52675216e+01 1.20413978e+01 2.45000000e+02
      vertex 9.79473676e+01 1.20439426e+01 2.45000000e+02
      vertex 1.01384702e+02 1.34399088e+01 2.62500000e+02
    endloop
  endfacet
  facet normal -1.72357790e-03 -9.96772515e-01 8.02594675e-02
    outer loop
      vertex 9.52675216e+01 1.20413978e+01 2.45000000e+02
      vertex 1.01384702e+02 1.34399088e+01 2.62500000e+02
      vertex 9.88081783e+01 1.34443640e+01 2.62500000e+02
    endloop
  endfacet
  facet normal 5.02190520e-02 -9.96339123e-01 6.91838082e-02
    outer loop
      vertex 9.79473676e+01 1.20439426e+01 2.45000000e+02
      vertex 1.00623577e+02 1.21788331e+01 2.45000000e+02
      vertex 1.03958094e+02 1.35620699e+01 2.62500000e+02
    endloop
  endfacet
  facet normal 4.73004959e-02 -9.96411398e-01 7.01925148e-02
    outer loop
      vertex 9.79473676e+01 1.20439426e+01 2.45000000e+02
      vertex 1.03958094e+02 1.35620699e+01 2.62500000e+02
      vertex 1.01384702e+02 1.34399088e+01 2.62500000e+02
    endloop
  endfacet
  facet normal 7.76873834e-02 -9.94959641e-01 6.34033445e-02
    outer loop
      vertex 1.00623577e+02 1.21788331e+01 2.45000000e+02
      vertex 1.03294561e+02 1.23873860e+01 2.45000000e+02
      vertex 1.06526689e+02 1.37549330e+01 2.62500000e+02
    endloop
  endfacet
  facet normal 7.47187998e-02 -9.95121728e-01 6.44193072e-02
    outer loop
      vertex 1.00623577e+02 1.21788331e+01 2.45000000e+02
      vertex 1.06526689e+02 1.37549330e+01 2.62500000e+02
      vertex 1.03958094e+02 1.35620699e+01 2.62500000e+02
    endloop
  endfacet
  facet normal 1.01070830e-01 -9.93157260e-01 5.85093468e-02
    outer loop
      vertex 1.03294561e+02 1.23873860e+01 2.45000000e+02
      vertex 1.05960596e+02 1.26587009e+01 2.45000000e+02
      vertex 1.09090700e+02 1.40082110e+01 2.62500000e+02
    endloop
  endfacet
  facet normal 9.81293027e-02 -9.93393045e-01 5.95054420e-02
    outer loop
      vertex 1.03294561e+02 1.23873860e+01 2.45000000e+02
      vertex 1.09090700e+02 1.40082110e+01 2.62500000e+02
      vertex 1.06526689e+02 1.37549330e+01 2.62500000e+02
    endloop
  endfacet
  facet normal 1.21509318e-01 -9.91105899e-01 5.42640174e-02
    outer loop
      vertex 1.05960596e+02 1.26587009e+01 2.45000000e+02
      vertex 1.08620517e+02 1.29848065e+01 2.45000000e+02
      vertex 1.11648979e+02 1.43142373e+01 2.62500000e+02
    endloop
  endfacet
  facet normal 1.18593770e-01 -9.91405093e-01 5.52400219e-02
    outer loop
      vertex 1.05960596e+02 1.26587009e+01 2.45000000e+02
      vertex 1.11648979e+02 1.43142373e+01 2.62500000e+02
      vertex 1.09090700e+02 1.40082110e+01 2.62500000e+02
    endloop
  endfacet
  facet normal 1.24440306e-01 -9.90794571e-01 5.32984812e-02
    outer loop
      vertex 1.08620517e+02 1.29848065e+01 2.45000000e+02
      vertex 1.11279451e+02 1.33187593e+01 2.45000000e+02
      vertex 1.14206340e+02 1.46277555e+01 2.62500000e+02
    endloop
  endfacet
  facet normal 1.21504148e-01 -9.91106481e-01 5.42649563e-02
    outer loop
      vertex 1.08620517e+02 1.29848065e+01 2.45000000e+02
      vertex 1.14206340e+02 1.46277555e+01 2.62500000e+02
      vertex 1.11648979e+02 1.43142373e+01 2.62500000e+02
    endloop
  endfacet
  facet normal 1.27007167e-01 -9.90515859e-01 5.24167198e-02
    outer loop
      vertex 1.11279451e+02 1.33187593e+01 2.45000000e+02
      vertex 1.13937526e+02 1.36595863e+01 2.45000000e+02
      vertex 1.16762885e+02 1.49479387e+01 2.62500000e+02
    endloop
  endfacet
  facet normal 1.24092713e-01 -9.90834874e-01 5.33596311e-02
    outer loop
      vertex 1.11279451e+02 1.33187593e+01 2.45000000e+02
      vertex 1.16762885e+02 1.49479387e+01 2.62500000e+02
      vertex 1.14206340e+02 1.46277555e+01 2.62500000e+02
    endloop
  endfacet
  facet normal 1.23287704e-01 -9.90974810e-01 5.26219354e-02
    outer loop
      vertex 1.13937526e+02 1.36595863e+01 2.45000000e+02
      vertex 1.16596861e+02 1.39904356e+01 2.45000000e+02
      vertex 1.19320610e+02 1.52585694e+01 2.62500000e+02
    endloop
  endfacet
  facet normal 1.20389246e-01 -9.91281862e-01 5.35415706e-02
    outer loop
      vertex 1.13937526e+02 1.36595863e+01 2.45000000e+02
      vertex 1.19320610e+02 1.52585694e+01 2.62500000e+02
      vertex 1.16762885e+02 1.49479387e+01 2.62500000e+02
    endloop
  endfacet
  facet normal 1.18412941e-01 -9.91549014e-01 5.29993248e-02
    outer loop
      vertex 1.16596861e+02 1.39904356e+01 2.45000000e+02
      vertex 1.19257753e+02 1.43082051e+01 2.45000000e+02
      vertex 1.21879783e+02 1.55567268e+01 2.62500000e+02
    endloop
  endfacet
  facet normal 1.15554506e-01 -9.91838306e-01 5.38881250e-02
    outer loop
      vertex 1.16596861e+02 1.39904356e+01 2.45000000e+02
      vertex 1.21879783e+02 1.55567268e+01 2.62500000e+02
      vertex 1.19320610e+02 1.52585694e+01 2.62500000e+02
    endloop
  endfacet
  facet normal 1.12094838e-01 -9.92252448e-01 5.35707620e-02
    outer loop
      vertex 1.19257753e+02 1.43082051e+01 2.45000000e+02
      vertex 1.21920654e+02 1.46090332e+01 2.45000000e+02
      vertex 1.24440844e+02 1.58385476e+01 2.62500000e+02
    endloop
  endfacet
  facet normal 1.09218144e-01 -9.92525546e-01 5.44466534e-02
    outer loop
      vertex 1.19257753e+02 1.43082051e+01 2.45000000e+02
      vertex 1.24440844e+02 1.58385476e+01 2.62500000e+02
      vertex 1.21879783e+02 1.55567268e+01 2.62500000e+02
    endloop
  endfacet
  facet normal 9.63110497e-02 -9.93800674e-01 5.55374017e-02
    outer loop
      vertex 1.21920654e+02 1.46090332e+01 2.45000000e+02
      vertex 1.24587965e+02 1.48675273e+01 2.45000000e+02
      vertex 1.27006010e+02 1.60798317e+01 2.62500000e+02
    endloop
  endfacet
  facet normal 9.34995014e-02 -9.94022095e-01 5.63730240e-02
    outer loop
      vertex 1.21920654e+02 1.46090332e+01 2.45000000e+02
      vertex 1.27006010e+02 1.60798317e+01 2.62500000e+02
      vertex 1.24440844e+02 1.58385476e+01 2.62500000e+02
    endloop
  endfacet
  facet normal 8.51483954e-02 -9.94751667e-01 5.67351040e-02
    outer loop
      vertex 1.24587965e+02 1.48675273e+01 2.45000000e+02
      vertex 1.27257887e+02 1.50960663e+01 2.45000000e+02
      vertex 1.29573599e+02 1.62923885e+01 2.62500000e+02
    endloop
  endfacet
  facet normal 8.23656427e-02 -9.94939537e-01 5.75431883e-02
    outer loop
      vertex 1.24587965e+02 1.48675273e+01 2.45000000e+02
      vertex 1.29573599e+02 1.62923885e+01 2.62500000e+02
      vertex 1.27006010e+02 1.60798317e+01 2.62500000e+02
    endloop
  endfacet
  facet normal 7.14790589e-02 -9.95742339e-01 5.82059983e-02
    outer loop
      vertex 1.27257887e+02 1.50960663e+01 2.45000000e+02
      vertex 1.29930811e+02 1.52879413e+01 2.45000000e+02
      vertex 1.32143971e+02 1.64697727e+01 2.62500000e+02
    endloop
  endfacet
  facet normal 6.87274941e-02 -9.95890155e-01 5.89858516e-02
    outer loop
      vertex 1.27257887e+02 1.50960663e+01 2.45000000e+02
      vertex 1.32143971e+02 1.64697727e+01 2.62500000e+02
      vertex 1.29573599e+02 1.62923885e+01 2.62500000e+02
    endloop
  endfacet
  facet normal 4.59227540e-02 -9.97073438e-01 6.11200433e-02
    outer loop
      vertex 1.29930811e+02 1.52879413e+01 2.45000000e+02
      vertex 1.32607818e+02 1.54112376e+01 2.45000000e+02
      vertex 1.34718087e+02 1.65811717e+01 2.62500000e+02
    endloop
  endfacet
  facet normal 4.31532502e-02 -9.97150064e-01 6.18833277e-02
    outer loop
      vertex 1.29930811e+02 1.52879413e+01 2.45000000e+02
      vertex 1.34718087e+02 1.65811717e+01 2.62500000e+02
      vertex 1.32143971e+02 1.64697727e+01 2.62500000e+02
    endloop
  endfacet
  facet normal 2.25480509e-02 -9.97721417e-01 6.35889824e-02
    outer loop
      vertex 1.32607818e+02 1.54112376e+01 2.45000000e+02
      vertex 1.35286768e+02 1.54717807e+01 2.45000000e+02
      vertex 1.37293899e+02 1.66324895e+01 2.62500000e+02
    endloop
  endfacet
  facet normal 1.98778115e-02 -9.97732313e-01 6.43047689e-02
    outer loop
      vertex 1.32607818e+02 1.54112376e+01 2.45000000e+02
      vertex 1.37293899e+02 1.66324895e+01 2.62500000e+02
      vertex 1.34718087e+02 1.65811717e+01 2.62500000e+02
    endloop
  endfacet
  facet normal -6.51077792e-03 -9.97762677e-01 6.65375861e-02
    outer loop
      vertex 1.35286768e+02 1.54717807e+01 2.45000000e+02
      vertex 1.37966189e+02 1.54542965e+01 2.45000000e+02
      vertex 1.39869964e+02 1.66088924e+01 2.62500000e+02
    endloop
  endfacet
  facet normal -9.13906206e-03 -9.97696213e-01 6.72216070e-02
    outer loop
      vertex 1.35286768e+02 1.54717807e+01 2.45000000e+02
      vertex 1.39869964e+02 1.66088924e+01 2.62500000e+02
      vertex 1.37293899e+02 1.66324895e+01 2.62500000e+02
    endloop
  endfacet
  facet normal -4.54462428e-02 -9.96489158e-01 7.03135637e-02
    outer loop
      vertex 1.37966189e+02 1.54542965e+01 2.45000000e+02
      vertex 1.40642804e+02 1.53322258e+01 2.45000000e+02
      vertex 1.42443076e+02 1.64849446e+01 2.62500000e+02
    endloop
  endfacet
  facet normal -4.79933168e-02 -9.96324227e-01 7.09554481e-02
    outer loop
      vertex 1.37966189e+02 1.54542965e+01 2.45000000e+02
      vertex 1.42443076e+02 1.64849446e+01 2.62500000e+02
      vertex 1.39869964e+02 1.66088924e+01 2.62500000e+02
    endloop
  endfacet
  facet normal -1.14829194e-01 -9.90423539e-01 7.66516170e-02
    outer loop
      vertex 1.40642804e+02 1.53322258e+01 2.45000000e+02
      vertex 1.43608263e+02 1.49884120e+01 2.45000000e+02
      vertex 1.45293296e+02 1.61474235e+01 2.62500000e+02
    endloop
  endfacet
  facet normal -1.17245961e-01 -9.90091629e-01 7.72783932e-02
    outer loop
      vertex 1.40642804e+02 1.53322258e+01 2.45000000e+02
      vertex 1.45293296e+02 1.61474235e+01 2.62500000e+02
      vertex 1.42443076e+02 1.64849446e+01 2.62500000e+02
    endloop
  endfacet
  facet normal 3.20121686e-01 9.42678375e-01 -9.42315654e-02
    outer loop
      vertex 1.45293296e+02 1.61474235e+01 2.62500000e+02
      vertex 1.42853887e+02 1.69758163e+01 2.62500000e+02
      vertex 1.44638719e+02 1.81190362e+01 2.80000000e+02
    endloop
  endfacet
  facet normal 3.22394874e-01 9.41920404e-01 -9.40611425e-02
    outer loop
      vertex 1.45293296e+02 1.61474235e+01 2.62500000e+02
      vertex 1.44638719e+02 1.81190362e+01 2.80000000e+02
      vertex 1.46978407e+02 1.73182220e+01 2.80000000e+02
    endloop
  endfacet
  facet normal 3.07578227e-01 9.46911485e-01 -9.35642754e-02
    outer loop
      vertex 1.42853887e+02 1.69758163e+01 2.62500000e+02
      vertex 1.40403514e+02 1.77717526e+01 2.62500000e+02
      vertex 1.42288417e+02 1.88886677e+01 2.80000000e+02
    endloop
  endfacet
  facet normal 3.09839620e-01 9.46188969e-01 -9.34122289e-02
    outer loop
      vertex 1.42853887e+02 1.69758163e+01 2.62500000e+02
      vertex 1.42288417e+02 1.88886677e+01 2.80000000e+02
      vertex 1.44638719e+02 1.81190362e+01 2.80000000e+02
    endloop
  endfacet
  facet normal 2.93757639e-01 9.51374739e-01 -9.26960347e-02
    outer loop
      vertex 1.40403514e+02 1.77717526e+01 2.62500000e+02
      vertex 1.37941684e+02 1.85318960e+01 2.62500000e+02
      vertex 1.39927034e+02 1.96239672e+01 2.80000000e+02
    endloop
  endfacet
  facet normal 2.96028777e-01 9.50683656e-01 -9.25610527e-02
    outer loop
      vertex 1.40403514e+02 1.77717526e+01 2.62500000e+02
      vertex 1.39927034e+02 1.96239672e+01 2.80000000e+02
      vertex 1.42288417e+02 1.88886677e+01 2.80000000e+02
    endloop
  endfacet
  facet normal 2.92901430e-01 9.51614033e-01 -9.29488330e-02
    outer loop
      vertex 1.37941684e+02 1.85318960e+01 2.62500000e+02
      vertex 1.35479170e+02 1.92898441e+01 2.62500000e+02
      vertex 1.37564987e+02 2.03571527e+01 2.80000000e+02
    endloop
  endfacet
  facet normal 2.95169449e-01 9.50924779e-01 -9.28281232e-02
    outer loop
      vertex 1.37941684e+02 1.85318960e+01 2.62500000e+02
      vertex 1.37564987e+02 2.03571527e+01 2.80000000e+02
      vertex 1.39927034e+02 1.96239672e+01 2.80000000e+02
    endloop
  endfacet
  facet normal 2.94694841e-01 9.51010256e-01 -9.34582485e-02
    outer loop
      vertex 1.35479170e+02 1.92898441e+01 2.62500000e+02
      vertex 1.33018101e+02 2.00524691e+01 2.62500000e+02
      vertex 1.35204325e+02 2.10947823e+01 2.80000000e+02
    endloop
  endfacet
  facet normal 2.96944163e-01 9.50320790e-01 -9.33518109e-02
    outer loop
      vertex 1.35479170e+02 1.92898441e+01 2.62500000e+02
      vertex 1.35204325e+02 2.10947823e+01 2.80000000e+02
      vertex 1.37564987e+02 2.03571527e+01 2.80000000e+02
    endloop
  endfacet
  facet normal 2.96102620e-01 9.50525912e-01 -9.39347038e-02
    outer loop
      vertex 1.33018101e+02 2.00524691e+01 2.62500000e+02
      vertex 1.30558176e+02 2.08187716e+01 2.62500000e+02
      vertex 1.32844752e+02 2.18358887e+01 2.80000000e+02
    endloop
  endfacet
  facet normal 2.98329931e-01 9.49838315e-01 -9.38425680e-02
    outer loop
      vertex 1.33018101e+02 2.00524691e+01 2.62500000e+02
      vertex 1.32844752e+02 2.18358887e+01 2.80000000e+02
      vertex 1.35204325e+02 2.10947823e+01 2.80000000e+02
    endloop
  endfacet
  facet normal 2.96666027e-01 9.50311839e-01 -9.43221993e-02
    outer loop
      vertex 1.30558176e+02 2.08187716e+01 2.62500000e+02
      vertex 1.28098715e+02 2.15865602e+01 2.62500000e+02
      vertex 1.30485612e+02 2.25783685e+01 2.80000000e+02
    endloop
  endfacet
  facet normal 2.98871528e-01 9.49628253e-01 -9.42443206e-02
    outer loop
      vertex 1.30558176e+02 2.08187716e+01 2.62500000e+02
      vertex 1.30485612e+02 2.25783685e+01 2.80000000e+02
      vertex 1.32844752e+02 2.18358887e+01 2.80000000e+02
    endloop
  endfacet
  facet normal 2.95521039e-01 9.50649989e-01 -9.45088023e-02
    outer loop
      vertex 1.28098715e+02 2.15865602e+01 2.62500000e+02
      vertex 1.25638335e+02 2.23513989e+01 2.62500000e+02
      vertex 1.28125569e+02 2.33179734e+01 2.80000000e+02
    endloop
  endfacet
  facet normal 2.97708632e-01 9.49973510e-01 -9.44452298e-02
    outer loop
      vertex 1.28098715e+02 2.15865602e+01 2.62500000e+02
      vertex 1.28125569e+02 2.33179734e+01 2.80000000e+02
      vertex 1.30485612e+02 2.25783685e+01 2.80000000e+02
    endloop
  endfacet
  facet normal 2.91312832e-01 9.51967997e-01 -9.43067645e-02
    outer loop
      vertex 1.25638335e+02 2.23513989e+01 2.62500000e+02
      vertex 1.23174597e+02 2.31053301e+01 2.62500000e+02
      vertex 1.25762277e+02 2.40471097e+01 2.80000000e+02
    endloop
  endfacet
  facet normal 2.93500697e-01 9.51300608e-01 -9.42575913e-02
    outer loop
      vertex 1.25638335e+02 2.23513989e+01 2.62500000e+02
      vertex 1.25762277e+02 2.40471097e+01 2.80000000e+02
      vertex 1.28125569e+02 2.33179734e+01 2.80000000e+02
    endloop
  endfacet
  facet normal 2.85305318e-01 9.53831605e-01 -9.38410600e-02
    outer loop
      vertex 1.23174597e+02 2.31053301e+01 2.62500000e+02
      vertex 1.20706184e+02 2.38436696e+01 2.62500000e+02
      vertex 1.23394457e+02 2.47612737e+01 2.80000000e+02
    endloop
  endfacet
  facet normal 2.87490554e-01 9.53178619e-01 -9.38067250e-02
    outer loop
      vertex 1.23174597e+02 2.31053301e+01 2.62500000e+02
      vertex 1.23394457e+02 2.47612737e+01 2.80000000e+02
      vertex 1.25762277e+02 2.40471097e+01 2.80000000e+02
    endloop
  endfacet
  facet normal 2.77811838e-01 9.56110476e-01 -9.31307729e-02
    outer loop
      vertex 1.20706184e+02 2.38436696e+01 2.62500000e+02
      vertex 1.18232027e+02 2.45625719e+01 2.62500000e+02
      vertex 1.21021077e+02 2.54567754e+01 2.80000000e+02
    endloop
  endfacet
  facet normal 2.79995062e-01 9.55475281e-01 -9.31115070e-02
    outer loop
      vertex 1.20706184e+02 2.38436696e+01 2.62500000e+02
      vertex 1.21021077e+02 2.54567754e+01 2.80000000e+02
      vertex 1.23394457e+02 2.47612737e+01 2.80000000e+02
    endloop
  endfacet
  facet normal 2.60008326e-01 9.61319581e-01 -9.08863776e-02
    outer loop
      vertex 1.18232027e+02 2.45625719e+01 2.62500000e+02
      vertex 1.15744875e+02 2.52352725e+01 2.62500000e+02
      vertex 1.18635147e+02 2.61080487e+01 2.80000000e+02
    endloop
  endfacet
  facet normal 2.62240220e-01 9.60713339e-01 -9.08842512e-02
    outer loop
      vertex 1.18232027e+02 2.45625719e+01 2.62500000e+02
      vertex 1.18635147e+02 2.61080487e+01 2.80000000e+02
      vertex 1.21021077e+02 2.54567754e+01 2.80000000e+02
    endloop
  endfacet
  facet normal 2.36108658e-01 9.67771339e-01 -8.75861699e-02
    outer loop
      vertex 1.15744875e+02 2.52352725e+01 2.62500000e+02
      vertex 1.13242116e+02 2.58458745e+01 2.62500000e+02
      vertex 1.16234089e+02 2.66997201e+01 2.80000000e+02
    endloop
  endfacet
  facet normal 2.38343843e-01 9.67221787e-01 -8.76026666e-02
    outer loop
      vertex 1.15744875e+02 2.52352725e+01 2.62500000e+02
      vertex 1.16234089e+02 2.66997201e+01 2.80000000e+02
      vertex 1.18635147e+02 2.61080487e+01 2.80000000e+02
    endloop
  endfacet
  facet normal 2.05432189e-01 9.75142677e-01 -8.30323718e-02
    outer loop
      vertex 1.13242116e+02 2.58458745e+01 2.62500000e+02
      vertex 1.10721944e+02 2.63767962e+01 2.62500000e+02
      vertex 1.13816159e+02 2.72150480e+01 2.80000000e+02
    endloop
  endfacet
  facet normal 2.07725736e-01 9.74653530e-01 -8.30693357e-02
    outer loop
      vertex 1.13242116e+02 2.58458745e+01 2.62500000e+02
      vertex 1.13816159e+02 2.72150480e+01 2.80000000e+02
      vertex 1.16234089e+02 2.66997201e+01 2.80000000e+02
    endloop
  endfacet
  facet normal 1.65614515e-01 9.83201617e-01 -7.67229656e-02
    outer loop
      vertex 1.10721944e+02 2.63767962e+01 2.62500000e+02
      vertex 1.08181376e+02 2.68047399e+01 2.62500000e+02
      vertex 1.11378463e+02 2.76318011e+01 2.80000000e+02
    endloop
  endfacet
  facet normal 1.68019401e-01 9.82788768e-01 -7.67835785e-02
    outer loop
      vertex 1.10721944e+02 2.63767962e+01 2.62500000e+02
      vertex 1.11378463e+02 2.76318011e+01 2.80000000e+02
      vertex 1.13816159e+02 2.72150480e+01 2.80000000e+02
    endloop
  endfacet
  facet normal 1.03016472e-01 9.92481595e-01 -6.60900180e-02
    outer loop
      vertex 1.08181376e+02 2.68047399e+01 2.62500000e+02
      vertex 1.05618617e+02 2.70707463e+01 2.62500000e+02
      vertex 1.08919120e+02 2.78935012e+01 2.80000000e+02
    endloop
  endfacet
  facet normal 1.05581207e-01 9.92205969e-01 -6.61809910e-02
    outer loop
      vertex 1.08181376e+02 2.68047399e+01 2.62500000e+02
      vertex 1.08919120e+02 2.78935012e+01 2.80000000e+02
      vertex 1.11378463e+02 2.76318011e+01 2.80000000e+02
    endloop
  endfacet
  facet normal 6.67266788e-02 9.95978634e-01 -5.97838648e-02
    outer loop
      vertex 1.05618617e+02 2.70707463e+01 2.62500000e+02
      vertex 1.03048530e+02 2.72429321e+01 2.62500000e+02
      vertex 1.06452519e+02 2.80653199e+01 2.80000000e+02
    endloop
  endfacet
  facet normal 6.93649393e-02 9.95791455e-01 -5.98989441e-02
    outer loop
      vertex 1.05618617e+02 2.70707463e+01 2.62500000e+02
      vertex 1.06452519e+02 2.80653199e+01 2.80000000e+02
      vertex 1.08919120e+02 2.78935012e+01 2.80000000e+02
    endloop
  endfacet
  facet normal 3.55199260e-02 9.97898950e-01 -5.41850543e-02
    outer loop
      vertex 1.03048530e+02 2.72429321e+01 2.62500000e+02
      vertex 1.00474186e+02 2.73345651e+01 2.62500000e+02
      vertex 1.03981634e+02 2.81599535e+01 2.80000000e+02
    endloop
  endfacet
  facet normal 3.82148700e-02 9.97791872e-01 -5.43231384e-02
    outer loop
      vertex 1.03048530e+02 2.72429321e+01 2.62500000e+02
      vertex 1.03981634e+02 2.81599535e+01 2.80000000e+02
      vertex 1.06452519e+02 2.80653199e+01 2.80000000e+02
    endloop
  endfacet
  facet normal 6.53368862e-03 9.98787012e-01 -4.88038482e-02
    outer loop
      vertex 1.00474186e+02 2.73345651e+01 2.62500000e+02
      vertex 9.78978827e+01 2.73514183e+01 2.62500000e+02
      vertex 1.01508673e+02 2.81829025e+01 2.80000000e+02
    endloop
  endfacet
  facet normal 9.26843506e-03 9.98757536e-01 -4.89640798e-02
    outer loop
      vertex 1.00474186e+02 2.73345651e+01 2.62500000e+02
      vertex 1.01508673e+02 2.81829025e+01 2.80000000e+02
      vertex 1.03981634e+02 2.81599535e+01 2.80000000e+02
    endloop
  endfacet
  facet normal -2.96471811e-02 9.98689125e-01 -4.17261940e-02
    outer loop
      vertex 9.78978827e+01 2.73514183e+01 2.62500000e+02
      vertex 9.53224920e+01 2.72749650e+01 2.62500000e+02
      vertex 9.90363420e+01 2.81163816e+01 2.80000000e+02
    endloop
  endfacet
  facet normal -2.68727698e-02 9.98759943e-01 -4.19097784e-02
    outer loop
      vertex 9.78978827e+01 2.73514183e+01 2.62500000e+02
      vertex 9.90363420e+01 2.81163816e+01 2.80000000e+02
      vertex 1.01508673e+02 2.81829025e+01 2.80000000e+02
    endloop
  endfacet
  facet normal -6.11755611e-02 9.97499942e-01 -3.53753511e-02
    outer loop
      vertex 9.53224920e+01 2.72749650e+01 2.62500000e+02
      vertex 9.27511132e+01 2.71172652e+01 2.62500000e+02
      vertex 9.65676408e+01 2.79719488e+01 2.80000000e+02
    endloop
  endfacet
  facet normal -5.83687051e-02 9.97660791e-01 -3.55814689e-02
    outer loop
      vertex 9.53224920e+01 2.72749650e+01 2.62500000e+02
      vertex 9.65676408e+01 2.79719488e+01 2.80000000e+02
      vertex 9.90363420e+01 2.81163816e+01 2.80000000e+02
    endloop
  endfacet
  facet normal -9.07080440e-02 9.95448323e-01 -2.92350302e-02
    outer loop
      vertex 9.27511132e+01 2.71172652e+01 2.62500000e+02
      vertex 9.01857215e+01 2.68834995e+01 2.62500000e+02
      vertex 9.41044749e+01 2.77545397e+01 2.80000000e+02
    endloop
  endfacet
  facet normal -8.78841186e-02 9.95694907e-01 -2.94623979e-02
    outer loop
      vertex 9.27511132e+01 2.71172652e+01 2.62500000e+02
      vertex 9.41044749e+01 2.77545397e+01 2.80000000e+02
      vertex 9.65676408e+01 2.79719488e+01 2.80000000e+02
    endloop
  endfacet
  facet normal -1.22788719e-01 9.92182463e-01 -2.22910657e-02
    outer loop
      vertex 9.01857215e+01 2.68834995e+01 2.62500000e+02
      vertex 8.76292094e+01 2.65671153e+01 2.62500000e+02
      vertex 9.16496042e+01 2.74578313e+01 2.80000000e+02
    endloop
  endfacet
  facet normal -1.19961431e-01 9.92522675e-01 -2.25387350e-02
    outer loop
      vertex 9.01857215e+01 2.68834995e+01 2.62500000e+02
      vertex 9.16496042e+01 2.74578313e+01 2.80000000e+02
      vertex 9.41044749e+01 2.77545397e+01 2.80000000e+02
    endloop
  endfacet
  facet normal -1.58984987e-01 9.87180012e-01 -1.41207969e-02
    outer loop
      vertex 8.76292094e+01 2.65671153e+01 2.62500000e+02
      vertex 8.50859030e+01 2.61575168e+01 2.62500000e+02
      vertex 8.92071621e+01 2.70715671e+01 2.80000000e+02
    endloop
  endfacet
  facet normal -1.56189230e-01 9.87622386e-01 -1.43856385e-02
    outer loop
      vertex 8.76292094e+01 2.65671153e+01 2.62500000e+02
      vertex 8.92071621e+01 2.70715671e+01 2.80000000e+02
      vertex 9.16496042e+01 2.74578313e+01 2.80000000e+02
    endloop
  endfacet
  facet normal -2.02148148e-01 9.79347041e-01 -3.93700070e-03
    outer loop
      vertex 8.50859030e+01 2.61575168e+01 2.62500000e+02
      vertex 8.25629583e+01 2.56367528e+01 2.62500000e+02
      vertex 8.67839983e+01 2.65783730e+01 2.80000000e+02
    endloop
  endfacet
  facet normal -1.99442227e-01 9.79900531e-01 -4.21287794e-03
    outer loop
      vertex 8.50859030e+01 2.61575168e+01 2.62500000e+02
      vertex 8.67839983e+01 2.65783730e+01 2.80000000e+02
      vertex 8.92071621e+01 2.70715671e+01 2.80000000e+02
    endloop
  endfacet
  facet normal -2.55350551e-01 9.66804741e-01 9.20261704e-03
    outer loop
      vertex 8.25629583e+01 2.56367528e+01 2.62500000e+02
      vertex 8.00723225e+01 2.49789311e+01 2.62500000e+02
      vertex 8.43915851e+01 2.59531508e+01 2.80000000e+02
    endloop
  endfacet
  facet normal -2.52833753e-01 9.67468548e-01 8.92762783e-03
    outer loop
      vertex 8.25629583e+01 2.56367528e+01 2.62500000e+02
      vertex 8.43915851e+01 2.59531508e+01 2.80000000e+02
      vertex 8.67839983e+01 2.65783730e+01 2.80000000e+02
    endloop
  endfacet
  facet normal -3.18220210e-01 9.47675495e-01 2.54372519e-02
    outer loop
      vertex 8.00723225e+01 2.49789311e+01 2.62500000e+02
      vertex 7.76306017e+01 2.41590250e+01 2.62500000e+02
      vertex 8.20458301e+01 2.51718854e+01 2.80000000e+02
    endloop
  endfacet
  facet normal -3.15890015e-01 9.48462008e-01 2.51657994e-02
    outer loop
      vertex 8.00723225e+01 2.49789311e+01 2.62500000e+02
      vertex 8.20458301e+01 2.51718854e+01 2.80000000e+02
      vertex 8.43915851e+01 2.59531508e+01 2.80000000e+02
    endloop
  endfacet
  facet normal -3.90150149e-01 9.19658156e-01 4.48524058e-02
    outer loop
      vertex 7.76306017e+01 2.41590250e+01 2.62500000e+02
      vertex 7.52601165e+01 2.31533848e+01 2.62500000e+02
      vertex 7.97679616e+01 2.42122776e+01 2.80000000e+02
    endloop
  endfacet
  facet normal -3.87844878e-01 9.20646543e-01 4.45678442e-02
    outer loop
      vertex 7.76306017e+01 2.41590250e+01 2.62500000e+02
      vertex 7.97679616e+01 2.42122776e+01 2.80000000e+02
      vertex 8.20458301e+01 2.51718854e+01 2.80000000e+02
    endloop
  endfacet
  facet normal -4.78420103e-01 8.75348366e-01 6.98530043e-02
    outer loop
      vertex 7.52601165e+01 2.31533848e+01 2.62500000e+02
      vertex 7.30012572e+01 2.19188093e+01 2.62500000e+02
      vertex 7.75961326e+01 2.30336262e+01 2.80000000e+02
    endloop
  endfacet
  facet normal -4.75831159e-01 8.76785071e-01 6.95172467e-02
    outer loop
      vertex 7.52601165e+01 2.31533848e+01 2.62500000e+02
      vertex 7.75961326e+01 2.30336262e+01 2.80000000e+02
      vertex 7.97679616e+01 2.42122776e+01 2.80000000e+02
    endloop
  endfacet
  facet normal -6.34723643e-01 7.63766930e-01 1.17413686e-01
    outer loop
      vertex 7.30012572e+01 2.19188093e+01 2.62500000e+02
      vertex 7.10257497e+01 2.02770763e+01 2.62500000e+02
      vertex 7.56931812e+01 2.14656452e+01 2.80000000e+02
    endloop
  endfacet
  facet normal -6.31544253e-01 7.66462109e-01 1.16994411e-01
    outer loop
      vertex 7.30012572e+01 2.19188093e+01 2.62500000e+02
      vertex 7.56931812e+01 2.14656452e+01 2.80000000e+02
      vertex 7.75961326e+01 2.30336262e+01 2.80000000e+02
    endloop
  endfacet
  facet normal -9.65639160e-01 -2.23558762e-02 2.58923206e-01
    outer loop
      vertex 7.10257497e+01 2.02770763e+01 2.62500000e+02
      vertex 7.10741016e+01 1.81885656e+01 2.62500000e+02
      vertex 7.57369602e+01 1.94641680e+01 2.80000000e+02
    endloop
  endfacet
  facet normal -9.65650732e-01 -2.11220163e-02 2.58983637e-01
    outer loop
      vertex 7.10257497e+01 2.02770763e+01 2.62500000e+02
      vertex 7.57369602e+01 1.94641680e+01 2.80000000e+02
      vertex 7.56931812e+01 2.14656452e+01 2.80000000e+02
    endloop
  endfacet
  facet normal -4.21561178e-01 -8.89371087e-01 1.76932874e-01
    outer loop
      vertex 7.10741016e+01 1.81885656e+01 2.62500000e+02
      vertex 7.33957571e+01 1.70881027e+01 2.62500000e+02
      vertex 7.79639028e+01 1.84042827e+01 2.80000000e+02
    endloop
  endfacet
  facet normal -4.22926298e-01 -8.88617425e-01 1.77461036e-01
    outer loop
      vertex 7.10741016e+01 1.81885656e+01 2.62500000e+02
      vertex 7.79639028e+01 1.84042827e+01 2.80000000e+02
      vertex 7.57369602e+01 1.94641680e+01 2.80000000e+02
    endloop
  endfacet
  facet normal -2.95778229e-01 -9.43735942e-01 1.47911157e-01
    outer loop
      vertex 7.33957571e+01 1.70881027e+01 2.62500000e+02
      vertex 7.58532806e+01 1.63178852e+01 2.62500000e+02
      vertex 8.03214395e+01 1.76602746e+01 2.80000000e+02
    endloop
  endfacet
  facet normal -2.97613763e-01 -9.43048040e-01 1.48615084e-01
    outer loop
      vertex 7.33957571e+01 1.70881027e+01 2.62500000e+02
      vertex 8.03214395e+01 1.76602746e+01 2.80000000e+02
      vertex 7.79639028e+01 1.84042827e+01 2.80000000e+02
    endloop
  endfacet
  facet normal -2.38476005e-01 -9.61807697e-01 1.34369447e-01
    outer loop
      vertex 7.58532806e+01 1.63178852e+01 2.62500000e+02
      vertex 7.83534712e+01 1.56979739e+01 2.62500000e+02
      vertex 8.27201270e+01 1.70601201e+01 2.80000000e+02
    endloop
  endfacet
  facet normal -2.40492912e-01 -9.61198049e-01 1.35135006e-01
    outer loop
      vertex 7.58532806e+01 1.63178852e+01 2.62500000e+02
      vertex 8.27201270e+01 1.70601201e+01 2.80000000e+02
      vertex 8.03214395e+01 1.76602746e+01 2.80000000e+02
    endloop
  endfacet
  facet normal -1.97811544e-01 -9.72272711e-01 1.24725173e-01
    outer loop
      vertex 7.83534712e+01 1.56979739e+01 2.62500000e+02
      vertex 8.08778912e+01 1.51843737e+01 2.62500000e+02
      vertex 8.51422363e+01 1.65617176e+01 2.80000000e+02
    endloop
  endfacet
  facet normal -1.99955024e-01 -9.71730531e-01 1.25529932e-01
    outer loop
      vertex 7.83534712e+01 1.56979739e+01 2.62500000e+02
      vertex 8.51422363e+01 1.65617176e+01 2.80000000e+02
      vertex 8.27201270e+01 1.70601201e+01 2.80000000e+02
    endloop
  endfacet
  facet normal -1.66355449e-01 -9.79067499e-01 1.17271896e-01
    outer loop
      vertex 8.08778912e+01 1.51843737e+01 2.62500000e+02
      vertex 8.34177031e+01 1.47528289e+01 2.62500000e+02
      vertex 8.75792628e+01 1.61418649e+01 2.80000000e+02
    endloop
  endfacet
  facet normal -1.68591355e-01 -9.78585173e-01 1.18101714e-01
    outer loop
      vertex 8.08778912e+01 1.51843737e+01 2.62500000e+02
      vertex 8.75792628e+01 1.61418649e+01 2.80000000e+02
      vertex 8.51422363e+01 1.65617176e+01 2.80000000e+02
    endloop
  endfacet
  facet normal -1.40548486e-01 -9.83811632e-01 1.11179120e-01
    outer loop
      vertex 8.34177031e+01 1.47528289e+01 2.62500000e+02
      vertex 8.59680550e+01 1.43884826e+01 2.62500000e+02
      vertex 9.00265318e+01 1.57863334e+01 2.80000000e+02
    endloop
  endfacet
  facet normal -1.42862647e-01 -9.83381952e-01 1.12027680e-01
    outer loop
      vertex 8.34177031e+01 1.47528289e+01 2.62500000e+02
      vertex 9.00265318e+01 1.57863334e+01 2.80000000e+02
      vertex 8.75792628e+01 1.61418649e+01 2.80000000e+02
    endloop
  endfacet
  facet normal -1.18273768e-01 -9.87312340e-01 1.05951207e-01
    outer loop
      vertex 8.59680550e+01 1.43884826e+01 2.62500000e+02
      vertex 8.85260744e+01 1.40820481e+01 2.62500000e+02
      vertex 9.24812726e+01 1.54862136e+01 2.80000000e+02
    endloop
  endfacet
  facet normal -1.20663317e-01 -9.86929878e-01 1.06816568e-01
    outer loop
      vertex 8.59680550e+01 1.43884826e+01 2.62500000e+02
      vertex 9.24812726e+01 1.54862136e+01 2.80000000e+02
      vertex 9.00265318e+01 1.57863334e+01 2.80000000e+02
    endloop
  endfacet
  facet normal -9.82906113e-02 -9.89988654e-01 1.01298666e-01
    outer loop
      vertex 8.85260744e+01 1.40820481e+01 2.62500000e+02
      vertex 9.10899719e+01 1.38274926e+01 2.62500000e+02
      vertex 9.49417605e+01 1.52357229e+01 2.80000000e+02
    endloop
  endfacet
  facet normal -1.00751699e-01 -9.89650756e-01 1.02178651e-01
    outer loop
      vertex 8.85260744e+01 1.40820481e+01 2.62500000e+02
      vertex 9.49417605e+01 1.52357229e+01 2.80000000e+02
      vertex 9.24812726e+01 1.54862136e+01 2.80000000e+02
    endloop
  endfacet
  facet normal -7.06255201e-02 -9.92959703e-01 9.50950272e-02
    outer loop
      vertex 9.10899719e+01 1.38274926e+01 2.62500000e+02
      vertex 9.36600059e+01 1.36446957e+01 2.62500000e+02
      vertex 9.74083062e+01 1.50540553e+01 2.80000000e+02
    endloop
  endfacet
  facet normal -7.31145876e-02 -9.92694833e-01 9.59751346e-02
    outer loop
      vertex 9.10899719e+01 1.38274926e+01 2.62500000e+02
      vertex 9.74083062e+01 1.50540553e+01 2.80000000e+02
      vertex 9.49417605e+01 1.52357229e+01 2.80000000e+02
    endloop
  endfacet
  facet normal -4.96200410e-02 -9.94671648e-01 9.03668338e-02
    outer loop
      vertex 9.36600059e+01 1.36446957e+01 2.62500000e+02
      vertex 9.62330750e+01 1.35163359e+01 2.62500000e+02
      vertex 9.98778845e+01 1.49244026e+01 2.80000000e+02
    endloop
  endfacet
  facet normal -5.22089036e-02 -9.94456557e-01 9.12709470e-02
    outer loop
      vertex 9.36600059e+01 1.36446957e+01 2.62500000e+02
      vertex 9.98778845e+01 1.49244026e+01 2.80000000e+02
      vertex 9.74083062e+01 1.50540553e+01 2.80000000e+02
    endloop
  endfacet
  facet normal -2.78358054e-02 -9.95944661e-01 8.55534970e-02
    outer loop
      vertex 9.62330750e+01 1.35163359e+01 2.62500000e+02
      vertex 9.88081783e+01 1.34443640e+01 2.62500000e+02
      vertex 1.02349554e+02 1.48486681e+01 2.80000000e+02
    endloop
  endfacet
  facet normal -3.05119378e-02 -9.95786516e-01 8.64768001e-02
    outer loop
      vertex 9.62330750e+01 1.35163359e+01 2.62500000e+02
      vertex 1.02349554e+02 1.48486681e+01 2.80000000e+02
      vertex 9.98778845e+01 1.49244026e+01 2.80000000e+02
    endloop
  endfacet
  facet normal -1.72361947e-03 -9.96796557e-01 7.99603160e-02
    outer loop
      vertex 9.88081783e+01 1.34443640e+01 2.62500000e+02
      vertex 1.01384702e+02 1.34399088e+01 2.62500000e+02
      vertex 1.04822757e+02 1.48377663e+01 2.80000000e+02
    endloop
  endfacet
  facet normal -4.39345332e-03 -9.96714860e-01 8.08714069e-02
    outer loop
      vertex 9.88081783e+01 1.34443640e+01 2.62500000e+02
      vertex 1.04822757e+02 1.48377663e+01 2.80000000e+02
      vertex 1.02349554e+02 1.48486681e+01 2.80000000e+02
    endloop
  endfacet
  facet normal 4.73015120e-02 -9.96432802e-01 6.98873263e-02
    outer loop
      vertex 1.01384702e+02 1.34399088e+01 2.62500000e+02
      vertex 1.03958094e+02 1.35620699e+01 2.62500000e+02
      vertex 1.07293302e+02 1.49478016e+01 2.80000000e+02
    endloop
  endfacet
  facet normal 4.43828639e-02 -9.96497079e-01 7.08783005e-02
    outer loop
      vertex 1.01384702e+02 1.34399088e+01 2.62500000e+02
      vertex 1.07293302e+02 1.49478016e+01 2.80000000e+02
      vertex 1.04822757e+02 1.48377663e+01 2.80000000e+02
    endloop
  endfacet
  facet normal 7.47201495e-02 -9.95139704e-01 6.41394426e-02
    outer loop
      vertex 1.03958094e+02 1.35620699e+01 2.62500000e+02
      vertex 1.06526689e+02 1.37549330e+01 2.62500000e+02
      vertex 1.09759459e+02 1.51255881e+01 2.80000000e+02
    endloop
  endfacet
  facet normal 7.17511982e-02 -9.95293366e-01 6.51373983e-02
    outer loop
      vertex 1.03958094e+02 1.35620699e+01 2.62500000e+02
      vertex 1.09759459e+02 1.51255881e+01 2.80000000e+02
      vertex 1.07293302e+02 1.49478016e+01 2.80000000e+02
    endloop
  endfacet
  facet normal 9.81307253e-02 -9.93407447e-01 5.92621723e-02
    outer loop
      vertex 1.06526689e+02 1.37549330e+01 2.62500000e+02
      vertex 1.09090700e+02 1.40082110e+01 2.62500000e+02
      vertex 1.12221383e+02 1.53614365e+01 2.80000000e+02
    endloop
  endfacet
  facet normal 9.51886116e-02 -9.93634851e-01 6.02404444e-02
    outer loop
      vertex 1.06526689e+02 1.37549330e+01 2.62500000e+02
      vertex 1.12221383e+02 1.53614365e+01 2.80000000e+02
      vertex 1.09759459e+02 1.51255881e+01 2.80000000e+02
    endloop
  endfacet
  facet normal 1.18595127e-01 -9.91416440e-01 5.50330681e-02
    outer loop
      vertex 1.09090700e+02 1.40082110e+01 2.62500000e+02
      vertex 1.11648979e+02 1.43142373e+01 2.62500000e+02
      vertex 1.14677947e+02 1.56479851e+01 2.80000000e+02
    endloop
  endfacet
  facet normal 1.15678804e-01 -9.91707303e-01 5.59914207e-02
    outer loop
      vertex 1.09090700e+02 1.40082110e+01 2.62500000e+02
      vertex 1.14677947e+02 1.56479851e+01 2.80000000e+02
      vertex 1.12221383e+02 1.53614365e+01 2.80000000e+02
    endloop
  endfacet
  facet normal 1.21505308e-01 -9.91115944e-01 5.40892327e-02
    outer loop
      vertex 1.11648979e+02 1.43142373e+01 2.62500000e+02
      vertex 1.14206340e+02 1.46277555e+01 2.62500000e+02
      vertex 1.17133656e+02 1.59416745e+01 2.80000000e+02
    endloop
  endfacet
  facet normal 1.18568326e-01 -9.91419376e-01 5.50379308e-02
    outer loop
      vertex 1.11648979e+02 1.43142373e+01 2.62500000e+02
      vertex 1.17133656e+02 1.59416745e+01 2.80000000e+02
      vertex 1.14677947e+02 1.56479851e+01 2.80000000e+02
    endloop
  endfacet
  facet normal 1.24093630e-01 -9.90842193e-01 5.32214256e-02
    outer loop
      vertex 1.14206340e+02 1.46277555e+01 2.62500000e+02
      vertex 1.16762885e+02 1.49479387e+01 2.62500000e+02
      vertex 1.19588596e+02 1.62418155e+01 2.80000000e+02
    endloop
  endfacet
  facet normal 1.21178339e-01 -9.91152837e-01 5.41466964e-02
    outer loop
      vertex 1.14206340e+02 1.46277555e+01 2.62500000e+02
      vertex 1.19588596e+02 1.62418155e+01 2.80000000e+02
      vertex 1.17133656e+02 1.59416745e+01 2.80000000e+02
    endloop
  endfacet
  facet normal 1.20389899e-01 -9.91287236e-01 5.34405047e-02
    outer loop
      vertex 1.16762885e+02 1.49479387e+01 2.62500000e+02
      vertex 1.19320610e+02 1.52585694e+01 2.62500000e+02
      vertex 1.22044636e+02 1.65328257e+01 2.80000000e+02
    endloop
  endfacet
  facet normal 1.17490648e-01 -9.91586017e-01 5.43425989e-02
    outer loop
      vertex 1.16762885e+02 1.49479387e+01 2.62500000e+02
      vertex 1.22044636e+02 1.65328257e+01 2.80000000e+02
      vertex 1.19588596e+02 1.62418155e+01 2.80000000e+02
    endloop
  endfacet
  facet normal 1.15554885e-01 -9.91841554e-01 5.38275045e-02
    outer loop
      vertex 1.19320610e+02 1.52585694e+01 2.62500000e+02
      vertex 1.21879783e+02 1.55567268e+01 2.62500000e+02
      vertex 1.24502018e+02 1.68119610e+01 2.80000000e+02
    endloop
  endfacet
  facet normal 1.12695730e-01 -9.92122820e-01 5.46990110e-02
    outer loop
      vertex 1.19320610e+02 1.52585694e+01 2.62500000e+02
      vertex 1.24502018e+02 1.68119610e+01 2.80000000e+02
      vertex 1.22044636e+02 1.65328257e+01 2.80000000e+02
    endloop
  endfacet
  facet normal 1.09218316e-01 -9.92527107e-01 5.44178366e-02
    outer loop
      vertex 1.21879783e+02 1.55567268e+01 2.62500000e+02
      vertex 1.24440844e+02 1.58385476e+01 2.62500000e+02
      vertex 1.26961173e+02 1.70753685e+01 2.80000000e+02
    endloop
  endfacet
  facet normal 1.06340946e-01 -9.92792089e-01 5.52763196e-02
    outer loop
      vertex 1.21879783e+02 1.55567268e+01 2.62500000e+02
      vertex 1.26961173e+02 1.70753685e+01 2.80000000e+02
      vertex 1.24502018e+02 1.68119610e+01 2.80000000e+02
    endloop
  endfacet
  facet normal 9.34994183e-02 -9.94021212e-01 5.63887370e-02
    outer loop
      vertex 1.24440844e+02 1.58385476e+01 2.62500000e+02
      vertex 1.27006010e+02 1.60798317e+01 2.62500000e+02
      vertex 1.29424139e+02 1.73000235e+01 2.80000000e+02
    endloop
  endfacet
  facet normal 9.06873740e-02 -9.94234942e-01 5.72073432e-02
    outer loop
      vertex 1.24440844e+02 1.58385476e+01 2.62500000e+02
      vertex 1.29424139e+02 1.73000235e+01 2.80000000e+02
      vertex 1.26961173e+02 1.70753685e+01 2.80000000e+02
    endloop
  endfacet
  facet normal 8.23653869e-02 -9.94936447e-01 5.75969487e-02
    outer loop
      vertex 1.27006010e+02 1.60798317e+01 2.62500000e+02
      vertex 1.29573599e+02 1.62923885e+01 2.62500000e+02
      vertex 1.31889349e+02 1.74971732e+01 2.80000000e+02
    endloop
  endfacet
  facet normal 7.95822469e-02 -9.95116820e-01 5.83881867e-02
    outer loop
      vertex 1.27006010e+02 1.60798317e+01 2.62500000e+02
      vertex 1.31889349e+02 1.74971732e+01 2.80000000e+02
      vertex 1.29424139e+02 1.73000235e+01 2.80000000e+02
    endloop
  endfacet
  facet normal 6.87271206e-02 -9.95884742e-01 5.90776010e-02
    outer loop
      vertex 1.29573599e+02 1.62923885e+01 2.62500000e+02
      vertex 1.32143971e+02 1.64697727e+01 2.62500000e+02
      vertex 1.34357130e+02 1.76606355e+01 2.80000000e+02
    endloop
  endfacet
  facet normal 6.59752931e-02 -9.96025271e-01 5.98407855e-02
    outer loop
      vertex 1.29573599e+02 1.62923885e+01 2.62500000e+02
      vertex 1.34357130e+02 1.76606355e+01 2.80000000e+02
      vertex 1.31889349e+02 1.74971732e+01 2.80000000e+02
    endloop
  endfacet
  facet normal 4.31529211e-02 -9.97142460e-01 6.20059683e-02
    outer loop
      vertex 1.32143971e+02 1.64697727e+01 2.62500000e+02
      vertex 1.34718087e+02 1.65811717e+01 2.62500000e+02
      vertex 1.36828330e+02 1.77607098e+01 2.80000000e+02
    endloop
  endfacet
  facet normal 4.03833518e-02 -9.97211771e-01 6.27524331e-02
    outer loop
      vertex 1.32143971e+02 1.64697727e+01 2.62500000e+02
      vertex 1.36828330e+02 1.77607098e+01 2.80000000e+02
      vertex 1.34357130e+02 1.76606355e+01 2.80000000e+02
    endloop
  endfacet
  facet normal 1.98775935e-02 -9.97721373e-01 6.44743672e-02
    outer loop
      vertex 1.34718087e+02 1.65811717e+01 2.62500000e+02
      vertex 1.37293899e+02 1.66324895e+01 2.62500000e+02
      vertex 1.39300993e+02 1.78033551e+01 2.80000000e+02
    endloop
  endfacet
  facet normal 1.72074827e-02 -9.97725546e-01 6.51739081e-02
    outer loop
      vertex 1.34718087e+02 1.65811717e+01 2.62500000e+02
      vertex 1.39300993e+02 1.78033551e+01 2.80000000e+02
      vertex 1.36828330e+02 1.77607098e+01 2.80000000e+02
    endloop
  endfacet
  facet normal -9.13893434e-03 -9.97682270e-01 6.74282427e-02
    outer loop
      vertex 1.37293899e+02 1.66324895e+01 2.62500000e+02
      vertex 1.39869964e+02 1.66088924e+01 2.62500000e+02
      vertex 1.41773709e+02 1.77741893e+01 2.80000000e+02
    endloop
  endfacet
  facet normal -1.17668856e-02 -9.97609365e-01 6.80962135e-02
    outer loop
      vertex 1.37293899e+02 1.66324895e+01 2.62500000e+02
      vertex 1.41773709e+02 1.77741893e+01 2.80000000e+02
      vertex 1.39300993e+02 1.78033551e+01 2.80000000e+02
    endloop
  endfacet
  facet normal -4.79924689e-02 -9.96306625e-01 7.12027485e-02
    outer loop
      vertex 1.39869964e+02 1.66088924e+01 2.62500000e+02
      vertex 1.42443076e+02 1.64849446e+01 2.62500000e+02
      vertex 1.44243348e+02 1.76488921e+01 2.80000000e+02
    endloop
  endfacet
  facet normal -5.05389679e-02 -9.96135739e-01 7.18289825e-02
    outer loop
      vertex 1.39869964e+02 1.66088924e+01 2.62500000e+02
      vertex 1.44243348e+02 1.76488921e+01 2.80000000e+02
      vertex 1.41773709e+02 1.77741893e+01 2.80000000e+02
    endloop
  endfacet
  facet normal -1.17243680e-01 -9.90072368e-01 7.75282190e-02
    outer loop
      vertex 1.42443076e+02 1.64849446e+01 2.62500000e+02
      vertex 1.45293296e+02 1.61474235e+01 2.62500000e+02
      vertex 1.46978407e+02 1.73182220e+01 2.80000000e+02
    endloop
  endfacet
  facet normal -1.19659510e-01 -9.89735325e-01 7.81382610e-02
    outer loop
      vertex 1.42443076e+02 1.64849446e+01 2.62500000e+02
      vertex 1.46978407e+02 1.73182220e+01 2.80000000e+02
      vertex 1.44243348e+02 1.76488921e+01 2.80000000e+02
    endloop
  endfacet
  facet normal 3.22365583e-01 9.41834827e-01 -9.50136246e-02
    outer loop
      vertex 1.46978407e+02 1.73182220e+01 2.80000000e+02
      vertex 1.44638719e+02 1.81190362e+01 2.80000000e+02
      vertex 1.46423510e+02 1.92735736e+01 2.97500000e+02
    endloop
  endfacet
  facet normal 3.24636372e-01 9.41070415e-01 -9.48562103e-02
    outer loop
      vertex 1.46978407e+02 1.73182220e+01 2.80000000e+02
      vertex 1.46423510e+02 1.92735736e+01 2.97500000e+02
      vertex 1.48663641e+02 1.85008067e+01 2.97500000e+02
    endloop
  endfacet
  facet normal 3.09812495e-01 9.46106137e-01 -9.43366019e-02
    outer loop
      vertex 1.44638719e+02 1.81190362e+01 2.80000000e+02
      vertex 1.42288417e+02 1.88886677e+01 2.80000000e+02
      vertex 1.44173118e+02 2.00164340e+01 2.97500000e+02
    endloop
  endfacet
  facet normal 3.12071605e-01 9.45377253e-01 -9.41974688e-02
    outer loop
      vertex 1.44638719e+02 1.81190362e+01 2.80000000e+02
      vertex 1.44173118e+02 2.00164340e+01 2.97500000e+02
      vertex 1.46423510e+02 1.92735736e+01 2.97500000e+02
    endloop
  endfacet
  facet normal 2.96003791e-01 9.50603413e-01 -9.34607212e-02
    outer loop
      vertex 1.42288417e+02 1.88886677e+01 2.80000000e+02
      vertex 1.39927034e+02 1.96239672e+01 2.80000000e+02
      vertex 1.41912030e+02 2.07264209e+01 2.97500000e+02
    endloop
  endfacet
  facet normal 2.98272737e-01 9.49905925e-01 -9.33386748e-02
    outer loop
      vertex 1.42288417e+02 1.88886677e+01 2.80000000e+02
      vertex 1.41912030e+02 2.07264209e+01 2.97500000e+02
      vertex 1.44173118e+02 2.00164340e+01 2.97500000e+02
    endloop
  endfacet
  facet normal 2.95145247e-01 9.50846811e-01 -9.36996545e-02
    outer loop
      vertex 1.39927034e+02 1.96239672e+01 2.80000000e+02
      vertex 1.37564987e+02 2.03571527e+01 2.80000000e+02
      vertex 1.39650298e+02 2.14343758e+01 2.97500000e+02
    endloop
  endfacet
  facet normal 2.97411081e-01 9.50151153e-01 -9.35918566e-02
    outer loop
      vertex 1.39927034e+02 1.96239672e+01 2.80000000e+02
      vertex 1.39650298e+02 2.14343758e+01 2.97500000e+02
      vertex 1.41912030e+02 2.07264209e+01 2.97500000e+02
    endloop
  endfacet
  facet normal 2.96920541e-01 9.50245190e-01 -9.41927370e-02
    outer loop
      vertex 1.37564987e+02 2.03571527e+01 2.80000000e+02
      vertex 1.35204325e+02 2.10947823e+01 2.80000000e+02
      vertex 1.37389891e+02 2.21465460e+01 2.97500000e+02
    endloop
  endfacet
  facet normal 2.99167685e-01 9.49549395e-01 -9.40991076e-02
    outer loop
      vertex 1.37564987e+02 2.03571527e+01 2.80000000e+02
      vertex 1.37389891e+02 2.21465460e+01 2.97500000e+02
      vertex 1.39650298e+02 2.14343758e+01 2.97500000e+02
    endloop
  endfacet
  facet normal 2.98306950e-01 9.49765146e-01 -9.46526821e-02
    outer loop
      vertex 1.35204325e+02 2.10947823e+01 2.80000000e+02
      vertex 1.32844752e+02 2.18358887e+01 2.80000000e+02
      vertex 1.35130520e+02 2.28619965e+01 2.97500000e+02
    endloop
  endfacet
  facet normal 3.00532099e-01 9.49071315e-01 -9.45732321e-02
    outer loop
      vertex 1.35204325e+02 2.10947823e+01 2.80000000e+02
      vertex 1.35130520e+02 2.28619965e+01 2.97500000e+02
      vertex 1.37389891e+02 2.21465460e+01 2.97500000e+02
    endloop
  endfacet
  facet normal 2.98849277e-01 9.49557553e-01 -9.50240126e-02
    outer loop
      vertex 1.32844752e+02 2.18358887e+01 2.80000000e+02
      vertex 1.30485612e+02 2.25783685e+01 2.80000000e+02
      vertex 1.32871551e+02 2.35787124e+01 2.97500000e+02
    endloop
  endfacet
  facet normal 3.01052638e-01 9.48867828e-01 -9.49586971e-02
    outer loop
      vertex 1.32844752e+02 2.18358887e+01 2.80000000e+02
      vertex 1.32871551e+02 2.35787124e+01 2.97500000e+02
      vertex 1.35130520e+02 2.28619965e+01 2.97500000e+02
    endloop
  endfacet
  facet normal 2.97687260e-01 9.49905314e-01 -9.51955290e-02
    outer loop
      vertex 1.30485612e+02 2.25783685e+01 2.80000000e+02
      vertex 1.28125569e+02 2.33179734e+01 2.80000000e+02
      vertex 1.30611696e+02 2.42926320e+01 2.97500000e+02
    endloop
  endfacet
  facet normal 2.99872745e-01 9.49222775e-01 -9.51444149e-02
    outer loop
      vertex 1.30485612e+02 2.25783685e+01 2.80000000e+02
      vertex 1.30611696e+02 2.42926320e+01 2.97500000e+02
      vertex 1.32871551e+02 2.35787124e+01 2.97500000e+02
    endloop
  endfacet
  facet normal 2.93480407e-01 9.51234846e-01 -9.49816729e-02
    outer loop
      vertex 1.28125569e+02 2.33179734e+01 2.80000000e+02
      vertex 1.25762277e+02 2.40471097e+01 2.80000000e+02
      vertex 1.28348703e+02 2.49965219e+01 2.97500000e+02
    endloop
  endfacet
  facet normal 2.95666191e-01 9.50561392e-01 -9.49449471e-02
    outer loop
      vertex 1.28125569e+02 2.33179734e+01 2.80000000e+02
      vertex 1.28348703e+02 2.49965219e+01 2.97500000e+02
      vertex 1.30611696e+02 2.42926320e+01 2.97500000e+02
    endloop
  endfacet
  facet normal 2.87471500e-01 9.53115443e-01 -9.45044398e-02
    outer loop
      vertex 1.25762277e+02 2.40471097e+01 2.80000000e+02
      vertex 1.23394457e+02 2.47612737e+01 2.80000000e+02
      vertex 1.26081334e+02 2.56860592e+01 2.97500000e+02
    endloop
  endfacet
  facet normal 2.89654701e-01 9.52456407e-01 -9.44825220e-02
    outer loop
      vertex 1.25762277e+02 2.40471097e+01 2.80000000e+02
      vertex 1.26081334e+02 2.56860592e+01 2.97500000e+02
      vertex 1.28348703e+02 2.49965219e+01 2.97500000e+02
    endloop
  endfacet
  facet normal 2.79977333e-01 9.55414780e-01 -9.37832159e-02
    outer loop
      vertex 1.23394457e+02 2.47612737e+01 2.80000000e+02
      vertex 1.21021077e+02 2.54567754e+01 2.80000000e+02
      vertex 1.23808591e+02 2.63577094e+01 2.97500000e+02
    endloop
  endfacet
  facet normal 2.82158578e-01 9.54773552e-01 -9.37763386e-02
    outer loop
      vertex 1.23394457e+02 2.47612737e+01 2.80000000e+02
      vertex 1.23808591e+02 2.63577094e+01 2.97500000e+02
      vertex 1.26081334e+02 2.56860592e+01 2.97500000e+02
    endloop
  endfacet
  facet normal 2.62224442e-01 9.60655538e-01 -9.15384048e-02
    outer loop
      vertex 1.21021077e+02 2.54567754e+01 2.80000000e+02
      vertex 1.18635147e+02 2.61080487e+01 2.80000000e+02
      vertex 1.21523749e+02 2.69870942e+01 2.97500000e+02
    endloop
  endfacet
  facet normal 2.64454426e-01 9.60043049e-01 -9.15488989e-02
    outer loop
      vertex 1.21021077e+02 2.54567754e+01 2.80000000e+02
      vertex 1.21523749e+02 2.69870942e+01 2.97500000e+02
      vertex 1.23808591e+02 2.63577094e+01 2.97500000e+02
    endloop
  endfacet
  facet normal 2.38330529e-01 9.67167755e-01 -8.82331674e-02
    outer loop
      vertex 1.18635147e+02 2.61080487e+01 2.80000000e+02
      vertex 1.16234089e+02 2.66997201e+01 2.80000000e+02
      vertex 1.19224271e+02 2.75593731e+01 2.97500000e+02
    endloop
  endfacet
  facet normal 2.40563981e-01 9.66611992e-01 -8.82622639e-02
    outer loop
      vertex 1.18635147e+02 2.61080487e+01 2.80000000e+02
      vertex 1.19224271e+02 2.75593731e+01 2.97500000e+02
      vertex 1.21523749e+02 2.69870942e+01 2.97500000e+02
    endloop
  endfacet
  facet normal 2.07715005e-01 9.74603178e-01 -8.36846569e-02
    outer loop
      vertex 1.16234089e+02 2.66997201e+01 2.80000000e+02
      vertex 1.13816159e+02 2.72150480e+01 2.80000000e+02
      vertex 1.16908478e+02 2.80586330e+01 2.97500000e+02
    endloop
  endfacet
  facet normal 2.10006987e-01 9.74107591e-01 -8.37344985e-02
    outer loop
      vertex 1.16234089e+02 2.66997201e+01 2.80000000e+02
      vertex 1.16908478e+02 2.80586330e+01 2.97500000e+02
      vertex 1.19224271e+02 2.75593731e+01 2.97500000e+02
    endloop
  endfacet
  facet normal 1.68011479e-01 9.82742426e-01 -7.73916446e-02
    outer loop
      vertex 1.13816159e+02 2.72150480e+01 2.80000000e+02
      vertex 1.11378463e+02 2.76318011e+01 2.80000000e+02
      vertex 1.14573562e+02 2.84636981e+01 2.97500000e+02
    endloop
  endfacet
  facet normal 1.70415005e-01 9.82322650e-01 -7.74657180e-02
    outer loop
      vertex 1.13816159e+02 2.72150480e+01 2.80000000e+02
      vertex 1.14573562e+02 2.84636981e+01 2.97500000e+02
      vertex 1.16908478e+02 2.80586330e+01 2.97500000e+02
    endloop
  endfacet
  facet normal 1.05576915e-01 9.92165631e-01 -6.67897874e-02
    outer loop
      vertex 1.11378463e+02 2.76318011e+01 2.80000000e+02
      vertex 1.08919120e+02 2.78935012e+01 2.80000000e+02
      vertex 1.12217575e+02 2.87205612e+01 2.97500000e+02
    endloop
  endfacet
  facet normal 1.08140692e-01 9.91882371e-01 -6.68950956e-02
    outer loop
      vertex 1.11378463e+02 2.76318011e+01 2.80000000e+02
      vertex 1.12217575e+02 2.87205612e+01 2.97500000e+02
      vertex 1.14573562e+02 2.84636981e+01 2.97500000e+02
    endloop
  endfacet
  facet normal 6.93624552e-02 9.95755794e-01 -6.04917217e-02
    outer loop
      vertex 1.08919120e+02 2.78935012e+01 2.80000000e+02
      vertex 1.06452519e+02 2.80653199e+01 2.80000000e+02
      vertex 1.09854420e+02 2.88914672e+01 2.97500000e+02
    endloop
  endfacet
  facet normal 7.20000332e-02 9.95560657e-01 -6.06215610e-02
    outer loop
      vertex 1.08919120e+02 2.78935012e+01 2.80000000e+02
      vertex 1.09854420e+02 2.88914672e+01 2.97500000e+02
      vertex 1.12217575e+02 2.87205612e+01 2.97500000e+02
    endloop
  endfacet
  facet normal 3.82136701e-02 9.97760544e-01 -5.48963761e-02
    outer loop
      vertex 1.06452519e+02 2.80653199e+01 2.80000000e+02
      vertex 1.03981634e+02 2.81599535e+01 2.80000000e+02
      vertex 1.07486970e+02 2.89885439e+01 2.97500000e+02
    endloop
  endfacet
  facet normal 4.09081879e-02 9.97645260e-01 -5.50495712e-02
    outer loop
      vertex 1.06452519e+02 2.80653199e+01 2.80000000e+02
      vertex 1.07486970e+02 2.89885439e+01 2.97500000e+02
      vertex 1.09854420e+02 2.88914672e+01 2.97500000e+02
    endloop
  endfacet
  facet normal 9.26818315e-03 9.98730391e-01 -4.95147152e-02
    outer loop
      vertex 1.03981634e+02 2.81599535e+01 2.80000000e+02
      vertex 1.01508673e+02 2.81829025e+01 2.80000000e+02
      vertex 1.05117345e+02 2.90170231e+01 2.97500000e+02
    endloop
  endfacet
  facet normal 1.20027553e-02 9.98692548e-01 -4.96903295e-02
    outer loop
      vertex 1.03981634e+02 2.81599535e+01 2.80000000e+02
      vertex 1.05117345e+02 2.90170231e+01 2.97500000e+02
      vertex 1.07486970e+02 2.89885439e+01 2.97500000e+02
    endloop
  endfacet
  facet normal -2.68721696e-02 9.98737637e-01 -4.24384046e-02
    outer loop
      vertex 1.01508673e+02 2.81829025e+01 2.80000000e+02
      vertex 9.90363420e+01 2.81163816e+01 2.80000000e+02
      vertex 1.02748089e+02 2.89598611e+01 2.97500000e+02
    endloop
  endfacet
  facet normal -2.40976056e-02 9.98799947e-01 -4.26376760e-02
    outer loop
      vertex 1.01508673e+02 2.81829025e+01 2.80000000e+02
      vertex 1.02748089e+02 2.89598611e+01 2.97500000e+02
      vertex 1.05117345e+02 2.90170231e+01 2.97500000e+02
    endloop
  endfacet
  facet normal -5.83676482e-02 9.97642726e-01 -3.60861378e-02
    outer loop
      vertex 9.90363420e+01 2.81163816e+01 2.80000000e+02
      vertex 9.65676408e+01 2.79719488e+01 2.80000000e+02
      vertex 1.00382099e+02 2.88281154e+01 2.97500000e+02
    endloop
  endfacet
  facet normal -5.55603441e-02 9.97794950e-01 -3.63082116e-02
    outer loop
      vertex 9.90363420e+01 2.81163816e+01 2.80000000e+02
      vertex 1.00382099e+02 2.88281154e+01 2.97500000e+02
      vertex 1.02748089e+02 2.89598611e+01 2.97500000e+02
    endloop
  endfacet
  facet normal -8.78828693e-02 9.95680754e-01 -2.99405559e-02
    outer loop
      vertex 9.65676408e+01 2.79719488e+01 2.80000000e+02
      vertex 9.41044749e+01 2.77545397e+01 2.80000000e+02
      vertex 9.80212101e+01 2.86264795e+01 2.97500000e+02
    endloop
  endfacet
  facet normal -8.50582181e-02 9.95918682e-01 -3.01840735e-02
    outer loop
      vertex 9.65676408e+01 2.79719488e+01 2.80000000e+02
      vertex 9.80212101e+01 2.86264795e+01 2.97500000e+02
      vertex 1.00382099e+02 2.88281154e+01 2.97500000e+02
    endloop
  endfacet
  facet normal -1.19960201e-01 9.92512498e-01 -2.29889319e-02
    outer loop
      vertex 9.41044749e+01 2.77545397e+01 2.80000000e+02
      vertex 9.16496042e+01 2.74578313e+01 2.80000000e+02
      vertex 9.56680515e+01 2.83488630e+01 2.97500000e+02
    endloop
  endfacet
  facet normal -1.17131892e-01 9.92844108e-01 -2.32528954e-02
    outer loop
      vertex 9.41044749e+01 2.77545397e+01 2.80000000e+02
      vertex 9.56680515e+01 2.83488630e+01 2.97500000e+02
      vertex 9.80212101e+01 2.86264795e+01 2.97500000e+02
    endloop
  endfacet
  facet normal -1.56188276e-01 9.87616355e-01 -1.48040097e-02
    outer loop
      vertex 9.16496042e+01 2.74578313e+01 2.80000000e+02
      vertex 8.92071621e+01 2.70715671e+01 2.80000000e+02
      vertex 9.33265649e+01 2.79853558e+01 2.97500000e+02
    endloop
  endfacet
  facet normal -1.53391200e-01 9.88050393e-01 -1.50851270e-02
    outer loop
      vertex 9.16496042e+01 2.74578313e+01 2.80000000e+02
      vertex 9.33265649e+01 2.79853558e+01 2.97500000e+02
      vertex 9.56680515e+01 2.83488630e+01 2.97500000e+02
    endloop
  endfacet
  facet normal -1.99441893e-01 9.79898889e-01 -4.59335286e-03
    outer loop
      vertex 8.92071621e+01 2.70715671e+01 2.80000000e+02
      vertex 8.67839983e+01 2.65783730e+01 2.80000000e+02
      vertex 9.10032947e+01 2.75191723e+01 2.97500000e+02
    endloop
  endfacet
  facet normal -1.96734383e-01 9.80444653e-01 -4.88520052e-03
    outer loop
      vertex 8.92071621e+01 2.70715671e+01 2.80000000e+02
      vertex 9.10032947e+01 2.75191723e+01 2.97500000e+02
      vertex 9.33265649e+01 2.79853558e+01 2.97500000e+02
    endloop
  endfacet
  facet normal -2.52834489e-01 9.67471364e-01 8.59541838e-03
    outer loop
      vertex 8.67839983e+01 2.65783730e+01 2.80000000e+02
      vertex 8.43915851e+01 2.59531508e+01 2.80000000e+02
      vertex 8.87092366e+01 2.69260286e+01 2.97500000e+02
    endloop
  endfacet
  facet normal -2.50315951e-01 9.68128580e-01 8.30528859e-03
    outer loop
      vertex 8.67839983e+01 2.65783730e+01 2.80000000e+02
      vertex 8.87092366e+01 2.69260286e+01 2.97500000e+02
      vertex 9.10032947e+01 2.75191723e+01 2.97500000e+02
    endloop
  endfacet
  facet normal -3.15892302e-01 9.48468874e-01 2.48766831e-02
    outer loop
      vertex 8.43915851e+01 2.59531508e+01 2.80000000e+02
      vertex 8.20458301e+01 2.51718854e+01 2.80000000e+02
      vertex 8.64596033e+01 2.61829202e+01 2.97500000e+02
    endloop
  endfacet
  facet normal -3.13560239e-01 9.49249844e-01 2.45908435e-02
    outer loop
      vertex 8.43915851e+01 2.59531508e+01 2.80000000e+02
      vertex 8.64596033e+01 2.61829202e+01 2.97500000e+02
      vertex 8.87092366e+01 2.69260286e+01 2.97500000e+02
    endloop
  endfacet
  facet normal -3.87849629e-01 9.20657820e-01 4.42927101e-02
    outer loop
      vertex 8.20458301e+01 2.51718854e+01 2.80000000e+02
      vertex 7.97679616e+01 2.42122776e+01 2.80000000e+02
      vertex 8.42745493e+01 2.52688655e+01 2.97500000e+02
    endloop
  endfacet
  facet normal -3.85542034e-01 9.21640886e-01 4.39933776e-02
    outer loop
      vertex 8.20458301e+01 2.51718854e+01 2.80000000e+02
      vertex 8.42745493e+01 2.52688655e+01 2.97500000e+02
      vertex 8.64596033e+01 2.61829202e+01 2.97500000e+02
    endloop
  endfacet
  facet normal -4.75841698e-01 8.76804491e-01 6.91994374e-02
    outer loop
      vertex 7.97679616e+01 2.42122776e+01 2.80000000e+02
      vertex 7.75961326e+01 2.30336262e+01 2.80000000e+02
      vertex 8.21900461e+01 2.41456021e+01 2.97500000e+02
    endloop
  endfacet
  facet normal -4.73248803e-01 8.78234477e-01 6.88460165e-02
    outer loop
      vertex 7.97679616e+01 2.42122776e+01 2.80000000e+02
      vertex 8.21900461e+01 2.41456021e+01 2.97500000e+02
      vertex 8.42745493e+01 2.52688655e+01 2.97500000e+02
    endloop
  endfacet
  facet normal -6.31579137e-01 7.66504445e-01 1.16527804e-01
    outer loop
      vertex 7.75961326e+01 2.30336262e+01 2.80000000e+02
      vertex 7.56931812e+01 2.14656452e+01 2.80000000e+02
      vertex 8.03602177e+01 2.26507216e+01 2.97500000e+02
    endloop
  endfacet
  facet normal -6.28389624e-01 7.69188711e-01 1.16082760e-01
    outer loop
      vertex 7.75961326e+01 2.30336262e+01 2.80000000e+02
      vertex 8.03602177e+01 2.26507216e+01 2.97500000e+02
      vertex 8.21900461e+01 2.41456021e+01 2.97500000e+02
    endloop
  endfacet
  facet normal -9.65690869e-01 -2.11228942e-02 2.58833865e-01
    outer loop
      vertex 7.56931812e+01 2.14656452e+01 2.80000000e+02
      vertex 7.57369602e+01 1.94641680e+01 2.80000000e+02
      vertex 8.03996616e+01 2.07359870e+01 2.97500000e+02
    endloop
  endfacet
  facet normal -9.65702404e-01 -1.98936230e-02 2.58888221e-01
    outer loop
      vertex 7.56931812e+01 2.14656452e+01 2.80000000e+02
      vertex 8.03996616e+01 2.07359870e+01 2.97500000e+02
      vertex 8.03602177e+01 2.26507216e+01 2.97500000e+02
    endloop
  endfacet
  facet normal -4.22956744e-01 -8.88681396e-01 1.77067696e-01
    outer loop
      vertex 7.57369602e+01 1.94641680e+01 2.80000000e+02
      vertex 7.79639028e+01 1.84042827e+01 2.80000000e+02
      vertex 8.25320426e+01 1.97169682e+01 2.97500000e+02
    endloop
  endfacet
  facet normal -4.24321181e-01 -8.87927100e-01 1.77586597e-01
    outer loop
      vertex 7.57369602e+01 1.94641680e+01 2.80000000e+02
      vertex 8.25320426e+01 1.97169682e+01 2.97500000e+02
      vertex 8.03996616e+01 2.07359870e+01 2.97500000e+02
    endloop
  endfacet
  facet normal -2.97633786e-01 -9.43111486e-01 1.48171706e-01
    outer loop
      vertex 7.79639028e+01 1.84042827e+01 2.80000000e+02
      vertex 8.03214395e+01 1.76602746e+01 2.80000000e+02
      vertex 8.47897252e+01 1.89995564e+01 2.97500000e+02
    endloop
  endfacet
  facet normal -2.99468253e-01 -9.42421532e-01 1.48863765e-01
    outer loop
      vertex 7.79639028e+01 1.84042827e+01 2.80000000e+02
      vertex 8.47897252e+01 1.89995564e+01 2.97500000e+02
      vertex 8.25320426e+01 1.97169682e+01 2.97500000e+02
    endloop
  endfacet
  facet normal -2.40507638e-01 -9.61256906e-01 1.34689409e-01
    outer loop
      vertex 8.03214395e+01 1.76602746e+01 2.80000000e+02
      vertex 8.27201270e+01 1.70601201e+01 2.80000000e+02
      vertex 8.70870248e+01 1.84195822e+01 2.97500000e+02
    endloop
  endfacet
  facet normal -2.42523434e-01 -9.60644475e-01 1.35442152e-01
    outer loop
      vertex 8.03214395e+01 1.76602746e+01 2.80000000e+02
      vertex 8.70870248e+01 1.84195822e+01 2.97500000e+02
      vertex 8.47897252e+01 1.89995564e+01 2.97500000e+02
    endloop
  endfacet
  facet normal -1.99966183e-01 -9.71784759e-01 1.25091600e-01
    outer loop
      vertex 8.27201270e+01 1.70601201e+01 2.80000000e+02
      vertex 8.51422363e+01 1.65617176e+01 2.80000000e+02
      vertex 8.94069237e+01 1.79368264e+01 2.97500000e+02
    endloop
  endfacet
  facet normal -2.02108565e-01 -9.71239223e-01 1.25882880e-01
    outer loop
      vertex 8.27201270e+01 1.70601201e+01 2.80000000e+02
      vertex 8.94069237e+01 1.79368264e+01 2.97500000e+02
      vertex 8.70870248e+01 1.84195822e+01 2.97500000e+02
    endloop
  endfacet
  facet normal -1.68599923e-01 -9.78634909e-01 1.17676591e-01
    outer loop
      vertex 8.51422363e+01 1.65617176e+01 2.80000000e+02
      vertex 8.75792628e+01 1.61418649e+01 2.80000000e+02
      vertex 9.17412524e+01 1.75291333e+01 2.97500000e+02
    endloop
  endfacet
  facet normal -1.70834773e-01 -9.78148772e-01 1.18492449e-01
    outer loop
      vertex 8.51422363e+01 1.65617176e+01 2.80000000e+02
      vertex 9.17412524e+01 1.75291333e+01 2.97500000e+02
      vertex 8.94069237e+01 1.79368264e+01 2.97500000e+02
    endloop
  endfacet
  facet normal -1.42869265e-01 -9.83427508e-01 1.11618592e-01
    outer loop
      vertex 8.75792628e+01 1.61418649e+01 2.80000000e+02
      vertex 9.00265318e+01 1.57863334e+01 2.80000000e+02
      vertex 9.40855146e+01 1.71828994e+01 2.97500000e+02
    endloop
  endfacet
  facet normal -1.45182421e-01 -9.82993610e-01 1.12452779e-01
    outer loop
      vertex 8.75792628e+01 1.61418649e+01 2.80000000e+02
      vertex 9.40855146e+01 1.71828994e+01 2.97500000e+02
      vertex 9.17412524e+01 1.75291333e+01 2.97500000e+02
    endloop
  endfacet
  facet normal -1.20668417e-01 -9.86971592e-01 1.06424666e-01
    outer loop
      vertex 9.00265318e+01 1.57863334e+01 2.80000000e+02
      vertex 9.24812726e+01 1.54862136e+01 2.80000000e+02
      vertex 9.64370428e+01 1.68895925e+01 2.97500000e+02
    endloop
  endfacet
  facet normal -1.23057017e-01 -9.86584509e-01 1.07275243e-01
    outer loop
      vertex 9.00265318e+01 1.57863334e+01 2.80000000e+02
      vertex 9.64370428e+01 1.68895925e+01 2.97500000e+02
      vertex 9.40855146e+01 1.71828994e+01 2.97500000e+02
    endloop
  endfacet
  facet normal -1.00755577e-01 -9.89688847e-01 1.01805201e-01
    outer loop
      vertex 9.24812726e+01 1.54862136e+01 2.80000000e+02
      vertex 9.49417605e+01 1.52357229e+01 2.80000000e+02
      vertex 9.87941778e+01 1.66436790e+01 2.97500000e+02
    endloop
  endfacet
  facet normal -1.03215778e-01 -9.89345932e-01 1.02670007e-01
    outer loop
      vertex 9.24812726e+01 1.54862136e+01 2.80000000e+02
      vertex 9.87941778e+01 1.66436790e+01 2.97500000e+02
      vertex 9.64370428e+01 1.68895925e+01 2.97500000e+02
    endloop
  endfacet
  facet normal -7.31170511e-02 -9.92728281e-01 9.56266569e-02
    outer loop
      vertex 9.49417605e+01 1.52357229e+01 2.80000000e+02
      vertex 9.74083062e+01 1.50540553e+01 2.80000000e+02
      vertex 1.01157278e+02 1.64636583e+01 2.97500000e+02
    endloop
  endfacet
  facet normal -7.56053738e-02 -9.92458171e-01 9.64914874e-02
    outer loop
      vertex 9.49417605e+01 1.52357229e+01 2.80000000e+02
      vertex 1.01157278e+02 1.64636583e+01 2.97500000e+02
      vertex 9.87941778e+01 1.66436790e+01 2.97500000e+02
    endloop
  endfacet
  facet normal -5.22105006e-02 -9.94486977e-01 9.09379820e-02
    outer loop
      vertex 9.74083062e+01 1.50540553e+01 2.80000000e+02
      vertex 9.98778845e+01 1.49244026e+01 2.80000000e+02
      vertex 1.03523397e+02 1.63332503e+01 2.97500000e+02
    endloop
  endfacet
  facet normal -5.47987079e-02 -9.94266083e-01 9.18262422e-02
    outer loop
      vertex 9.74083062e+01 1.50540553e+01 2.80000000e+02
      vertex 1.03523397e+02 1.63332503e+01 2.97500000e+02
      vertex 1.01157278e+02 1.64636583e+01 2.97500000e+02
    endloop
  endfacet
  facet normal -3.05127731e-02 -9.95813777e-01 8.61620078e-02
    outer loop
      vertex 9.98778845e+01 1.49244026e+01 2.80000000e+02
      vertex 1.02349554e+02 1.48486681e+01 2.80000000e+02
      vertex 1.05891651e+02 1.62543083e+01 2.97500000e+02
    endloop
  endfacet
  facet normal -3.31883717e-02 -9.95649300e-01 8.70689612e-02
    outer loop
      vertex 9.98778845e+01 1.49244026e+01 2.80000000e+02
      vertex 1.05891651e+02 1.62543083e+01 2.97500000e+02
      vertex 1.03523397e+02 1.63332503e+01 2.97500000e+02
    endloop
  endfacet
  facet normal -4.39355451e-03 -9.96737818e-01 8.05879624e-02
    outer loop
      vertex 1.02349554e+02 1.48486681e+01 2.80000000e+02
      vertex 1.04822757e+02 1.48377663e+01 2.80000000e+02
      vertex 1.08261538e+02 1.62375134e+01 2.97500000e+02
    endloop
  endfacet
  facet normal -7.06304155e-03 -9.96649721e-01 8.14827975e-02
    outer loop
      vertex 1.02349554e+02 1.48486681e+01 2.80000000e+02
      vertex 1.08261538e+02 1.62375134e+01 2.97500000e+02
      vertex 1.05891651e+02 1.62543083e+01 2.97500000e+02
    endloop
  endfacet
  facet normal 4.43837726e-02 -9.96517481e-01 7.05903011e-02
    outer loop
      vertex 1.04822757e+02 1.48377663e+01 2.80000000e+02
      vertex 1.07293302e+02 1.49478016e+01 2.80000000e+02
      vertex 1.10629208e+02 1.63360265e+01 2.97500000e+02
    endloop
  endfacet
  facet normal 4.14650566e-02 -9.96573785e-01 7.15635433e-02
    outer loop
      vertex 1.04822757e+02 1.48377663e+01 2.80000000e+02
      vertex 1.10629208e+02 1.63360265e+01 2.97500000e+02
      vertex 1.08261538e+02 1.62375134e+01 2.97500000e+02
    endloop
  endfacet
  facet normal 7.17524272e-02 -9.95310413e-01 6.48750377e-02
    outer loop
      vertex 1.07293302e+02 1.49478016e+01 2.80000000e+02
      vertex 1.09759459e+02 1.51255881e+01 2.80000000e+02
      vertex 1.12992881e+02 1.64993496e+01 2.97500000e+02
    endloop
  endfacet
  facet normal 6.87831354e-02 -9.95455675e-01 6.58549860e-02
    outer loop
      vertex 1.07293302e+02 1.49478016e+01 2.80000000e+02
      vertex 1.12992881e+02 1.64993496e+01 2.97500000e+02
      vertex 1.10629208e+02 1.63360265e+01 2.97500000e+02
    endloop
  endfacet
  facet normal 9.51899092e-02 -9.93648396e-01 6.00145509e-02
    outer loop
      vertex 1.09759459e+02 1.51255881e+01 2.80000000e+02
      vertex 1.12221383e+02 1.53614365e+01 2.80000000e+02
      vertex 1.15352658e+02 1.67183757e+01 2.97500000e+02
    endloop
  endfacet
  facet normal 9.22472368e-02 -9.93867444e-01 6.09749995e-02
    outer loop
      vertex 1.09759459e+02 1.51255881e+01 2.80000000e+02
      vertex 1.15352658e+02 1.67183757e+01 2.97500000e+02
      vertex 1.12992881e+02 1.64993496e+01 2.97500000e+02
    endloop
  endfacet
  facet normal 1.15680034e-01 -9.91717852e-01 5.58017201e-02
    outer loop
      vertex 1.12221383e+02 1.53614365e+01 2.80000000e+02
      vertex 1.14677947e+02 1.56479851e+01 2.80000000e+02
      vertex 1.17707435e+02 1.69860485e+01 2.97500000e+02
    endloop
  endfacet
  facet normal 1.12762963e-01 -9.92000409e-01 5.67424201e-02
    outer loop
      vertex 1.12221383e+02 1.53614365e+01 2.80000000e+02
      vertex 1.17707435e+02 1.69860485e+01 2.97500000e+02
      vertex 1.15352658e+02 1.67183757e+01 2.97500000e+02
    endloop
  endfacet
  facet normal 1.18569361e-01 -9.91428030e-01 5.48795816e-02
    outer loop
      vertex 1.14677947e+02 1.56479851e+01 2.80000000e+02
      vertex 1.17133656e+02 1.59416745e+01 2.80000000e+02
      vertex 1.20061420e+02 1.72605153e+01 2.97500000e+02
    endloop
  endfacet
  facet normal 1.15631584e-01 -9.91723008e-01 5.58105017e-02
    outer loop
      vertex 1.14677947e+02 1.56479851e+01 2.80000000e+02
      vertex 1.20061420e+02 1.72605153e+01 2.97500000e+02
      vertex 1.17707435e+02 1.69860485e+01 2.97500000e+02
    endloop
  endfacet
  facet normal 1.21179134e-01 -9.91159340e-01 5.40257331e-02
    outer loop
      vertex 1.17133656e+02 1.59416745e+01 2.80000000e+02
      vertex 1.19588596e+02 1.62418155e+01 2.80000000e+02
      vertex 1.22414679e+02 1.75412156e+01 2.97500000e+02
    endloop
  endfacet
  facet normal 1.18263036e-01 -9.91461638e-01 5.49333627e-02
    outer loop
      vertex 1.17133656e+02 1.59416745e+01 2.80000000e+02
      vertex 1.22414679e+02 1.75412156e+01 2.97500000e+02
      vertex 1.20061420e+02 1.72605153e+01 2.97500000e+02
    endloop
  endfacet
  facet normal 1.17491186e-01 -9.91590550e-01 5.42586640e-02
    outer loop
      vertex 1.19588596e+02 1.62418155e+01 2.80000000e+02
      vertex 1.22044636e+02 1.65328257e+01 2.80000000e+02
      vertex 1.24768962e+02 1.78132038e+01 2.97500000e+02
    endloop
  endfacet
  facet normal 1.14591173e-01 -9.91881086e-01 5.51432166e-02
    outer loop
      vertex 1.19588596e+02 1.62418155e+01 2.80000000e+02
      vertex 1.24768962e+02 1.78132038e+01 2.97500000e+02
      vertex 1.22414679e+02 1.75412156e+01 2.97500000e+02
    endloop
  endfacet
  facet normal 1.12696001e-01 -9.92125200e-01 5.46552650e-02
    outer loop
      vertex 1.22044636e+02 1.65328257e+01 2.80000000e+02
      vertex 1.24502018e+02 1.68119610e+01 2.80000000e+02
      vertex 1.27124487e+02 1.80739074e+01 2.97500000e+02
    endloop
  endfacet
  facet normal 1.09836154e-01 -9.92398467e-01 5.55094775e-02
    outer loop
      vertex 1.22044636e+02 1.65328257e+01 2.80000000e+02
      vertex 1.27124487e+02 1.80739074e+01 2.97500000e+02
      vertex 1.24768962e+02 1.78132038e+01 2.97500000e+02
    endloop
  endfacet
  facet normal 1.06341016e-01 -9.92792741e-01 5.52644672e-02
    outer loop
      vertex 1.24502018e+02 1.68119610e+01 2.80000000e+02
      vertex 1.26961173e+02 1.70753685e+01 2.80000000e+02
      vertex 1.29481671e+02 1.83194957e+01 2.97500000e+02
    endloop
  endfacet
  facet normal 1.03462998e-01 -9.93049634e-01 5.61055416e-02
    outer loop
      vertex 1.24502018e+02 1.68119610e+01 2.80000000e+02
      vertex 1.29481671e+02 1.83194957e+01 2.97500000e+02
      vertex 1.27124487e+02 1.80739074e+01 2.97500000e+02
    endloop
  endfacet
  facet normal 9.06872061e-02 -9.94233101e-01 5.72396016e-02
    outer loop
      vertex 1.26961173e+02 1.70753685e+01 2.80000000e+02
      vertex 1.29424139e+02 1.73000235e+01 2.80000000e+02
      vertex 1.31842383e+02 1.85281026e+01 2.97500000e+02
    endloop
  endfacet
  facet normal 8.78746914e-02 -9.94439168e-01 5.80411922e-02
    outer loop
      vertex 1.26961173e+02 1.70753685e+01 2.80000000e+02
      vertex 1.31842383e+02 1.85281026e+01 2.97500000e+02
      vertex 1.29481671e+02 1.83194957e+01 2.97500000e+02
    endloop
  endfacet
  facet normal 7.95819198e-02 -9.95112730e-01 5.84582993e-02
    outer loop
      vertex 1.29424139e+02 1.73000235e+01 2.80000000e+02
      vertex 1.31889349e+02 1.74971732e+01 2.80000000e+02
      vertex 1.34205167e+02 1.87104202e+01 2.97500000e+02
    endloop
  endfacet
  facet normal 7.67984169e-02 -9.95285633e-01 5.92326918e-02
    outer loop
      vertex 1.29424139e+02 1.73000235e+01 2.80000000e+02
      vertex 1.34205167e+02 1.87104202e+01 2.97500000e+02
      vertex 1.31842383e+02 1.85281026e+01 2.97500000e+02
    endloop
  endfacet
  facet normal 6.59748653e-02 -9.96018811e-01 5.99486826e-02
    outer loop
      vertex 1.31889349e+02 1.74971732e+01 2.80000000e+02
      vertex 1.34357130e+02 1.76606355e+01 2.80000000e+02
      vertex 1.36570321e+02 1.88605294e+01 2.97500000e+02
    endloop
  endfacet
  facet normal 6.32227983e-02 -9.96152082e-01 6.06951996e-02
    outer loop
      vertex 1.31889349e+02 1.74971732e+01 2.80000000e+02
      vertex 1.36570321e+02 1.88605294e+01 2.97500000e+02
      vertex 1.34205167e+02 1.87104202e+01 2.97500000e+02
    endloop
  endfacet
  facet normal 4.03829981e-02 -9.97203037e-01 6.28913078e-02
    outer loop
      vertex 1.34357130e+02 1.76606355e+01 2.80000000e+02
      vertex 1.36828330e+02 1.77607098e+01 2.80000000e+02
      vertex 1.38938584e+02 1.89498521e+01 2.97500000e+02
    endloop
  endfacet
  facet normal 3.76133858e-02 -9.97265064e-01 6.36209545e-02
    outer loop
      vertex 1.34357130e+02 1.76606355e+01 2.80000000e+02
      vertex 1.38938584e+02 1.89498521e+01 2.97500000e+02
      vertex 1.36570321e+02 1.88605294e+01 2.97500000e+02
    endloop
  endfacet
  facet normal 1.72072738e-02 -9.97713432e-01 6.53591465e-02
    outer loop
      vertex 1.36828330e+02 1.77607098e+01 2.80000000e+02
      vertex 1.39300993e+02 1.78033551e+01 2.80000000e+02
      vertex 1.41308091e+02 1.89843774e+01 2.97500000e+02
    endloop
  endfacet
  facet normal 1.45373109e-02 -9.97710911e-01 6.60424442e-02
    outer loop
      vertex 1.36828330e+02 1.77607098e+01 2.80000000e+02
      vertex 1.41308091e+02 1.89843774e+01 2.97500000e+02
      vertex 1.38938584e+02 1.89498521e+01 2.97500000e+02
    endloop
  endfacet
  facet normal -1.17667066e-02 -9.97594187e-01 6.83182491e-02
    outer loop
      vertex 1.39300993e+02 1.78033551e+01 2.80000000e+02
      vertex 1.41773709e+02 1.77741893e+01 2.80000000e+02
      vertex 1.43677467e+02 1.89501869e+01 2.97500000e+02
    endloop
  endfacet
  facet normal -1.43943077e-02 -9.97514872e-01 6.89701729e-02
    outer loop
      vertex 1.39300993e+02 1.78033551e+01 2.80000000e+02
      vertex 1.43677467e+02 1.89501869e+01 2.97500000e+02
      vertex 1.41308091e+02 1.89843774e+01 2.97500000e+02
    endloop
  endfacet
  facet normal -5.05380092e-02 -9.96116842e-01 7.20912431e-02
    outer loop
      vertex 1.41773709e+02 1.77741893e+01 2.80000000e+02
      vertex 1.44243348e+02 1.76488921e+01 2.80000000e+02
      vertex 1.46043662e+02 1.88240679e+01 2.97500000e+02
    endloop
  endfacet
  facet normal -5.30839192e-02 -9.95940029e-01 7.27018307e-02
    outer loop
      vertex 1.41773709e+02 1.77741893e+01 2.80000000e+02
      vertex 1.46043662e+02 1.88240679e+01 2.97500000e+02
      vertex 1.43677467e+02 1.89501869e+01 2.97500000e+02
    endloop
  endfacet
  facet normal -1.19657005e-01 -9.89714606e-01 7.84040781e-02
    outer loop
      vertex 1.44243348e+02 1.76488921e+01 2.80000000e+02
      vertex 1.46978407e+02 1.73182220e+01 2.80000000e+02
      vertex 1.48663641e+02 1.85008067e+01 2.97500000e+02
    endloop
  endfacet
  facet normal -1.22071889e-01 -9.89372461e-01 7.89973934e-02
    outer loop
      vertex 1.44243348e+02 1.76488921e+01 2.80000000e+02
      vertex 1.48663641e+02 1.85008067e+01 2.97500000e+02
      vertex 1.46043662e+02 1.88240679e+01 2.97500000e+02
    endloop
  endfacet
  facet normal 3.24607063e-01 9.40985451e-01 -9.57947555e-02
    outer loop
      vertex 1.48663641e+02 1.85008067e+01 2.97500000e+02
      vertex 1.46423510e+02 1.92735736e+01 2.97500000e+02
      vertex 1.48208302e+02 2.04394281e+01 3.15000000e+02
    endloop
  endfacet
  facet normal 3.26875428e-01 9.40214586e-01 -9.56503388e-02
    outer loop
      vertex 1.48663641e+02 1.85008067e+01 2.97500000e+02
      vertex 1.48208302e+02 2.04394281e+01 3.15000000e+02
      vertex 1.50349044e+02 1.96951765e+01 3.15000000e+02
    endloop
  endfacet
  facet normal 3.12044466e-01 9.45295039e-01 -9.51080399e-02
    outer loop
      vertex 1.46423510e+02 1.92735736e+01 2.97500000e+02
      vertex 1.44173118e+02 2.00164340e+01 2.97500000e+02
      vertex 1.46057660e+02 2.11550517e+01 3.15000000e+02
    endloop
  endfacet
  facet normal 3.14301269e-01 9.44559775e-01 -9.49818094e-02
    outer loop
      vertex 1.46423510e+02 1.92735736e+01 2.97500000e+02
      vertex 1.46057660e+02 2.11550517e+01 3.15000000e+02
      vertex 1.48208302e+02 2.04394281e+01 3.15000000e+02
    endloop
  endfacet
  facet normal 2.98247739e-01 9.49826312e-01 -9.42245409e-02
    outer loop
      vertex 1.44173118e+02 2.00164340e+01 2.97500000e+02
      vertex 1.41912030e+02 2.07264209e+01 2.97500000e+02
      vertex 1.43896714e+02 2.18392581e+01 3.15000000e+02
    endloop
  endfacet
  facet normal 3.00514469e-01 9.49122406e-01 -9.41154193e-02
    outer loop
      vertex 1.44173118e+02 2.00164340e+01 2.97500000e+02
      vertex 1.43896714e+02 2.18392581e+01 3.15000000e+02
      vertex 1.46057660e+02 2.11550517e+01 3.15000000e+02
    endloop
  endfacet
  facet normal 2.97386882e-01 9.50073845e-01 -9.44496216e-02
    outer loop
      vertex 1.41912030e+02 2.07264209e+01 2.97500000e+02
      vertex 1.39650298e+02 2.14343758e+01 2.97500000e+02
      vertex 1.41735144e+02 2.25215150e+01 3.15000000e+02
    endloop
  endfacet
  facet normal 2.99650505e-01 9.49371771e-01 -9.43547249e-02
    outer loop
      vertex 1.41912030e+02 2.07264209e+01 2.97500000e+02
      vertex 1.41735144e+02 2.25215150e+01 3.15000000e+02
      vertex 1.43896714e+02 2.18392581e+01 3.15000000e+02
    endloop
  endfacet
  facet normal 2.99144083e-01 9.49474485e-01 -9.49263932e-02
    outer loop
      vertex 1.39650298e+02 2.14343758e+01 2.97500000e+02
      vertex 1.37389891e+02 2.21465460e+01 2.97500000e+02
      vertex 1.39574839e+02 2.32077621e+01 3.15000000e+02
    endloop
  endfacet
  facet normal 3.01389026e-01 9.48772351e-01 -9.48455614e-02
    outer loop
      vertex 1.39650298e+02 2.14343758e+01 2.97500000e+02
      vertex 1.39574839e+02 2.32077621e+01 3.15000000e+02
      vertex 1.41735144e+02 2.25215150e+01 3.15000000e+02
    endloop
  endfacet
  facet normal 3.00509156e-01 9.48998861e-01 -9.53698535e-02
    outer loop
      vertex 1.37389891e+02 2.21465460e+01 2.97500000e+02
      vertex 1.35130520e+02 2.28619965e+01 2.97500000e+02
      vertex 1.37415517e+02 2.38970978e+01 3.15000000e+02
    endloop
  endfacet
  facet normal 3.02732121e-01 9.48298785e-01 -9.53030790e-02
    outer loop
      vertex 1.37389891e+02 2.21465460e+01 2.97500000e+02
      vertex 1.37415517e+02 2.38970978e+01 3.15000000e+02
      vertex 1.39574839e+02 2.32077621e+01 3.15000000e+02
    endloop
  endfacet
  facet normal 3.01030441e-01 9.48797865e-01 -9.57250458e-02
    outer loop
      vertex 1.35130520e+02 2.28619965e+01 2.97500000e+02
      vertex 1.32871551e+02 2.35787124e+01 2.97500000e+02
      vertex 1.35256566e+02 2.45875953e+01 3.15000000e+02
    endloop
  endfacet
  facet normal 3.03231641e-01 9.48101991e-01 -9.56722832e-02
    outer loop
      vertex 1.35130520e+02 2.28619965e+01 2.97500000e+02
      vertex 1.35256566e+02 2.45875953e+01 3.15000000e+02
      vertex 1.37415517e+02 2.38970978e+01 3.15000000e+02
    endloop
  endfacet
  facet normal 2.99851440e-01 9.49155336e-01 -9.58815011e-02
    outer loop
      vertex 1.32871551e+02 2.35787124e+01 2.97500000e+02
      vertex 1.30611696e+02 2.42926320e+01 2.97500000e+02
      vertex 1.33096750e+02 2.52753788e+01 3.15000000e+02
    endloop
  endfacet
  facet normal 3.02034794e-01 9.48466728e-01 -9.58428354e-02
    outer loop
      vertex 1.32871551e+02 2.35787124e+01 2.97500000e+02
      vertex 1.33096750e+02 2.52753788e+01 3.15000000e+02
      vertex 1.35256566e+02 2.45875953e+01 3.15000000e+02
    endloop
  endfacet
  facet normal 2.95645977e-01 9.50496405e-01 -9.56558404e-02
    outer loop
      vertex 1.30611696e+02 2.42926320e+01 2.97500000e+02
      vertex 1.28348703e+02 2.49965219e+01 2.97500000e+02
      vertex 1.30933908e+02 2.59535712e+01 3.15000000e+02
    endloop
  endfacet
  facet normal 2.97829658e-01 9.49816878e-01 -9.56315520e-02
    outer loop
      vertex 1.30611696e+02 2.42926320e+01 2.97500000e+02
      vertex 1.30933908e+02 2.59535712e+01 3.15000000e+02
      vertex 1.33096750e+02 2.52753788e+01 3.15000000e+02
    endloop
  endfacet
  facet normal 2.89635728e-01 9.52394020e-01 -9.51670973e-02
    outer loop
      vertex 1.28348703e+02 2.49965219e+01 2.97500000e+02
      vertex 1.26081334e+02 2.56860592e+01 2.97500000e+02
      vertex 1.28766844e+02 2.66180312e+01 3.15000000e+02
    endloop
  endfacet
  facet normal 2.91816873e-01 9.51728925e-01 -9.51575869e-02
    outer loop
      vertex 1.28348703e+02 2.49965219e+01 2.97500000e+02
      vertex 1.28766844e+02 2.66180312e+01 3.15000000e+02
      vertex 1.30933908e+02 2.59535712e+01 3.15000000e+02
    endloop
  endfacet
  facet normal 2.82140934e-01 9.54713848e-01 -9.44349567e-02
    outer loop
      vertex 1.26081334e+02 2.56860592e+01 2.97500000e+02
      vertex 1.23808591e+02 2.63577094e+01 2.97500000e+02
      vertex 1.26594597e+02 2.72653797e+01 3.15000000e+02
    endloop
  endfacet
  facet normal 2.84320179e-01 9.54066578e-01 -9.44404584e-02
    outer loop
      vertex 1.26081334e+02 2.56860592e+01 2.97500000e+02
      vertex 1.26594597e+02 2.72653797e+01 3.15000000e+02
      vertex 1.28766844e+02 2.66180312e+01 3.15000000e+02
    endloop
  endfacet
  facet normal 2.64438725e-01 9.59986050e-01 -9.21897210e-02
    outer loop
      vertex 1.23808591e+02 2.63577094e+01 2.97500000e+02
      vertex 1.21523749e+02 2.69870942e+01 2.97500000e+02
      vertex 1.24410710e+02 2.78724154e+01 3.15000000e+02
    endloop
  endfacet
  facet normal 2.66666777e-01 9.59367304e-01 -9.22128258e-02
    outer loop
      vertex 1.23808591e+02 2.63577094e+01 2.97500000e+02
      vertex 1.24410710e+02 2.78724154e+01 3.15000000e+02
      vertex 1.26594597e+02 2.72653797e+01 3.15000000e+02
    endloop
  endfacet
  facet normal 2.40550726e-01 9.66558733e-01 -8.88794925e-02
    outer loop
      vertex 1.21523749e+02 2.69870942e+01 2.97500000e+02
      vertex 1.19224271e+02 2.75593731e+01 2.97500000e+02
      vertex 1.22212689e+02 2.84248404e+01 3.15000000e+02
    endloop
  endfacet
  facet normal 2.42782425e-01 9.65996749e-01 -8.89211791e-02
    outer loop
      vertex 1.21523749e+02 2.69870942e+01 2.97500000e+02
      vertex 1.22212689e+02 2.84248404e+01 3.15000000e+02
      vertex 1.24410710e+02 2.78724154e+01 3.15000000e+02
    endloop
  endfacet
  facet normal 2.09996291e-01 9.74057981e-01 -8.43362736e-02
    outer loop
      vertex 1.19224271e+02 2.75593731e+01 2.97500000e+02
      vertex 1.16908478e+02 2.80586330e+01 2.97500000e+02
      vertex 1.19998922e+02 2.89075586e+01 3.15000000e+02
    endloop
  endfacet
  facet normal 2.12286686e-01 9.73555943e-01 -8.43989832e-02
    outer loop
      vertex 1.19224271e+02 2.75593731e+01 2.97500000e+02
      vertex 1.19998922e+02 2.89075586e+01 3.15000000e+02
      vertex 1.22212689e+02 2.84248404e+01 3.15000000e+02
    endloop
  endfacet
  facet normal 1.70407087e-01 9.82277007e-01 -7.80596372e-02
    outer loop
      vertex 1.16908478e+02 2.80586330e+01 2.97500000e+02
      vertex 1.14573562e+02 2.84636981e+01 2.97500000e+02
      vertex 1.17766696e+02 2.93004387e+01 3.15000000e+02
    endloop
  endfacet
  facet normal 1.72809230e-01 9.81850290e-01 -7.81471608e-02
    outer loop
      vertex 1.16908478e+02 2.80586330e+01 2.97500000e+02
      vertex 1.17766696e+02 2.93004387e+01 3.15000000e+02
      vertex 1.19998922e+02 2.89075586e+01 3.15000000e+02
    endloop
  endfacet
  facet normal 1.08136358e-01 9.91842619e-01 -6.74888663e-02
    outer loop
      vertex 1.14573562e+02 2.84636981e+01 2.97500000e+02
      vertex 1.12217575e+02 2.87205612e+01 2.97500000e+02
      vertex 1.15514004e+02 2.95519345e+01 3.15000000e+02
    endloop
  endfacet
  facet normal 1.10699151e-01 9.91551708e-01 -6.76084993e-02
    outer loop
      vertex 1.14573562e+02 2.84636981e+01 2.97500000e+02
      vertex 1.15514004e+02 2.95519345e+01 3.15000000e+02
      vertex 1.17766696e+02 2.93004387e+01 3.15000000e+02
    endloop
  endfacet
  facet normal 7.19974919e-02 9.95525517e-01 -6.11989102e-02
    outer loop
      vertex 1.12217575e+02 2.87205612e+01 2.97500000e+02
      vertex 1.09854420e+02 2.88914672e+01 2.97500000e+02
      vertex 1.13254252e+02 2.97213822e+01 3.15000000e+02
    endloop
  endfacet
  facet normal 7.46343610e-02 9.95322404e-01 -6.13434988e-02
    outer loop
      vertex 1.12217575e+02 2.87205612e+01 2.97500000e+02
      vertex 1.13254252e+02 2.97213822e+01 3.15000000e+02
      vertex 1.15514004e+02 2.95519345e+01 3.15000000e+02
    endloop
  endfacet
  facet normal 4.09069223e-02 9.97614394e-01 -5.56070579e-02
    outer loop
      vertex 1.09854420e+02 2.88914672e+01 2.97500000e+02
      vertex 1.07486970e+02 2.89885439e+01 2.97500000e+02
      vertex 1.10990211e+02 2.98203449e+01 3.15000000e+02
    endloop
  endfacet
  facet normal 4.36009870e-02 9.97490884e-01 -5.57753532e-02
    outer loop
      vertex 1.09854420e+02 2.88914672e+01 2.97500000e+02
      vertex 1.10990211e+02 2.98203449e+01 3.15000000e+02
      vertex 1.13254252e+02 2.97213822e+01 3.15000000e+02
    endloop
  endfacet
  facet normal 1.20024339e-02 9.98665806e-01 -5.02249792e-02
    outer loop
      vertex 1.07486970e+02 2.89885439e+01 2.97500000e+02
      vertex 1.05117345e+02 2.90170231e+01 2.97500000e+02
      vertex 1.08723914e+02 2.98537891e+01 3.15000000e+02
    endloop
  endfacet
  facet normal 1.47368048e-02 9.98619576e-01 -5.04159656e-02
    outer loop
      vertex 1.07486970e+02 2.89885439e+01 2.97500000e+02
      vertex 1.08723914e+02 2.98537891e+01 3.15000000e+02
      vertex 1.10990211e+02 2.98203449e+01 3.15000000e+02
    endloop
  endfacet
  facet normal -2.40970750e-02 9.98777955e-01 -4.31500655e-02
    outer loop
      vertex 1.05117345e+02 2.90170231e+01 2.97500000e+02
      vertex 1.02748089e+02 2.89598611e+01 2.97500000e+02
      vertex 1.06457744e+02 2.98054124e+01 3.15000000e+02
    endloop
  endfacet
  facet normal -2.13223848e-02 9.98831733e-01 -4.33650135e-02
    outer loop
      vertex 1.05117345e+02 2.90170231e+01 2.97500000e+02
      vertex 1.06457744e+02 2.98054124e+01 3.15000000e+02
      vertex 1.08723914e+02 2.98537891e+01 3.15000000e+02
    endloop
  endfacet
  facet normal -5.55593513e-02 9.97777120e-01 -3.67964260e-02
    outer loop
      vertex 1.02748089e+02 2.89598611e+01 2.97500000e+02
      vertex 1.00382099e+02 2.88281154e+01 2.97500000e+02
      vertex 1.04194496e+02 2.96857737e+01 3.15000000e+02
    endloop
  endfacet
  facet normal -5.27516257e-02 9.97920696e-01 -3.70344453e-02
    outer loop
      vertex 1.02748089e+02 2.89598611e+01 2.97500000e+02
      vertex 1.04194496e+02 2.96857737e+01 3.15000000e+02
      vertex 1.06457744e+02 2.98054124e+01 3.15000000e+02
    endloop
  endfacet
  facet normal -8.50570229e-02 9.95904688e-01 -3.06456389e-02
    outer loop
      vertex 1.00382099e+02 2.88281154e+01 2.97500000e+02
      vertex 9.80212101e+01 2.86264795e+01 2.97500000e+02
      vertex 1.01935934e+02 2.94993275e+01 3.15000000e+02
    endloop
  endfacet
  facet normal -8.22316718e-02 9.96133934e-01 -3.09052961e-02
    outer loop
      vertex 1.00382099e+02 2.88281154e+01 2.97500000e+02
      vertex 1.01935934e+02 2.94993275e+01 3.15000000e+02
      vertex 1.04194496e+02 2.96857737e+01 3.15000000e+02
    endloop
  endfacet
  facet normal -1.17130699e-01 9.92834001e-01 -2.36864223e-02
    outer loop
      vertex 9.80212101e+01 2.86264795e+01 2.97500000e+02
      vertex 9.56680515e+01 2.83488630e+01 2.97500000e+02
      vertex 9.96845553e+01 2.92402187e+01 3.15000000e+02
    endloop
  endfacet
  facet normal -1.14301393e-01 9.93156982e-01 -2.39666702e-02
    outer loop
      vertex 9.80212101e+01 2.86264795e+01 2.97500000e+02
      vertex 9.96845553e+01 2.92402187e+01 3.15000000e+02
      vertex 1.01935934e+02 2.94993275e+01 3.15000000e+02
    endloop
  endfacet
  facet normal -1.53390258e-01 9.88044323e-01 -1.54869324e-02
    outer loop
      vertex 9.56680515e+01 2.83488630e+01 2.97500000e+02
      vertex 9.33265649e+01 2.79853558e+01 2.97500000e+02
      vertex 9.74441128e+01 2.88988908e+01 3.15000000e+02
    endloop
  endfacet
  facet normal -1.50591885e-01 9.88469999e-01 -1.57843162e-02
    outer loop
      vertex 9.56680515e+01 2.83488630e+01 2.97500000e+02
      vertex 9.74441128e+01 2.88988908e+01 3.15000000e+02
      vertex 9.96845553e+01 2.92402187e+01 3.15000000e+02
    endloop
  endfacet
  facet normal -1.96734019e-01 9.80442843e-01 -5.24952406e-03
    outer loop
      vertex 9.33265649e+01 2.79853558e+01 2.97500000e+02
      vertex 9.10032947e+01 2.75191723e+01 2.97500000e+02
      vertex 9.52208465e+01 2.84591583e+01 3.15000000e+02
    endloop
  endfacet
  facet normal -1.94024939e-01 9.80980856e-01 -5.55733394e-03
    outer loop
      vertex 9.33265649e+01 2.79853558e+01 2.97500000e+02
      vertex 9.52208465e+01 2.84591583e+01 3.15000000e+02
      vertex 9.74441128e+01 2.88988908e+01 3.15000000e+02
    endloop
  endfacet
  facet normal -2.50316598e-01 9.68131080e-01 7.98826983e-03
    outer loop
      vertex 9.10032947e+01 2.75191723e+01 2.97500000e+02
      vertex 8.87092366e+01 2.69260286e+01 2.97500000e+02
      vertex 9.30252744e+01 2.78975718e+01 3.15000000e+02
    endloop
  endfacet
  facet normal -2.47796332e-01 9.68781683e-01 7.68300622e-03
    outer loop
      vertex 9.10032947e+01 2.75191723e+01 2.97500000e+02
      vertex 9.30252744e+01 2.78975718e+01 3.15000000e+02
      vertex 9.52208465e+01 2.84591583e+01 3.15000000e+02
    endloop
  endfacet
  facet normal -3.13562347e-01 9.49256227e-01 2.43160417e-02
    outer loop
      vertex 8.87092366e+01 2.69260286e+01 2.97500000e+02
      vertex 8.64596033e+01 2.61829202e+01 2.97500000e+02
      vertex 9.08719168e+01 2.71921363e+01 3.15000000e+02
    endloop
  endfacet
  facet normal -3.11228424e-01 9.50031636e-01 2.40158205e-02
    outer loop
      vertex 8.87092366e+01 2.69260286e+01 2.97500000e+02
      vertex 9.08719168e+01 2.71921363e+01 3.15000000e+02
      vertex 9.30252744e+01 2.78975718e+01 3.15000000e+02
    endloop
  endfacet
  facet normal -3.85546449e-01 9.21651440e-01 4.37328165e-02
    outer loop
      vertex 8.64596033e+01 2.61829202e+01 2.97500000e+02
      vertex 8.42745493e+01 2.52688655e+01 2.97500000e+02
      vertex 8.87798732e+01 2.63231549e+01 3.15000000e+02
    endloop
  endfacet
  facet normal -3.83236536e-01 9.22629163e-01 4.34187176e-02
    outer loop
      vertex 8.64596033e+01 2.61829202e+01 2.97500000e+02
      vertex 8.87798732e+01 2.63231549e+01 3.15000000e+02
      vertex 9.08719168e+01 2.71921363e+01 3.15000000e+02
    endloop
  endfacet
  facet normal -4.73258622e-01 8.78252699e-01 6.85454104e-02
    outer loop
      vertex 8.42745493e+01 2.52688655e+01 2.97500000e+02
      vertex 8.21900461e+01 2.41456021e+01 2.97500000e+02
      vertex 8.67829890e+01 2.52547420e+01 3.15000000e+02
    endloop
  endfacet
  facet normal -4.70661784e-01 8.79675932e-01 6.81743298e-02
    outer loop
      vertex 8.42745493e+01 2.52688655e+01 2.97500000e+02
      vertex 8.67829890e+01 2.52547420e+01 3.15000000e+02
      vertex 8.87798732e+01 2.63231549e+01 3.15000000e+02
    endloop
  endfacet
  facet normal -6.28422283e-01 7.69228688e-01 1.15640220e-01
    outer loop
      vertex 8.21900461e+01 2.41456021e+01 2.97500000e+02
      vertex 8.03602177e+01 2.26507216e+01 2.97500000e+02
      vertex 8.50268468e+01 2.38323076e+01 3.15000000e+02
    endloop
  endfacet
  facet normal -6.25222659e-01 7.71901958e-01 1.15169410e-01
    outer loop
      vertex 8.21900461e+01 2.41456021e+01 2.97500000e+02
      vertex 8.50268468e+01 2.38323076e+01 3.15000000e+02
      vertex 8.67829890e+01 2.52547420e+01 3.15000000e+02
    endloop
  endfacet
  facet normal -9.65741000e-01 -1.98944181e-02 2.58744145e-01
    outer loop
      vertex 8.03602177e+01 2.26507216e+01 2.97500000e+02
      vertex 8.03996616e+01 2.07359870e+01 2.97500000e+02
      vertex 8.50621908e+01 2.20040244e+01 3.15000000e+02
    endloop
  endfacet
  facet normal -9.65752498e-01 -1.86697533e-02 2.58792491e-01
    outer loop
      vertex 8.03602177e+01 2.26507216e+01 2.97500000e+02
      vertex 8.50621908e+01 2.20040244e+01 3.15000000e+02
      vertex 8.50268468e+01 2.38323076e+01 3.15000000e+02
    endloop
  endfacet
  facet normal -4.24351069e-01 -8.87989642e-01 1.77202047e-01
    outer loop
      vertex 8.03996616e+01 2.07359870e+01 2.97500000e+02
      vertex 8.25320426e+01 1.97169682e+01 2.97500000e+02
      vertex 8.71001618e+01 2.10261608e+01 3.15000000e+02
    endloop
  endfacet
  facet normal -4.25714828e-01 -8.87234715e-01 1.77711693e-01
    outer loop
      vertex 8.03996616e+01 2.07359870e+01 2.97500000e+02
      vertex 8.71001618e+01 2.10261608e+01 3.15000000e+02
      vertex 8.50621908e+01 2.20040244e+01 3.15000000e+02
    endloop
  endfacet
  facet normal -2.99487922e-01 -9.42483429e-01 1.48431700e-01
    outer loop
      vertex 8.25320426e+01 1.97169682e+01 2.97500000e+02
      vertex 8.47897252e+01 1.89995564e+01 2.97500000e+02
      vertex 8.92581244e+01 2.03357318e+01 3.15000000e+02
    endloop
  endfacet
  facet normal -3.01321325e-01 -9.41791432e-01 1.49111897e-01
    outer loop
      vertex 8.25320426e+01 1.97169682e+01 2.97500000e+02
      vertex 8.92581244e+01 2.03357318e+01 3.15000000e+02
      vertex 8.71001618e+01 2.10261608e+01 3.15000000e+02
    endloop
  endfacet
  facet normal -2.42537911e-01 -9.60701820e-01 1.35008795e-01
    outer loop
      vertex 8.47897252e+01 1.89995564e+01 2.97500000e+02
      vertex 8.70870248e+01 1.84195822e+01 2.97500000e+02
      vertex 9.14541523e+01 1.97763611e+01 3.15000000e+02
    endloop
  endfacet
  facet normal -2.44552595e-01 -9.60086616e-01 1.35748728e-01
    outer loop
      vertex 8.47897252e+01 1.89995564e+01 2.97500000e+02
      vertex 9.14541523e+01 1.97763611e+01 3.15000000e+02
      vertex 8.92581244e+01 2.03357318e+01 3.15000000e+02
    endloop
  endfacet
  facet normal -2.02119544e-01 -9.71291985e-01 1.25457440e-01
    outer loop
      vertex 8.70870248e+01 1.84195822e+01 2.97500000e+02
      vertex 8.94069237e+01 1.79368264e+01 2.97500000e+02
      vertex 9.36719425e+01 1.93097004e+01 3.15000000e+02
    endloop
  endfacet
  facet normal -2.04260826e-01 -9.70743106e-01 1.26235246e-01
    outer loop
      vertex 8.70870248e+01 1.84195822e+01 2.97500000e+02
      vertex 9.36719425e+01 1.93097004e+01 3.15000000e+02
      vertex 9.14541523e+01 1.97763611e+01 3.15000000e+02
    endloop
  endfacet
  facet normal -1.70843212e-01 -9.78197090e-01 1.18080694e-01
    outer loop
      vertex 8.94069237e+01 1.79368264e+01 2.97500000e+02
      vertex 9.17412524e+01 1.75291333e+01 2.97500000e+02
      vertex 9.59036623e+01 1.89146339e+01 3.15000000e+02
    endloop
  endfacet
  facet normal -1.73077002e-01 -9.77707154e-01 1.18882596e-01
    outer loop
      vertex 8.94069237e+01 1.79368264e+01 2.97500000e+02
      vertex 9.59036623e+01 1.89146339e+01 3.15000000e+02
      vertex 9.36719425e+01 1.93097004e+01 3.15000000e+02
    endloop
  endfacet
  facet normal -1.45188946e-01 -9.83037789e-01 1.12057467e-01
    outer loop
      vertex 9.17412524e+01 1.75291333e+01 2.97500000e+02
      vertex 9.40855146e+01 1.71828994e+01 2.97500000e+02
      vertex 9.81449958e+01 1.85781803e+01 3.15000000e+02
    endloop
  endfacet
  facet normal -1.47501094e-01 -9.82599688e-01 1.12877285e-01
    outer loop
      vertex 9.17412524e+01 1.75291333e+01 2.97500000e+02
      vertex 9.81449958e+01 1.85781803e+01 3.15000000e+02
      vertex 9.59036623e+01 1.89146339e+01 3.15000000e+02
    endloop
  endfacet
  facet normal -1.23062052e-01 -9.86624879e-01 1.06897520e-01
    outer loop
      vertex 9.40855146e+01 1.71828994e+01 2.97500000e+02
      vertex 9.64370428e+01 1.68895925e+01 2.97500000e+02
      vertex 1.00393379e+02 1.82921840e+01 3.15000000e+02
    endloop
  endfacet
  facet normal -1.25449696e-01 -9.86233191e-01 1.07733317e-01
    outer loop
      vertex 9.40855146e+01 1.71828994e+01 2.97500000e+02
      vertex 1.00393379e+02 1.82921840e+01 3.15000000e+02
      vertex 9.81449958e+01 1.85781803e+01 3.15000000e+02
    endloop
  endfacet
  facet normal -1.03219615e-01 -9.89382709e-01 1.02311124e-01
    outer loop
      vertex 9.64370428e+01 1.68895925e+01 2.97500000e+02
      vertex 9.87941778e+01 1.66436790e+01 2.97500000e+02
      vertex 1.02647220e+02 1.80513599e+01 3.15000000e+02
    endloop
  endfacet
  facet normal -1.05678920e-01 -9.89034794e-01 1.03160755e-01
    outer loop
      vertex 9.64370428e+01 1.68895925e+01 2.97500000e+02
      vertex 1.02647220e+02 1.80513599e+01 3.15000000e+02
      vertex 1.00393379e+02 1.82921840e+01 3.15000000e+02
    endloop
  endfacet
  facet normal -7.56078274e-02 -9.92490379e-01 9.61577019e-02
    outer loop
      vertex 9.87941778e+01 1.66436790e+01 2.97500000e+02
      vertex 1.01157278e+02 1.64636583e+01 2.97500000e+02
      vertex 1.04906918e+02 1.78735033e+01 3.15000000e+02
    endloop
  endfacet
  facet normal -7.80953954e-02 -9.92215048e-01 9.70072589e-02
    outer loop
      vertex 9.87941778e+01 1.66436790e+01 2.97500000e+02
      vertex 1.04906918e+02 1.78735033e+01 3.15000000e+02
      vertex 1.02647220e+02 1.80513599e+01 3.15000000e+02
    endloop
  endfacet
  facet normal -5.48003173e-02 -9.94295285e-01 9.15085324e-02
    outer loop
      vertex 1.01157278e+02 1.64636583e+01 2.97500000e+02
      vertex 1.03523397e+02 1.63332503e+01 2.97500000e+02
      vertex 1.07169611e+02 1.77428774e+01 3.15000000e+02
    endloop
  endfacet
  facet normal -5.73878570e-02 -9.94068607e-01 9.23809427e-02
    outer loop
      vertex 1.01157278e+02 1.64636583e+01 2.97500000e+02
      vertex 1.07169611e+02 1.77428774e+01 3.15000000e+02
      vertex 1.04906918e+02 1.78735033e+01 3.15000000e+02
    endloop
  endfacet
  facet normal -3.31892409e-02 -9.95675377e-01 8.67699177e-02
    outer loop
      vertex 1.03523397e+02 1.63332503e+01 2.97500000e+02
      vertex 1.05891651e+02 1.62543083e+01 2.97500000e+02
      vertex 1.09434471e+02 1.76612830e+01 3.15000000e+02
    endloop
  endfacet
  facet normal -3.58642909e-02 -9.95504588e-01 8.76605238e-02
    outer loop
      vertex 1.03523397e+02 1.63332503e+01 2.97500000e+02
      vertex 1.09434471e+02 1.76612830e+01 3.15000000e+02
      vertex 1.07169611e+02 1.77428774e+01 3.15000000e+02
    endloop
  endfacet
  facet normal -7.06319642e-03 -9.96671574e-01 8.12150531e-02
    outer loop
      vertex 1.05891651e+02 1.62543083e+01 2.97500000e+02
      vertex 1.08261538e+02 1.62375134e+01 2.97500000e+02
      vertex 1.11701050e+02 1.76391482e+01 3.15000000e+02
    endloop
  endfacet
  facet normal -9.73232079e-03 -9.96577100e-01 8.20936348e-02
    outer loop
      vertex 1.05891651e+02 1.62543083e+01 2.97500000e+02
      vertex 1.11701050e+02 1.76391482e+01 3.15000000e+02
      vertex 1.09434471e+02 1.76612830e+01 3.15000000e+02
    endloop
  endfacet
  facet normal 4.14658629e-02 -9.96593161e-01 7.12927260e-02
    outer loop
      vertex 1.08261538e+02 1.62375134e+01 2.97500000e+02
      vertex 1.10629208e+02 1.63360265e+01 2.97500000e+02
      vertex 1.13965820e+02 1.77267427e+01 3.15000000e+02
    endloop
  endfacet
  facet normal 3.85471032e-02 -9.96641517e-01 7.22482369e-02
    outer loop
      vertex 1.08261538e+02 1.62375134e+01 2.97500000e+02
      vertex 1.13965820e+02 1.77267427e+01 3.15000000e+02
      vertex 1.11701050e+02 1.76391482e+01 3.15000000e+02
    endloop
  endfacet
  facet normal 6.87842474e-02 -9.95471767e-01 6.56101226e-02
    outer loop
      vertex 1.10629208e+02 1.63360265e+01 2.97500000e+02
      vertex 1.12992881e+02 1.64993496e+01 2.97500000e+02
      vertex 1.16226966e+02 1.78762155e+01 3.15000000e+02
    endloop
  endfacet
  facet normal 6.58146423e-02 -9.95608655e-01 6.65720633e-02
    outer loop
      vertex 1.10629208e+02 1.63360265e+01 2.97500000e+02
      vertex 1.16226966e+02 1.78762155e+01 3.15000000e+02
      vertex 1.13965820e+02 1.77267427e+01 3.15000000e+02
    endloop
  endfacet
  facet normal 9.22484121e-02 -9.93880106e-01 6.07664756e-02
    outer loop
      vertex 1.12992881e+02 1.64993496e+01 2.97500000e+02
      vertex 1.15352658e+02 1.67183757e+01 2.97500000e+02
      vertex 1.18484538e+02 1.80790270e+01 3.15000000e+02
    endloop
  endfacet
  facet normal 8.93052088e-02 -9.94090824e-01 6.17091001e-02
    outer loop
      vertex 1.12992881e+02 1.64993496e+01 2.97500000e+02
      vertex 1.18484538e+02 1.80790270e+01 3.15000000e+02
      vertex 1.16226966e+02 1.78762155e+01 3.15000000e+02
    endloop
  endfacet
  facet normal 1.12764069e-01 -9.92010133e-01 5.65699662e-02
    outer loop
      vertex 1.15352658e+02 1.67183757e+01 2.97500000e+02
      vertex 1.17707435e+02 1.69860485e+01 2.97500000e+02
      vertex 1.20737459e+02 1.83284263e+01 3.15000000e+02
    endloop
  endfacet
  facet normal 1.09846279e-01 -9.92284409e-01 5.74930129e-02
    outer loop
      vertex 1.15352658e+02 1.67183757e+01 2.97500000e+02
      vertex 1.20737459e+02 1.83284263e+01 3.15000000e+02
      vertex 1.18484538e+02 1.80790270e+01 3.15000000e+02
    endloop
  endfacet
  facet normal 1.15632496e-01 -9.91730826e-01 5.56695203e-02
    outer loop
      vertex 1.17707435e+02 1.69860485e+01 2.97500000e+02
      vertex 1.20061420e+02 1.72605153e+01 2.97500000e+02
      vertex 1.22989648e+02 1.85842766e+01 3.15000000e+02
    endloop
  endfacet
  facet normal 1.12693954e-01 -9.92017376e-01 5.65826617e-02
    outer loop
      vertex 1.17707435e+02 1.69860485e+01 2.97500000e+02
      vertex 1.22989648e+02 1.85842766e+01 3.15000000e+02
      vertex 1.20737459e+02 1.83284263e+01 3.15000000e+02
    endloop
  endfacet
  facet normal 1.18263711e-01 -9.91467299e-01 5.48296350e-02
    outer loop
      vertex 1.20061420e+02 1.72605153e+01 2.97500000e+02
      vertex 1.22414679e+02 1.75412156e+01 2.97500000e+02
      vertex 1.25241154e+02 1.88461382e+01 3.15000000e+02
    endloop
  endfacet
  facet normal 1.15346835e-01 -9.91761277e-01 5.57196227e-02
    outer loop
      vertex 1.20061420e+02 1.72605153e+01 2.97500000e+02
      vertex 1.25241154e+02 1.88461382e+01 3.15000000e+02
      vertex 1.22989648e+02 1.85842766e+01 3.15000000e+02
    endloop
  endfacet
  facet normal 1.14591596e-01 -9.91884749e-01 5.50764059e-02
    outer loop
      vertex 1.22414679e+02 1.75412156e+01 2.97500000e+02
      vertex 1.24768962e+02 1.78132038e+01 2.97500000e+02
      vertex 1.27493610e+02 1.90997030e+01 3.15000000e+02
    endloop
  endfacet
  facet normal 1.11690849e-01 -9.92167067e-01 5.59434164e-02
    outer loop
      vertex 1.22414679e+02 1.75412156e+01 2.97500000e+02
      vertex 1.27493610e+02 1.90997030e+01 3.15000000e+02
      vertex 1.25241154e+02 1.88461382e+01 3.15000000e+02
    endloop
  endfacet
  facet normal 1.09836318e-01 -9.92399952e-01 5.54825992e-02
    outer loop
      vertex 1.24768962e+02 1.78132038e+01 2.97500000e+02
      vertex 1.27124487e+02 1.80739074e+01 2.97500000e+02
      vertex 1.29747213e+02 1.93425653e+01 3.15000000e+02
    endloop
  endfacet
  facet normal 1.06975807e-01 -9.92665245e-01 5.63195177e-02
    outer loop
      vertex 1.24768962e+02 1.78132038e+01 2.97500000e+02
      vertex 1.29747213e+02 1.93425653e+01 3.15000000e+02
      vertex 1.27493610e+02 1.90997030e+01 3.15000000e+02
    endloop
  endfacet
  facet normal 1.03462968e-01 -9.93049349e-01 5.61106464e-02
    outer loop
      vertex 1.27124487e+02 1.80739074e+01 2.97500000e+02
      vertex 1.29481671e+02 1.83194957e+01 2.97500000e+02
      vertex 1.32002364e+02 1.95709287e+01 3.15000000e+02
    endloop
  endfacet
  facet normal 1.00584331e-01 -9.93298181e-01 5.69343121e-02
    outer loop
      vertex 1.27124487e+02 1.80739074e+01 2.97500000e+02
      vertex 1.32002364e+02 1.95709287e+01 3.15000000e+02
      vertex 1.29747213e+02 1.93425653e+01 3.15000000e+02
    endloop
  endfacet
  facet normal 8.78744415e-02 -9.94436341e-01 5.80899886e-02
    outer loop
      vertex 1.29481671e+02 1.83194957e+01 2.97500000e+02
      vertex 1.31842383e+02 1.85281026e+01 2.97500000e+02
      vertex 1.34260773e+02 1.97640686e+01 3.15000000e+02
    endloop
  endfacet
  facet normal 8.50614817e-02 -9.94634772e-01 5.88745642e-02
    outer loop
      vertex 1.29481671e+02 1.83194957e+01 2.97500000e+02
      vertex 1.34260773e+02 1.97640686e+01 3.15000000e+02
      vertex 1.32002364e+02 1.95709287e+01 3.15000000e+02
    endloop
  endfacet
  facet normal 7.67980219e-02 -9.95280514e-01 5.93191490e-02
    outer loop
      vertex 1.31842383e+02 1.85281026e+01 2.97500000e+02
      vertex 1.34205167e+02 1.87104202e+01 2.97500000e+02
      vertex 1.36521089e+02 1.99321293e+01 3.15000000e+02
    endloop
  endfacet
  facet normal 7.40141803e-02 -9.95445976e-01 6.00766970e-02
    outer loop
      vertex 1.31842383e+02 1.85281026e+01 2.97500000e+02
      vertex 1.36521089e+02 1.99321293e+01 3.15000000e+02
      vertex 1.34260773e+02 1.97640686e+01 3.15000000e+02
    endloop
  endfacet
  facet normal 6.32223200e-02 -9.96144547e-01 6.08192366e-02
    outer loop
      vertex 1.34205167e+02 1.87104202e+01 2.97500000e+02
      vertex 1.36570321e+02 1.88605294e+01 2.97500000e+02
      vertex 1.38783582e+02 2.00694545e+01 3.15000000e+02
    endloop
  endfacet
  facet normal 6.04700364e-02 -9.96270588e-01 6.15490874e-02
    outer loop
      vertex 1.34205167e+02 1.87104202e+01 2.97500000e+02
      vertex 1.38783582e+02 2.00694545e+01 3.15000000e+02
      vertex 1.36521089e+02 1.99321293e+01 3.15000000e+02
    endloop
  endfacet
  facet normal 3.76130127e-02 -9.97255171e-01 6.37760550e-02
    outer loop
      vertex 1.36570321e+02 1.88605294e+01 2.97500000e+02
      vertex 1.38938584e+02 1.89498521e+01 2.97500000e+02
      vertex 1.41048886e+02 2.01485982e+01 3.15000000e+02
    endloop
  endfacet
  facet normal 3.48433796e-02 -9.97309943e-01 6.44888854e-02
    outer loop
      vertex 1.36570321e+02 1.88605294e+01 2.97500000e+02
      vertex 1.41048886e+02 2.01485982e+01 3.15000000e+02
      vertex 1.38783582e+02 2.00694545e+01 3.15000000e+02
    endloop
  endfacet
  facet normal 1.45371169e-02 -9.97697597e-01 6.62433142e-02
    outer loop
      vertex 1.38938584e+02 1.89498521e+01 2.97500000e+02
      vertex 1.41308091e+02 1.89843774e+01 2.97500000e+02
      vertex 1.43315232e+02 2.01755560e+01 3.15000000e+02
    endloop
  endfacet
  facet normal 1.18673210e-02 -9.97688413e-01 6.69103714e-02
    outer loop
      vertex 1.38938584e+02 1.89498521e+01 2.97500000e+02
      vertex 1.43315232e+02 2.01755560e+01 3.15000000e+02
      vertex 1.41048886e+02 2.01485982e+01 3.15000000e+02
    endloop
  endfacet
  facet normal -1.43940705e-02 -9.97498431e-01 6.92075993e-02
    outer loop
      vertex 1.41308091e+02 1.89843774e+01 2.97500000e+02
      vertex 1.43677467e+02 1.89501869e+01 2.97500000e+02
      vertex 1.45581279e+02 2.01368849e+01 3.15000000e+02
    endloop
  endfacet
  facet normal -1.70213044e-02 -9.97412735e-01 6.98434794e-02
    outer loop
      vertex 1.41308091e+02 1.89843774e+01 2.97500000e+02
      vertex 1.45581279e+02 2.01368849e+01 3.15000000e+02
      vertex 1.43315232e+02 2.01755560e+01 3.15000000e+02
    endloop
  endfacet
  facet normal -5.30828416e-02 -9.95919812e-01 7.29790421e-02
    outer loop
      vertex 1.43677467e+02 1.89501869e+01 2.97500000e+02
      vertex 1.46043662e+02 1.88240679e+01 2.97500000e+02
      vertex 1.47844063e+02 2.00104715e+01 3.15000000e+02
    endloop
  endfacet
  facet normal -5.56281485e-02 -9.95737103e-01 7.35739874e-02
    outer loop
      vertex 1.43677467e+02 1.89501869e+01 2.97500000e+02
      vertex 1.47844063e+02 2.00104715e+01 3.15000000e+02
      vertex 1.45581279e+02 2.01368849e+01 3.15000000e+02
    endloop
  endfacet
  facet normal -1.22069150e-01 -9.89350258e-01 7.92791895e-02
    outer loop
      vertex 1.46043662e+02 1.88240679e+01 2.97500000e+02
      vertex 1.48663641e+02 1.85008067e+01 2.97500000e+02
      vertex 1.50349044e+02 1.96951765e+01 3.15000000e+02
    endloop
  endfacet
  facet normal -1.24483080e-01 -9.89003042e-01 7.98557856e-02
    outer loop
      vertex 1.46043662e+02 1.88240679e+01 2.97500000e+02
      vertex 1.50349044e+02 1.96951765e+01 3.15000000e+02
      vertex 1.47844063e+02 2.00104715e+01 3.15000000e+02
    endloop
  endfacet
  facet normal 3.26846110e-01 9.40130256e-01 -9.65749545e-02
    outer loop
      vertex 1.50349044e+02 1.96951765e+01 3.15000000e+02
      vertex 1.48208302e+02 2.04394281e+01 3.15000000e+02
      vertex 1.49993140e+02 2.16165992e+01 3.32500000e+02
    endloop
  endfacet
  facet normal 3.29112025e-01 9.39352927e-01 -9.64435243e-02
    outer loop
      vertex 1.50349044e+02 1.96951765e+01 3.15000000e+02
      vertex 1.49993140e+02 2.16165992e+01 3.32500000e+02
      vertex 1.52034664e+02 2.09013301e+01 3.32500000e+02
    endloop
  endfacet
  facet normal 3.14274125e-01 9.44478200e-01 -9.58785861e-02
    outer loop
      vertex 1.48208302e+02 2.04394281e+01 3.15000000e+02
      vertex 1.46057660e+02 2.11550517e+01 3.15000000e+02
      vertex 1.47942087e+02 2.23045210e+01 3.32500000e+02
    endloop
  endfacet
  facet normal 3.16528596e-01 9.43736545e-01 -9.57652472e-02
    outer loop
      vertex 1.48208302e+02 2.04394281e+01 3.15000000e+02
      vertex 1.47942087e+02 2.23045210e+01 3.32500000e+02
      vertex 1.49993140e+02 2.16165992e+01 3.32500000e+02
    endloop
  endfacet
  facet normal 3.00489468e-01 9.49043443e-01 -9.49874903e-02
    outer loop
      vertex 1.46057660e+02 2.11550517e+01 3.15000000e+02
      vertex 1.43896714e+02 2.18392581e+01 3.15000000e+02
      vertex 1.45881127e+02 2.29624796e+01 3.32500000e+02
    endloop
  endfacet
  facet normal 3.02753958e-01 9.48333109e-01 -9.48912826e-02
    outer loop
      vertex 1.46057660e+02 2.11550517e+01 3.15000000e+02
      vertex 1.45881127e+02 2.29624796e+01 3.32500000e+02
      vertex 1.47942087e+02 2.23045210e+01 3.32500000e+02
    endloop
  endfacet
  facet normal 2.99626319e-01 9.49295144e-01 -9.51987308e-02
    outer loop
      vertex 1.43896714e+02 2.18392581e+01 3.15000000e+02
      vertex 1.41735144e+02 2.25215150e+01 3.15000000e+02
      vertex 1.43819564e+02 2.36185718e+01 3.32500000e+02
    endloop
  endfacet
  facet normal 3.01887708e-01 9.48586644e-01 -9.51167246e-02
    outer loop
      vertex 1.43896714e+02 2.18392581e+01 3.15000000e+02
      vertex 1.43819564e+02 2.36185718e+01 3.32500000e+02
      vertex 1.45881127e+02 2.29624796e+01 3.32500000e+02
    endloop
  endfacet
  facet normal 3.01365454e-01 9.48698149e-01 -9.56592137e-02
    outer loop
      vertex 1.41735144e+02 2.25215150e+01 3.15000000e+02
      vertex 1.39574839e+02 2.32077621e+01 3.15000000e+02
      vertex 1.41759206e+02 2.42784330e+01 3.32500000e+02
    endloop
  endfacet
  facet normal 3.03608171e-01 9.47989666e-01 -9.55911690e-02
    outer loop
      vertex 1.41735144e+02 2.25215150e+01 3.15000000e+02
      vertex 1.41759206e+02 2.42784330e+01 3.32500000e+02
      vertex 1.43819564e+02 2.36185718e+01 3.32500000e+02
    endloop
  endfacet
  facet normal 3.02709224e-01 9.48227064e-01 -9.60862151e-02
    outer loop
      vertex 1.39574839e+02 2.32077621e+01 3.15000000e+02
      vertex 1.37415517e+02 2.38970978e+01 3.15000000e+02
      vertex 1.39699779e+02 2.49411954e+01 3.32500000e+02
    endloop
  endfacet
  facet normal 3.04929980e-01 9.47520734e-01 -9.60321057e-02
    outer loop
      vertex 1.39574839e+02 2.32077621e+01 3.15000000e+02
      vertex 1.39699779e+02 2.49411954e+01 3.32500000e+02
      vertex 1.41759206e+02 2.42784330e+01 3.32500000e+02
    endloop
  endfacet
  facet normal 3.03209506e-01 9.48032783e-01 -9.64252957e-02
    outer loop
      vertex 1.37415517e+02 2.38970978e+01 3.15000000e+02
      vertex 1.35256566e+02 2.45875953e+01 3.15000000e+02
      vertex 1.37640694e+02 2.56050206e+01 3.32500000e+02
    endloop
  endfacet
  facet normal 3.05408521e-01 9.47330751e-01 -9.63850758e-02
    outer loop
      vertex 1.37415517e+02 2.38970978e+01 3.15000000e+02
      vertex 1.37640694e+02 2.56050206e+01 3.32500000e+02
      vertex 1.39699779e+02 2.49411954e+01 3.32500000e+02
    endloop
  endfacet
  facet normal 3.02013564e-01 9.48400061e-01 -9.65667156e-02
    outer loop
      vertex 1.35256566e+02 2.45875953e+01 3.15000000e+02
      vertex 1.33096750e+02 2.52753788e+01 3.15000000e+02
      vertex 1.35580764e+02 2.62662177e+01 3.32500000e+02
    endloop
  endfacet
  facet normal 3.04194766e-01 9.47705375e-01 -9.65404884e-02
    outer loop
      vertex 1.35256566e+02 2.45875953e+01 3.15000000e+02
      vertex 1.35580764e+02 2.62662177e+01 3.32500000e+02
      vertex 1.37640694e+02 2.56050206e+01 3.32500000e+02
    endloop
  endfacet
  facet normal 2.97809529e-01 9.49752682e-01 -9.63292641e-02
    outer loop
      vertex 1.33096750e+02 2.52753788e+01 3.15000000e+02
      vertex 1.30933908e+02 2.59535712e+01 3.15000000e+02
      vertex 1.33517923e+02 2.69182621e+01 3.32500000e+02
    endloop
  endfacet
  facet normal 2.99991085e-01 9.49067072e-01 -9.63174032e-02
    outer loop
      vertex 1.33096750e+02 2.52753788e+01 3.15000000e+02
      vertex 1.33517923e+02 2.69182621e+01 3.32500000e+02
      vertex 1.35580764e+02 2.62662177e+01 3.32500000e+02
    endloop
  endfacet
  facet normal 2.91797990e-01 9.51667342e-01 -9.58290298e-02
    outer loop
      vertex 1.30933908e+02 2.59535712e+01 3.15000000e+02
      vertex 1.28766844e+02 2.66180312e+01 3.15000000e+02
      vertex 1.31451018e+02 2.75571949e+01 3.32500000e+02
    endloop
  endfacet
  facet normal 2.93977057e-01 9.50996180e-01 -9.58319169e-02
    outer loop
      vertex 1.30933908e+02 2.59535712e+01 3.15000000e+02
      vertex 1.31451018e+02 2.75571949e+01 3.32500000e+02
      vertex 1.33517923e+02 2.69182621e+01 3.32500000e+02
    endloop
  endfacet
  facet normal 2.84302629e-01 9.54007688e-01 -9.50859924e-02
    outer loop
      vertex 1.28766844e+02 2.66180312e+01 3.15000000e+02
      vertex 1.26594597e+02 2.72653797e+01 3.15000000e+02
      vertex 1.29379124e+02 2.81797921e+01 3.32500000e+02
    endloop
  endfacet
  facet normal 2.86479853e-01 9.53354367e-01 -9.51038633e-02
    outer loop
      vertex 1.28766844e+02 2.66180312e+01 3.15000000e+02
      vertex 1.29379124e+02 2.81797921e+01 3.32500000e+02
      vertex 1.31451018e+02 2.75571949e+01 3.32500000e+02
    endloop
  endfacet
  facet normal 2.66651161e-01 9.59311124e-01 -9.28403233e-02
    outer loop
      vertex 1.26594597e+02 2.72653797e+01 3.15000000e+02
      vertex 1.24410710e+02 2.78724154e+01 3.15000000e+02
      vertex 1.27296056e+02 2.87640185e+01 3.32500000e+02
    endloop
  endfacet
  facet normal 2.68877259e-01 9.58686113e-01 -9.28760290e-02
    outer loop
      vertex 1.26594597e+02 2.72653797e+01 3.15000000e+02
      vertex 1.27296056e+02 2.87640185e+01 3.32500000e+02
      vertex 1.29379124e+02 2.81797921e+01 3.32500000e+02
    endloop
  endfacet
  facet normal 2.42769237e-01 9.65944277e-01 -8.95251421e-02
    outer loop
      vertex 1.24410710e+02 2.78724154e+01 3.15000000e+02
      vertex 1.22212689e+02 2.84248404e+01 3.15000000e+02
      vertex 1.25199369e+02 2.92961287e+01 3.32500000e+02
    endloop
  endfacet
  facet normal 2.44999160e-01 9.65376062e-01 -8.95794092e-02
    outer loop
      vertex 1.24410710e+02 2.78724154e+01 3.15000000e+02
      vertex 1.25199369e+02 2.92961287e+01 3.32500000e+02
      vertex 1.27296056e+02 2.87640185e+01 3.32500000e+02
    endloop
  endfacet
  facet normal 2.12276034e-01 9.73507092e-01 -8.49872187e-02
    outer loop
      vertex 1.22212689e+02 2.84248404e+01 3.15000000e+02
      vertex 1.19998922e+02 2.89075586e+01 3.15000000e+02
      vertex 1.23087519e+02 2.97618322e+01 3.32500000e+02
    endloop
  endfacet
  facet normal 2.14564820e-01 9.72998592e-01 -8.50627865e-02
    outer loop
      vertex 1.22212689e+02 2.84248404e+01 3.15000000e+02
      vertex 1.23087519e+02 2.97618322e+01 3.32500000e+02
      vertex 1.25199369e+02 2.92961287e+01 3.32500000e+02
    endloop
  endfacet
  facet normal 1.72801322e-01 9.81805364e-01 -7.87269395e-02
    outer loop
      vertex 1.19998922e+02 2.89075586e+01 3.15000000e+02
      vertex 1.17766696e+02 2.93004387e+01 3.15000000e+02
      vertex 1.20957887e+02 3.01420305e+01 3.32500000e+02
    endloop
  endfacet
  facet normal 1.75202057e-01 9.81371693e-01 -7.88279033e-02
    outer loop
      vertex 1.19998922e+02 2.89075586e+01 3.15000000e+02
      vertex 1.20957887e+02 3.01420305e+01 3.32500000e+02
      vertex 1.23087519e+02 2.97618322e+01 3.32500000e+02
    endloop
  endfacet
  facet normal 1.10694780e-01 9.91512564e-01 -6.81872503e-02
    outer loop
      vertex 1.17766696e+02 2.93004387e+01 3.15000000e+02
      vertex 1.15514004e+02 2.95519345e+01 3.15000000e+02
      vertex 1.18808425e+02 3.03876290e+01 3.32500000e+02
    endloop
  endfacet
  facet normal 1.13256564e-01 9.91213985e-01 -6.83211974e-02
    outer loop
      vertex 1.17766696e+02 2.93004387e+01 3.15000000e+02
      vertex 1.18808425e+02 3.03876290e+01 3.32500000e+02
      vertex 1.20957887e+02 3.01420305e+01 3.32500000e+02
    endloop
  endfacet
  facet normal 7.46317668e-02 9.95287806e-01 -6.19054254e-02
    outer loop
      vertex 1.15514004e+02 2.95519345e+01 3.15000000e+02
      vertex 1.13254252e+02 2.97213822e+01 3.15000000e+02
      vertex 1.16652032e+02 3.05550733e+01 3.32500000e+02
    endloop
  endfacet
  facet normal 7.72679005e-02 9.95076700e-01 -6.20647526e-02
    outer loop
      vertex 1.15514004e+02 2.95519345e+01 3.15000000e+02
      vertex 1.16652032e+02 3.05550733e+01 3.32500000e+02
      vertex 1.18808425e+02 3.03876290e+01 3.32500000e+02
    endloop
  endfacet
  facet normal 4.35996590e-02 9.97460503e-01 -5.63170945e-02
    outer loop
      vertex 1.13254252e+02 2.97213822e+01 3.15000000e+02
      vertex 1.10990211e+02 2.98203449e+01 3.15000000e+02
      vertex 1.14491373e+02 3.06553652e+01 3.32500000e+02
    endloop
  endfacet
  facet normal 4.62932437e-02 9.97328748e-01 -5.65004792e-02
    outer loop
      vertex 1.13254252e+02 2.97213822e+01 3.15000000e+02
      vertex 1.14491373e+02 3.06553652e+01 3.32500000e+02
      vertex 1.16652032e+02 3.05550733e+01 3.32500000e+02
    endloop
  endfacet
  facet normal 1.47364164e-02 9.98593261e-01 -5.09346347e-02
    outer loop
      vertex 1.10990211e+02 2.98203449e+01 3.15000000e+02
      vertex 1.08723914e+02 2.98537891e+01 3.15000000e+02
      vertex 1.12328392e+02 3.06932089e+01 3.32500000e+02
    endloop
  endfacet
  facet normal 1.74705590e-02 9.98538622e-01 -5.11409825e-02
    outer loop
      vertex 1.10990211e+02 2.98203449e+01 3.15000000e+02
      vertex 1.12328392e+02 3.06932089e+01 3.32500000e+02
      vertex 1.14491373e+02 3.06553652e+01 3.32500000e+02
    endloop
  endfacet
  facet normal -2.13219226e-02 9.98810079e-01 -4.38611712e-02
    outer loop
      vertex 1.08723914e+02 2.98537891e+01 3.15000000e+02
      vertex 1.06457744e+02 2.98054124e+01 3.15000000e+02
      vertex 1.10165319e+02 3.06530442e+01 3.32500000e+02
    endloop
  endfacet
  facet normal -1.85471333e-02 9.98855304e-01 -4.40917849e-02
    outer loop
      vertex 1.08723914e+02 2.98537891e+01 3.15000000e+02
      vertex 1.10165319e+02 3.06530442e+01 3.32500000e+02
      vertex 1.12328392e+02 3.06932089e+01 3.32500000e+02
    endloop
  endfacet
  facet normal -5.27506969e-02 9.97903126e-01 -3.75062097e-02
    outer loop
      vertex 1.06457744e+02 2.98054124e+01 3.15000000e+02
      vertex 1.04194496e+02 2.96857737e+01 3.15000000e+02
      vertex 1.08004841e+02 3.05449323e+01 3.32500000e+02
    endloop
  endfacet
  facet normal -4.99425764e-02 9.98038030e-01 -3.77601640e-02
    outer loop
      vertex 1.06457744e+02 2.98054124e+01 3.15000000e+02
      vertex 1.08004841e+02 3.05449323e+01 3.32500000e+02
      vertex 1.10165319e+02 3.06530442e+01 3.32500000e+02
    endloop
  endfacet
  facet normal -8.22305317e-02 9.96120123e-01 -3.13502728e-02
    outer loop
      vertex 1.04194496e+02 2.96857737e+01 3.15000000e+02
      vertex 1.01935934e+02 2.94993275e+01 3.15000000e+02
      vertex 1.05848652e+02 3.03730923e+01 3.32500000e+02
    endloop
  endfacet
  facet normal -7.94045068e-02 9.96340663e-01 -3.16260595e-02
    outer loop
      vertex 1.04194496e+02 2.96857737e+01 3.15000000e+02
      vertex 1.05848652e+02 3.03730923e+01 3.32500000e+02
      vertex 1.08004841e+02 3.05449323e+01 3.32500000e+02
    endloop
  endfacet
  facet normal -1.14300240e-01 9.93146967e-01 -2.43835305e-02
    outer loop
      vertex 1.01935934e+02 2.94993275e+01 3.15000000e+02
      vertex 9.96845553e+01 2.92402187e+01 3.15000000e+02
      vertex 1.03699120e+02 3.01319069e+01 3.32500000e+02
    endloop
  endfacet
  facet normal -1.11469963e-01 9.93461294e-01 -2.46800530e-02
    outer loop
      vertex 1.01935934e+02 2.94993275e+01 3.15000000e+02
      vertex 1.03699120e+02 3.01319069e+01 3.32500000e+02
      vertex 1.05848652e+02 3.03730923e+01 3.32500000e+02
    endloop
  endfacet
  facet normal -1.50590957e-01 9.88463914e-01 -1.61695588e-02
    outer loop
      vertex 9.96845553e+01 2.92402187e+01 3.15000000e+02
      vertex 9.74441128e+01 2.88988908e+01 3.15000000e+02
      vertex 1.01559808e+02 2.98121802e+01 3.32500000e+02
    endloop
  endfacet
  facet normal -1.47791311e-01 9.88881202e-01 -1.64831998e-02
    outer loop
      vertex 9.96845553e+01 2.92402187e+01 3.15000000e+02
      vertex 1.01559808e+02 2.98121802e+01 3.32500000e+02
      vertex 1.03699120e+02 3.01319069e+01 3.32500000e+02
    endloop
  endfacet
  facet normal -1.94024552e-01 9.80978898e-01 -5.90550855e-03
    outer loop
      vertex 9.74441128e+01 2.88988908e+01 3.15000000e+02
      vertex 9.52208465e+01 2.84591583e+01 3.15000000e+02
      vertex 9.94366532e+01 2.93983390e+01 3.32500000e+02
    endloop
  endfacet
  facet normal -1.91313921e-01 9.81509134e-01 -6.22927238e-03
    outer loop
      vertex 9.74441128e+01 2.88988908e+01 3.15000000e+02
      vertex 9.94366532e+01 2.93983390e+01 3.32500000e+02
      vertex 1.01559808e+02 2.98121802e+01 3.32500000e+02
    endloop
  endfacet
  facet normal -2.47796896e-01 9.68783885e-01 7.38117619e-03
    outer loop
      vertex 9.52208465e+01 2.84591583e+01 3.15000000e+02
      vertex 9.30252744e+01 2.78975718e+01 3.15000000e+02
      vertex 9.73396956e+01 2.88677878e+01 3.32500000e+02
    endloop
  endfacet
  facet normal -2.45274917e-01 9.69427852e-01 7.06078561e-03
    outer loop
      vertex 9.52208465e+01 2.84591583e+01 3.15000000e+02
      vertex 9.73396956e+01 2.88677878e+01 3.32500000e+02
      vertex 9.94366532e+01 2.93983390e+01 3.32500000e+02
    endloop
  endfacet
  facet normal -3.11230362e-01 9.50037550e-01 2.37553319e-02
    outer loop
      vertex 9.30252744e+01 2.78975718e+01 3.15000000e+02
      vertex 9.08719168e+01 2.71921363e+01 3.15000000e+02
      vertex 9.52827660e+01 2.81995405e+01 3.32500000e+02
    endloop
  endfacet
  facet normal -3.08894587e-01 9.50807376e-01 2.34407346e-02
    outer loop
      vertex 9.30252744e+01 2.78975718e+01 3.15000000e+02
      vertex 9.52827660e+01 2.81995405e+01 3.32500000e+02
      vertex 9.73396956e+01 2.88677878e+01 3.32500000e+02
    endloop
  endfacet
  facet normal -3.83240626e-01 9.22639008e-01 4.31727293e-02
    outer loop
      vertex 9.08719168e+01 2.71921363e+01 3.15000000e+02
      vertex 8.87798732e+01 2.63231549e+01 3.15000000e+02
      vertex 9.32839267e+01 2.73751520e+01 3.32500000e+02
    endloop
  endfacet
  facet normal -3.80928402e-01 9.23611366e-01 4.28438686e-02
    outer loop
      vertex 9.08719168e+01 2.71921363e+01 3.15000000e+02
      vertex 9.32839267e+01 2.73751520e+01 3.32500000e+02
      vertex 9.52827660e+01 2.81995405e+01 3.32500000e+02
    endloop
  endfacet
  facet normal -4.70670901e-01 8.79692972e-01 6.78909298e-02
    outer loop
      vertex 8.87798732e+01 2.63231549e+01 3.15000000e+02
      vertex 8.67829890e+01 2.52547420e+01 3.15000000e+02
      vertex 9.13749523e+01 2.63610510e+01 3.32500000e+02
    endloop
  endfacet
  facet normal -4.68070126e-01 8.81109421e-01 6.75021930e-02
    outer loop
      vertex 8.87798732e+01 2.63231549e+01 3.15000000e+02
      vertex 9.13749523e+01 2.63610510e+01 3.32500000e+02
      vertex 9.32839267e+01 2.73751520e+01 3.32500000e+02
    endloop
  endfacet
  facet normal -6.25253140e-01 7.71939590e-01 1.14750954e-01
    outer loop
      vertex 8.67829890e+01 2.52547420e+01 3.15000000e+02
      vertex 8.50268468e+01 2.38323076e+01 3.15000000e+02
      vertex 8.96930559e+01 2.50104053e+01 3.32500000e+02
    endloop
  endfacet
  facet normal -6.22043419e-01 7.74601782e-01 1.14254380e-01
    outer loop
      vertex 8.67829890e+01 2.52547420e+01 3.15000000e+02
      vertex 8.96930559e+01 2.50104053e+01 3.32500000e+02
      vertex 9.13749523e+01 2.63610510e+01 3.32500000e+02
    endloop
  endfacet
  facet normal -9.65789571e-01 -1.86704700e-02 2.58654052e-01
    outer loop
      vertex 8.50268468e+01 2.38323076e+01 3.15000000e+02
      vertex 8.50621908e+01 2.20040244e+01 3.15000000e+02
      vertex 8.97245332e+01 2.32682822e+01 3.32500000e+02
    endloop
  endfacet
  facet normal -9.65801030e-01 -1.74504295e-02 2.58696450e-01
    outer loop
      vertex 8.50268468e+01 2.38323076e+01 3.15000000e+02
      vertex 8.97245332e+01 2.32682822e+01 3.32500000e+02
      vertex 8.96930559e+01 2.50104053e+01 3.32500000e+02
    endloop
  endfacet
  facet normal -4.25744152e-01 -8.87295828e-01 1.77335928e-01
    outer loop
      vertex 8.50621908e+01 2.20040244e+01 3.15000000e+02
      vertex 8.71001618e+01 2.10261608e+01 3.15000000e+02
      vertex 9.16682461e+01 2.23318624e+01 3.32500000e+02
    endloop
  endfacet
  facet normal -4.27107238e-01 -8.86540269e-01 1.77836324e-01
    outer loop
      vertex 8.50621908e+01 2.20040244e+01 3.15000000e+02
      vertex 9.16682461e+01 2.23318624e+01 3.32500000e+02
      vertex 8.97245332e+01 2.32682822e+01 3.32500000e+02
    endloop
  endfacet
  facet normal -3.01340632e-01 -9.41851776e-01 1.48691139e-01
    outer loop
      vertex 8.71001618e+01 2.10261608e+01 3.15000000e+02
      vertex 8.92581244e+01 2.03357318e+01 3.15000000e+02
      vertex 9.37266235e+01 2.16688021e+01 3.32500000e+02
    endloop
  endfacet
  facet normal -3.03172972e-01 -9.41157742e-01 1.49359478e-01
    outer loop
      vertex 8.71001618e+01 2.10261608e+01 3.15000000e+02
      vertex 9.37266235e+01 2.16688021e+01 3.32500000e+02
      vertex 9.16682461e+01 2.23318624e+01 3.32500000e+02
    endloop
  endfacet
  facet normal -2.44566816e-01 -9.60142444e-01 1.35327604e-01
    outer loop
      vertex 8.92581244e+01 2.03357318e+01 3.15000000e+02
      vertex 9.14541523e+01 1.97763611e+01 3.15000000e+02
      vertex 9.58214974e+01 2.11304575e+01 3.32500000e+02
    endloop
  endfacet
  facet normal -2.46580388e-01 -9.59524477e-01 1.36054731e-01
    outer loop
      vertex 8.92581244e+01 2.03357318e+01 3.15000000e+02
      vertex 9.58214974e+01 2.11304575e+01 3.32500000e+02
      vertex 9.37266235e+01 2.16688021e+01 3.32500000e+02
    endloop
  endfacet
  facet normal -2.04271618e-01 -9.70794395e-01 1.25822691e-01
    outer loop
      vertex 9.14541523e+01 1.97763611e+01 3.15000000e+02
      vertex 9.36719425e+01 1.93097004e+01 3.15000000e+02
      vertex 9.79372820e+01 2.06803401e+01 3.32500000e+02
    endloop
  endfacet
  facet normal -2.06411797e-01 -9.70242184e-01 1.26587027e-01
    outer loop
      vertex 9.14541523e+01 1.97763611e+01 3.15000000e+02
      vertex 9.79372820e+01 2.06803401e+01 3.32500000e+02
      vertex 9.58214974e+01 2.11304575e+01 3.32500000e+02
    endloop
  endfacet
  facet normal -1.73085302e-01 -9.77754045e-01 1.18484202e-01
    outer loop
      vertex 9.36719425e+01 1.93097004e+01 3.15000000e+02
      vertex 9.59036623e+01 1.89146339e+01 3.15000000e+02
      vertex 1.00066484e+02 2.02983667e+01 3.32500000e+02
    endloop
  endfacet
  facet normal -1.75318029e-01 -9.77260325e-01 1.19272152e-01
    outer loop
      vertex 9.36719425e+01 1.93097004e+01 3.15000000e+02
      vertex 1.00066484e+02 2.02983667e+01 3.32500000e+02
      vertex 9.79372820e+01 2.06803401e+01 3.32500000e+02
    endloop
  endfacet
  facet normal -1.47507517e-01 -9.82642478e-01 1.12495742e-01
    outer loop
      vertex 9.59036623e+01 1.89146339e+01 3.15000000e+02
      vertex 9.81449958e+01 1.85781803e+01 3.15000000e+02
      vertex 1.02204968e+02 1.99721757e+01 3.32500000e+02
    endloop
  endfacet
  facet normal -1.49818650e-01 -9.82200189e-01 1.13301194e-01
    outer loop
      vertex 9.59036623e+01 1.89146339e+01 3.15000000e+02
      vertex 1.02204968e+02 1.99721757e+01 3.32500000e+02
      vertex 1.00066484e+02 2.02983667e+01 3.32500000e+02
    endloop
  endfacet
  facet normal -1.25454659e-01 -9.86272205e-01 1.07369766e-01
    outer loop
      vertex 9.81449958e+01 1.85781803e+01 3.15000000e+02
      vertex 1.00393379e+02 1.82921840e+01 3.15000000e+02
      vertex 1.04350277e+02 1.96939874e+01 3.32500000e+02
    endloop
  endfacet
  facet normal -1.27841341e-01 -9.85875928e-01 1.08190787e-01
    outer loop
      vertex 9.81449958e+01 1.85781803e+01 3.15000000e+02
      vertex 1.04350277e+02 1.96939874e+01 3.32500000e+02
      vertex 1.02204968e+02 1.99721757e+01 3.32500000e+02
    endloop
  endfacet
  facet normal -1.05682708e-01 -9.89070243e-01 1.02816432e-01
    outer loop
      vertex 1.00393379e+02 1.82921840e+01 3.15000000e+02
      vertex 1.02647220e+02 1.80513599e+01 3.15000000e+02
      vertex 1.06500883e+02 1.94587645e+01 3.32500000e+02
    endloop
  endfacet
  facet normal -1.08141109e-01 -9.88717348e-01 1.03650890e-01
    outer loop
      vertex 1.00393379e+02 1.82921840e+01 3.15000000e+02
      vertex 1.06500883e+02 1.94587645e+01 3.32500000e+02
      vertex 1.04350277e+02 1.96939874e+01 3.32500000e+02
    endloop
  endfacet
  facet normal -7.80978317e-02 -9.92246002e-01 9.66881586e-02
    outer loop
      vertex 1.02647220e+02 1.80513599e+01 3.15000000e+02
      vertex 1.04906918e+02 1.78735033e+01 3.15000000e+02
      vertex 1.08657226e+02 1.92835889e+01 3.32500000e+02
    endloop
  endfacet
  facet normal -8.05846352e-02 -9.91965468e-01 9.75224456e-02
    outer loop
      vertex 1.02647220e+02 1.80513599e+01 3.15000000e+02
      vertex 1.08657226e+02 1.92835889e+01 3.32500000e+02
      vertex 1.06500883e+02 1.94587645e+01 3.32500000e+02
    endloop
  endfacet
  facet normal -5.73894716e-02 -9.94096576e-01 9.20784807e-02
    outer loop
      vertex 1.04906918e+02 1.78735033e+01 3.15000000e+02
      vertex 1.07169611e+02 1.77428774e+01 3.15000000e+02
      vertex 1.10816529e+02 1.91532824e+01 3.32500000e+02
    endloop
  endfacet
  facet normal -5.99763314e-02 -9.93864134e-01 9.29350441e-02
    outer loop
      vertex 1.04906918e+02 1.78735033e+01 3.15000000e+02
      vertex 1.10816529e+02 1.91532824e+01 3.32500000e+02
      vertex 1.08657226e+02 1.92835889e+01 3.32500000e+02
    endloop
  endfacet
  facet normal -3.58651870e-02 -9.95529462e-01 8.73772218e-02
    outer loop
      vertex 1.07169611e+02 1.77428774e+01 3.15000000e+02
      vertex 1.09434471e+02 1.76612830e+01 3.15000000e+02
      vertex 1.12978017e+02 1.90695903e+01 3.32500000e+02
    endloop
  endfacet
  facet normal -3.85396738e-02 -9.95352384e-01 8.82514831e-02
    outer loop
      vertex 1.07169611e+02 1.77428774e+01 3.15000000e+02
      vertex 1.12978017e+02 1.90695903e+01 3.32500000e+02
      vertex 1.10816529e+02 1.91532824e+01 3.32500000e+02
    endloop
  endfacet
  facet normal -9.73252322e-03 -9.96597829e-01 8.18415833e-02
    outer loop
      vertex 1.09434471e+02 1.76612830e+01 3.15000000e+02
      vertex 1.11701050e+02 1.76391482e+01 3.15000000e+02
      vertex 1.15141297e+02 1.90426686e+01 3.32500000e+02
    endloop
  endfacet
  facet normal -1.24012692e-02 -9.96497000e-01 8.27039139e-02
    outer loop
      vertex 1.09434471e+02 1.76612830e+01 3.15000000e+02
      vertex 1.15141297e+02 1.90426686e+01 3.32500000e+02
      vertex 1.12978017e+02 1.90695903e+01 3.32500000e+02
    endloop
  endfacet
  facet normal 3.85478120e-02 -9.96659844e-01 7.19945943e-02
    outer loop
      vertex 1.11701050e+02 1.76391482e+01 3.15000000e+02
      vertex 1.13965820e+02 1.77267427e+01 3.15000000e+02
      vertex 1.17303145e+02 1.91199482e+01 3.32500000e+02
    endloop
  endfacet
  facet normal 3.56290324e-02 -9.96700276e-01 7.29323745e-02
    outer loop
      vertex 1.11701050e+02 1.76391482e+01 3.15000000e+02
      vertex 1.17303145e+02 1.91199482e+01 3.32500000e+02
      vertex 1.15141297e+02 1.90426686e+01 3.32500000e+02
    endloop
  endfacet
  facet normal 6.58156412e-02 -9.95623766e-01 6.63446901e-02
    outer loop
      vertex 1.13965820e+02 1.77267427e+01 3.15000000e+02
      vertex 1.16226966e+02 1.78762155e+01 3.15000000e+02
      vertex 1.19461722e+02 1.92561843e+01 3.32500000e+02
    endloop
  endfacet
  facet normal 6.28457495e-02 -9.95752305e-01 6.72886231e-02
    outer loop
      vertex 1.13965820e+02 1.77267427e+01 3.15000000e+02
      vertex 1.19461722e+02 1.92561843e+01 3.32500000e+02
      vertex 1.17303145e+02 1.91199482e+01 3.32500000e+02
    endloop
  endfacet
  facet normal 8.93062647e-02 -9.94102577e-01 6.15179392e-02
    outer loop
      vertex 1.16226966e+02 1.78762155e+01 3.15000000e+02
      vertex 1.18484538e+02 1.80790270e+01 3.15000000e+02
      vertex 1.21617036e+02 1.94433888e+01 3.32500000e+02
    endloop
  endfacet
  facet normal 8.63625581e-02 -9.94304990e-01 6.24427393e-02
    outer loop
      vertex 1.16226966e+02 1.78762155e+01 3.15000000e+02
      vertex 1.21617036e+02 1.94433888e+01 3.32500000e+02
      vertex 1.19461722e+02 1.92561843e+01 3.32500000e+02
    endloop
  endfacet
  facet normal 1.09847261e-01 -9.92293281e-01 5.73377992e-02
    outer loop
      vertex 1.18484538e+02 1.80790270e+01 3.15000000e+02
      vertex 1.20737459e+02 1.83284263e+01 3.15000000e+02
      vertex 1.23768035e+02 1.96751167e+01 3.32500000e+02
    endloop
  endfacet
  facet normal 1.06928780e-01 -9.92559301e-01 5.82431921e-02
    outer loop
      vertex 1.18484538e+02 1.80790270e+01 3.15000000e+02
      vertex 1.23768035e+02 1.96751167e+01 3.32500000e+02
      vertex 1.21617036e+02 1.94433888e+01 3.32500000e+02
    endloop
  endfacet
  facet normal 1.12694744e-01 -9.92024330e-01 5.64590416e-02
    outer loop
      vertex 1.20737459e+02 1.83284263e+01 3.15000000e+02
      vertex 1.22989648e+02 1.85842766e+01 3.15000000e+02
      vertex 1.25918358e+02 1.99129572e+01 3.32500000e+02
    endloop
  endfacet
  facet normal 1.09755467e-01 -9.92302479e-01 5.73544034e-02
    outer loop
      vertex 1.20737459e+02 1.83284263e+01 3.15000000e+02
      vertex 1.25918358e+02 1.99129572e+01 3.32500000e+02
      vertex 1.23768035e+02 1.96751167e+01 3.32500000e+02
    endloop
  endfacet
  facet normal 1.15347392e-01 -9.91766069e-01 5.56331239e-02
    outer loop
      vertex 1.22989648e+02 1.85842766e+01 3.15000000e+02
      vertex 1.25241154e+02 1.88461382e+01 3.15000000e+02
      vertex 1.28068042e+02 2.01565821e+01 3.32500000e+02
    endloop
  endfacet
  facet normal 1.12429766e-01 -9.92051753e-01 5.65054690e-02
    outer loop
      vertex 1.22989648e+02 1.85842766e+01 3.15000000e+02
      vertex 1.28068042e+02 2.01565821e+01 3.32500000e+02
      vertex 1.25918358e+02 1.99129572e+01 3.32500000e+02
    endloop
  endfacet
  facet normal 1.11691160e-01 -9.92169832e-01 5.58937233e-02
    outer loop
      vertex 1.25241154e+02 1.88461382e+01 3.15000000e+02
      vertex 1.27493610e+02 1.90997030e+01 3.15000000e+02
      vertex 1.30218605e+02 2.03923224e+01 3.32500000e+02
    endloop
  endfacet
  facet normal 1.08789707e-01 -9.92443958e-01 5.67431912e-02
    outer loop
      vertex 1.25241154e+02 1.88461382e+01 3.15000000e+02
      vertex 1.30218605e+02 2.03923224e+01 3.32500000e+02
      vertex 1.28068042e+02 2.01565821e+01 3.32500000e+02
    endloop
  endfacet
  facet normal 1.06975867e-01 -9.92665807e-01 5.63095001e-02
    outer loop
      vertex 1.27493610e+02 1.90997030e+01 3.15000000e+02
      vertex 1.29747213e+02 1.93425653e+01 3.15000000e+02
      vertex 1.32370223e+02 2.06179341e+01 3.32500000e+02
    endloop
  endfacet
  facet normal 1.04114718e-01 -9.92923153e-01 5.71291245e-02
    outer loop
      vertex 1.27493610e+02 1.90997030e+01 3.15000000e+02
      vertex 1.32370223e+02 2.06179341e+01 3.32500000e+02
      vertex 1.30218605e+02 2.03923224e+01 3.32500000e+02
    endloop
  endfacet
  facet normal 1.00584204e-01 -9.93296930e-01 5.69563670e-02
    outer loop
      vertex 1.29747213e+02 1.93425653e+01 3.15000000e+02
      vertex 1.32002364e+02 1.95709287e+01 3.15000000e+02
      vertex 1.34523282e+02 2.08296671e+01 3.32500000e+02
    endloop
  endfacet
  facet normal 9.77049735e-02 -9.93537728e-01 5.77626239e-02
    outer loop
      vertex 1.29747213e+02 1.93425653e+01 3.15000000e+02
      vertex 1.34523282e+02 2.08296671e+01 3.32500000e+02
      vertex 1.32370223e+02 2.06179341e+01 3.32500000e+02
    endloop
  endfacet
  facet normal 8.50611532e-02 -9.94630931e-01 5.89398911e-02
    outer loop
      vertex 1.32002364e+02 1.95709287e+01 3.15000000e+02
      vertex 1.34260773e+02 1.97640686e+01 3.15000000e+02
      vertex 1.36679340e+02 2.10079211e+01 3.32500000e+02
    endloop
  endfacet
  facet normal 8.22477734e-02 -9.94821755e-01 5.97074524e-02
    outer loop
      vertex 1.32002364e+02 1.95709287e+01 3.15000000e+02
      vertex 1.36679340e+02 2.10079211e+01 3.32500000e+02
      vertex 1.34523282e+02 2.08296671e+01 3.32500000e+02
    endloop
  endfacet
  facet normal 7.40137212e-02 -9.95439801e-01 6.01794910e-02
    outer loop
      vertex 1.34260773e+02 1.97640686e+01 3.15000000e+02
      vertex 1.36521089e+02 1.99321293e+01 3.15000000e+02
      vertex 1.38837147e+02 2.11623003e+01 3.32500000e+02
    endloop
  endfacet
  facet normal 7.12295648e-02 -9.95597850e-01 6.09201956e-02
    outer loop
      vertex 1.34260773e+02 1.97640686e+01 3.15000000e+02
      vertex 1.38837147e+02 2.11623003e+01 3.32500000e+02
      vertex 1.36679340e+02 2.10079211e+01 3.32500000e+02
    endloop
  endfacet
  facet normal 6.04695121e-02 -9.96261950e-01 6.16892563e-02
    outer loop
      vertex 1.36521089e+02 1.99321293e+01 3.15000000e+02
      vertex 1.38783582e+02 2.00694545e+01 3.15000000e+02
      vertex 1.40996946e+02 2.12874103e+01 3.32500000e+02
    endloop
  endfacet
  facet normal 5.77170344e-02 -9.96380790e-01 6.24024424e-02
    outer loop
      vertex 1.36521089e+02 1.99321293e+01 3.15000000e+02
      vertex 1.40996946e+02 2.12874103e+01 3.32500000e+02
      vertex 1.38837147e+02 2.11623003e+01 3.32500000e+02
    endloop
  endfacet
  facet normal 3.48429925e-02 -9.97298864e-01 6.46602033e-02
    outer loop
      vertex 1.38783582e+02 2.00694545e+01 3.15000000e+02
      vertex 1.41048886e+02 2.01485982e+01 3.15000000e+02
      vertex 1.43159275e+02 2.13569480e+01 3.32500000e+02
    endloop
  endfacet
  facet normal 3.20733607e-02 -9.97346411e-01 6.53562191e-02
    outer loop
      vertex 1.38783582e+02 2.00694545e+01 3.15000000e+02
      vertex 1.43159275e+02 2.13569480e+01 3.32500000e+02
      vertex 1.40996946e+02 2.12874103e+01 3.32500000e+02
    endloop
  endfacet
  facet normal 1.18671480e-02 -9.97673872e-01 6.71268642e-02
    outer loop
      vertex 1.41048886e+02 2.01485982e+01 3.15000000e+02
      vertex 1.43315232e+02 2.01755560e+01 3.15000000e+02
      vertex 1.45322457e+02 2.13768906e+01 3.32500000e+02
    endloop
  endfacet
  facet normal 9.19753778e-03 -9.97658053e-01 6.77776835e-02
    outer loop
      vertex 1.41048886e+02 2.01485982e+01 3.15000000e+02
      vertex 1.45322457e+02 2.13768906e+01 3.32500000e+02
      vertex 1.43159275e+02 2.13569480e+01 3.32500000e+02
    endloop
  endfacet
  facet normal -1.70210019e-02 -9.97395005e-01 7.00962875e-02
    outer loop
      vertex 1.43315232e+02 2.01755560e+01 3.15000000e+02
      vertex 1.45581279e+02 2.01368849e+01 3.15000000e+02
      vertex 1.47485189e+02 2.13342827e+01 3.32500000e+02
    endloop
  endfacet
  facet normal -1.96478519e-02 -9.97302959e-01 7.07161272e-02
    outer loop
      vertex 1.43315232e+02 2.01755560e+01 3.15000000e+02
      vertex 1.47485189e+02 2.13342827e+01 3.32500000e+02
      vertex 1.45322457e+02 2.13768906e+01 3.32500000e+02
    endloop
  endfacet
  facet normal -5.56269438e-02 -9.95715540e-01 7.38661400e-02
    outer loop
      vertex 1.45581279e+02 2.01368849e+01 3.15000000e+02
      vertex 1.47844063e+02 2.00104715e+01 3.15000000e+02
      vertex 1.49644596e+02 2.12081020e+01 3.32500000e+02
    endloop
  endfacet
  facet normal -5.81716338e-02 -9.95526964e-01 7.44454472e-02
    outer loop
      vertex 1.45581279e+02 2.01368849e+01 3.15000000e+02
      vertex 1.49644596e+02 2.12081020e+01 3.32500000e+02
      vertex 1.47485189e+02 2.13342827e+01 3.32500000e+02
    endloop
  endfacet
  facet normal -1.24480096e-01 -9.88979330e-01 8.01535486e-02
    outer loop
      vertex 1.47844063e+02 2.00104715e+01 3.15000000e+02
      vertex 1.50349044e+02 1.96951765e+01 3.15000000e+02
      vertex 1.52034664e+02 2.09013301e+01 3.32500000e+02
    endloop
  endfacet
  facet normal -1.26893064e-01 -9.88627074e-01 8.07134330e-02
    outer loop
      vertex 1.47844063e+02 2.00104715e+01 3.15000000e+02
      vertex 1.52034664e+02 2.09013301e+01 3.32500000e+02
      vertex 1.49644596e+02 2.12081020e+01 3.32500000e+02
    endloop
  endfacet
  facet normal 3.29082709e-01 9.39269252e-01 -9.73542181e-02
    outer loop
      vertex 1.52034664e+02 2.09013301e+01 3.32500000e+02
      vertex 1.49993140e+02 2.16165992e+01 3.32500000e+02
      vertex 1.51778069e+02 2.28050864e+01 3.50000000e+02
    endloop
  endfacet
  facet normal 3.31346149e-01 9.38485448e-01 -9.72357634e-02
    outer loop
      vertex 1.52034664e+02 2.09013301e+01 3.32500000e+02
      vertex 1.51778069e+02 2.28050864e+01 3.50000000e+02
      vertex 1.53720546e+02 2.21192661e+01 3.50000000e+02
    endloop
  endfacet
  facet normal 3.16501457e-01 9.43655629e-01 -9.66482370e-02
    outer loop
      vertex 1.49993140e+02 2.16165992e+01 3.32500000e+02
      vertex 1.47942087e+02 2.23045210e+01 3.32500000e+02
      vertex 1.49826441e+02 2.34648419e+01 3.50000000e+02
    endloop
  endfacet
  facet normal 3.18753570e-01 9.42907571e-01 -9.65477789e-02
    outer loop
      vertex 1.49993140e+02 2.16165992e+01 3.32500000e+02
      vertex 1.49826441e+02 2.34648419e+01 3.50000000e+02
      vertex 1.51778069e+02 2.28050864e+01 3.50000000e+02
    endloop
  endfacet
  facet normal 3.02728963e-01 9.48254816e-01 -9.57495661e-02
    outer loop
      vertex 1.47942087e+02 2.23045210e+01 3.32500000e+02
      vertex 1.45881127e+02 2.29624796e+01 3.32500000e+02
      vertex 1.47865309e+02 2.40960861e+01 3.50000000e+02
    endloop
  endfacet
  facet normal 3.04991188e-01 9.47538042e-01 -9.56662613e-02
    outer loop
      vertex 1.47942087e+02 2.23045210e+01 3.32500000e+02
      vertex 1.47865309e+02 2.40960861e+01 3.50000000e+02
      vertex 1.49826441e+02 2.34648419e+01 3.50000000e+02
    endloop
  endfacet
  facet normal 3.01863544e-01 9.48510716e-01 -9.59469790e-02
    outer loop
      vertex 1.45881127e+02 2.29624796e+01 3.32500000e+02
      vertex 1.43819564e+02 2.36185718e+01 3.32500000e+02
      vertex 1.45903598e+02 2.47255474e+01 3.50000000e+02
    endloop
  endfacet
  facet normal 3.04122673e-01 9.47795778e-01 -9.58778523e-02
    outer loop
      vertex 1.45881127e+02 2.29624796e+01 3.32500000e+02
      vertex 1.45903598e+02 2.47255474e+01 3.50000000e+02
      vertex 1.47865309e+02 2.40960861e+01 3.50000000e+02
    endloop
  endfacet
  facet normal 3.03584639e-01 9.47916191e-01 -9.63911953e-02
    outer loop
      vertex 1.43819564e+02 2.36185718e+01 3.32500000e+02
      vertex 1.41759206e+02 2.42784330e+01 3.32500000e+02
      vertex 1.43943031e+02 2.53585604e+01 3.50000000e+02
    endloop
  endfacet
  facet normal 3.05825106e-01 9.47201348e-01 -9.63359270e-02
    outer loop
      vertex 1.43819564e+02 2.36185718e+01 3.32500000e+02
      vertex 1.43943031e+02 2.53585604e+01 3.50000000e+02
      vertex 1.45903598e+02 2.47255474e+01 3.50000000e+02
    endloop
  endfacet
  facet normal 3.04907141e-01 9.47449763e-01 -9.68017635e-02
    outer loop
      vertex 1.41759206e+02 2.42784330e+01 3.32500000e+02
      vertex 1.39699779e+02 2.49411954e+01 3.32500000e+02
      vertex 1.41983343e+02 2.59942918e+01 3.50000000e+02
    endloop
  endfacet
  facet normal 3.07125665e-01 9.46737170e-01 -9.67603088e-02
    outer loop
      vertex 1.41759206e+02 2.42784330e+01 3.32500000e+02
      vertex 1.41983343e+02 2.59942918e+01 3.50000000e+02
      vertex 1.43943031e+02 2.53585604e+01 3.50000000e+02
    endloop
  endfacet
  facet normal 3.05386458e-01 9.47262314e-01 -9.71247595e-02
    outer loop
      vertex 1.39699779e+02 2.49411954e+01 3.32500000e+02
      vertex 1.37640694e+02 2.56050206e+01 3.32500000e+02
      vertex 1.40023969e+02 2.66309915e+01 3.50000000e+02
    endloop
  endfacet
  facet normal 3.07583266e-01 9.46554115e-01 -9.70970721e-02
    outer loop
      vertex 1.39699779e+02 2.49411954e+01 3.32500000e+02
      vertex 1.40023969e+02 2.66309915e+01 3.50000000e+02
      vertex 1.41983343e+02 2.59942918e+01 3.50000000e+02
    endloop
  endfacet
  facet normal 3.04173620e-01 9.47639498e-01 -9.72511697e-02
    outer loop
      vertex 1.37640694e+02 2.56050206e+01 3.32500000e+02
      vertex 1.35580764e+02 2.62662177e+01 3.32500000e+02
      vertex 1.38063771e+02 2.72651525e+01 3.50000000e+02
    endloop
  endfacet
  facet normal 3.06352646e-01 9.46938726e-01 -9.72373708e-02
    outer loop
      vertex 1.37640694e+02 2.56050206e+01 3.32500000e+02
      vertex 1.38063771e+02 2.72651525e+01 3.50000000e+02
      vertex 1.40023969e+02 2.66309915e+01 3.50000000e+02
    endloop
  endfacet
  facet normal 2.99971049e-01 9.49003685e-01 -9.70019410e-02
    outer loop
      vertex 1.35580764e+02 2.62662177e+01 3.32500000e+02
      vertex 1.33517923e+02 2.69182621e+01 3.32500000e+02
      vertex 1.36100780e+02 2.78905992e+01 3.50000000e+02
    endloop
  endfacet
  facet normal 3.02150457e-01 9.48311983e-01 -9.70024976e-02
    outer loop
      vertex 1.35580764e+02 2.62662177e+01 3.32500000e+02
      vertex 1.36100780e+02 2.78905992e+01 3.50000000e+02
      vertex 1.38063771e+02 2.72651525e+01 3.50000000e+02
    endloop
  endfacet
  facet normal 2.93958273e-01 9.50935417e-01 -9.64902342e-02
    outer loop
      vertex 1.33517923e+02 2.69182621e+01 3.32500000e+02
      vertex 1.31451018e+02 2.75571949e+01 3.32500000e+02
      vertex 1.34133886e+02 2.85035554e+01 3.50000000e+02
    endloop
  endfacet
  facet normal 2.96135239e-01 9.50258179e-01 -9.65055091e-02
    outer loop
      vertex 1.33517923e+02 2.69182621e+01 3.32500000e+02
      vertex 1.34133886e+02 2.85035554e+01 3.50000000e+02
      vertex 1.36100780e+02 2.78905992e+01 3.50000000e+02
    endloop
  endfacet
  facet normal 2.86462406e-01 9.53296306e-01 -9.57363201e-02
    outer loop
      vertex 1.31451018e+02 2.75571949e+01 3.32500000e+02
      vertex 1.29379124e+02 2.81797921e+01 3.32500000e+02
      vertex 1.32162202e+02 2.91009520e+01 3.50000000e+02
    endloop
  endfacet
  facet normal 2.88637586e-01 9.52636925e-01 -9.57665505e-02
    outer loop
      vertex 1.31451018e+02 2.75571949e+01 3.32500000e+02
      vertex 1.32162202e+02 2.91009520e+01 3.50000000e+02
      vertex 1.34133886e+02 2.85035554e+01 3.50000000e+02
    endloop
  endfacet
  facet normal 2.68861736e-01 9.58630767e-01 -9.34902087e-02
    outer loop
      vertex 1.29379124e+02 2.81797921e+01 3.32500000e+02
      vertex 1.27296056e+02 2.87640185e+01 3.32500000e+02
      vertex 1.30179815e+02 2.96619098e+01 3.50000000e+02
    endloop
  endfacet
  facet normal 2.71085858e-01 9.57999481e-01 -9.35385055e-02
    outer loop
      vertex 1.29379124e+02 2.81797921e+01 3.32500000e+02
      vertex 1.30179815e+02 2.96619098e+01 3.50000000e+02
      vertex 1.32162202e+02 2.91009520e+01 3.50000000e+02
    endloop
  endfacet
  facet normal 2.44986047e-01 9.65324395e-01 -9.01701131e-02
    outer loop
      vertex 1.27296056e+02 2.87640185e+01 3.32500000e+02
      vertex 1.25199369e+02 2.92961287e+01 3.32500000e+02
      vertex 1.28184337e+02 3.01732448e+01 3.50000000e+02
    endloop
  endfacet
  facet normal 2.47214173e-01 9.64749939e-01 -9.02369511e-02
    outer loop
      vertex 1.27296056e+02 2.87640185e+01 3.32500000e+02
      vertex 1.28184337e+02 3.01732448e+01 3.50000000e+02
      vertex 1.30179815e+02 2.96619098e+01 3.50000000e+02
    endloop
  endfacet
  facet normal 2.14554218e-01 9.72950517e-01 -8.56374888e-02
    outer loop
      vertex 1.25199369e+02 2.92961287e+01 3.32500000e+02
      vertex 1.23087519e+02 2.97618322e+01 3.32500000e+02
      vertex 1.26174290e+02 3.06214609e+01 3.50000000e+02
    endloop
  endfacet
  facet normal 2.16841373e-01 9.72435544e-01 -8.57259052e-02
    outer loop
      vertex 1.25199369e+02 2.92961287e+01 3.32500000e+02
      vertex 1.26174290e+02 3.06214609e+01 3.50000000e+02
      vertex 1.28184337e+02 3.01732448e+01 3.50000000e+02
    endloop
  endfacet
  facet normal 1.75194168e-01 9.81327503e-01 -7.93935479e-02
    outer loop
      vertex 1.23087519e+02 2.97618322e+01 3.32500000e+02
      vertex 1.20957887e+02 3.01420305e+01 3.32500000e+02
      vertex 1.24147158e+02 3.09884813e+01 3.50000000e+02
    endloop
  endfacet
  facet normal 1.77593472e-01 9.80886867e-01 -7.95079417e-02
    outer loop
      vertex 1.23087519e+02 2.97618322e+01 3.32500000e+02
      vertex 1.24147158e+02 3.09884813e+01 3.50000000e+02
      vertex 1.26174290e+02 3.06214609e+01 3.50000000e+02
    endloop
  endfacet
  facet normal 1.13252163e-01 9.91175471e-01 -6.88849349e-02
    outer loop
      vertex 1.20957887e+02 3.01420305e+01 3.32500000e+02
      vertex 1.18808425e+02 3.03876290e+01 3.32500000e+02
      vertex 1.22100861e+02 3.12276527e+01 3.50000000e+02
    endloop
  endfacet
  facet normal 1.15812910e-01 9.90869209e-01 -6.90331854e-02
    outer loop
      vertex 1.20957887e+02 3.01420305e+01 3.32500000e+02
      vertex 1.22100861e+02 3.12276527e+01 3.50000000e+02
      vertex 1.24147158e+02 3.09884813e+01 3.50000000e+02
    endloop
  endfacet
  facet normal 7.72652579e-02 9.95042667e-01 -6.26112626e-02
    outer loop
      vertex 1.18808425e+02 3.03876290e+01 3.32500000e+02
      vertex 1.16652032e+02 3.05550733e+01 3.32500000e+02
      vertex 1.20047780e+02 3.13925488e+01 3.50000000e+02
    endloop
  endfacet
  facet normal 7.99006296e-02 9.94823549e-01 -6.27853176e-02
    outer loop
      vertex 1.18808425e+02 3.03876290e+01 3.32500000e+02
      vertex 1.20047780e+02 3.13925488e+01 3.50000000e+02
      vertex 1.22100861e+02 3.12276527e+01 3.50000000e+02
    endloop
  endfacet
  facet normal 4.62918571e-02 9.97298874e-01 -5.70264806e-02
    outer loop
      vertex 1.16652032e+02 3.05550733e+01 3.32500000e+02
      vertex 1.14491373e+02 3.06553652e+01 3.32500000e+02
      vertex 1.17990472e+02 3.14936130e+01 3.50000000e+02
    endloop
  endfacet
  facet normal 4.89849346e-02 9.97158855e-01 -5.72249439e-02
    outer loop
      vertex 1.16652032e+02 3.05550733e+01 3.32500000e+02
      vertex 1.17990472e+02 3.14936130e+01 3.50000000e+02
      vertex 1.20047780e+02 3.13925488e+01 3.50000000e+02
    endloop
  endfacet
  facet normal 1.74701064e-02 9.98512757e-01 -5.16436764e-02
    outer loop
      vertex 1.14491373e+02 3.06553652e+01 3.32500000e+02
      vertex 1.12328392e+02 3.06932089e+01 3.32500000e+02
      vertex 1.15930794e+02 3.15352913e+01 3.50000000e+02
    endloop
  endfacet
  facet normal 2.02039933e-02 9.98449689e-01 -5.18653748e-02
    outer loop
      vertex 1.14491373e+02 3.06553652e+01 3.32500000e+02
      vertex 1.15930794e+02 3.15352913e+01 3.50000000e+02
      vertex 1.17990472e+02 3.14936130e+01 3.50000000e+02
    endloop
  endfacet
  facet normal -1.85467379e-02 9.98834011e-01 -4.45717158e-02
    outer loop
      vertex 1.12328392e+02 3.06932089e+01 3.32500000e+02
      vertex 1.10165319e+02 3.06530442e+01 3.32500000e+02
      vertex 1.13870824e+02 3.15027650e+01 3.50000000e+02
    endloop
  endfacet
  facet normal -1.57718766e-02 9.98870660e-01 -4.48179847e-02
    outer loop
      vertex 1.12328392e+02 3.06932089e+01 3.32500000e+02
      vertex 1.13870824e+02 3.15027650e+01 3.50000000e+02
      vertex 1.15930794e+02 3.15352913e+01 3.50000000e+02
    endloop
  endfacet
  facet normal -4.99417113e-02 9.98020742e-01 -3.82154829e-02
    outer loop
      vertex 1.10165319e+02 3.06530442e+01 3.32500000e+02
      vertex 1.08004841e+02 3.05449323e+01 3.32500000e+02
      vertex 1.11813144e+02 3.14055998e+01 3.50000000e+02
    endloop
  endfacet
  facet normal -4.71332228e-02 9.98146951e-01 -3.84853617e-02
    outer loop
      vertex 1.10165319e+02 3.06530442e+01 3.32500000e+02
      vertex 1.11813144e+02 3.14055998e+01 3.50000000e+02
      vertex 1.13870824e+02 3.15027650e+01 3.50000000e+02
    endloop
  endfacet
  facet normal -7.94034227e-02 9.96327059e-01 -3.20544517e-02
    outer loop
      vertex 1.08004841e+02 3.05449323e+01 3.32500000e+02
      vertex 1.05848652e+02 3.03730923e+01 3.32500000e+02
      vertex 1.09759372e+02 3.12477824e+01 3.50000000e+02
    endloop
  endfacet
  facet normal -7.65767503e-02 9.96538868e-01 -3.23463574e-02
    outer loop
      vertex 1.08004841e+02 3.05449323e+01 3.32500000e+02
      vertex 1.09759372e+02 3.12477824e+01 3.50000000e+02
      vertex 1.11813144e+02 3.14055998e+01 3.50000000e+02
    endloop
  endfacet
  facet normal -1.11468852e-01 9.93451396e-01 -2.50802504e-02
    outer loop
      vertex 1.05848652e+02 3.03730923e+01 3.32500000e+02
      vertex 1.03699120e+02 3.01319069e+01 3.32500000e+02
      vertex 1.07711749e+02 3.10239360e+01 3.50000000e+02
    endloop
  endfacet
  facet normal -1.08637628e-01 9.93757042e-01 -2.53930374e-02
    outer loop
      vertex 1.05848652e+02 3.03730923e+01 3.32500000e+02
      vertex 1.07711749e+02 3.10239360e+01 3.50000000e+02
      vertex 1.09759372e+02 3.12477824e+01 3.50000000e+02
    endloop
  endfacet
  facet normal -1.47790402e-01 9.88875124e-01 -1.68518827e-02
    outer loop
      vertex 1.03699120e+02 3.01319069e+01 3.32500000e+02
      vertex 1.01559808e+02 2.98121802e+01 3.32500000e+02
      vertex 1.05673651e+02 3.07252323e+01 3.50000000e+02
    endloop
  endfacet
  facet normal -1.44989505e-01 9.89283999e-01 -1.71817716e-02
    outer loop
      vertex 1.03699120e+02 3.01319069e+01 3.32500000e+02
      vertex 1.05673651e+02 3.07252323e+01 3.50000000e+02
      vertex 1.07711749e+02 3.10239360e+01 3.50000000e+02
    endloop
  endfacet
  facet normal -1.91313515e-01 9.81507050e-01 -6.56130058e-03
    outer loop
      vertex 1.01559808e+02 2.98121802e+01 3.32500000e+02
      vertex 9.94366532e+01 2.93983390e+01 3.32500000e+02
      vertex 1.03650714e+02 3.03367219e+01 3.50000000e+02
    endloop
  endfacet
  facet normal -1.88601352e-01 9.82029483e-01 -6.90101003e-03
    outer loop
      vertex 1.01559808e+02 2.98121802e+01 3.32500000e+02
      vertex 1.03650714e+02 3.03367219e+01 3.50000000e+02
      vertex 1.05673651e+02 3.07252323e+01 3.50000000e+02
    endloop
  endfacet
  facet normal -2.45275404e-01 9.69429774e-01 6.77414232e-03
    outer loop
      vertex 9.94366532e+01 2.93983390e+01 3.32500000e+02
      vertex 9.73396956e+01 2.88677878e+01 3.32500000e+02
      vertex 1.01652497e+02 2.98366838e+01 3.50000000e+02
    endloop
  endfacet
  facet normal -2.42751726e-01 9.70067082e-01 6.43863163e-03
    outer loop
      vertex 9.94366532e+01 2.93983390e+01 3.32500000e+02
      vertex 1.01652497e+02 2.98366838e+01 3.50000000e+02
      vertex 1.03650714e+02 3.03367219e+01 3.50000000e+02
    endloop
  endfacet
  facet normal -3.08896362e-01 9.50812837e-01 2.31945577e-02
    outer loop
      vertex 9.73396956e+01 2.88677878e+01 3.32500000e+02
      vertex 9.52827660e+01 2.81995405e+01 3.32500000e+02
      vertex 9.96921461e+01 2.92051398e+01 3.50000000e+02
    endloop
  endfacet
  facet normal -3.06558746e-01 9.51577060e-01 2.28655899e-02
    outer loop
      vertex 9.73396956e+01 2.88677878e+01 3.32500000e+02
      vertex 9.96921461e+01 2.92051398e+01 3.50000000e+02
      vertex 1.01652497e+02 2.98366838e+01 3.50000000e+02
    endloop
  endfacet
  facet normal -3.80932176e-01 9.23620515e-01 4.26124526e-02
    outer loop
      vertex 9.52827660e+01 2.81995405e+01 3.32500000e+02
      vertex 9.32839267e+01 2.73751520e+01 3.32500000e+02
      vertex 9.77867035e+01 2.84248630e+01 3.50000000e+02
    endloop
  endfacet
  facet normal -3.78617647e-01 9.24587488e-01 4.22688347e-02
    outer loop
      vertex 9.52827660e+01 2.81995405e+01 3.32500000e+02
      vertex 9.77867035e+01 2.84248630e+01 3.50000000e+02
      vertex 9.96921461e+01 2.92051398e+01 3.50000000e+02
    endloop
  endfacet
  facet normal -4.68078558e-01 8.81125294e-01 6.72360022e-02
    outer loop
      vertex 9.32839267e+01 2.73751520e+01 3.32500000e+02
      vertex 9.13749523e+01 2.63610510e+01 3.32500000e+02
      vertex 9.59659273e+01 2.74645342e+01 3.50000000e+02
    endloop
  endfacet
  facet normal -4.65473854e-01 8.82534925e-01 6.68296129e-02
    outer loop
      vertex 9.32839267e+01 2.73751520e+01 3.32500000e+02
      vertex 9.59659273e+01 2.74645342e+01 3.50000000e+02
      vertex 9.77867035e+01 2.84248630e+01 3.50000000e+02
    endloop
  endfacet
  facet normal -6.22071768e-01 7.74637083e-01 1.13860022e-01
    outer loop
      vertex 9.13749523e+01 2.63610510e+01 3.32500000e+02
      vertex 8.96930559e+01 2.50104053e+01 3.32500000e+02
      vertex 9.43588326e+01 2.61850167e+01 3.50000000e+02
    endloop
  endfacet
  facet normal -6.18851965e-01 7.77288115e-01 1.13337688e-01
    outer loop
      vertex 9.13749523e+01 2.63610510e+01 3.32500000e+02
      vertex 9.43588326e+01 2.61850167e+01 3.50000000e+02
      vertex 9.59659273e+01 2.74645342e+01 3.50000000e+02
    endloop
  endfacet
  facet normal -9.65836597e-01 -1.74510721e-02 2.58563587e-01
    outer loop
      vertex 8.96930559e+01 2.50104053e+01 3.32500000e+02
      vertex 8.97245332e+01 2.32682822e+01 3.32500000e+02
      vertex 9.43866738e+01 2.45287626e+01 3.50000000e+02
    endloop
  endfacet
  facet normal -9.65848016e-01 -1.62356738e-02 2.58600101e-01
    outer loop
      vertex 8.96930559e+01 2.50104053e+01 3.32500000e+02
      vertex 9.43866738e+01 2.45287626e+01 3.50000000e+02
      vertex 9.43588326e+01 2.61850167e+01 3.50000000e+02
    endloop
  endfacet
  facet normal -4.27135992e-01 -8.86599953e-01 1.77469340e-01
    outer loop
      vertex 8.97245332e+01 2.32682822e+01 3.32500000e+02
      vertex 9.16682461e+01 2.23318624e+01 3.32500000e+02
      vertex 9.62362809e+01 2.36340747e+01 3.50000000e+02
    endloop
  endfacet
  facet normal -4.28498410e-01 -8.85843765e-01 1.77960489e-01
    outer loop
      vertex 8.97245332e+01 2.32682822e+01 3.32500000e+02
      vertex 9.62362809e+01 2.36340747e+01 3.50000000e+02
      vertex 9.43866738e+01 2.45287626e+01 3.50000000e+02
    endloop
  endfacet
  facet normal -3.03191910e-01 -9.41216530e-01 1.48950022e-01
    outer loop
      vertex 9.16682461e+01 2.23318624e+01 3.32500000e+02
      vertex 9.37266235e+01 2.16688021e+01 3.32500000e+02
      vertex 9.81952091e+01 2.29987685e+01 3.50000000e+02
    endloop
  endfacet
  facet normal -3.05023188e-01 -9.40520466e-01 1.49606507e-01
    outer loop
      vertex 9.16682461e+01 2.23318624e+01 3.32500000e+02
      vertex 9.81952091e+01 2.29987685e+01 3.50000000e+02
      vertex 9.62362809e+01 2.36340747e+01 3.50000000e+02
    endloop
  endfacet
  facet normal -2.46594343e-01 -9.59578781e-01 1.35645836e-01
    outer loop
      vertex 9.37266235e+01 2.16688021e+01 3.32500000e+02
      vertex 9.58214974e+01 2.11304575e+01 3.32500000e+02
      vertex 1.00189048e+02 2.24818722e+01 3.50000000e+02
    endloop
  endfacet
  facet normal -2.48606803e-01 -9.58958062e-01 1.36360161e-01
    outer loop
      vertex 9.37266235e+01 2.16688021e+01 3.32500000e+02
      vertex 1.00189048e+02 2.24818722e+01 3.50000000e+02
      vertex 9.81952091e+01 2.29987685e+01 3.50000000e+02
    endloop
  endfacet
  facet normal -2.06422393e-01 -9.70291991e-01 1.26187351e-01
    outer loop
      vertex 9.58214974e+01 2.11304575e+01 3.32500000e+02
      vertex 9.79372820e+01 2.06803401e+01 3.32500000e+02
      vertex 1.02202931e+02 2.20487458e+01 3.50000000e+02
    endloop
  endfacet
  facet normal -2.08561467e-01 -9.69736460e-01 1.26938221e-01
    outer loop
      vertex 9.58214974e+01 2.11304575e+01 3.32500000e+02
      vertex 1.02202931e+02 2.20487458e+01 3.50000000e+02
      vertex 1.00189048e+02 2.24818722e+01 3.50000000e+02
    endloop
  endfacet
  facet normal -1.75326183e-01 -9.77305778e-01 1.18887112e-01
    outer loop
      vertex 9.79372820e+01 2.06803401e+01 3.32500000e+02
      vertex 1.00066484e+02 2.02983667e+01 3.32500000e+02
      vertex 1.04229707e+02 2.16803317e+01 3.50000000e+02
    endloop
  endfacet
  facet normal -1.77557842e-01 -9.76808287e-01 1.19661116e-01
    outer loop
      vertex 9.79372820e+01 2.06803401e+01 3.32500000e+02
      vertex 1.04229707e+02 2.16803317e+01 3.50000000e+02
      vertex 1.02202931e+02 2.20487458e+01 3.50000000e+02
    endloop
  endfacet
  facet normal -1.49824964e-01 -9.82241581e-01 1.12933413e-01
    outer loop
      vertex 1.00066484e+02 2.02983667e+01 3.32500000e+02
      vertex 1.02204968e+02 1.99721757e+01 3.32500000e+02
      vertex 1.06265423e+02 2.13648852e+01 3.50000000e+02
    endloop
  endfacet
  facet normal -1.52135077e-01 -9.81795119e-01 1.13724504e-01
    outer loop
      vertex 1.00066484e+02 2.02983667e+01 3.32500000e+02
      vertex 1.06265423e+02 2.13648852e+01 3.50000000e+02
      vertex 1.04229707e+02 2.16803317e+01 3.50000000e+02
    endloop
  endfacet
  facet normal -1.27846223e-01 -9.85913574e-01 1.07841401e-01
    outer loop
      vertex 1.02204968e+02 1.99721757e+01 3.32500000e+02
      vertex 1.04350277e+02 1.96939874e+01 3.32500000e+02
      vertex 1.08307729e+02 2.10950020e+01 3.50000000e+02
    endloop
  endfacet
  facet normal -1.30231936e-01 -9.85512725e-01 1.08647650e-01
    outer loop
      vertex 1.02204968e+02 1.99721757e+01 3.32500000e+02
      vertex 1.08307729e+02 2.10950020e+01 3.50000000e+02
      vertex 1.06265423e+02 2.13648852e+01 3.50000000e+02
    endloop
  endfacet
  facet normal -1.08144840e-01 -9.88751455e-01 1.03321121e-01
    outer loop
      vertex 1.04350277e+02 1.96939874e+01 3.32500000e+02
      vertex 1.06500883e+02 1.94587645e+01 3.32500000e+02
      vertex 1.10355163e+02 2.08658917e+01 3.50000000e+02
    endloop
  endfacet
  facet normal -1.10602329e-01 -9.88393596e-01 1.04140411e-01
    outer loop
      vertex 1.04350277e+02 1.96939874e+01 3.32500000e+02
      vertex 1.10355163e+02 2.08658917e+01 3.50000000e+02
      vertex 1.08307729e+02 2.10950020e+01 3.50000000e+02
    endloop
  endfacet
  facet normal -8.05870468e-02 -9.91995153e-01 9.72180233e-02
    outer loop
      vertex 1.06500883e+02 1.94587645e+01 3.32500000e+02
      vertex 1.08657226e+02 1.92835889e+01 3.32500000e+02
      vertex 1.12408200e+02 2.06939139e+01 3.50000000e+02
    endloop
  endfacet
  facet normal -8.30730762e-02 -9.91709434e-01 9.80370438e-02
    outer loop
      vertex 1.06500883e+02 1.94587645e+01 3.32500000e+02
      vertex 1.12408200e+02 2.06939139e+01 3.50000000e+02
      vertex 1.10355163e+02 2.08658917e+01 3.50000000e+02
    endloop
  endfacet
  facet normal -5.99779438e-02 -9.93890853e-01 9.26478229e-02
    outer loop
      vertex 1.08657226e+02 1.92835889e+01 3.32500000e+02
      vertex 1.10816529e+02 1.91532824e+01 3.32500000e+02
      vertex 1.14464149e+02 2.05644636e+01 3.50000000e+02
    endloop
  endfacet
  facet normal -6.25641117e-02 -9.93652668e-01 9.34885425e-02
    outer loop
      vertex 1.08657226e+02 1.92835889e+01 3.32500000e+02
      vertex 1.14464149e+02 2.05644636e+01 3.50000000e+02
      vertex 1.12408200e+02 2.06939139e+01 3.50000000e+02
    endloop
  endfacet
  facet normal -3.85405896e-02 -9.95376036e-01 8.79839154e-02
    outer loop
      vertex 1.10816529e+02 1.91532824e+01 3.32500000e+02
      vertex 1.12978017e+02 1.90695903e+01 3.32500000e+02
      vertex 1.16522292e+02 2.04792285e+01 3.50000000e+02
    endloop
  endfacet
  facet normal -4.12144985e-02 -9.95192692e-01 8.88418346e-02
    outer loop
      vertex 1.10816529e+02 1.91532824e+01 3.32500000e+02
      vertex 1.16522292e+02 2.04792285e+01 3.50000000e+02
      vertex 1.14464149e+02 2.05644636e+01 3.50000000e+02
    endloop
  endfacet
  facet normal -1.24015130e-02 -9.96516586e-01 8.24675482e-02
    outer loop
      vertex 1.12978017e+02 1.90695903e+01 3.32500000e+02
      vertex 1.15141297e+02 1.90426686e+01 3.32500000e+02
      vertex 1.18582283e+02 2.04480729e+01 3.50000000e+02
    endloop
  endfacet
  facet normal -1.50698651e-02 -9.96409423e-01 8.33136300e-02
    outer loop
      vertex 1.12978017e+02 1.90695903e+01 3.32500000e+02
      vertex 1.18582283e+02 2.04480729e+01 3.50000000e+02
      vertex 1.16522292e+02 2.04792285e+01 3.50000000e+02
    endloop
  endfacet
  facet normal 3.56296491e-02 -9.96717530e-01 7.26958995e-02
    outer loop
      vertex 1.15141297e+02 1.90426686e+01 3.32500000e+02
      vertex 1.17303145e+02 1.91199482e+01 3.32500000e+02
      vertex 1.20641190e+02 2.05156411e+01 3.50000000e+02
    endloop
  endfacet
  facet normal 3.27108731e-02 -9.96750064e-01 7.36159497e-02
    outer loop
      vertex 1.15141297e+02 1.90426686e+01 3.32500000e+02
      vertex 1.20641190e+02 2.05156411e+01 3.50000000e+02
      vertex 1.18582283e+02 2.04480729e+01 3.50000000e+02
    endloop
  endfacet
  facet normal 6.28466398e-02 -9.95766410e-01 6.70787331e-02
    outer loop
      vertex 1.17303145e+02 1.91199482e+01 3.32500000e+02
      vertex 1.19461722e+02 1.92561843e+01 3.32500000e+02
      vertex 1.22697160e+02 2.06392539e+01 3.50000000e+02
    endloop
  endfacet
  facet normal 5.98764881e-02 -9.95886626e-01 6.80046582e-02
    outer loop
      vertex 1.17303145e+02 1.91199482e+01 3.32500000e+02
      vertex 1.22697160e+02 2.06392539e+01 3.50000000e+02
      vertex 1.20641190e+02 2.05156411e+01 3.50000000e+02
    endloop
  endfacet
  facet normal 8.63634977e-02 -9.94315808e-01 6.22689345e-02
    outer loop
      vertex 1.19461722e+02 1.92561843e+01 3.32500000e+02
      vertex 1.21617036e+02 1.94433888e+01 3.32500000e+02
      vertex 1.24750164e+02 2.08114594e+01 3.50000000e+02
    endloop
  endfacet
  facet normal 8.34193150e-02 -9.94509941e-01 6.31759098e-02
    outer loop
      vertex 1.19461722e+02 1.92561843e+01 3.32500000e+02
      vertex 1.24750164e+02 2.08114594e+01 3.50000000e+02
      vertex 1.22697160e+02 2.06392539e+01 3.50000000e+02
    endloop
  endfacet
  facet normal 1.06929641e-01 -9.92567296e-01 5.81052120e-02
    outer loop
      vertex 1.21617036e+02 1.94433888e+01 3.32500000e+02
      vertex 1.23768035e+02 1.96751167e+01 3.32500000e+02
      vertex 1.26799177e+02 2.10261185e+01 3.50000000e+02
    endloop
  endfacet
  facet normal 1.04010498e-01 -9.92825084e-01 5.89929505e-02
    outer loop
      vertex 1.21617036e+02 1.94433888e+01 3.32500000e+02
      vertex 1.26799177e+02 2.10261185e+01 3.50000000e+02
      vertex 1.24750164e+02 2.08114594e+01 3.50000000e+02
    endloop
  endfacet
  facet normal 1.09756138e-01 -9.92308541e-01 5.72481379e-02
    outer loop
      vertex 1.23768035e+02 1.96751167e+01 3.32500000e+02
      vertex 1.25918358e+02 1.99129572e+01 3.32500000e+02
      vertex 1.28847569e+02 2.12465558e+01 3.50000000e+02
    endloop
  endfacet
  facet normal 1.06816154e-01 -9.92578314e-01 5.81257196e-02
    outer loop
      vertex 1.23768035e+02 1.96751167e+01 3.32500000e+02
      vertex 1.28847569e+02 2.12465558e+01 3.50000000e+02
      vertex 1.26799177e+02 2.10261185e+01 3.50000000e+02
    endloop
  endfacet
  facet normal 1.12430207e-01 -9.92055646e-01 5.64361925e-02
    outer loop
      vertex 1.25918358e+02 1.99129572e+01 3.32500000e+02
      vertex 1.28068042e+02 2.01565821e+01 3.32500000e+02
      vertex 1.30895364e+02 2.14725463e+01 3.50000000e+02
    endloop
  endfacet
  facet normal 1.09511860e-01 -9.92333062e-01 5.72908945e-02
    outer loop
      vertex 1.25918358e+02 1.99129572e+01 3.32500000e+02
      vertex 1.30895364e+02 2.14725463e+01 3.50000000e+02
      vertex 1.28847569e+02 2.12465558e+01 3.50000000e+02
    endloop
  endfacet
  facet normal 1.08789909e-01 -9.92445798e-01 5.67106087e-02
    outer loop
      vertex 1.28068042e+02 2.01565821e+01 3.32500000e+02
      vertex 1.30218605e+02 2.03923224e+01 3.32500000e+02
      vertex 1.32943969e+02 2.16910611e+01 3.50000000e+02
    endloop
  endfacet
  facet normal 1.05887777e-01 -9.92711758e-01 5.75425338e-02
    outer loop
      vertex 1.28068042e+02 2.01565821e+01 3.32500000e+02
      vertex 1.32943969e+02 2.16910611e+01 3.50000000e+02
      vertex 1.30895364e+02 2.14725463e+01 3.50000000e+02
    endloop
  endfacet
  facet normal 1.04114678e-01 -9.92922764e-01 5.71359605e-02
    outer loop
      vertex 1.30218605e+02 2.03923224e+01 3.32500000e+02
      vertex 1.32370223e+02 2.06179341e+01 3.32500000e+02
      vertex 1.34993542e+02 2.19000131e+01 3.50000000e+02
    endloop
  endfacet
  facet normal 1.01252918e-01 -9.93172191e-01 5.79382908e-02
    outer loop
      vertex 1.30218605e+02 2.03923224e+01 3.32500000e+02
      vertex 1.34993542e+02 2.19000131e+01 3.50000000e+02
      vertex 1.32943969e+02 2.16910611e+01 3.50000000e+02
    endloop
  endfacet
  facet normal 9.77047526e-02 -9.93535482e-01 5.78016216e-02
    outer loop
      vertex 1.32370223e+02 2.06179341e+01 3.32500000e+02
      vertex 1.34523282e+02 2.08296671e+01 3.32500000e+02
      vertex 1.37044453e+02 2.20957102e+01 3.50000000e+02
    endloop
  endfacet
  facet normal 9.48249568e-02 -9.93768275e-01 5.85904699e-02
    outer loop
      vertex 1.32370223e+02 2.06179341e+01 3.32500000e+02
      vertex 1.37044453e+02 2.20957102e+01 3.50000000e+02
      vertex 1.34993542e+02 2.19000131e+01 3.50000000e+02
    endloop
  endfacet
  facet normal 8.22473697e-02 -9.94816872e-01 5.97893023e-02
    outer loop
      vertex 1.34523282e+02 2.08296671e+01 3.32500000e+02
      vertex 1.36679340e+02 2.10079211e+01 3.32500000e+02
      vertex 1.39098115e+02 2.22596596e+01 3.50000000e+02
    endloop
  endfacet
  facet normal 7.94335946e-02 -9.95000116e-01 6.05398501e-02
    outer loop
      vertex 1.34523282e+02 2.08296671e+01 3.32500000e+02
      vertex 1.39098115e+02 2.22596596e+01 3.50000000e+02
      vertex 1.37044453e+02 2.20957102e+01 3.50000000e+02
    endloop
  endfacet
  facet normal 7.12290455e-02 -9.95590591e-01 6.10393187e-02
    outer loop
      vertex 1.36679340e+02 2.10079211e+01 3.32500000e+02
      vertex 1.38837147e+02 2.11623003e+01 3.32500000e+02
      vertex 1.41153374e+02 2.24009327e+01 3.50000000e+02
    endloop
  endfacet
  facet normal 6.84445980e-02 -9.95741255e-01 6.17631809e-02
    outer loop
      vertex 1.36679340e+02 2.10079211e+01 3.32500000e+02
      vertex 1.41153374e+02 2.24009327e+01 3.50000000e+02
      vertex 1.39098115e+02 2.22596596e+01 3.50000000e+02
    endloop
  endfacet
  facet normal 5.77164685e-02 -9.96371022e-01 6.25587351e-02
    outer loop
      vertex 1.38837147e+02 2.11623003e+01 3.32500000e+02
      vertex 1.40996946e+02 2.12874103e+01 3.32500000e+02
      vertex 1.43210449e+02 2.25143965e+01 3.50000000e+02
    endloop
  endfacet
  facet normal 5.49638192e-02 -9.96482690e-01 6.32552582e-02
    outer loop
      vertex 1.38837147e+02 2.11623003e+01 3.32500000e+02
      vertex 1.43210449e+02 2.25143965e+01 3.50000000e+02
      vertex 1.41153374e+02 2.24009327e+01 3.50000000e+02
    endloop
  endfacet
  facet normal 3.20729653e-02 -9.97334118e-01 6.55437460e-02
    outer loop
      vertex 1.40996946e+02 2.12874103e+01 3.32500000e+02
      vertex 1.43159275e+02 2.13569480e+01 3.32500000e+02
      vertex 1.45269788e+02 2.25749008e+01 3.50000000e+02
    endloop
  endfacet
  facet normal 2.93033563e-02 -9.97374470e-01 6.62229492e-02
    outer loop
      vertex 1.40996946e+02 2.12874103e+01 3.32500000e+02
      vertex 1.45269788e+02 2.25749008e+01 3.50000000e+02
      vertex 1.43210449e+02 2.25143965e+01 3.50000000e+02
    endloop
  endfacet
  facet normal 9.19739217e-03 -9.97642259e-01 6.80097902e-02
    outer loop
      vertex 1.43159275e+02 2.13569480e+01 3.32500000e+02
      vertex 1.45322457e+02 2.13768906e+01 3.32500000e+02
      vertex 1.47329806e+02 2.25883807e+01 3.50000000e+02
    endloop
  endfacet
  facet normal 6.52798626e-03 -9.97619835e-01 6.86443746e-02
    outer loop
      vertex 1.43159275e+02 2.13569480e+01 3.32500000e+02
      vertex 1.47329806e+02 2.25883807e+01 3.50000000e+02
      vertex 1.45269788e+02 2.25749008e+01 3.50000000e+02
    endloop
  endfacet
  facet normal -1.96474767e-02 -9.97283914e-01 7.09843078e-02
    outer loop
      vertex 1.45322457e+02 2.13768906e+01 3.32500000e+02
      vertex 1.47485189e+02 2.13342827e+01 3.32500000e+02
      vertex 1.49389238e+02 2.25423796e+01 3.50000000e+02
    endloop
  endfacet
  facet normal -2.22739262e-02 -9.97185547e-01 7.15881106e-02
    outer loop
      vertex 1.45322457e+02 2.13768906e+01 3.32500000e+02
      vertex 1.49389238e+02 2.25423796e+01 3.50000000e+02
      vertex 1.47329806e+02 2.25883807e+01 3.50000000e+02
    endloop
  endfacet
  facet normal -5.81702938e-02 -9.95504031e-01 7.47525315e-02
    outer loop
      vertex 1.47485189e+02 2.13342827e+01 3.32500000e+02
      vertex 1.49644596e+02 2.12081020e+01 3.32500000e+02
      vertex 1.51445305e+02 2.24169585e+01 3.50000000e+02
    endloop
  endfacet
  facet normal -6.07143533e-02 -9.95309618e-01 7.53162049e-02
    outer loop
      vertex 1.47485189e+02 2.13342827e+01 3.32500000e+02
      vertex 1.51445305e+02 2.24169585e+01 3.50000000e+02
      vertex 1.49389238e+02 2.25423796e+01 3.50000000e+02
    endloop
  endfacet
  facet normal -1.26889823e-01 -9.88601828e-01 8.10271506e-02
    outer loop
      vertex 1.49644596e+02 2.12081020e+01 3.32500000e+02
      vertex 1.52034664e+02 2.09013301e+01 3.32500000e+02
      vertex 1.53720546e+02 2.21192661e+01 3.50000000e+02
    endloop
  endfacet
  facet normal -1.29301821e-01 -9.88244565e-01 8.15703310e-02
    outer loop
      vertex 1.49644596e+02 2.12081020e+01 3.32500000e+02
      vertex 1.53720546e+02 2.21192661e+01 3.50000000e+02
      vertex 1.51445305e+02 2.24169585e+01 3.50000000e+02
    endloop
  endfacet
  facet normal 2.27077537e-01 6.43161133e-01 7.31286229e-01
    outer loop
      vertex 1.53720546e+02 2.21192661e+01 3.50000000e+02
      vertex 1.51778069e+02 2.28050864e+01 3.50000000e+02
      vertex 1.43451924e+02 2.35162419e+01 3.51959962e+02
    endloop
  endfacet
  facet normal 2.27077537e-01 6.43161133e-01 7.31286229e-01
    outer loop
      vertex 1.53720546e+02 2.21192661e+01 3.50000000e+02
      vertex 1.43451924e+02 2.35162419e+01 3.51959962e+02
      vertex 1.44825462e+02 2.30312938e+01 3.51959962e+02
    endloop
  endfacet
  facet normal 2.24564884e-01 6.64287239e-01 7.12946756e-01
    outer loop
      vertex 1.51778069e+02 2.28050864e+01 3.50000000e+02
      vertex 1.49826441e+02 2.34648419e+01 3.50000000e+02
      vertex 1.42071914e+02 2.39827595e+01 3.51959962e+02
    endloop
  endfacet
  facet normal 2.24564884e-01 6.64287239e-01 7.12946756e-01
    outer loop
      vertex 1.51778069e+02 2.28050864e+01 3.50000000e+02
      vertex 1.42071914e+02 2.39827595e+01 3.51959962e+02
      vertex 1.43451924e+02 2.35162419e+01 3.51959962e+02
    endloop
  endfacet
  facet normal 2.20952315e-01 6.86448438e-01 6.92797673e-01
    outer loop
      vertex 1.49826441e+02 2.34648419e+01 3.50000000e+02
      vertex 1.47865309e+02 2.40960861e+01 3.50000000e+02
      vertex 1.40685184e+02 2.44291165e+01 3.51959962e+02
    endloop
  endfacet
  facet normal 2.20952315e-01 6.86448438e-01 6.92797673e-01
    outer loop
      vertex 1.49826441e+02 2.34648419e+01 3.50000000e+02
      vertex 1.40685184e+02 2.44291165e+01 3.51959962e+02
      vertex 1.42071914e+02 2.39827595e+01 3.51959962e+02
    endloop
  endfacet
  facet normal 2.20682413e-01 6.87754900e-01 6.91586921e-01
    outer loop
      vertex 1.47865309e+02 2.40960861e+01 3.50000000e+02
      vertex 1.45903598e+02 2.47255474e+01 3.50000000e+02
      vertex 1.39298045e+02 2.48742129e+01 3.51959962e+02
    endloop
  endfacet
  facet normal 2.20682413e-01 6.87754900e-01 6.91586921e-01
    outer loop
      vertex 1.47865309e+02 2.40960861e+01 3.50000000e+02
      vertex 1.39298045e+02 2.48742129e+01 3.51959962e+02
      vertex 1.40685184e+02 2.44291165e+01 3.51959962e+02
    endloop
  endfacet
  facet normal 2.21279708e-01 6.85347388e-01 6.93782566e-01
    outer loop
      vertex 1.45903598e+02 2.47255474e+01 3.50000000e+02
      vertex 1.43943031e+02 2.53585604e+01 3.50000000e+02
      vertex 1.37911715e+02 2.53218207e+01 3.51959962e+02
    endloop
  endfacet
  facet normal 2.21279708e-01 6.85347388e-01 6.93782566e-01
    outer loop
      vertex 1.45903598e+02 2.47255474e+01 3.50000000e+02
      vertex 1.37911715e+02 2.53218207e+01 3.51959962e+02
      vertex 1.39298045e+02 2.48742129e+01 3.51959962e+02
    endloop
  endfacet
  facet normal 2.21780401e-01 6.83654195e-01 6.95291590e-01
    outer loop
      vertex 1.43943031e+02 2.53585604e+01 3.50000000e+02
      vertex 1.41983343e+02 2.59942918e+01 3.50000000e+02
      vertex 1.36526006e+02 2.57713507e+01 3.51959962e+02
    endloop
  endfacet
  facet normal 2.21780401e-01 6.83654195e-01 6.95291590e-01
    outer loop
      vertex 1.43943031e+02 2.53585604e+01 3.50000000e+02
      vertex 1.36526006e+02 2.57713507e+01 3.51959962e+02
      vertex 1.37911715e+02 2.53218207e+01 3.51959962e+02
    endloop
  endfacet
  facet normal 2.21974889e-01 6.83103625e-01 6.95770498e-01
    outer loop
      vertex 1.41983343e+02 2.59942918e+01 3.50000000e+02
      vertex 1.40023969e+02 2.66309915e+01 3.50000000e+02
      vertex 1.35140519e+02 2.62215653e+01 3.51959962e+02
    endloop
  endfacet
  facet normal 2.21974889e-01 6.83103625e-01 6.95770498e-01
    outer loop
      vertex 1.41983343e+02 2.59942918e+01 3.50000000e+02
      vertex 1.35140519e+02 2.62215653e+01 3.51959962e+02
      vertex 1.36526006e+02 2.57713507e+01 3.51959962e+02
    endloop
  endfacet
  facet normal 2.21420058e-01 6.84411349e-01 6.94661258e-01
    outer loop
      vertex 1.40023969e+02 2.66309915e+01 3.50000000e+02
      vertex 1.38063771e+02 2.72651525e+01 3.50000000e+02
      vertex 1.33754450e+02 2.66699849e+01 3.51959962e+02
    endloop
  endfacet
  facet normal 2.21420058e-01 6.84411349e-01 6.94661258e-01
    outer loop
      vertex 1.40023969e+02 2.66309915e+01 3.50000000e+02
      vertex 1.33754450e+02 2.66699849e+01 3.51959962e+02
      vertex 1.35140519e+02 2.62215653e+01 3.51959962e+02
    endloop
  endfacet
  facet normal 2.19349525e-01 6.88437758e-01 6.91331497e-01
    outer loop
      vertex 1.38063771e+02 2.72651525e+01 3.50000000e+02
      vertex 1.36100780e+02 2.78905992e+01 3.50000000e+02
      vertex 1.32366406e+02 2.71122425e+01 3.51959962e+02
    endloop
  endfacet
  facet normal 2.19349525e-01 6.88437758e-01 6.91331497e-01
    outer loop
      vertex 1.38063771e+02 2.72651525e+01 3.50000000e+02
      vertex 1.32366406e+02 2.71122425e+01 3.51959962e+02
      vertex 1.33754450e+02 2.66699849e+01 3.51959962e+02
    endloop
  endfacet
  facet normal 2.16133156e-01 6.93542247e-01 6.87230391e-01
    outer loop
      vertex 1.36100780e+02 2.78905992e+01 3.50000000e+02
      vertex 1.34133886e+02 2.85035554e+01 3.50000000e+02
      vertex 1.30975602e+02 2.75456679e+01 3.51959962e+02
    endloop
  endfacet
  facet normal 2.16133156e-01 6.93542247e-01 6.87230391e-01
    outer loop
      vertex 1.36100780e+02 2.78905992e+01 3.50000000e+02
      vertex 1.30975602e+02 2.75456679e+01 3.51959962e+02
      vertex 1.32366406e+02 2.71122425e+01 3.51959962e+02
    endloop
  endfacet
  facet normal 2.11809423e-01 6.99068615e-01 6.82964011e-01
    outer loop
      vertex 1.34133886e+02 2.85035554e+01 3.50000000e+02
      vertex 1.32162202e+02 2.91009520e+01 3.50000000e+02
      vertex 1.29581411e+02 2.79680912e+01 3.51959962e+02
    endloop
  endfacet
  facet normal 2.11809423e-01 6.99068615e-01 6.82964011e-01
    outer loop
      vertex 1.34133886e+02 2.85035554e+01 3.50000000e+02
      vertex 1.29581411e+02 2.79680912e+01 3.51959962e+02
      vertex 1.30975602e+02 2.75456679e+01 3.51959962e+02
    endloop
  endfacet
  facet normal 2.00909818e-01 7.10002002e-01 6.74931406e-01
    outer loop
      vertex 1.32162202e+02 2.91009520e+01 3.50000000e+02
      vertex 1.30179815e+02 2.96619098e+01 3.50000000e+02
      vertex 1.28179651e+02 2.83647482e+01 3.51959962e+02
    endloop
  endfacet
  facet normal 2.00909818e-01 7.10002002e-01 6.74931406e-01
    outer loop
      vertex 1.32162202e+02 2.91009520e+01 3.50000000e+02
      vertex 1.28179651e+02 2.83647482e+01 3.51959962e+02
      vertex 1.29581411e+02 2.79680912e+01 3.51959962e+02
    endloop
  endfacet
  facet normal 1.85016717e-01 7.22025215e-01 6.66669636e-01
    outer loop
      vertex 1.30179815e+02 2.96619098e+01 3.50000000e+02
      vertex 1.28184337e+02 3.01732448e+01 3.50000000e+02
      vertex 1.26768635e+02 2.87263167e+01 3.51959962e+02
    endloop
  endfacet
  facet normal 1.85016717e-01 7.22025215e-01 6.66669636e-01
    outer loop
      vertex 1.30179815e+02 2.96619098e+01 3.50000000e+02
      vertex 1.26768635e+02 2.87263167e+01 3.51959962e+02
      vertex 1.28179651e+02 2.83647482e+01 3.51959962e+02
    endloop
  endfacet
  facet normal 1.63569461e-01 7.33535096e-01 6.59675143e-01
    outer loop
      vertex 1.28184337e+02 3.01732448e+01 3.50000000e+02
      vertex 1.26174290e+02 3.06214609e+01 3.50000000e+02
      vertex 1.25347318e+02 2.90432533e+01 3.51959962e+02
    endloop
  endfacet
  facet normal 1.63569461e-01 7.33535096e-01 6.59675143e-01
    outer loop
      vertex 1.28184337e+02 3.01732448e+01 3.50000000e+02
      vertex 1.25347318e+02 2.90432533e+01 3.51959962e+02
      vertex 1.26768635e+02 2.87263167e+01 3.51959962e+02
    endloop
  endfacet
  facet normal 1.34575331e-01 7.43288438e-01 6.55295184e-01
    outer loop
      vertex 1.26174290e+02 3.06214609e+01 3.50000000e+02
      vertex 1.24147158e+02 3.09884813e+01 3.50000000e+02
      vertex 1.23913919e+02 2.93027759e+01 3.51959962e+02
    endloop
  endfacet
  facet normal 1.34575331e-01 7.43288438e-01 6.55295184e-01
    outer loop
      vertex 1.26174290e+02 3.06214609e+01 3.50000000e+02
      vertex 1.23913919e+02 2.93027759e+01 3.51959962e+02
      vertex 1.25347318e+02 2.90432533e+01 3.51959962e+02
    endloop
  endfacet
  facet normal 8.76669117e-02 7.50058377e-01 6.55535616e-01
    outer loop
      vertex 1.24147158e+02 3.09884813e+01 3.50000000e+02
      vertex 1.22100861e+02 3.12276527e+01 3.50000000e+02
      vertex 1.22466968e+02 2.94718956e+01 3.51959962e+02
    endloop
  endfacet
  facet normal 8.76669117e-02 7.50058377e-01 6.55535616e-01
    outer loop
      vertex 1.24147158e+02 3.09884813e+01 3.50000000e+02
      vertex 1.22466968e+02 2.94718956e+01 3.51959962e+02
      vertex 1.23913919e+02 2.93027759e+01 3.51959962e+02
    endloop
  endfacet
  facet normal 6.01612281e-02 7.49053002e-01 6.59772860e-01
    outer loop
      vertex 1.22100861e+02 3.12276527e+01 3.50000000e+02
      vertex 1.20047780e+02 3.13925488e+01 3.50000000e+02
      vertex 1.21015220e+02 2.95884948e+01 3.51959962e+02
    endloop
  endfacet
  facet normal 6.01612281e-02 7.49053002e-01 6.59772860e-01
    outer loop
      vertex 1.22100861e+02 3.12276527e+01 3.50000000e+02
      vertex 1.21015220e+02 2.95884948e+01 3.51959962e+02
      vertex 1.22466968e+02 2.94718956e+01 3.51959962e+02
    endloop
  endfacet
  facet normal 3.65584411e-02 7.44199692e-01 6.66955994e-01
    outer loop
      vertex 1.20047780e+02 3.13925488e+01 3.50000000e+02
      vertex 1.17990472e+02 3.14936130e+01 3.50000000e+02
      vertex 1.19560484e+02 2.96599580e+01 3.51959962e+02
    endloop
  endfacet
  facet normal 3.65584411e-02 7.44199692e-01 6.66955994e-01
    outer loop
      vertex 1.20047780e+02 3.13925488e+01 3.50000000e+02
      vertex 1.19560484e+02 2.96599580e+01 3.51959962e+02
      vertex 1.21015220e+02 2.95884948e+01 3.51959962e+02
    endloop
  endfacet
  facet normal 1.48950248e-02 7.36088784e-01 6.76721095e-01
    outer loop
      vertex 1.17990472e+02 3.14936130e+01 3.50000000e+02
      vertex 1.15930794e+02 3.15352913e+01 3.50000000e+02
      vertex 1.18104072e+02 2.96894290e+01 3.51959962e+02
    endloop
  endfacet
  facet normal 1.48950248e-02 7.36088784e-01 6.76721095e-01
    outer loop
      vertex 1.17990472e+02 3.14936130e+01 3.50000000e+02
      vertex 1.18104072e+02 2.96894290e+01 3.51959962e+02
      vertex 1.19560484e+02 2.96599580e+01 3.51959962e+02
    endloop
  endfacet
  facet normal -1.13937796e-02 7.21595304e-01 6.92221351e-01
    outer loop
      vertex 1.15930794e+02 3.15352913e+01 3.50000000e+02
      vertex 1.13870824e+02 3.15027650e+01 3.50000000e+02
      vertex 1.16647454e+02 2.96664294e+01 3.51959962e+02
    endloop
  endfacet
  facet normal -1.13937796e-02 7.21595304e-01 6.92221351e-01
    outer loop
      vertex 1.15930794e+02 3.15352913e+01 3.50000000e+02
      vertex 1.16647454e+02 2.96664294e+01 3.51959962e+02
      vertex 1.18104072e+02 2.96894290e+01 3.51959962e+02
    endloop
  endfacet
  facet normal -3.33078798e-02 7.05365699e-01 7.08060602e-01
    outer loop
      vertex 1.13870824e+02 3.15027650e+01 3.50000000e+02
      vertex 1.11813144e+02 3.14055998e+01 3.50000000e+02
      vertex 1.15192454e+02 2.95977233e+01 3.51959962e+02
    endloop
  endfacet
  facet normal -3.33078798e-02 7.05365699e-01 7.08060602e-01
    outer loop
      vertex 1.13870824e+02 3.15027650e+01 3.50000000e+02
      vertex 1.15192454e+02 2.95977233e+01 3.51959962e+02
      vertex 1.16647454e+02 2.96664294e+01 3.51959962e+02
    endloop
  endfacet
  facet normal -5.27919053e-02 6.87012511e-01 7.24725344e-01
    outer loop
      vertex 1.11813144e+02 3.14055998e+01 3.50000000e+02
      vertex 1.09759372e+02 3.12477824e+01 3.50000000e+02
      vertex 1.13740217e+02 2.94861295e+01 3.51959962e+02
    endloop
  endfacet
  facet normal -5.27919053e-02 6.87012511e-01 7.24725344e-01
    outer loop
      vertex 1.11813144e+02 3.14055998e+01 3.50000000e+02
      vertex 1.13740217e+02 2.94861295e+01 3.51959962e+02
      vertex 1.15192454e+02 2.95977233e+01 3.51959962e+02
    endloop
  endfacet
  facet normal -7.25859036e-02 6.63975772e-01 7.44222723e-01
    outer loop
      vertex 1.09759372e+02 3.12477824e+01 3.50000000e+02
      vertex 1.07711749e+02 3.10239360e+01 3.50000000e+02
      vertex 1.12292329e+02 2.93278462e+01 3.51959962e+02
    endloop
  endfacet
  facet normal -7.25859036e-02 6.63975772e-01 7.44222723e-01
    outer loop
      vertex 1.09759372e+02 3.12477824e+01 3.50000000e+02
      vertex 1.12292329e+02 2.93278462e+01 3.51959962e+02
      vertex 1.13740217e+02 2.94861295e+01 3.51959962e+02
    endloop
  endfacet
  facet normal -9.30567134e-02 6.34939180e-01 7.66937211e-01
    outer loop
      vertex 1.07711749e+02 3.10239360e+01 3.50000000e+02
      vertex 1.05673651e+02 3.07252323e+01 3.50000000e+02
      vertex 1.10851176e+02 2.91166308e+01 3.51959962e+02
    endloop
  endfacet
  facet normal -9.30567134e-02 6.34939180e-01 7.66937211e-01
    outer loop
      vertex 1.07711749e+02 3.10239360e+01 3.50000000e+02
      vertex 1.10851176e+02 2.91166308e+01 3.51959962e+02
      vertex 1.12292329e+02 2.93278462e+01 3.51959962e+02
    endloop
  endfacet
  facet normal -1.14760208e-01 5.97545595e-01 7.93580088e-01
    outer loop
      vertex 1.05673651e+02 3.07252323e+01 3.50000000e+02
      vertex 1.03650714e+02 3.03367219e+01 3.50000000e+02
      vertex 1.09420744e+02 2.88419125e+01 3.51959962e+02
    endloop
  endfacet
  facet normal -1.14760208e-01 5.97545595e-01 7.93580088e-01
    outer loop
      vertex 1.05673651e+02 3.07252323e+01 3.50000000e+02
      vertex 1.09420744e+02 2.88419125e+01 3.51959962e+02
      vertex 1.10851176e+02 2.91166308e+01 3.51959962e+02
    endloop
  endfacet
  facet normal -1.37530149e-01 5.49588142e-01 8.24037822e-01
    outer loop
      vertex 1.03650714e+02 3.03367219e+01 3.50000000e+02
      vertex 1.01652497e+02 2.98366838e+01 3.50000000e+02
      vertex 1.08007792e+02 2.84883321e+01 3.51959962e+02
    endloop
  endfacet
  facet normal -1.37530149e-01 5.49588142e-01 8.24037822e-01
    outer loop
      vertex 1.03650714e+02 3.03367219e+01 3.50000000e+02
      vertex 1.08007792e+02 2.84883321e+01 3.51959962e+02
      vertex 1.09420744e+02 2.88419125e+01 3.51959962e+02
    endloop
  endfacet
  facet normal -1.58994770e-01 4.93529471e-01 8.55072701e-01
    outer loop
      vertex 1.01652497e+02 2.98366838e+01 3.50000000e+02
      vertex 9.96921461e+01 2.92051398e+01 3.50000000e+02
      vertex 1.06621614e+02 2.80417631e+01 3.51959962e+02
    endloop
  endfacet
  facet normal -1.58994770e-01 4.93529471e-01 8.55072701e-01
    outer loop
      vertex 1.01652497e+02 2.98366838e+01 3.50000000e+02
      vertex 1.06621614e+02 2.80417631e+01 3.51959962e+02
      vertex 1.08007792e+02 2.84883321e+01 3.51959962e+02
    endloop
  endfacet
  facet normal -1.77293252e-01 4.32951617e-01 8.83809934e-01
    outer loop
      vertex 9.96921461e+01 2.92051398e+01 3.50000000e+02
      vertex 9.77867035e+01 2.84248630e+01 3.50000000e+02
      vertex 1.05274263e+02 2.74900240e+01 3.51959962e+02
    endloop
  endfacet
  facet normal -1.77293252e-01 4.32951617e-01 8.83809934e-01
    outer loop
      vertex 9.96921461e+01 2.92051398e+01 3.50000000e+02
      vertex 1.05274263e+02 2.74900240e+01 3.51959962e+02
      vertex 1.06621614e+02 2.80417631e+01 3.51959962e+02
    endloop
  endfacet
  facet normal -1.92748392e-01 3.65449500e-01 9.10656203e-01
    outer loop
      vertex 9.77867035e+01 2.84248630e+01 3.50000000e+02
      vertex 9.59659273e+01 2.74645342e+01 3.50000000e+02
      vertex 1.03986779e+02 2.68109690e+01 3.51959962e+02
    endloop
  endfacet
  facet normal -1.92748392e-01 3.65449500e-01 9.10656203e-01
    outer loop
      vertex 9.77867035e+01 2.84248630e+01 3.50000000e+02
      vertex 1.03986779e+02 2.68109690e+01 3.51959962e+02
      vertex 1.05274263e+02 2.74900240e+01 3.51959962e+02
    endloop
  endfacet
  facet normal -2.08840089e-01 2.62306542e-01 9.42115224e-01
    outer loop
      vertex 9.59659273e+01 2.74645342e+01 3.50000000e+02
      vertex 9.43588326e+01 2.61850167e+01 3.50000000e+02
      vertex 1.02850392e+02 2.59062135e+01 3.51959962e+02
    endloop
  endfacet
  facet normal -2.08840089e-01 2.62306542e-01 9.42115224e-01
    outer loop
      vertex 9.59659273e+01 2.74645342e+01 3.50000000e+02
      vertex 1.02850392e+02 2.59062135e+01 3.51959962e+02
      vertex 1.03986779e+02 2.68109690e+01 3.51959962e+02
    endloop
  endfacet
  facet normal -2.25016249e-01 -3.78246925e-03 9.74347669e-01
    outer loop
      vertex 9.43588326e+01 2.61850167e+01 3.50000000e+02
      vertex 9.43866738e+01 2.45287626e+01 3.50000000e+02
      vertex 1.02870079e+02 2.47350651e+01 3.51959962e+02
    endloop
  endfacet
  facet normal -2.25016249e-01 -3.78246925e-03 9.74347669e-01
    outer loop
      vertex 9.43588326e+01 2.61850167e+01 3.50000000e+02
      vertex 1.02870079e+02 2.47350651e+01 3.51959962e+02
      vertex 1.02850392e+02 2.59062135e+01 3.51959962e+02
    endloop
  endfacet
  facet normal -1.96344625e-01 -4.05907368e-01 8.92573805e-01
    outer loop
      vertex 9.43866738e+01 2.45287626e+01 3.50000000e+02
      vertex 9.62362809e+01 2.36340747e+01 3.50000000e+02
      vertex 1.04177948e+02 2.41024252e+01 3.51959962e+02
    endloop
  endfacet
  facet normal -1.96344625e-01 -4.05907368e-01 8.92573805e-01
    outer loop
      vertex 9.43866738e+01 2.45287626e+01 3.50000000e+02
      vertex 1.04177948e+02 2.41024252e+01 3.51959962e+02
      vertex 1.02870079e+02 2.47350651e+01 3.51959962e+02
    endloop
  endfacet
  facet normal -1.72928947e-01 -5.33215901e-01 8.28116165e-01
    outer loop
      vertex 9.62362809e+01 2.36340747e+01 3.50000000e+02
      vertex 9.81952091e+01 2.29987685e+01 3.50000000e+02
      vertex 1.05563120e+02 2.36531958e+01 3.51959962e+02
    endloop
  endfacet
  facet normal -1.72928947e-01 -5.33215901e-01 8.28116165e-01
    outer loop
      vertex 9.62362809e+01 2.36340747e+01 3.50000000e+02
      vertex 1.05563120e+02 2.36531958e+01 3.51959962e+02
      vertex 1.04177948e+02 2.41024252e+01 3.51959962e+02
    endloop
  endfacet
  facet normal -1.55506025e-01 -5.99837794e-01 7.84864636e-01
    outer loop
      vertex 9.81952091e+01 2.29987685e+01 3.50000000e+02
      vertex 1.00189048e+02 2.24818722e+01 3.50000000e+02
      vertex 1.06972977e+02 2.32876950e+01 3.51959962e+02
    endloop
  endfacet
  facet normal -1.55506025e-01 -5.99837794e-01 7.84864636e-01
    outer loop
      vertex 9.81952091e+01 2.29987685e+01 3.50000000e+02
      vertex 1.06972977e+02 2.32876950e+01 3.51959962e+02
      vertex 1.05563120e+02 2.36531958e+01 3.51959962e+02
    endloop
  endfacet
  facet normal -1.39363587e-01 -6.47990988e-01 7.48789336e-01
    outer loop
      vertex 1.00189048e+02 2.24818722e+01 3.50000000e+02
      vertex 1.02202931e+02 2.20487458e+01 3.50000000e+02
      vertex 1.08397007e+02 2.29814283e+01 3.51959962e+02
    endloop
  endfacet
  facet normal -1.39363587e-01 -6.47990988e-01 7.48789336e-01
    outer loop
      vertex 1.00189048e+02 2.24818722e+01 3.50000000e+02
      vertex 1.08397007e+02 2.29814283e+01 3.51959962e+02
      vertex 1.06972977e+02 2.32876950e+01 3.51959962e+02
    endloop
  endfacet
  facet normal -1.24367422e-01 -6.84189034e-01 7.18622370e-01
    outer loop
      vertex 1.02202931e+02 2.20487458e+01 3.50000000e+02
      vertex 1.04229707e+02 2.16803317e+01 3.50000000e+02
      vertex 1.09830154e+02 2.27209203e+01 3.51959962e+02
    endloop
  endfacet
  facet normal -1.24367422e-01 -6.84189034e-01 7.18622370e-01
    outer loop
      vertex 1.02202931e+02 2.20487458e+01 3.50000000e+02
      vertex 1.09830154e+02 2.27209203e+01 3.51959962e+02
      vertex 1.08397007e+02 2.29814283e+01 3.51959962e+02
    endloop
  endfacet
  facet normal -1.10342811e-01 -7.12091091e-01 6.93361913e-01
    outer loop
      vertex 1.04229707e+02 2.16803317e+01 3.50000000e+02
      vertex 1.06265423e+02 2.13648852e+01 3.50000000e+02
      vertex 1.11269623e+02 2.24978659e+01 3.51959962e+02
    endloop
  endfacet
  facet normal -1.10342811e-01 -7.12091091e-01 6.93361913e-01
    outer loop
      vertex 1.04229707e+02 2.16803317e+01 3.50000000e+02
      vertex 1.11269623e+02 2.24978659e+01 3.51959962e+02
      vertex 1.09830154e+02 2.27209203e+01 3.51959962e+02
    endloop
  endfacet
  facet normal -9.70110519e-02 -7.34118139e-01 6.72056109e-01
    outer loop
      vertex 1.06265423e+02 2.13648852e+01 3.50000000e+02
      vertex 1.08307729e+02 2.10950020e+01 3.50000000e+02
      vertex 1.12713751e+02 2.23070296e+01 3.51959962e+02
    endloop
  endfacet
  facet normal -9.70110519e-02 -7.34118139e-01 6.72056109e-01
    outer loop
      vertex 1.06265423e+02 2.13648852e+01 3.50000000e+02
      vertex 1.12713751e+02 2.23070296e+01 3.51959962e+02
      vertex 1.11269623e+02 2.24978659e+01 3.51959962e+02
    endloop
  endfacet
  facet normal -8.41258757e-02 -7.51787756e-01 6.54016825e-01
    outer loop
      vertex 1.08307729e+02 2.10950020e+01 3.50000000e+02
      vertex 1.10355163e+02 2.08658917e+01 3.50000000e+02
      vertex 1.14161506e+02 2.21450242e+01 3.51959962e+02
    endloop
  endfacet
  facet normal -8.41258757e-02 -7.51787756e-01 6.54016825e-01
    outer loop
      vertex 1.08307729e+02 2.10950020e+01 3.50000000e+02
      vertex 1.14161506e+02 2.21450242e+01 3.51959962e+02
      vertex 1.12713751e+02 2.23070296e+01 3.51959962e+02
    endloop
  endfacet
  facet normal -6.47873310e-02 -7.73417939e-01 6.30576953e-01
    outer loop
      vertex 1.10355163e+02 2.08658917e+01 3.50000000e+02
      vertex 1.12408200e+02 2.06939139e+01 3.50000000e+02
      vertex 1.15613222e+02 2.20234175e+01 3.51959962e+02
    endloop
  endfacet
  facet normal -6.47873310e-02 -7.73417939e-01 6.30576953e-01
    outer loop
      vertex 1.10355163e+02 2.08658917e+01 3.50000000e+02
      vertex 1.15613222e+02 2.20234175e+01 3.51959962e+02
      vertex 1.14161506e+02 2.21450242e+01 3.51959962e+02
    endloop
  endfacet
  facet normal -4.95549944e-02 -7.87039904e-01 6.14908524e-01
    outer loop
      vertex 1.12408200e+02 2.06939139e+01 3.50000000e+02
      vertex 1.14464149e+02 2.05644636e+01 3.50000000e+02
      vertex 1.17066997e+02 2.19318823e+01 3.51959962e+02
    endloop
  endfacet
  facet normal -4.95549944e-02 -7.87039904e-01 6.14908524e-01
    outer loop
      vertex 1.12408200e+02 2.06939139e+01 3.50000000e+02
      vertex 1.17066997e+02 2.19318823e+01 3.51959962e+02
      vertex 1.15613222e+02 2.20234175e+01 3.51959962e+02
    endloop
  endfacet
  facet normal -3.30702553e-02 -7.98536378e-01 6.01037446e-01
    outer loop
      vertex 1.14464149e+02 2.05644636e+01 3.50000000e+02
      vertex 1.16522292e+02 2.04792285e+01 3.50000000e+02
      vertex 1.18522324e+02 2.18716120e+01 3.51959962e+02
    endloop
  endfacet
  facet normal -3.30702553e-02 -7.98536378e-01 6.01037446e-01
    outer loop
      vertex 1.14464149e+02 2.05644636e+01 3.50000000e+02
      vertex 1.18522324e+02 2.18716120e+01 3.51959962e+02
      vertex 1.17066997e+02 2.19318823e+01 3.51959962e+02
    endloop
  endfacet
  facet normal -1.22388407e-02 -8.09223980e-01 5.87372761e-01
    outer loop
      vertex 1.16522292e+02 2.04792285e+01 3.50000000e+02
      vertex 1.18582283e+02 2.04480729e+01 3.50000000e+02
      vertex 1.19978958e+02 2.18495816e+01 3.51959962e+02
    endloop
  endfacet
  facet normal -1.22388407e-02 -8.09223980e-01 5.87372761e-01
    outer loop
      vertex 1.16522292e+02 2.04792285e+01 3.50000000e+02
      vertex 1.19978958e+02 2.18495816e+01 3.51959962e+02
      vertex 1.18522324e+02 2.18716120e+01 3.51959962e+02
    endloop
  endfacet
  facet normal 2.69803712e-02 -8.22132954e-01 5.68655841e-01
    outer loop
      vertex 1.18582283e+02 2.04480729e+01 3.50000000e+02
      vertex 1.20641190e+02 2.05156411e+01 3.50000000e+02
      vertex 1.21434825e+02 2.18973596e+01 3.51959962e+02
    endloop
  endfacet
  facet normal 2.69803712e-02 -8.22132954e-01 5.68655841e-01
    outer loop
      vertex 1.18582283e+02 2.04480729e+01 3.50000000e+02
      vertex 1.21434825e+02 2.18973596e+01 3.51959962e+02
      vertex 1.19978958e+02 2.18495816e+01 3.51959962e+02
    endloop
  endfacet
  facet normal 4.96421962e-02 -8.25666315e-01 5.61970452e-01
    outer loop
      vertex 1.20641190e+02 2.05156411e+01 3.50000000e+02
      vertex 1.22697160e+02 2.06392539e+01 3.50000000e+02
      vertex 1.22888616e+02 2.19847670e+01 3.51959962e+02
    endloop
  endfacet
  facet normal 4.96421962e-02 -8.25666315e-01 5.61970452e-01
    outer loop
      vertex 1.20641190e+02 2.05156411e+01 3.50000000e+02
      vertex 1.22888616e+02 2.19847670e+01 3.51959962e+02
      vertex 1.21434825e+02 2.18973596e+01 3.51959962e+02
    endloop
  endfacet
  facet normal 6.92504289e-02 -8.25591050e-01 5.60003389e-01
    outer loop
      vertex 1.22697160e+02 2.06392539e+01 3.50000000e+02
      vertex 1.24750164e+02 2.08114594e+01 3.50000000e+02
      vertex 1.24340308e+02 2.21065347e+01 3.51959962e+02
    endloop
  endfacet
  facet normal 6.92504289e-02 -8.25591050e-01 5.60003389e-01
    outer loop
      vertex 1.22697160e+02 2.06392539e+01 3.50000000e+02
      vertex 1.24340308e+02 2.21065347e+01 3.51959962e+02
      vertex 1.22888616e+02 2.19847670e+01 3.51959962e+02
    endloop
  endfacet
  facet normal 8.62008689e-02 -8.22824492e-01 5.61719917e-01
    outer loop
      vertex 1.24750164e+02 2.08114594e+01 3.50000000e+02
      vertex 1.26799177e+02 2.10261185e+01 3.50000000e+02
      vertex 1.25789179e+02 2.22583216e+01 3.51959962e+02
    endloop
  endfacet
  facet normal 8.62008689e-02 -8.22824492e-01 5.61719917e-01
    outer loop
      vertex 1.24750164e+02 2.08114594e+01 3.50000000e+02
      vertex 1.25789179e+02 2.22583216e+01 3.51959962e+02
      vertex 1.24340308e+02 2.21065347e+01 3.51959962e+02
    endloop
  endfacet
  facet normal 8.84698391e-02 -8.22097041e-01 5.62431812e-01
    outer loop
      vertex 1.26799177e+02 2.10261185e+01 3.50000000e+02
      vertex 1.28847569e+02 2.12465558e+01 3.50000000e+02
      vertex 1.27237611e+02 2.24141944e+01 3.51959962e+02
    endloop
  endfacet
  facet normal 8.84698391e-02 -8.22097041e-01 5.62431812e-01
    outer loop
      vertex 1.26799177e+02 2.10261185e+01 3.50000000e+02
      vertex 1.27237611e+02 2.24141944e+01 3.51959962e+02
      vertex 1.25789179e+02 2.22583216e+01 3.51959962e+02
    endloop
  endfacet
  facet normal 9.06121604e-02 -8.21074929e-01 5.63582645e-01
    outer loop
      vertex 1.28847569e+02 2.12465558e+01 3.50000000e+02
      vertex 1.30895364e+02 2.14725463e+01 3.50000000e+02
      vertex 1.28685621e+02 2.25739938e+01 3.51959962e+02
    endloop
  endfacet
  facet normal 9.06121604e-02 -8.21074929e-01 5.63582645e-01
    outer loop
      vertex 1.28847569e+02 2.12465558e+01 3.50000000e+02
      vertex 1.28685621e+02 2.25739938e+01 3.51959962e+02
      vertex 1.27237611e+02 2.24141944e+01 3.51959962e+02
    endloop
  endfacet
  facet normal 8.77726155e-02 -8.22879747e-01 5.61395484e-01
    outer loop
      vertex 1.30895364e+02 2.14725463e+01 3.50000000e+02
      vertex 1.32943969e+02 2.16910611e+01 3.50000000e+02
      vertex 1.30134203e+02 2.27285071e+01 3.51959962e+02
    endloop
  endfacet
  facet normal 8.77726155e-02 -8.22879747e-01 5.61395484e-01
    outer loop
      vertex 1.30895364e+02 2.14725463e+01 3.50000000e+02
      vertex 1.30134203e+02 2.27285071e+01 3.51959962e+02
      vertex 1.28685621e+02 2.25739938e+01 3.51959962e+02
    endloop
  endfacet
  facet normal 8.41819386e-02 -8.25725935e-01 5.57754499e-01
    outer loop
      vertex 1.32943969e+02 2.16910611e+01 3.50000000e+02
      vertex 1.34993542e+02 2.19000131e+01 3.50000000e+02
      vertex 1.31583470e+02 2.28762584e+01 3.51959962e+02
    endloop
  endfacet
  facet normal 8.41819386e-02 -8.25725935e-01 5.57754499e-01
    outer loop
      vertex 1.32943969e+02 2.16910611e+01 3.50000000e+02
      vertex 1.31583470e+02 2.28762584e+01 3.51959962e+02
      vertex 1.30134203e+02 2.27285071e+01 3.51959962e+02
    endloop
  endfacet
  facet normal 7.92375865e-02 -8.30412185e-01 5.51486180e-01
    outer loop
      vertex 1.34993542e+02 2.19000131e+01 3.50000000e+02
      vertex 1.37044453e+02 2.20957102e+01 3.50000000e+02
      vertex 1.33033684e+02 2.30146372e+01 3.51959962e+02
    endloop
  endfacet
  facet normal 7.92375865e-02 -8.30412185e-01 5.51486180e-01
    outer loop
      vertex 1.34993542e+02 2.19000131e+01 3.50000000e+02
      vertex 1.33033684e+02 2.30146372e+01 3.51959962e+02
      vertex 1.31583470e+02 2.28762584e+01 3.51959962e+02
    endloop
  endfacet
  facet normal 6.73252088e-02 -8.43328203e-01 5.33164944e-01
    outer loop
      vertex 1.37044453e+02 2.20957102e+01 3.50000000e+02
      vertex 1.39098115e+02 2.22596596e+01 3.50000000e+02
      vertex 1.34485842e+02 2.31305669e+01 3.51959962e+02
    endloop
  endfacet
  facet normal 6.73252088e-02 -8.43328203e-01 5.33164944e-01
    outer loop
      vertex 1.37044453e+02 2.20957102e+01 3.50000000e+02
      vertex 1.34485842e+02 2.31305669e+01 3.51959962e+02
      vertex 1.33033684e+02 2.30146372e+01 3.51959962e+02
    endloop
  endfacet
  facet normal 5.86815639e-02 -8.53707317e-01 5.17436268e-01
    outer loop
      vertex 1.39098115e+02 2.22596596e+01 3.50000000e+02
      vertex 1.41153374e+02 2.24009327e+01 3.50000000e+02
      vertex 1.35939130e+02 2.32304621e+01 3.51959962e+02
    endloop
  endfacet
  facet normal 5.86815639e-02 -8.53707317e-01 5.17436268e-01
    outer loop
      vertex 1.39098115e+02 2.22596596e+01 3.50000000e+02
      vertex 1.35939130e+02 2.32304621e+01 3.51959962e+02
      vertex 1.34485842e+02 2.31305669e+01 3.51959962e+02
    endloop
  endfacet
  facet normal 4.78653860e-02 -8.67789562e-01 4.94621251e-01
    outer loop
      vertex 1.41153374e+02 2.24009327e+01 3.50000000e+02
      vertex 1.43210449e+02 2.25143965e+01 3.50000000e+02
      vertex 1.37393701e+02 2.33106931e+01 3.51959962e+02
    endloop
  endfacet
  facet normal 4.78653860e-02 -8.67789562e-01 4.94621251e-01
    outer loop
      vertex 1.41153374e+02 2.24009327e+01 3.50000000e+02
      vertex 1.37393701e+02 2.33106931e+01 3.51959962e+02
      vertex 1.35939130e+02 2.32304621e+01 3.51959962e+02
    endloop
  endfacet
  facet normal 2.63379624e-02 -8.96443771e-01 4.42374137e-01
    outer loop
      vertex 1.43210449e+02 2.25143965e+01 3.50000000e+02
      vertex 1.45269788e+02 2.25749008e+01 3.50000000e+02
      vertex 1.38849873e+02 2.33534761e+01 3.51959962e+02
    endloop
  endfacet
  facet normal 2.63379624e-02 -8.96443771e-01 4.42374137e-01
    outer loop
      vertex 1.43210449e+02 2.25143965e+01 3.50000000e+02
      vertex 1.38849873e+02 2.33534761e+01 3.51959962e+02
      vertex 1.37393701e+02 2.33106931e+01 3.51959962e+02
    endloop
  endfacet
  facet normal 6.03579057e-03 -9.22401512e-01 3.86185214e-01
    outer loop
      vertex 1.45269788e+02 2.25749008e+01 3.50000000e+02
      vertex 1.47329806e+02 2.25883807e+01 3.50000000e+02
      vertex 1.40306526e+02 2.33630078e+01 3.51959962e+02
    endloop
  endfacet
  facet normal 6.03579057e-03 -9.22401512e-01 3.86185214e-01
    outer loop
      vertex 1.45269788e+02 2.25749008e+01 3.50000000e+02
      vertex 1.40306526e+02 2.33630078e+01 3.51959962e+02
      vertex 1.38849873e+02 2.33534761e+01 3.51959962e+02
    endloop
  endfacet
  facet normal -2.12988427e-02 -9.53531852e-01 3.00538462e-01
    outer loop
      vertex 1.47329806e+02 2.25883807e+01 3.50000000e+02
      vertex 1.49389238e+02 2.25423796e+01 3.50000000e+02
      vertex 1.41762765e+02 2.33304801e+01 3.51959962e+02
    endloop
  endfacet
  facet normal -2.12988427e-02 -9.53531852e-01 3.00538462e-01
    outer loop
      vertex 1.47329806e+02 2.25883807e+01 3.50000000e+02
      vertex 1.41762765e+02 2.33304801e+01 3.51959962e+02
      vertex 1.40306526e+02 2.33630078e+01 3.51959962e+02
    endloop
  endfacet
  facet normal -6.00804713e-02 -9.84918191e-01 1.62254411e-01
    outer loop
      vertex 1.49389238e+02 2.25423796e+01 3.50000000e+02
      vertex 1.51445305e+02 2.24169585e+01 3.50000000e+02
      vertex 1.43216623e+02 2.32417941e+01 3.51959962e+02
    endloop
  endfacet
  facet normal -6.00804713e-02 -9.84918191e-01 1.62254411e-01
    outer loop
      vertex 1.49389238e+02 2.25423796e+01 3.50000000e+02
      vertex 1.43216623e+02 2.32417941e+01 3.51959962e+02
      vertex 1.41762765e+02 2.33304801e+01 3.51959962e+02
    endloop
  endfacet
  facet normal -1.28694140e-01 -9.83600104e-01 -1.26367135e-01
    outer loop
      vertex 1.51445305e+02 2.24169585e+01 3.50000000e+02
      vertex 1.53720546e+02 2.21192661e+01 3.50000000e+02
      vertex 1.44825462e+02 2.30312938e+01 3.51959962e+02
    endloop
  endfacet
  facet normal -1.28694140e-01 -9.83600104e-01 -1.26367135e-01
    outer loop
      vertex 1.51445305e+02 2.24169585e+01 3.50000000e+02
      vertex 1.44825462e+02 2.30312938e+01 3.51959962e+02
      vertex 1.43216623e+02 2.32417941e+01 3.51959962e+02
    endloop
  endfacet
  facet normal 5.26071337e-02 1.49001368e-01 9.87436622e-01
    outer loop
      vertex 1.44825462e+02 2.30312938e+01 3.51959962e+02
      vertex 1.43451924e+02 2.35162419e+01 3.51959962e+02
      vertex 1.23350829e+02 2.52331232e+01 3.52771805e+02
    endloop
  endfacet
  facet normal 5.32888259e-02 1.57634117e-01 9.86058713e-01
    outer loop
      vertex 1.43451924e+02 2.35162419e+01 3.51959962e+02
      vertex 1.42071914e+02 2.39827595e+01 3.51959962e+02
      vertex 1.23350829e+02 2.52331232e+01 3.52771805e+02
    endloop
  endfacet
  facet normal 5.38670441e-02 1.67352618e-01 9.84424422e-01
    outer loop
      vertex 1.42071914e+02 2.39827595e+01 3.51959962e+02
      vertex 1.40685184e+02 2.44291165e+01 3.51959962e+02
      vertex 1.23350829e+02 2.52331232e+01 3.52771805e+02
    endloop
  endfacet
  facet normal 5.38898203e-02 1.67947176e-01 9.84321916e-01
    outer loop
      vertex 1.40685184e+02 2.44291165e+01 3.51959962e+02
      vertex 1.39298045e+02 2.48742129e+01 3.51959962e+02
      vertex 1.23350829e+02 2.52331232e+01 3.52771805e+02
    endloop
  endfacet
  facet normal 5.38748205e-02 1.66861064e-01 9.84507435e-01
    outer loop
      vertex 1.39298045e+02 2.48742129e+01 3.51959962e+02
      vertex 1.37911715e+02 2.53218207e+01 3.51959962e+02
      vertex 1.23350829e+02 2.52331232e+01 3.52771805e+02
    endloop
  endfacet
  facet normal 5.38864578e-02 1.66108920e-01 9.84633981e-01
    outer loop
      vertex 1.37911715e+02 2.53218207e+01 3.51959962e+02
      vertex 1.36526006e+02 2.57713507e+01 3.51959962e+02
      vertex 1.23350829e+02 2.52331232e+01 3.52771805e+02
    endloop
  endfacet
  facet normal 5.38987791e-02 1.65867642e-01 9.84673980e-01
    outer loop
      vertex 1.36526006e+02 2.57713507e+01 3.51959962e+02
      vertex 1.35140519e+02 2.62215653e+01 3.51959962e+02
      vertex 1.23350829e+02 2.52331232e+01 3.52771805e+02
    endloop
  endfacet
  facet normal 5.38448359e-02 1.66434862e-01 9.84581216e-01
    outer loop
      vertex 1.35140519e+02 2.62215653e+01 3.51959962e+02
      vertex 1.33754450e+02 2.66699849e+01 3.51959962e+02
      vertex 1.23350829e+02 2.52331232e+01 3.52771805e+02
    endloop
  endfacet
  facet normal 5.35829437e-02 1.68172334e-01 9.84300226e-01
    outer loop
      vertex 1.33754450e+02 2.66699849e+01 3.51959962e+02
      vertex 1.32366406e+02 2.71122425e+01 3.51959962e+02
      vertex 1.23350829e+02 2.52331232e+01 3.52771805e+02
    endloop
  endfacet
  facet normal 5.30933577e-02 1.70369449e-01 9.83948853e-01
    outer loop
      vertex 1.32366406e+02 2.71122425e+01 3.51959962e+02
      vertex 1.30975602e+02 2.75456679e+01 3.51959962e+02
      vertex 1.23350829e+02 2.52331232e+01 3.52771805e+02
    endloop
  endfacet
  facet normal 5.23364726e-02 1.72734456e-01 9.83576993e-01
    outer loop
      vertex 1.30975602e+02 2.75456679e+01 3.51959962e+02
      vertex 1.29581411e+02 2.79680912e+01 3.51959962e+02
      vertex 1.23350829e+02 2.52331232e+01 3.52771805e+02
    endloop
  endfacet
  facet normal 5.01974084e-02 1.77394319e-01 9.82858828e-01
    outer loop
      vertex 1.29581411e+02 2.79680912e+01 3.51959962e+02
      vertex 1.28179651e+02 2.83647482e+01 3.51959962e+02
      vertex 1.23350829e+02 2.52331232e+01 3.52771805e+02
    endloop
  endfacet
  facet normal 4.67629900e-02 1.82491931e-01 9.82094658e-01
    outer loop
      vertex 1.28179651e+02 2.83647482e+01 3.51959962e+02
      vertex 1.26768635e+02 2.87263167e+01 3.51959962e+02
      vertex 1.23350829e+02 2.52331232e+01 3.52771805e+02
    endloop
  endfacet
  facet normal 4.17521222e-02 1.87239396e-01 9.81426599e-01
    outer loop
      vertex 1.26768635e+02 2.87263167e+01 3.51959962e+02
      vertex 1.25347318e+02 2.90432533e+01 3.51959962e+02
      vertex 1.23350829e+02 2.52331232e+01 3.52771805e+02
    endloop
  endfacet
  facet normal 3.45656915e-02 1.90913734e-01 9.80998042e-01
    outer loop
      vertex 1.25347318e+02 2.90432533e+01 3.51959962e+02
      vertex 1.23913919e+02 2.93027759e+01 3.51959962e+02
      vertex 1.23350829e+02 2.52331232e+01 3.52771805e+02
    endloop
  endfacet
  facet normal 2.25095438e-02 1.92586593e-01 9.81021776e-01
    outer loop
      vertex 1.23913919e+02 2.93027759e+01 3.51959962e+02
      vertex 1.22466968e+02 2.94718956e+01 3.51959962e+02
      vertex 1.23350829e+02 2.52331232e+01 3.52771805e+02
    endloop
  endfacet
  facet normal 1.53544014e-02 1.91173964e-01 9.81436069e-01
    outer loop
      vertex 1.22466968e+02 2.94718956e+01 3.51959962e+02
      vertex 1.21015220e+02 2.95884948e+01 3.51959962e+02
      vertex 1.23350829e+02 2.52331232e+01 3.52771805e+02
    endloop
  endfacet
  facet normal 9.23643495e-03 1.88020929e-01 9.82121591e-01
    outer loop
      vertex 1.21015220e+02 2.95884948e+01 3.51959962e+02
      vertex 1.19560484e+02 2.96599580e+01 3.51959962e+02
      vertex 1.23350829e+02 2.52331232e+01 3.52771805e+02
    endloop
  endfacet
  facet normal 3.71229862e-03 1.83455980e-01 9.83020916e-01
    outer loop
      vertex 1.19560484e+02 2.96599580e+01 3.51959962e+02
      vertex 1.18104072e+02 2.96894290e+01 3.51959962e+02
      vertex 1.23350829e+02 2.52331232e+01 3.52771805e+02
    endloop
  endfacet
  facet normal -2.77992022e-03 1.76058995e-01 9.84375692e-01
    outer loop
      vertex 1.18104072e+02 2.96894290e+01 3.51959962e+02
      vertex 1.16647454e+02 2.96664294e+01 3.51959962e+02
      vertex 1.23350829e+02 2.52331232e+01 3.52771805e+02
    endloop
  endfacet
  facet normal -7.95533892e-03 1.68471342e-01 9.85674449e-01
    outer loop
      vertex 1.16647454e+02 2.96664294e+01 3.51959962e+02
      vertex 1.15192454e+02 2.95977233e+01 3.51959962e+02
      vertex 1.23350829e+02 2.52331232e+01 3.52771805e+02
    endloop
  endfacet
  facet normal -1.23350206e-02 1.60522971e-01 9.86955026e-01
    outer loop
      vertex 1.15192454e+02 2.95977233e+01 3.51959962e+02
      vertex 1.13740217e+02 2.94861295e+01 3.51959962e+02
      vertex 1.23350829e+02 2.52331232e+01 3.52771805e+02
    endloop
  endfacet
  facet normal -1.65389998e-02 1.51289639e-01 9.88351105e-01
    outer loop
      vertex 1.13740217e+02 2.94861295e+01 3.51959962e+02
      vertex 1.12292329e+02 2.93278462e+01 3.51959962e+02
      vertex 1.23350829e+02 2.52331232e+01 3.52771805e+02
    endloop
  endfacet
  facet normal -2.06066162e-02 1.40601871e-01 9.89851747e-01
    outer loop
      vertex 1.12292329e+02 2.93278462e+01 3.51959962e+02
      vertex 1.10851176e+02 2.91166308e+01 3.51959962e+02
      vertex 1.23350829e+02 2.52331232e+01 3.52771805e+02
    endloop
  endfacet
  facet normal -2.45993404e-02 1.28086449e-01 9.91457883e-01
    outer loop
      vertex 1.10851176e+02 2.91166308e+01 3.51959962e+02
      vertex 1.09420744e+02 2.88419125e+01 3.51959962e+02
      vertex 1.23350829e+02 2.52331232e+01 3.52771805e+02
    endloop
  endfacet
  facet normal -2.84379842e-02 1.13641838e-01 9.93114703e-01
    outer loop
      vertex 1.09420744e+02 2.88419125e+01 3.51959962e+02
      vertex 1.08007792e+02 2.84883321e+01 3.51959962e+02
      vertex 1.23350829e+02 2.52331232e+01 3.52771805e+02
    endloop
  endfacet
  facet normal -3.17314981e-02 9.84965070e-02 9.94631364e-01
    outer loop
      vertex 1.08007792e+02 2.84883321e+01 3.51959962e+02
      vertex 1.06621614e+02 2.80417631e+01 3.51959962e+02
      vertex 1.23350829e+02 2.52331232e+01 3.52771805e+02
    endloop
  endfacet
  facet normal -3.42766304e-02 8.37038205e-02 9.95900991e-01
    outer loop
      vertex 1.06621614e+02 2.80417631e+01 3.51959962e+02
      vertex 1.05274263e+02 2.74900240e+01 3.51959962e+02
      vertex 1.23350829e+02 2.52331232e+01 3.52771805e+02
    endloop
  endfacet
  facet normal -3.62053803e-02 6.86451285e-02 9.96983960e-01
    outer loop
      vertex 1.05274263e+02 2.74900240e+01 3.51959962e+02
      vertex 1.03986779e+02 2.68109690e+01 3.51959962e+02
      vertex 1.23350829e+02 2.52331232e+01 3.52771805e+02
    endloop
  endfacet
  facet normal -3.79621114e-02 4.76810283e-02 9.98140971e-01
    outer loop
      vertex 1.03986779e+02 2.68109690e+01 3.51959962e+02
      vertex 1.02850392e+02 2.59062135e+01 3.51959962e+02
      vertex 1.23350829e+02 2.52331232e+01 3.52771805e+02
    endloop
  endfacet
  facet normal -3.95920338e-02 -6.65532605e-04 9.99215706e-01
    outer loop
      vertex 1.02850392e+02 2.59062135e+01 3.51959962e+02
      vertex 1.02870079e+02 2.47350651e+01 3.51959962e+02
      vertex 1.23350829e+02 2.52331232e+01 3.52771805e+02
    endloop
  endfacet
  facet normal -3.76009081e-02 -7.77331472e-02 9.96264889e-01
    outer loop
      vertex 1.02870079e+02 2.47350651e+01 3.51959962e+02
      vertex 1.04177948e+02 2.41024252e+01 3.51959962e+02
      vertex 1.23350829e+02 2.52331232e+01 3.52771805e+02
    endloop
  endfacet
  facet normal -3.55889946e-02 -1.09736502e-01 9.93323373e-01
    outer loop
      vertex 1.04177948e+02 2.41024252e+01 3.51959962e+02
      vertex 1.05563120e+02 2.36531958e+01 3.51959962e+02
      vertex 1.23350829e+02 2.52331232e+01 3.52771805e+02
    endloop
  endfacet
  facet normal -3.36862491e-02 -1.29938923e-01 9.90949602e-01
    outer loop
      vertex 1.05563120e+02 2.36531958e+01 3.51959962e+02
      vertex 1.06972977e+02 2.32876950e+01 3.51959962e+02
      vertex 1.23350829e+02 2.52331232e+01 3.52771805e+02
    endloop
  endfacet
  facet normal -3.15708794e-02 -1.46793333e-01 9.88663237e-01
    outer loop
      vertex 1.06972977e+02 2.32876950e+01 3.51959962e+02
      vertex 1.08397007e+02 2.29814283e+01 3.51959962e+02
      vertex 1.23350829e+02 2.52331232e+01 3.52771805e+02
    endloop
  endfacet
  facet normal -2.92920503e-02 -1.61145896e-01 9.86495806e-01
    outer loop
      vertex 1.08397007e+02 2.29814283e+01 3.51959962e+02
      vertex 1.09830154e+02 2.27209203e+01 3.51959962e+02
      vertex 1.23350829e+02 2.52331232e+01 3.52771805e+02
    endloop
  endfacet
  facet normal -2.68804211e-02 -1.73471278e-01 9.84472020e-01
    outer loop
      vertex 1.09830154e+02 2.27209203e+01 3.51959962e+02
      vertex 1.11269623e+02 2.24978659e+01 3.51959962e+02
      vertex 1.23350829e+02 2.52331232e+01 3.52771805e+02
    endloop
  endfacet
  facet normal -2.43354424e-02 -1.84155200e-01 9.82595872e-01
    outer loop
      vertex 1.11269623e+02 2.24978659e+01 3.51959962e+02
      vertex 1.12713751e+02 2.23070296e+01 3.51959962e+02
      vertex 1.23350829e+02 2.52331232e+01 3.52771805e+02
    endloop
  endfacet
  facet normal -2.16471834e-02 -1.93449249e-01 9.80871443e-01
    outer loop
      vertex 1.12713751e+02 2.23070296e+01 3.51959962e+02
      vertex 1.14161506e+02 2.21450242e+01 3.51959962e+02
      vertex 1.23350829e+02 2.52331232e+01 3.52771805e+02
    endloop
  endfacet
  facet normal -1.72475197e-02 -2.05897371e-01 9.78421584e-01
    outer loop
      vertex 1.14161506e+02 2.21450242e+01 3.51959962e+02
      vertex 1.15613222e+02 2.20234175e+01 3.51959962e+02
      vertex 1.23350829e+02 2.52331232e+01 3.52771805e+02
    endloop
  endfacet
  facet normal -1.35038855e-02 -2.14470749e-01 9.76637058e-01
    outer loop
      vertex 1.15613222e+02 2.20234175e+01 3.51959962e+02
      vertex 1.17066997e+02 2.19318823e+01 3.51959962e+02
      vertex 1.23350829e+02 2.52331232e+01 3.52771805e+02
    endloop
  endfacet
  facet normal -9.20378109e-03 -2.22240619e-01 9.74948408e-01
    outer loop
      vertex 1.17066997e+02 2.19318823e+01 3.51959962e+02
      vertex 1.18522324e+02 2.18716120e+01 3.51959962e+02
      vertex 1.23350829e+02 2.52331232e+01 3.52771805e+02
    endloop
  endfacet
  facet normal -3.47909672e-03 -2.30035553e-01 9.73176007e-01
    outer loop
      vertex 1.18522324e+02 2.18716120e+01 3.51959962e+02
      vertex 1.19978958e+02 2.18495816e+01 3.51959962e+02
      vertex 1.23350829e+02 2.52331232e+01 3.52771805e+02
    endloop
  endfacet
  facet normal 7.90073483e-03 -2.40747409e-01 9.70555647e-01
    outer loop
      vertex 1.19978958e+02 2.18495816e+01 3.51959962e+02
      vertex 1.21434825e+02 2.18973596e+01 3.51959962e+02
      vertex 1.23350829e+02 2.52331232e+01 3.52771805e+02
    endloop
  endfacet
  facet normal 1.46947216e-02 -2.44407734e-01 9.69561202e-01
    outer loop
      vertex 1.21434825e+02 2.18973596e+01 3.51959962e+02
      vertex 1.22888616e+02 2.19847670e+01 3.51959962e+02
      vertex 1.23350829e+02 2.52331232e+01 3.52771805e+02
    endloop
  endfacet
  facet normal 2.05646730e-02 -2.45168300e-01 9.69262399e-01
    outer loop
      vertex 1.22888616e+02 2.19847670e+01 3.51959962e+02
      vertex 1.24340308e+02 2.21065347e+01 3.51959962e+02
      vertex 1.23350829e+02 2.52331232e+01 3.52771805e+02
    endloop
  endfacet
  facet normal 2.55269368e-02 -2.43665627e-01 9.69523304e-01
    outer loop
      vertex 1.24340308e+02 2.21065347e+01 3.51959962e+02
      vertex 1.25789179e+02 2.22583216e+01 3.51959962e+02
      vertex 1.23350829e+02 2.52331232e+01 3.52771805e+02
    endloop
  endfacet
  facet normal 2.61685961e-02 -2.43169035e-01 9.69630871e-01
    outer loop
      vertex 1.25789179e+02 2.22583216e+01 3.51959962e+02
      vertex 1.27237611e+02 2.24141944e+01 3.51959962e+02
      vertex 1.23350829e+02 2.52331232e+01 3.52771805e+02
    endloop
  endfacet
  facet normal 2.67523207e-02 -2.42414039e-01 9.69803973e-01
    outer loop
      vertex 1.27237611e+02 2.24141944e+01 3.51959962e+02
      vertex 1.28685621e+02 2.25739938e+01 3.51959962e+02
      vertex 1.23350829e+02 2.52331232e+01 3.52771805e+02
    endloop
  endfacet
  facet normal 2.60060858e-02 -2.43810455e-01 9.69474159e-01
    outer loop
      vertex 1.28685621e+02 2.25739938e+01 3.51959962e+02
      vertex 1.30134203e+02 2.27285071e+01 3.51959962e+02
      vertex 1.23350829e+02 2.52331232e+01 3.52771805e+02
    endloop
  endfacet
  facet normal 2.50906064e-02 -2.46109377e-01 9.68917249e-01
    outer loop
      vertex 1.30134203e+02 2.27285071e+01 3.51959962e+02
      vertex 1.31583470e+02 2.28762584e+01 3.51959962e+02
      vertex 1.23350829e+02 2.52331232e+01 3.52771805e+02
    endloop
  endfacet
  facet normal 2.38611495e-02 -2.50065533e-01 9.67934851e-01
    outer loop
      vertex 1.31583470e+02 2.28762584e+01 3.51959962e+02
      vertex 1.33033684e+02 2.30146372e+01 3.51959962e+02
      vertex 1.23350829e+02 2.52331232e+01 3.52771805e+02
    endloop
  endfacet
  facet normal 2.09044459e-02 -2.61853013e-01 9.64881342e-01
    outer loop
      vertex 1.33033684e+02 2.30146372e+01 3.51959962e+02
      vertex 1.34485842e+02 2.31305669e+01 3.51959962e+02
      vertex 1.23350829e+02 2.52331232e+01 3.52771805e+02
    endloop
  endfacet
  facet normal 1.87188469e-02 -2.72324312e-01 9.62023427e-01
    outer loop
      vertex 1.34485842e+02 2.31305669e+01 3.51959962e+02
      vertex 1.35939130e+02 2.32304621e+01 3.51959962e+02
      vertex 1.23350829e+02 2.52331232e+01 3.52771805e+02
    endloop
  endfacet
  facet normal 1.58967235e-02 -2.88204314e-01 9.57436978e-01
    outer loop
      vertex 1.35939130e+02 2.32304621e+01 3.51959962e+02
      vertex 1.37393701e+02 2.33106931e+01 3.51959962e+02
      vertex 1.23350829e+02 2.52331232e+01 3.52771805e+02
    endloop
  endfacet
  facet normal 9.64807763e-03 -3.28383759e-01 9.44495114e-01
    outer loop
      vertex 1.37393701e+02 2.33106931e+01 3.51959962e+02
      vertex 1.38849873e+02 2.33534761e+01 3.51959962e+02
      vertex 1.23350829e+02 2.52331232e+01 3.52771805e+02
    endloop
  endfacet
  facet normal 2.48128205e-03 -3.79194454e-01 9.25313681e-01
    outer loop
      vertex 1.38849873e+02 2.33534761e+01 3.51959962e+02
      vertex 1.40306526e+02 2.33630078e+01 3.51959962e+02
      vertex 1.23350829e+02 2.52331232e+01 3.52771805e+02
    endloop
  endfacet
  facet normal -1.06788122e-02 -4.78081729e-01 8.78250433e-01
    outer loop
      vertex 1.40306526e+02 2.33630078e+01 3.51959962e+02
      vertex 1.41762765e+02 2.33304801e+01 3.51959962e+02
      vertex 1.23350829e+02 2.52331232e+01 3.52771805e+02
    endloop
  endfacet
  facet normal -4.39587135e-02 -7.20629110e-01 6.91925803e-01
    outer loop
      vertex 1.41762765e+02 2.33304801e+01 3.51959962e+02
      vertex 1.43216623e+02 2.32417941e+01 3.51959962e+02
      vertex 1.23350829e+02 2.52331232e+01 3.52771805e+02
    endloop
  endfacet
  facet normal -1.04162408e-01 -7.96105833e-01 -5.96125571e-01
    outer loop
      vertex 1.43216623e+02 2.32417941e+01 3.51959962e+02
      vertex 1.44825462e+02 2.30312938e+01 3.51959962e+02
      vertex 1.23350829e+02 2.52331232e+01 3.52771805e+02
    endloop
  endfacet
endsolid wing_1098_to_1097
