solid wing_NACA2412
  facet normal 0.00000000e+00 0.00000000e+00 -1.00000000e+00
    outer loop
      vertex 9.66548402e+01 -3.65011416e-01 0.00000000e+00
      vertex 9.67293868e+01 7.92605860e-01 0.00000000e+00
      vertex 1.00008000e+02 1.26000000e-01 0.00000000e+00
    endloop
  endfacet
  facet normal 0.00000000e+00 0.00000000e+00 -1.00000000e+00
    outer loop
      vertex 9.66548402e+01 -3.65011416e-01 0.00000000e+00
      vertex 9.34453425e+01 1.43193184e+00 0.00000000e+00
      vertex 9.67293868e+01 7.92605860e-01 0.00000000e+00
    endloop
  endfacet
  facet normal 0.00000000e+00 0.00000000e+00 -1.00000000e+00
    outer loop
      vertex 9.66548402e+01 -3.65011416e-01 0.00000000e+00
      vertex 9.01556277e+01 2.04140515e+00 0.00000000e+00
      vertex 9.34453425e+01 1.43193184e+00 0.00000000e+00
    endloop
  endfacet
  facet normal 0.00000000e+00 0.00000000e+00 -1.00000000e+00
    outer loop
      vertex 9.66548402e+01 -3.65011416e-01 0.00000000e+00
      vertex 8.68610280e+01 2.62389437e+00 0.00000000e+00
      vertex 9.01556277e+01 2.04140515e+00 0.00000000e+00
    endloop
  endfacet
  facet normal 0.00000000e+00 0.00000000e+00 -1.00000000e+00
    outer loop
      vertex 9.66548402e+01 -3.65011416e-01 0.00000000e+00
      vertex 8.35620798e+01 3.18130528e+00 0.00000000e+00
      vertex 8.68610280e+01 2.62389437e+00 0.00000000e+00
    endloop
  endfacet
  facet normal 0.00000000e+00 0.00000000e+00 -1.00000000e+00
    outer loop
      vertex 9.66548402e+01 -3.65011416e-01 0.00000000e+00
      vertex 8.02578692e+01 3.70662346e+00 0.00000000e+00
      vertex 8.35620798e+01 3.18130528e+00 0.00000000e+00
    endloop
  endfacet
  facet normal 0.00000000e+00 0.00000000e+00 -1.00000000e+00
    outer loop
      vertex 9.66548402e+01 -3.65011416e-01 0.00000000e+00
      vertex 7.69496327e+01 4.20575504e+00 0.00000000e+00
      vertex 8.02578692e+01 3.70662346e+00 0.00000000e+00
    endloop
  endfacet
  facet normal 0.00000000e+00 0.00000000e+00 -1.00000000e+00
    outer loop
      vertex 9.66548402e+01 -3.65011416e-01 0.00000000e+00
      vertex 7.36379133e+01 4.68110390e+00 0.00000000e+00
      vertex 7.69496327e+01 4.20575504e+00 0.00000000e+00
    endloop
  endfacet
  facet normal 0.00000000e+00 0.00000000e+00 -1.00000000e+00
    outer loop
      vertex 9.66548402e+01 -3.65011416e-01 0.00000000e+00
      vertex 7.03231456e+01 5.13499568e+00 0.00000000e+00
      vertex 7.36379133e+01 4.68110390e+00 0.00000000e+00
    endloop
  endfacet
  facet normal 0.00000000e+00 0.00000000e+00 -1.00000000e+00
    outer loop
      vertex 9.66548402e+01 -3.65011416e-01 0.00000000e+00
      vertex 6.70033146e+01 5.55031387e+00 0.00000000e+00
      vertex 7.03231456e+01 5.13499568e+00 0.00000000e+00
    endloop
  endfacet
  facet normal 0.00000000e+00 0.00000000e+00 -1.00000000e+00
    outer loop
      vertex 9.66548402e+01 -3.65011416e-01 0.00000000e+00
      vertex 6.36806076e+01 5.94137717e+00 0.00000000e+00
      vertex 6.70033146e+01 5.55031387e+00 0.00000000e+00
    endloop
  endfacet
  facet normal 0.00000000e+00 0.00000000e+00 -1.00000000e+00
    outer loop
      vertex 9.66548402e+01 -3.65011416e-01 0.00000000e+00
      vertex 6.03554985e+01 6.31195350e+00 0.00000000e+00
      vertex 6.36806076e+01 5.94137717e+00 0.00000000e+00
    endloop
  endfacet
  facet normal 0.00000000e+00 0.00000000e+00 -1.00000000e+00
    outer loop
      vertex 9.66548402e+01 -3.65011416e-01 0.00000000e+00
      vertex 5.70257146e+01 6.63800018e+00 0.00000000e+00
      vertex 6.03554985e+01 6.31195350e+00 0.00000000e+00
    endloop
  endfacet
  facet normal 0.00000000e+00 0.00000000e+00 -1.00000000e+00
    outer loop
      vertex 9.66548402e+01 -3.65011416e-01 0.00000000e+00
      vertex 5.36936721e+01 6.93897537e+00 0.00000000e+00
      vertex 5.70257146e+01 6.63800018e+00 0.00000000e+00
    endloop
  endfacet
  facet normal 0.00000000e+00 0.00000000e+00 -1.00000000e+00
    outer loop
      vertex 9.66548402e+01 -3.65011416e-01 0.00000000e+00
      vertex 5.03592287e+01 7.21330017e+00 0.00000000e+00
      vertex 5.36936721e+01 6.93897537e+00 0.00000000e+00
    endloop
  endfacet
  facet normal 0.00000000e+00 0.00000000e+00 -1.00000000e+00
    outer loop
      vertex 9.66548402e+01 -3.65011416e-01 0.00000000e+00
      vertex 4.70209588e+01 7.43568076e+00 0.00000000e+00
      vertex 5.03592287e+01 7.21330017e+00 0.00000000e+00
    endloop
  endfacet
  facet normal 0.00000000e+00 0.00000000e+00 -1.00000000e+00
    outer loop
      vertex 9.66548402e+01 -3.65011416e-01 0.00000000e+00
      vertex 4.36811033e+01 7.63109330e+00 0.00000000e+00
      vertex 4.70209588e+01 7.43568076e+00 0.00000000e+00
    endloop
  endfacet
  facet normal 0.00000000e+00 0.00000000e+00 -1.00000000e+00
    outer loop
      vertex 9.66548402e+01 -3.65011416e-01 0.00000000e+00
      vertex 4.03388587e+01 7.78330543e+00 0.00000000e+00
      vertex 4.36811033e+01 7.63109330e+00 0.00000000e+00
    endloop
  endfacet
  facet normal 0.00000000e+00 0.00000000e+00 -1.00000000e+00
    outer loop
      vertex 9.66548402e+01 -3.65011416e-01 0.00000000e+00
      vertex 3.69944416e+01 7.86928406e+00 0.00000000e+00
      vertex 4.03388587e+01 7.78330543e+00 0.00000000e+00
    endloop
  endfacet
  facet normal 0.00000000e+00 0.00000000e+00 -1.00000000e+00
    outer loop
      vertex 9.66548402e+01 -3.65011416e-01 0.00000000e+00
      vertex 3.36492903e+01 7.91108663e+00 0.00000000e+00
      vertex 3.69944416e+01 7.86928406e+00 0.00000000e+00
    endloop
  endfacet
  facet normal 0.00000000e+00 0.00000000e+00 -1.00000000e+00
    outer loop
      vertex 9.66548402e+01 -3.65011416e-01 0.00000000e+00
      vertex 3.03037798e+01 7.87466373e+00 0.00000000e+00
      vertex 3.36492903e+01 7.91108663e+00 0.00000000e+00
    endloop
  endfacet
  facet normal 0.00000000e+00 0.00000000e+00 -1.00000000e+00
    outer loop
      vertex 9.66548402e+01 -3.65011416e-01 0.00000000e+00
      vertex 2.69606265e+01 7.75292699e+00 0.00000000e+00
      vertex 3.03037798e+01 7.87466373e+00 0.00000000e+00
    endloop
  endfacet
  facet normal 0.00000000e+00 0.00000000e+00 -1.00000000e+00
    outer loop
      vertex 9.66548402e+01 -3.65011416e-01 0.00000000e+00
      vertex 2.36208727e+01 7.56212642e+00 0.00000000e+00
      vertex 2.69606265e+01 7.75292699e+00 0.00000000e+00
    endloop
  endfacet
  facet normal 0.00000000e+00 0.00000000e+00 -1.00000000e+00
    outer loop
      vertex 9.66548402e+01 -3.65011416e-01 0.00000000e+00
      vertex 2.02863232e+01 7.28954180e+00 0.00000000e+00
      vertex 2.36208727e+01 7.56212642e+00 0.00000000e+00
    endloop
  endfacet
  facet normal 0.00000000e+00 0.00000000e+00 -1.00000000e+00
    outer loop
      vertex 9.66548402e+01 -3.65011416e-01 0.00000000e+00
      vertex 1.69653069e+01 6.88381044e+00 0.00000000e+00
      vertex 2.02863232e+01 7.28954180e+00 0.00000000e+00
    endloop
  endfacet
  facet normal 0.00000000e+00 0.00000000e+00 -1.00000000e+00
    outer loop
      vertex 9.66548402e+01 -3.65011416e-01 0.00000000e+00
      vertex 1.36611489e+01 6.36195204e+00 0.00000000e+00
      vertex 1.69653069e+01 6.88381044e+00 0.00000000e+00
    endloop
  endfacet
  facet normal 0.00000000e+00 0.00000000e+00 -1.00000000e+00
    outer loop
      vertex 9.66548402e+01 -3.65011416e-01 0.00000000e+00
      vertex 1.03834211e+01 5.69610212e+00 0.00000000e+00
      vertex 1.36611489e+01 6.36195204e+00 0.00000000e+00
    endloop
  endfacet
  facet normal 0.00000000e+00 0.00000000e+00 -1.00000000e+00
    outer loop
      vertex 9.66548402e+01 -3.65011416e-01 0.00000000e+00
      vertex 7.15047434e+00 4.84070589e+00 0.00000000e+00
      vertex 1.03834211e+01 5.69610212e+00 0.00000000e+00
    endloop
  endfacet
  facet normal 0.00000000e+00 0.00000000e+00 -1.00000000e+00
    outer loop
      vertex 9.66548402e+01 -3.65011416e-01 0.00000000e+00
      vertex 3.99968289e+00 3.72170415e+00 0.00000000e+00
      vertex 7.15047434e+00 4.84070589e+00 0.00000000e+00
    endloop
  endfacet
  facet normal 0.00000000e+00 0.00000000e+00 -1.00000000e+00
    outer loop
      vertex 9.66548402e+01 -3.65011416e-01 0.00000000e+00
      vertex 1.12741961e+00 2.02695639e+00 0.00000000e+00
      vertex 3.99968289e+00 3.72170415e+00 0.00000000e+00
    endloop
  endfacet
  facet normal -0.00000000e+00 0.00000000e+00 -1.00000000e+00
    outer loop
      vertex 9.66548402e+01 -3.65011416e-01 0.00000000e+00
      vertex 3.60051256e-01 -8.70453586e-01 0.00000000e+00
      vertex 1.12741961e+00 2.02695639e+00 0.00000000e+00
    endloop
  endfacet
  facet normal 0.00000000e+00 0.00000000e+00 -1.00000000e+00
    outer loop
      vertex 9.66548402e+01 -3.65011416e-01 0.00000000e+00
      vertex 3.23037622e+00 -2.50257135e+00 0.00000000e+00
      vertex 3.60051256e-01 -8.70453586e-01 0.00000000e+00
    endloop
  endfacet
  facet normal 0.00000000e+00 0.00000000e+00 -1.00000000e+00
    outer loop
      vertex 9.66548402e+01 -3.65011416e-01 0.00000000e+00
      vertex 6.48057765e+00 -3.27959490e+00 0.00000000e+00
      vertex 3.23037622e+00 -2.50257135e+00 0.00000000e+00
    endloop
  endfacet
  facet normal 0.00000000e+00 0.00000000e+00 -1.00000000e+00
    outer loop
      vertex 9.66548402e+01 -3.65011416e-01 0.00000000e+00
      vertex 9.79375384e+00 -3.73763774e+00 0.00000000e+00
      vertex 6.48057765e+00 -3.27959490e+00 0.00000000e+00
    endloop
  endfacet
  facet normal 0.00000000e+00 0.00000000e+00 -1.00000000e+00
    outer loop
      vertex 9.66548402e+01 -3.65011416e-01 0.00000000e+00
      vertex 1.31286196e+01 -4.00532395e+00 0.00000000e+00
      vertex 9.79375384e+00 -3.73763774e+00 0.00000000e+00
    endloop
  endfacet
  facet normal 0.00000000e+00 0.00000000e+00 -1.00000000e+00
    outer loop
      vertex 9.66548402e+01 -3.65011416e-01 0.00000000e+00
      vertex 1.64710765e+01 -4.15196605e+00 0.00000000e+00
      vertex 1.31286196e+01 -4.00532395e+00 0.00000000e+00
    endloop
  endfacet
  facet normal 0.00000000e+00 0.00000000e+00 -1.00000000e+00
    outer loop
      vertex 9.66548402e+01 -3.65011416e-01 0.00000000e+00
      vertex 1.98160204e+01 -4.21738940e+00 0.00000000e+00
      vertex 1.64710765e+01 -4.15196605e+00 0.00000000e+00
    endloop
  endfacet
  facet normal 0.00000000e+00 0.00000000e+00 -1.00000000e+00
    outer loop
      vertex 9.66548402e+01 -3.65011416e-01 0.00000000e+00
      vertex 2.31615673e+01 -4.22608778e+00 0.00000000e+00
      vertex 1.98160204e+01 -4.21738940e+00 0.00000000e+00
    endloop
  endfacet
  facet normal 0.00000000e+00 0.00000000e+00 -1.00000000e+00
    outer loop
      vertex 9.66548402e+01 -3.65011416e-01 0.00000000e+00
      vertex 2.65070405e+01 -4.19424735e+00 0.00000000e+00
      vertex 2.31615673e+01 -4.22608778e+00 0.00000000e+00
    endloop
  endfacet
  facet normal 0.00000000e+00 0.00000000e+00 -1.00000000e+00
    outer loop
      vertex 9.66548402e+01 -3.65011416e-01 0.00000000e+00
      vertex 2.98521686e+01 -4.13201300e+00 0.00000000e+00
      vertex 2.65070405e+01 -4.19424735e+00 0.00000000e+00
    endloop
  endfacet
  facet normal 0.00000000e+00 0.00000000e+00 -1.00000000e+00
    outer loop
      vertex 9.66548402e+01 -3.65011416e-01 0.00000000e+00
      vertex 3.31964824e+01 -4.03540876e+00 0.00000000e+00
      vertex 2.98521686e+01 -4.13201300e+00 0.00000000e+00
    endloop
  endfacet
  facet normal 0.00000000e+00 0.00000000e+00 -1.00000000e+00
    outer loop
      vertex 9.66548402e+01 -3.65011416e-01 0.00000000e+00
      vertex 3.65404005e+01 -3.92648384e+00 0.00000000e+00
      vertex 3.31964824e+01 -4.03540876e+00 0.00000000e+00
    endloop
  endfacet
  facet normal 0.00000000e+00 0.00000000e+00 -1.00000000e+00
    outer loop
      vertex 9.66548402e+01 -3.65011416e-01 0.00000000e+00
      vertex 3.98839572e+01 -3.80663403e+00 0.00000000e+00
      vertex 3.65404005e+01 -3.92648384e+00 0.00000000e+00
    endloop
  endfacet
  facet normal 0.00000000e+00 0.00000000e+00 -1.00000000e+00
    outer loop
      vertex 9.66548402e+01 -3.65011416e-01 0.00000000e+00
      vertex 4.32267903e+01 -3.66794618e+00 0.00000000e+00
      vertex 3.98839572e+01 -3.80663403e+00 0.00000000e+00
    endloop
  endfacet
  facet normal 0.00000000e+00 0.00000000e+00 -1.00000000e+00
    outer loop
      vertex 9.66548402e+01 -3.65011416e-01 0.00000000e+00
      vertex 4.65689811e+01 -3.51510292e+00 0.00000000e+00
      vertex 4.32267903e+01 -3.66794618e+00 0.00000000e+00
    endloop
  endfacet
  facet normal 0.00000000e+00 0.00000000e+00 -1.00000000e+00
    outer loop
      vertex 9.66548402e+01 -3.65011416e-01 0.00000000e+00
      vertex 4.99106381e+01 -3.35049560e+00 0.00000000e+00
      vertex 4.65689811e+01 -3.51510292e+00 0.00000000e+00
    endloop
  endfacet
  facet normal 0.00000000e+00 0.00000000e+00 -1.00000000e+00
    outer loop
      vertex 9.66548402e+01 -3.65011416e-01 0.00000000e+00
      vertex 5.32513456e+01 -3.16763735e+00 0.00000000e+00
      vertex 4.99106381e+01 -3.35049560e+00 0.00000000e+00
    endloop
  endfacet
  facet normal 0.00000000e+00 0.00000000e+00 -1.00000000e+00
    outer loop
      vertex 9.66548402e+01 -3.65011416e-01 0.00000000e+00
      vertex 5.65917123e+01 -2.97876508e+00 0.00000000e+00
      vertex 5.32513456e+01 -3.16763735e+00 0.00000000e+00
    endloop
  endfacet
  facet normal 0.00000000e+00 0.00000000e+00 -1.00000000e+00
    outer loop
      vertex 9.66548402e+01 -3.65011416e-01 0.00000000e+00
      vertex 5.99316454e+01 -2.78226028e+00 0.00000000e+00
      vertex 5.65917123e+01 -2.97876508e+00 0.00000000e+00
    endloop
  endfacet
  facet normal 0.00000000e+00 0.00000000e+00 -1.00000000e+00
    outer loop
      vertex 9.66548402e+01 -3.65011416e-01 0.00000000e+00
      vertex 6.32710694e+01 -2.57730711e+00 0.00000000e+00
      vertex 5.99316454e+01 -2.78226028e+00 0.00000000e+00
    endloop
  endfacet
  facet normal 0.00000000e+00 0.00000000e+00 -1.00000000e+00
    outer loop
      vertex 9.66548402e+01 -3.65011416e-01 0.00000000e+00
      vertex 6.66102850e+01 -2.36898804e+00 0.00000000e+00
      vertex 6.32710694e+01 -2.57730711e+00 0.00000000e+00
    endloop
  endfacet
  facet normal 0.00000000e+00 0.00000000e+00 -1.00000000e+00
    outer loop
      vertex 9.66548402e+01 -3.65011416e-01 0.00000000e+00
      vertex 6.99492636e+01 -2.15688080e+00 0.00000000e+00
      vertex 6.66102850e+01 -2.36898804e+00 0.00000000e+00
    endloop
  endfacet
  facet normal 0.00000000e+00 0.00000000e+00 -1.00000000e+00
    outer loop
      vertex 9.66548402e+01 -3.65011416e-01 0.00000000e+00
      vertex 7.32879958e+01 -1.94093421e+00 0.00000000e+00
      vertex 6.99492636e+01 -2.15688080e+00 0.00000000e+00
    endloop
  endfacet
  facet normal 0.00000000e+00 0.00000000e+00 -1.00000000e+00
    outer loop
      vertex 9.66548402e+01 -3.65011416e-01 0.00000000e+00
      vertex 7.66266216e+01 -1.72334903e+00 0.00000000e+00
      vertex 7.32879958e+01 -1.94093421e+00 0.00000000e+00
    endloop
  endfacet
  facet normal 0.00000000e+00 0.00000000e+00 -1.00000000e+00
    outer loop
      vertex 9.66548402e+01 -3.65011416e-01 0.00000000e+00
      vertex 7.99651272e+01 -1.50392753e+00 0.00000000e+00
      vertex 7.66266216e+01 -1.72334903e+00 0.00000000e+00
    endloop
  endfacet
  facet normal 0.00000000e+00 0.00000000e+00 -1.00000000e+00
    outer loop
      vertex 9.66548402e+01 -3.65011416e-01 0.00000000e+00
      vertex 8.33034692e+01 -1.28202645e+00 0.00000000e+00
      vertex 7.99651272e+01 -1.50392753e+00 0.00000000e+00
    endloop
  endfacet
  facet normal 0.00000000e+00 0.00000000e+00 -1.00000000e+00
    outer loop
      vertex 9.66548402e+01 -3.65011416e-01 0.00000000e+00
      vertex 8.66416264e+01 -1.05736387e+00 0.00000000e+00
      vertex 8.33034692e+01 -1.28202645e+00 0.00000000e+00
    endloop
  endfacet
  facet normal 0.00000000e+00 0.00000000e+00 -1.00000000e+00
    outer loop
      vertex 9.66548402e+01 -3.65011416e-01 0.00000000e+00
      vertex 8.99795911e+01 -8.29861150e-01 0.00000000e+00
      vertex 8.66416264e+01 -1.05736387e+00 0.00000000e+00
    endloop
  endfacet
  facet normal 0.00000000e+00 0.00000000e+00 -1.00000000e+00
    outer loop
      vertex 8.99795911e+01 -8.29861150e-01 0.00000000e+00
      vertex 9.66548402e+01 -3.65011416e-01 0.00000000e+00
      vertex 9.33173668e+01 -5.99600813e-01 0.00000000e+00
    endloop
  endfacet
  facet normal 1.98057177e-01 9.74118175e-01 -1.08936381e-01
    outer loop
      vertex 1.00008000e+02 1.26000000e-01 0.00000000e+00
      vertex 9.67293868e+01 7.92605860e-01 0.00000000e+00
      vertex 9.95306611e+01 1.90051377e+00 1.50000000e+01
    endloop
  endfacet
  facet normal 2.00609851e-01 9.73611468e-01 -1.08795204e-01
    outer loop
      vertex 1.00008000e+02 1.26000000e-01 0.00000000e+00
      vertex 9.95306611e+01 1.90051377e+00 1.50000000e+01
      vertex 1.02717404e+02 1.24389445e+00 1.50000000e+01
    endloop
  endfacet
  facet normal 1.89968952e-01 9.75818997e-01 -1.08116062e-01
    outer loop
      vertex 9.67293868e+01 7.92605860e-01 0.00000000e+00
      vertex 9.34453425e+01 1.43193184e+00 0.00000000e+00
      vertex 9.63385667e+01 2.53061732e+00 1.50000000e+01
    endloop
  endfacet
  facet normal 1.92525577e-01 9.75331443e-01 -1.07992958e-01
    outer loop
      vertex 9.67293868e+01 7.92605860e-01 0.00000000e+00
      vertex 9.63385667e+01 2.53061732e+00 1.50000000e+01
      vertex 9.95306611e+01 1.90051377e+00 1.50000000e+01
    endloop
  endfacet
  facet normal 1.81118503e-01 9.77611697e-01 -1.07104889e-01
    outer loop
      vertex 9.34453425e+01 1.43193184e+00 0.00000000e+00
      vertex 9.01556277e+01 2.04140515e+00 0.00000000e+00
      vertex 9.31408817e+01 3.13170368e+00 1.50000000e+01
    endloop
  endfacet
  facet normal 1.83679346e-01 9.77145274e-01 -1.07000056e-01
    outer loop
      vertex 9.34453425e+01 1.43193184e+00 0.00000000e+00
      vertex 9.31408817e+01 3.13170368e+00 1.50000000e+01
      vertex 9.63385667e+01 2.53061732e+00 1.50000000e+01
    endloop
  endfacet
  facet normal 1.73116686e-01 9.79160039e-01 -1.06189600e-01
    outer loop
      vertex 9.01556277e+01 2.04140515e+00 0.00000000e+00
      vertex 8.68610280e+01 2.62389437e+00 0.00000000e+00
      vertex 8.99383775e+01 3.70656054e+00 1.50000000e+01
    endloop
  endfacet
  facet normal 1.75681162e-01 9.78712587e-01 -1.06102786e-01
    outer loop
      vertex 9.01556277e+01 2.04140515e+00 0.00000000e+00
      vertex 8.99383775e+01 3.70656054e+00 1.50000000e+01
      vertex 9.31408817e+01 3.13170368e+00 1.50000000e+01
    endloop
  endfacet
  facet normal 1.65678010e-01 9.80539066e-01 -1.05327760e-01
    outer loop
      vertex 8.68610280e+01 2.62389437e+00 0.00000000e+00
      vertex 8.35620798e+01 3.18130528e+00 0.00000000e+00
      vertex 8.67315805e+01 4.25703991e+00 1.50000000e+01
    endloop
  endfacet
  facet normal 1.68245720e-01 9.80109159e-01 -1.05258794e-01
    outer loop
      vertex 8.68610280e+01 2.62389437e+00 0.00000000e+00
      vertex 8.67315805e+01 4.25703991e+00 1.50000000e+01
      vertex 8.99383775e+01 3.70656054e+00 1.50000000e+01
    endloop
  endfacet
  facet normal 1.56161033e-01 9.82240790e-01 -1.04003660e-01
    outer loop
      vertex 8.35620798e+01 3.18130528e+00 0.00000000e+00
      vertex 8.02578692e+01 3.70662346e+00 0.00000000e+00
      vertex 8.35195842e+01 4.77632260e+00 1.50000000e+01
    endloop
  endfacet
  facet normal 1.58732839e-01 9.81833814e-01 -1.03953099e-01
    outer loop
      vertex 8.35620798e+01 3.18130528e+00 0.00000000e+00
      vertex 8.35195842e+01 4.77632260e+00 1.50000000e+01
      vertex 8.67315805e+01 4.25703991e+00 1.50000000e+01
    endloop
  endfacet
  facet normal 1.48393921e-01 9.83552632e-01 -1.02973125e-01
    outer loop
      vertex 8.02578692e+01 3.70662346e+00 0.00000000e+00
      vertex 7.69496327e+01 4.20575504e+00 0.00000000e+00
      vertex 8.03036060e+01 5.27014915e+00 1.50000000e+01
    endloop
  endfacet
  facet normal 1.50968857e-01 9.83164107e-01 -1.02940479e-01
    outer loop
      vertex 8.02578692e+01 3.70662346e+00 0.00000000e+00
      vertex 8.03036060e+01 5.27014915e+00 1.50000000e+01
      vertex 8.35195842e+01 4.77632260e+00 1.50000000e+01
    endloop
  endfacet
  facet normal 1.41337616e-01 9.84688450e-01 -1.02040850e-01
    outer loop
      vertex 7.69496327e+01 4.20575504e+00 0.00000000e+00
      vertex 7.36379133e+01 4.68110390e+00 0.00000000e+00
      vertex 7.70841802e+01 5.74085595e+00 1.50000000e+01
    endloop
  endfacet
  facet normal 1.43915259e-01 9.84316571e-01 -1.02025913e-01
    outer loop
      vertex 7.69496327e+01 4.20575504e+00 0.00000000e+00
      vertex 7.70841802e+01 5.74085595e+00 1.50000000e+01
      vertex 8.03036060e+01 5.27014915e+00 1.50000000e+01
    endloop
  endfacet
  facet normal 1.34967613e-01 9.85667280e-01 -1.01211449e-01
    outer loop
      vertex 7.36379133e+01 4.68110390e+00 0.00000000e+00
      vertex 7.03231456e+01 5.13499568e+00 0.00000000e+00
      vertex 7.38617353e+01 6.19070359e+00 1.50000000e+01
    endloop
  endfacet
  facet normal 1.37547582e-01 9.85310299e-01 -1.01214019e-01
    outer loop
      vertex 7.36379133e+01 4.68110390e+00 0.00000000e+00
      vertex 7.38617353e+01 6.19070359e+00 1.50000000e+01
      vertex 7.70841802e+01 5.74085595e+00 1.50000000e+01
    endloop
  endfacet
  facet normal 1.23522343e-01 9.87371406e-01 -9.91964553e-02
    outer loop
      vertex 7.03231456e+01 5.13499568e+00 0.00000000e+00
      vertex 6.70033146e+01 5.55031387e+00 0.00000000e+00
      vertex 7.06342681e+01 6.60305142e+00 1.50000000e+01
    endloop
  endfacet
  facet normal 1.26106578e-01 9.87042525e-01 -9.92178684e-02
    outer loop
      vertex 7.03231456e+01 5.13499568e+00 0.00000000e+00
      vertex 7.06342681e+01 6.60305142e+00 1.50000000e+01
      vertex 7.38617353e+01 6.19070359e+00 1.50000000e+01
    endloop
  endfacet
  facet normal 1.16323751e-01 9.88355957e-01 -9.80881642e-02
    outer loop
      vertex 6.70033146e+01 5.55031387e+00 0.00000000e+00
      vertex 6.36806076e+01 5.94137717e+00 0.00000000e+00
      vertex 6.74039423e+01 6.99181877e+00 1.50000000e+01
    endloop
  endfacet
  facet normal 1.18910398e-01 9.88044206e-01 -9.81272903e-02
    outer loop
      vertex 6.70033146e+01 5.55031387e+00 0.00000000e+00
      vertex 6.74039423e+01 6.99181877e+00 1.50000000e+01
      vertex 7.06342681e+01 6.60305142e+00 1.50000000e+01
    endloop
  endfacet
  facet normal 1.10237678e-01 9.89141179e-01 -9.71976403e-02
    outer loop
      vertex 6.36806076e+01 5.94137717e+00 0.00000000e+00
      vertex 6.03554985e+01 6.31195350e+00 0.00000000e+00
      vertex 6.41712282e+01 7.36066873e+00 1.50000000e+01
    endloop
  endfacet
  facet normal 1.12826237e-01 9.88843703e-01 -9.72541599e-02
    outer loop
      vertex 6.36806076e+01 5.94137717e+00 0.00000000e+00
      vertex 6.41712282e+01 7.36066873e+00 1.50000000e+01
      vertex 6.74039423e+01 6.99181877e+00 1.50000000e+01
    endloop
  endfacet
  facet normal 9.70159556e-02 9.90784995e-01 -9.45145339e-02
    outer loop
      vertex 6.03554985e+01 6.31195350e+00 0.00000000e+00
      vertex 5.70257146e+01 6.63800018e+00 0.00000000e+00
      vertex 6.09338546e+01 7.68622566e+00 1.50000000e+01
    endloop
  endfacet
  facet normal 9.96087695e-02 9.90520456e-01 -9.45902686e-02
    outer loop
      vertex 6.03554985e+01 6.31195350e+00 0.00000000e+00
      vertex 6.09338546e+01 7.68622566e+00 1.50000000e+01
      vertex 6.41712282e+01 7.36066873e+00 1.50000000e+01
    endloop
  endfacet
  facet normal 8.95697342e-02 9.91610548e-01 -9.31975554e-02
    outer loop
      vertex 5.70257146e+01 6.63800018e+00 0.00000000e+00
      vertex 5.36936721e+01 6.93897537e+00 0.00000000e+00
      vertex 5.76942206e+01 7.98740639e+00 1.50000000e+01
    endloop
  endfacet
  facet normal 9.21646444e-02 9.91363941e-01 -9.32910181e-02
    outer loop
      vertex 5.70257146e+01 6.63800018e+00 0.00000000e+00
      vertex 5.76942206e+01 7.98740639e+00 1.50000000e+01
      vertex 6.09338546e+01 7.68622566e+00 1.50000000e+01
    endloop
  endfacet
  facet normal 8.16475118e-02 9.92433066e-01 -9.17076477e-02
    outer loop
      vertex 5.36936721e+01 6.93897537e+00 0.00000000e+00
      vertex 5.03592287e+01 7.21330017e+00 0.00000000e+00
      vertex 5.44521839e+01 8.26267583e+00 1.50000000e+01
    endloop
  endfacet
  facet normal 8.42445453e-02 9.92205697e-01 -9.18189085e-02
    outer loop
      vertex 5.36936721e+01 6.93897537e+00 0.00000000e+00
      vertex 5.44521839e+01 8.26267583e+00 1.50000000e+01
      vertex 5.76942206e+01 7.98740639e+00 1.50000000e+01
    endloop
  endfacet
  facet normal 6.62093775e-02 9.93903159e-01 -8.81636462e-02
    outer loop
      vertex 5.03592287e+01 7.21330017e+00 0.00000000e+00
      vertex 4.70209588e+01 7.43568076e+00 0.00000000e+00
      vertex 5.12062938e+01 8.48743944e+00 1.50000000e+01
    endloop
  endfacet
  facet normal 6.88103791e-02 9.93714852e-01 -8.82945321e-02
    outer loop
      vertex 5.03592287e+01 7.21330017e+00 0.00000000e+00
      vertex 5.12062938e+01 8.48743944e+00 1.50000000e+01
      vertex 5.44521839e+01 8.26267583e+00 1.50000000e+01
    endloop
  endfacet
  facet normal 5.81902709e-02 9.94547752e-01 -8.65370566e-02
    outer loop
      vertex 4.70209588e+01 7.43568076e+00 0.00000000e+00
      vertex 4.36811033e+01 7.63109330e+00 0.00000000e+00
      vertex 4.79587929e+01 8.68598074e+00 1.50000000e+01
    endloop
  endfacet
  facet normal 6.07929997e-02 9.94379101e-01 -8.66857275e-02
    outer loop
      vertex 4.70209588e+01 7.43568076e+00 0.00000000e+00
      vertex 4.79587929e+01 8.68598074e+00 1.50000000e+01
      vertex 5.12062938e+01 8.48743944e+00 1.50000000e+01
    endloop
  endfacet
  facet normal 4.53358489e-02 9.95475771e-01 -8.35023993e-02
    outer loop
      vertex 4.36811033e+01 7.63109330e+00 0.00000000e+00
      vertex 4.03388587e+01 7.78330543e+00 0.00000000e+00
      vertex 4.47088588e+01 8.84251587e+00 1.50000000e+01
    endloop
  endfacet
  facet normal 4.79411640e-02 9.95339636e-01 -8.36699133e-02
    outer loop
      vertex 4.36811033e+01 7.63109330e+00 0.00000000e+00
      vertex 4.47088588e+01 8.84251587e+00 1.50000000e+01
      vertex 4.79587929e+01 8.68598074e+00 1.50000000e+01
    endloop
  endfacet
  facet normal 2.56205025e-02 9.96592426e-01 -7.84036110e-02
    outer loop
      vertex 4.03388587e+01 7.78330543e+00 0.00000000e+00
      vertex 3.69944416e+01 7.86928406e+00 0.00000000e+00
      vertex 4.14566431e+01 8.93464467e+00 1.50000000e+01
    endloop
  endfacet
  facet normal 2.82290658e-02 9.96507152e-01 -7.85914531e-02
    outer loop
      vertex 4.03388587e+01 7.78330543e+00 0.00000000e+00
      vertex 4.14566431e+01 8.93464467e+00 1.50000000e+01
      vertex 4.47088588e+01 8.84251587e+00 1.50000000e+01
    endloop
  endfacet
  facet normal 1.24602111e-02 9.97098843e-01 -7.50908779e-02
    outer loop
      vertex 3.69944416e+01 7.86928406e+00 0.00000000e+00
      vertex 3.36492903e+01 7.91108663e+00 0.00000000e+00
      vertex 3.82036011e+01 8.98381427e+00 1.50000000e+01
    endloop
  endfacet
  facet normal 1.50703287e-02 9.97047230e-01 -7.52974462e-02
    outer loop
      vertex 3.69944416e+01 7.86928406e+00 0.00000000e+00
      vertex 3.82036011e+01 8.98381427e+00 1.50000000e+01
      vertex 4.14566431e+01 8.93464467e+00 1.50000000e+01
    endloop
  endfacet
  facet normal -1.08607973e-02 9.97584342e-01 -6.86113963e-02
    outer loop
      vertex 3.36492903e+01 7.91108663e+00 0.00000000e+00
      vertex 3.03037798e+01 7.87466373e+00 0.00000000e+00
      vertex 3.49500106e+01 8.95691079e+00 1.50000000e+01
    endloop
  endfacet
  facet normal -8.24896396e-03 9.97593710e-01 -6.88385338e-02
    outer loop
      vertex 3.36492903e+01 7.91108663e+00 0.00000000e+00
      vertex 3.49500106e+01 8.95691079e+00 1.50000000e+01
      vertex 3.82036011e+01 8.98381427e+00 1.50000000e+01
    endloop
  endfacet
  facet normal -3.63212354e-02 9.97459366e-01 -6.12827938e-02
    outer loop
      vertex 3.03037798e+01 7.87466373e+00 0.00000000e+00
      vertex 2.69606265e+01 7.75292699e+00 0.00000000e+00
      vertex 3.16984952e+01 8.84703386e+00 1.50000000e+01
    endloop
  endfacet
  facet normal -3.37092565e-02 9.97535799e-01 -6.15306130e-02
    outer loop
      vertex 3.03037798e+01 7.87466373e+00 0.00000000e+00
      vertex 3.16984952e+01 8.84703386e+00 1.50000000e+01
      vertex 3.49500106e+01 8.95691079e+00 1.50000000e+01
    endloop
  endfacet
  facet normal -5.69498802e-02 9.96844932e-01 -5.52891785e-02
    outer loop
      vertex 2.69606265e+01 7.75292699e+00 0.00000000e+00
      vertex 2.36208727e+01 7.56212642e+00 0.00000000e+00
      vertex 2.84501100e+01 8.66998395e+00 1.50000000e+01
    endloop
  endfacet
  facet normal -5.43391468e-02 9.96975798e-01 -5.55564222e-02
    outer loop
      vertex 2.69606265e+01 7.75292699e+00 0.00000000e+00
      vertex 2.84501100e+01 8.66998395e+00 1.50000000e+01
      vertex 3.16984952e+01 8.84703386e+00 1.50000000e+01
    endloop
  endfacet
  facet normal -8.13802982e-02 9.95531720e-01 -4.78940557e-02
    outer loop
      vertex 2.36208727e+01 7.56212642e+00 0.00000000e+00
      vertex 2.02863232e+01 7.28954180e+00 0.00000000e+00
      vertex 2.52065777e+01 8.41338606e+00 1.50000000e+01
    endloop
  endfacet
  facet normal -7.87726387e-02 9.95727612e-01 -4.81808379e-02
    outer loop
      vertex 2.36208727e+01 7.56212642e+00 0.00000000e+00
      vertex 2.52065777e+01 8.41338606e+00 1.50000000e+01
      vertex 2.84501100e+01 8.66998395e+00 1.50000000e+01
    endloop
  endfacet
  facet normal -1.21194295e-01 9.92006692e-01 -3.51378104e-02
    outer loop
      vertex 2.02863232e+01 7.28954180e+00 0.00000000e+00
      vertex 1.69653069e+01 6.88381044e+00 0.00000000e+00
      vertex 2.19758674e+01 8.02726896e+00 1.50000000e+01
    endloop
  endfacet
  facet normal -1.18595526e-01 9.92309792e-01 -3.54454331e-02
    outer loop
      vertex 2.02863232e+01 7.28954180e+00 0.00000000e+00
      vertex 2.19758674e+01 8.02726896e+00 1.50000000e+01
      vertex 2.52065777e+01 8.41338606e+00 1.50000000e+01
    endloop
  endfacet
  facet normal -1.55962108e-01 9.87477558e-01 -2.37464201e-02
    outer loop
      vertex 1.69653069e+01 6.88381044e+00 0.00000000e+00
      vertex 1.36611489e+01 6.36195204e+00 0.00000000e+00
      vertex 1.87612561e+01 7.52817579e+00 1.50000000e+01
    endloop
  endfacet
  facet normal -1.53375167e-01 9.87874758e-01 -2.40732172e-02
    outer loop
      vertex 1.69653069e+01 6.88381044e+00 0.00000000e+00
      vertex 1.87612561e+01 7.52817579e+00 1.50000000e+01
      vertex 2.19758674e+01 8.02726896e+00 1.50000000e+01
    endloop
  endfacet
  facet normal -1.99069383e-01 9.79943411e-01 -9.07155034e-03
    outer loop
      vertex 1.36611489e+01 6.36195204e+00 0.00000000e+00
      vertex 1.03834211e+01 5.69610212e+00 0.00000000e+00
      vertex 1.55719815e+01 6.88898404e+00 1.50000000e+01
    endloop
  endfacet
  facet normal -1.96502591e-01 9.80458086e-01 -9.41661438e-03
    outer loop
      vertex 1.36611489e+01 6.36195204e+00 0.00000000e+00
      vertex 1.55719815e+01 6.88898404e+00 1.50000000e+01
      vertex 1.87612561e+01 7.52817579e+00 1.50000000e+01
    endloop
  endfacet
  facet normal -2.55769750e-01 9.66674815e-01 1.10289402e-02
    outer loop
      vertex 1.03834211e+01 5.69610212e+00 0.00000000e+00
      vertex 7.15047434e+00 4.84070589e+00 0.00000000e+00
      vertex 1.24257737e+01 6.06534512e+00 1.50000000e+01
    endloop
  endfacet
  facet normal -2.53239120e-01 9.67344894e-01 1.06678827e-02
    outer loop
      vertex 1.03834211e+01 5.69610212e+00 0.00000000e+00
      vertex 1.24257737e+01 6.06534512e+00 1.50000000e+01
      vertex 1.55719815e+01 6.88898404e+00 1.50000000e+01
    endloop
  endfacet
  facet normal -3.34399830e-01 9.41575057e-01 4.01642359e-02
    outer loop
      vertex 7.15047434e+00 4.84070589e+00 0.00000000e+00
      vertex 3.99968289e+00 3.72170415e+00 0.00000000e+00
      vertex 9.35879055e+00 4.98514156e+00 1.50000000e+01
    endloop
  endfacet
  facet normal -3.31938578e-01 9.42461283e-01 3.97933543e-02
    outer loop
      vertex 7.15047434e+00 4.84070589e+00 0.00000000e+00
      vertex 9.35879055e+00 4.98514156e+00 1.50000000e+01
      vertex 1.24257737e+01 6.06534512e+00 1.50000000e+01
    endloop
  endfacet
  facet normal -5.05211638e-01 8.56234111e-01 1.07816268e-01
    outer loop
      vertex 3.99968289e+00 3.72170415e+00 0.00000000e+00
      vertex 1.12741961e+00 2.02695639e+00 0.00000000e+00
      vertex 6.56120927e+00 3.34431779e+00 1.50000000e+01
    endloop
  endfacet
  facet normal -5.02987238e-01 8.57586116e-01 1.07470425e-01
    outer loop
      vertex 3.99968289e+00 3.72170415e+00 0.00000000e+00
      vertex 6.56120927e+00 3.34431779e+00 1.50000000e+01
      vertex 9.35879055e+00 4.98514156e+00 1.50000000e+01
    endloop
  endfacet
  facet normal -9.18745517e-01 2.43326363e-01 3.10964556e-01
    outer loop
      vertex 1.12741961e+00 2.02695639e+00 0.00000000e+00
      vertex 3.60051256e-01 -8.70453586e-01 0.00000000e+00
      vertex 5.80756931e+00 5.28549956e-01 1.50000000e+01
    endloop
  endfacet
  facet normal -9.18093795e-01 2.45727706e-01 3.11001092e-01
    outer loop
      vertex 1.12741961e+00 2.02695639e+00 0.00000000e+00
      vertex 5.80756931e+00 5.28549956e-01 1.50000000e+01
      vertex 6.56120927e+00 3.34431779e+00 1.50000000e+01
    endloop
  endfacet
  facet normal -4.78387366e-01 -8.41316252e-01 2.51659477e-01
    outer loop
      vertex 3.60051256e-01 -8.70453586e-01 0.00000000e+00
      vertex 3.23037622e+00 -2.50257135e+00 0.00000000e+00
      vertex 8.59479540e+00 -1.06598697e+00 1.50000000e+01
    endloop
  endfacet
  facet normal -4.80439881e-01 -8.39801547e-01 2.52806017e-01
    outer loop
      vertex 3.60051256e-01 -8.70453586e-01 0.00000000e+00
      vertex 8.59479540e+00 -1.06598697e+00 1.50000000e+01
      vertex 5.80756931e+00 5.28549956e-01 1.50000000e+01
    endloop
  endfacet
  facet normal -2.29007717e-01 -9.57913319e-01 1.73082462e-01
    outer loop
      vertex 3.23037622e+00 -2.50257135e+00 0.00000000e+00
      vertex 6.48057765e+00 -3.27959490e+00 0.00000000e+00
      vertex 1.17536272e+01 -1.82991478e+00 1.50000000e+01
    endloop
  endfacet
  facet normal -2.31458536e-01 -9.57078089e-01 1.74437603e-01
    outer loop
      vertex 3.23037622e+00 -2.50257135e+00 0.00000000e+00
      vertex 1.17536272e+01 -1.82991478e+00 1.50000000e+01
      vertex 8.59479540e+00 -1.06598697e+00 1.50000000e+01
    endloop
  endfacet
  facet normal -1.35561382e-01 -9.80560560e-01 1.41859439e-01
    outer loop
      vertex 6.48057765e+00 -3.27959490e+00 0.00000000e+00
      vertex 9.79375384e+00 -3.73763774e+00 0.00000000e+00
      vertex 1.49745138e+01 -2.28379525e+00 1.50000000e+01
    endloop
  endfacet
  facet normal -1.38099870e-01 -9.80002572e-01 1.43259847e-01
    outer loop
      vertex 6.48057765e+00 -3.27959490e+00 0.00000000e+00
      vertex 1.49745138e+01 -2.28379525e+00 1.50000000e+01
      vertex 1.17536272e+01 -1.82991478e+00 1.50000000e+01
    endloop
  endfacet
  facet normal -7.94065979e-02 -9.89256571e-01 1.22743754e-01
    outer loop
      vertex 9.79375384e+00 -3.73763774e+00 0.00000000e+00
      vertex 1.31286196e+01 -4.00532395e+00 0.00000000e+00
      vertex 1.82169781e+01 -2.55260975e+00 1.50000000e+01
    endloop
  endfacet
  facet normal -8.19816420e-02 -9.88869810e-01 1.24159210e-01
    outer loop
      vertex 9.79375384e+00 -3.73763774e+00 0.00000000e+00
      vertex 1.82169781e+01 -2.55260975e+00 1.50000000e+01
      vertex 1.49745138e+01 -2.28379525e+00 1.50000000e+01
    endloop
  endfacet
  facet normal -4.35625756e-02 -9.92934715e-01 1.10376423e-01
    outer loop
      vertex 1.31286196e+01 -4.00532395e+00 0.00000000e+00
      vertex 1.64710765e+01 -4.15196605e+00 0.00000000e+00
      vertex 2.14671329e+01 -2.70372859e+00 1.50000000e+01
    endloop
  endfacet
  facet normal -4.61545640e-02 -9.92659052e-01 1.11793391e-01
    outer loop
      vertex 1.31286196e+01 -4.00532395e+00 0.00000000e+00
      vertex 2.14671329e+01 -2.70372859e+00 1.50000000e+01
      vertex 1.82169781e+01 -2.55260975e+00 1.50000000e+01
    endloop
  endfacet
  facet normal -1.94532632e-02 -9.94600098e-01 1.01942217e-01
    outer loop
      vertex 1.64710765e+01 -4.15196605e+00 0.00000000e+00
      vertex 1.98160204e+01 -4.21738940e+00 0.00000000e+00
      vertex 2.47199132e+01 -2.77586879e+00 1.50000000e+01
    endloop
  endfacet
  facet normal -2.20538203e-02 -9.94400113e-01 1.03353975e-01
    outer loop
      vertex 1.64710765e+01 -4.15196605e+00 0.00000000e+00
      vertex 2.47199132e+01 -2.77586879e+00 1.50000000e+01
      vertex 2.14671329e+01 -2.70372859e+00 1.50000000e+01
    endloop
  endfacet
  facet normal -2.58798501e-03 -9.95383889e-01 9.59386068e-02
    outer loop
      vertex 1.98160204e+01 -4.21738940e+00 0.00000000e+00
      vertex 2.31615673e+01 -4.22608778e+00 0.00000000e+00
      vertex 2.79734243e+01 -2.79284569e+00 1.50000000e+01
    endloop
  endfacet
  facet normal -5.19317135e-03 -9.95237493e-01 9.73414742e-02
    outer loop
      vertex 1.98160204e+01 -4.21738940e+00 0.00000000e+00
      vertex 2.79734243e+01 -2.79284569e+00 1.50000000e+01
      vertex 2.47199132e+01 -2.77586879e+00 1.50000000e+01
    endloop
  endfacet
  facet normal 9.47708047e-03 -9.95756452e-01 9.15383681e-02
    outer loop
      vertex 2.31615673e+01 -4.22608778e+00 0.00000000e+00
      vertex 2.65070405e+01 -4.19424735e+00 0.00000000e+00
      vertex 3.12269669e+01 -2.77039853e+00 1.50000000e+01
    endloop
  endfacet
  facet normal 6.86927725e-03 -9.95648936e-01 9.29301324e-02
    outer loop
      vertex 2.31615673e+01 -4.22608778e+00 0.00000000e+00
      vertex 3.12269669e+01 -2.77039853e+00 1.50000000e+01
      vertex 2.79734243e+01 -2.79284569e+00 1.50000000e+01
    endloop
  endfacet
  facet normal 1.85288572e-02 -9.95935623e-01 8.81414606e-02
    outer loop
      vertex 2.65070405e+01 -4.19424735e+00 0.00000000e+00
      vertex 2.98521686e+01 -4.13201300e+00 0.00000000e+00
      vertex 3.44802512e+01 -2.71839252e+00 1.50000000e+01
    endloop
  endfacet
  facet normal 1.59194771e-02 -9.95857719e-01 8.95208048e-02
    outer loop
      vertex 2.65070405e+01 -4.19424735e+00 0.00000000e+00
      vertex 3.44802512e+01 -2.71839252e+00 1.50000000e+01
      vertex 3.12269669e+01 -2.77039853e+00 1.50000000e+01
    endloop
  endfacet
  facet normal 2.87709940e-02 -9.96014556e-01 8.44229522e-02
    outer loop
      vertex 2.98521686e+01 -4.13201300e+00 0.00000000e+00
      vertex 3.31964824e+01 -4.03540876e+00 0.00000000e+00
      vertex 3.77328312e+01 -2.63295983e+00 1.50000000e+01
    endloop
  endfacet
  facet normal 2.61602722e-02 -9.95969729e-01 8.57900869e-02
    outer loop
      vertex 2.98521686e+01 -4.13201300e+00 0.00000000e+00
      vertex 3.77328312e+01 -2.63295983e+00 1.50000000e+01
      vertex 3.44802512e+01 -2.71839252e+00 1.50000000e+01
    endloop
  endfacet
  facet normal 3.24451172e-02 -9.96042171e-01 8.27484669e-02
    outer loop
      vertex 3.31964824e+01 -4.03540876e+00 0.00000000e+00
      vertex 3.65404005e+01 -3.92648384e+00 0.00000000e+00
      vertex 4.09850578e+01 -2.53554431e+00 1.50000000e+01
    endloop
  endfacet
  facet normal 2.98339863e-02 -9.96010511e-01 8.41011005e-02
    outer loop
      vertex 3.31964824e+01 -4.03540876e+00 0.00000000e+00
      vertex 4.09850578e+01 -2.53554431e+00 1.50000000e+01
      vertex 3.77328312e+01 -2.63295983e+00 1.50000000e+01
    endloop
  endfacet
  facet normal 3.57036555e-02 -9.96056646e-01 8.12182695e-02
    outer loop
      vertex 3.65404005e+01 -3.92648384e+00 0.00000000e+00
      vertex 3.98839572e+01 -3.80663403e+00 0.00000000e+00
      vertex 4.42369606e+01 -2.42750345e+00 1.50000000e+01
    endloop
  endfacet
  facet normal 3.30922156e-02 -9.96036834e-01 8.25562300e-02
    outer loop
      vertex 3.65404005e+01 -3.92648384e+00 0.00000000e+00
      vertex 4.42369606e+01 -2.42750345e+00 1.50000000e+01
      vertex 4.09850578e+01 -2.53554431e+00 1.50000000e+01
    endloop
  endfacet
  facet normal 4.13228452e-02 -9.96016372e-01 7.90177748e-02
    outer loop
      vertex 3.98839572e+01 -3.80663403e+00 0.00000000e+00
      vertex 4.32267903e+01 -3.66794618e+00 0.00000000e+00
      vertex 4.74882077e+01 -2.30114082e+00 1.50000000e+01
    endloop
  endfacet
  facet normal 3.87110318e-02 -9.96015392e-01 8.03417353e-02
    outer loop
      vertex 3.98839572e+01 -3.80663403e+00 0.00000000e+00
      vertex 4.74882077e+01 -2.30114082e+00 1.50000000e+01
      vertex 4.42369606e+01 -2.42750345e+00 1.50000000e+01
    endloop
  endfacet
  facet normal 4.55472088e-02 -9.95971033e-01 7.72473486e-02
    outer loop
      vertex 4.32267903e+01 -3.66794618e+00 0.00000000e+00
      vertex 4.65689811e+01 -3.51510292e+00 0.00000000e+00
      vertex 5.07388663e+01 -2.16101046e+00 1.50000000e+01
    endloop
  endfacet
  facet normal 4.29352028e-02 -9.95984636e-01 7.85568210e-02
    outer loop
      vertex 4.32267903e+01 -3.66794618e+00 0.00000000e+00
      vertex 5.07388663e+01 -2.16101046e+00 1.50000000e+01
      vertex 4.74882077e+01 -2.30114082e+00 1.50000000e+01
    endloop
  endfacet
  facet normal 4.90583598e-02 -9.95923030e-01 7.57006942e-02
    outer loop
      vertex 4.65689811e+01 -3.51510292e+00 0.00000000e+00
      vertex 4.99106381e+01 -3.35049560e+00 0.00000000e+00
      vertex 5.39890357e+01 -2.00943824e+00 1.50000000e+01
    endloop
  endfacet
  facet normal 4.64462558e-02 -9.95949019e-01 7.69954331e-02
    outer loop
      vertex 4.65689811e+01 -3.51510292e+00 0.00000000e+00
      vertex 5.39890357e+01 -2.00943824e+00 1.50000000e+01
      vertex 5.07388663e+01 -2.16101046e+00 1.50000000e+01
    endloop
  endfacet
  facet normal 5.45061716e-02 -9.95794150e-01 7.36416136e-02
    outer loop
      vertex 4.99106381e+01 -3.35049560e+00 0.00000000e+00
      vertex 5.32513456e+01 -3.16763735e+00 0.00000000e+00
      vertex 5.72383282e+01 -1.84011463e+00 1.50000000e+01
    endloop
  endfacet
  facet normal 5.18940411e-02 -9.95838183e-01 7.49221061e-02
    outer loop
      vertex 4.99106381e+01 -3.35049560e+00 0.00000000e+00
      vertex 5.72383282e+01 -1.84011463e+00 1.50000000e+01
      vertex 5.39890357e+01 -2.00943824e+00 1.50000000e+01
    endloop
  endfacet
  facet normal 5.63032568e-02 -9.95770974e-01 7.25955214e-02
    outer loop
      vertex 5.32513456e+01 -3.16763735e+00 0.00000000e+00
      vertex 5.65917123e+01 -2.97876508e+00 0.00000000e+00
      vertex 6.04873045e+01 -1.66494154e+00 1.50000000e+01
    endloop
  endfacet
  facet normal 5.36911430e-02 -9.95822200e-01 7.38607296e-02
    outer loop
      vertex 5.32513456e+01 -3.16763735e+00 0.00000000e+00
      vertex 6.04873045e+01 -1.66494154e+00 1.50000000e+01
      vertex 5.72383282e+01 -1.84011463e+00 1.50000000e+01
    endloop
  endfacet
  facet normal 5.85833456e-02 -9.95723530e-01 7.14327860e-02
    outer loop
      vertex 5.65917123e+01 -2.97876508e+00 0.00000000e+00
      vertex 5.99316454e+01 -2.78226028e+00 0.00000000e+00
      vertex 6.37358786e+01 -1.48234473e+00 1.50000000e+01
    endloop
  endfacet
  facet normal 5.59712815e-02 -9.95783322e-01 7.26828188e-02
    outer loop
      vertex 5.65917123e+01 -2.97876508e+00 0.00000000e+00
      vertex 6.37358786e+01 -1.48234473e+00 1.50000000e+01
      vertex 6.04873045e+01 -1.66494154e+00 1.50000000e+01
    endloop
  endfacet
  facet normal 6.11073294e-02 -9.95658061e-01 7.02205154e-02
    outer loop
      vertex 5.99316454e+01 -2.78226028e+00 0.00000000e+00
      vertex 6.32710694e+01 -2.57730711e+00 0.00000000e+00
      vertex 6.69839791e+01 -1.29153061e+00 1.50000000e+01
    endloop
  endfacet
  facet normal 5.84953532e-02 -9.95727080e-01 7.14554098e-02
    outer loop
      vertex 5.99316454e+01 -2.78226028e+00 0.00000000e+00
      vertex 6.69839791e+01 -1.29153061e+00 1.50000000e+01
      vertex 6.37358786e+01 -1.48234473e+00 1.50000000e+01
    endloop
  endfacet
  facet normal 6.21144355e-02 -9.95652973e-01 6.94042851e-02
    outer loop
      vertex 6.32710694e+01 -2.57730711e+00 0.00000000e+00
      vertex 6.66102850e+01 -2.36898804e+00 0.00000000e+00
      vertex 7.02318856e+01 -1.09744265e+00 1.50000000e+01
    endloop
  endfacet
  facet normal 5.95025071e-02 -9.95726746e-01 7.06236403e-02
    outer loop
      vertex 6.32710694e+01 -2.57730711e+00 0.00000000e+00
      vertex 7.02318856e+01 -1.09744265e+00 1.50000000e+01
      vertex 6.69839791e+01 -1.29153061e+00 1.50000000e+01
    endloop
  endfacet
  facet normal 6.32476178e-02 -9.95639919e-01 6.85630419e-02
    outer loop
      vertex 6.66102850e+01 -2.36898804e+00 0.00000000e+00
      vertex 6.99492636e+01 -2.15688080e+00 0.00000000e+00
      vertex 7.34795711e+01 -8.99670086e-01 1.50000000e+01
    endloop
  endfacet
  facet normal 6.06357516e-02 -9.95718780e-01 6.97668771e-02
    outer loop
      vertex 6.66102850e+01 -2.36898804e+00 0.00000000e+00
      vertex 7.34795711e+01 -8.99670086e-01 1.50000000e+01
      vertex 7.02318856e+01 -1.09744265e+00 1.50000000e+01
    endloop
  endfacet
  facet normal 6.43961608e-02 -9.95623667e-01 6.77247922e-02
    outer loop
      vertex 6.99492636e+01 -2.15688080e+00 0.00000000e+00
      vertex 7.32879958e+01 -1.94093421e+00 0.00000000e+00
      vertex 7.67270269e+01 -6.98163144e-01 1.50000000e+01
    endloop
  endfacet
  facet normal 6.17843669e-02 -9.95707626e-01 6.89130984e-02
    outer loop
      vertex 6.99492636e+01 -2.15688080e+00 0.00000000e+00
      vertex 7.67270269e+01 -6.98163144e-01 1.50000000e+01
      vertex 7.34795711e+01 -8.99670086e-01 1.50000000e+01
    endloop
  endfacet
  facet normal 6.48877734e-02 -9.95637647e-01 6.70466395e-02
    outer loop
      vertex 7.32879958e+01 -1.94093421e+00 0.00000000e+00
      vertex 7.66266216e+01 -1.72334903e+00 0.00000000e+00
      vertex 7.99743833e+01 -4.95062413e-01 1.50000000e+01
    endloop
  endfacet
  facet normal 6.22760189e-02 -9.95724777e-01 6.82192515e-02
    outer loop
      vertex 7.32879958e+01 -1.94093421e+00 0.00000000e+00
      vertex 7.99743833e+01 -4.95062413e-01 1.50000000e+01
      vertex 7.67270269e+01 -6.98163144e-01 1.50000000e+01
    endloop
  endfacet
  facet normal 6.54384175e-02 -9.95647747e-01 6.63579458e-02
    outer loop
      vertex 7.66266216e+01 -1.72334903e+00 0.00000000e+00
      vertex 7.99651272e+01 -1.50392753e+00 0.00000000e+00
      vertex 8.32216276e+01 -2.90175556e-01 1.50000000e+01
    endloop
  endfacet
  facet normal 6.28267091e-02 -9.95738192e-01 6.75148695e-02
    outer loop
      vertex 7.66266216e+01 -1.72334903e+00 0.00000000e+00
      vertex 8.32216276e+01 -2.90175556e-01 1.50000000e+01
      vertex 7.99743833e+01 -4.95062413e-01 1.50000000e+01
    endloop
  endfacet
  facet normal 6.61810921e-02 -9.95646909e-01 6.56299901e-02
    outer loop
      vertex 7.99651272e+01 -1.50392753e+00 0.00000000e+00
      vertex 8.33034692e+01 -1.28202645e+00 0.00000000e+00
      vertex 8.64687189e+01 -8.28769088e-02 1.50000000e+01
    endloop
  endfacet
  facet normal 6.35694466e-02 -9.95741193e-01 6.67712607e-02
    outer loop
      vertex 7.99651272e+01 -1.50392753e+00 0.00000000e+00
      vertex 8.64687189e+01 -8.28769088e-02 1.50000000e+01
      vertex 8.32216276e+01 -2.90175556e-01 1.50000000e+01
    endloop
  endfacet
  facet normal 6.70079606e-02 -9.95640218e-01 6.48882915e-02
    outer loop
      vertex 8.33034692e+01 -1.28202645e+00 0.00000000e+00
      vertex 8.66416264e+01 -1.05736387e+00 0.00000000e+00
      vertex 8.97156377e+01 1.27107774e-01 1.50000000e+01
    endloop
  endfacet
  facet normal 6.43963890e-02 -9.95738554e-01 6.60139186e-02
    outer loop
      vertex 8.33034692e+01 -1.28202645e+00 0.00000000e+00
      vertex 8.97156377e+01 1.27107774e-01 1.50000000e+01
      vertex 8.64687189e+01 -8.28769088e-02 1.50000000e+01
    endloop
  endfacet
  facet normal 6.78583223e-02 -9.95630688e-01 6.41465630e-02
    outer loop
      vertex 8.66416264e+01 -1.05736387e+00 0.00000000e+00
      vertex 8.99795911e+01 -8.29861150e-01 0.00000000e+00
      vertex 9.29623765e+01 3.39854962e-01 1.50000000e+01
    endloop
  endfacet
  facet normal 6.52468320e-02 -9.95733114e-01 6.52565424e-02
    outer loop
      vertex 8.66416264e+01 -1.05736387e+00 0.00000000e+00
      vertex 9.29623765e+01 3.39854962e-01 1.50000000e+01
      vertex 8.97156377e+01 1.27107774e-01 1.50000000e+01
    endloop
  endfacet
  facet normal 6.86840685e-02 -9.95620939e-01 6.34148668e-02
    outer loop
      vertex 8.99795911e+01 -8.29861150e-01 0.00000000e+00
      vertex 9.33173668e+01 -5.99600813e-01 0.00000000e+00
      vertex 9.62089385e+01 5.55284409e-01 1.50000000e+01
    endloop
  endfacet
  facet normal 6.60726627e-02 -9.95727356e-01 6.45091840e-02
    outer loop
      vertex 8.99795911e+01 -8.29861150e-01 0.00000000e+00
      vertex 9.62089385e+01 5.55284409e-01 1.50000000e+01
      vertex 9.29623765e+01 3.39854962e-01 1.50000000e+01
    endloop
  endfacet
  facet normal 6.99790224e-02 -9.95582612e-01 6.25955221e-02
    outer loop
      vertex 9.33173668e+01 -5.99600813e-01 0.00000000e+00
      vertex 9.66548402e+01 -3.65011416e-01 0.00000000e+00
      vertex 9.94552175e+01 7.74924621e-01 1.50000000e+01
    endloop
  endfacet
  facet normal 6.73677497e-02 -9.95694318e-01 6.36742651e-02
    outer loop
      vertex 9.33173668e+01 -5.99600813e-01 0.00000000e+00
      vertex 9.94552175e+01 7.74924621e-01 1.50000000e+01
      vertex 9.62089385e+01 5.55284409e-01 1.50000000e+01
    endloop
  endfacet
  facet normal 1.44723670e-01 -9.88330575e-01 4.75156221e-02
    outer loop
      vertex 9.66548402e+01 -3.65011416e-01 0.00000000e+00
      vertex 1.00008000e+02 1.26000000e-01 0.00000000e+00
      vertex 1.02717404e+02 1.24389445e+00 1.50000000e+01
    endloop
  endfacet
  facet normal 1.42128314e-01 -9.88654463e-01 4.85993299e-02
    outer loop
      vertex 9.66548402e+01 -3.65011416e-01 0.00000000e+00
      vertex 1.02717404e+02 1.24389445e+00 1.50000000e+01
      vertex 9.94552175e+01 7.74924621e-01 1.50000000e+01
    endloop
  endfacet
  facet normal 2.00582572e-01 9.73479074e-01 -1.10023286e-01
    outer loop
      vertex 1.02717404e+02 1.24389445e+00 1.50000000e+01
      vertex 9.95306611e+01 1.90051377e+00 1.50000000e+01
      vertex 1.02331370e+02 3.01874619e+00 3.00000000e+01
    endloop
  endfacet
  facet normal 2.03133305e-01 9.72964320e-01 -1.09896734e-01
    outer loop
      vertex 1.02717404e+02 1.24389445e+00 1.50000000e+01
      vertex 1.02331370e+02 3.01874619e+00 3.00000000e+01
      vertex 1.05426319e+02 2.37258975e+00 3.00000000e+01
    endloop
  endfacet
  facet normal 1.92500228e-01 9.75203023e-01 -1.09191236e-01
    outer loop
      vertex 9.95306611e+01 1.90051377e+00 1.50000000e+01
      vertex 9.63385667e+01 2.53061732e+00 1.50000000e+01
      vertex 9.92311543e+01 3.63915036e+00 3.00000000e+01
    endloop
  endfacet
  facet normal 1.95054977e-01 9.74707394e-01 -1.09082777e-01
    outer loop
      vertex 9.95306611e+01 1.90051377e+00 1.50000000e+01
      vertex 9.92311543e+01 3.63915036e+00 3.00000000e+01
      vertex 1.02331370e+02 3.01874619e+00 3.00000000e+01
    endloop
  endfacet
  facet normal 1.83655984e-01 9.77020994e-01 -1.08168651e-01
    outer loop
      vertex 9.63385667e+01 2.53061732e+00 1.50000000e+01
      vertex 9.31408817e+01 3.13170368e+00 1.50000000e+01
      vertex 9.61254320e+01 4.23137220e+00 3.00000000e+01
    endloop
  endfacet
  facet normal 1.86215024e-01 9.76546469e-01 -1.08078486e-01
    outer loop
      vertex 9.63385667e+01 2.53061732e+00 1.50000000e+01
      vertex 9.61254320e+01 4.23137220e+00 3.00000000e+01
      vertex 9.92311543e+01 3.63915036e+00 3.00000000e+01
    endloop
  endfacet
  facet normal 1.75659579e-01 9.78592349e-01 -1.07241439e-01
    outer loop
      vertex 9.31408817e+01 3.13170368e+00 1.50000000e+01
      vertex 8.99383775e+01 3.70656054e+00 1.50000000e+01
      vertex 9.30149602e+01 4.79811860e+00 3.00000000e+01
    endloop
  endfacet
  facet normal 1.78222317e-01 9.78136772e-01 -1.07169313e-01
    outer loop
      vertex 9.31408817e+01 3.13170368e+00 1.50000000e+01
      vertex 9.30149602e+01 4.79811860e+00 3.00000000e+01
      vertex 9.61254320e+01 4.23137220e+00 3.00000000e+01
    endloop
  endfacet
  facet normal 1.68225762e-01 9.79992900e-01 -1.06367329e-01
    outer loop
      vertex 8.99383775e+01 3.70656054e+00 1.50000000e+01
      vertex 8.67315805e+01 4.25703991e+00 1.50000000e+01
      vertex 8.99002549e+01 5.34118785e+00 3.00000000e+01
    endloop
  endfacet
  facet normal 1.70791795e-01 9.79554845e-01 -1.06313071e-01
    outer loop
      vertex 8.99383775e+01 3.70656054e+00 1.50000000e+01
      vertex 8.99002549e+01 5.34118785e+00 3.00000000e+01
      vertex 9.30149602e+01 4.79811860e+00 3.00000000e+01
    endloop
  endfacet
  facet normal 1.58714749e-01 9.81721919e-01 -1.05031910e-01
    outer loop
      vertex 8.67315805e+01 4.25703991e+00 1.50000000e+01
      vertex 8.35195842e+01 4.77632260e+00 1.50000000e+01
      vertex 8.67804179e+01 5.85395591e+00 3.00000000e+01
    endloop
  endfacet
  facet normal 1.61284957e-01 9.81306774e-01 -1.04996082e-01
    outer loop
      vertex 8.67315805e+01 4.25703991e+00 1.50000000e+01
      vertex 8.67804179e+01 5.85395591e+00 3.00000000e+01
      vertex 8.99002549e+01 5.34118785e+00 3.00000000e+01
    endloop
  endfacet
  facet normal 1.50952301e-01 9.83056288e-01 -1.03989126e-01
    outer loop
      vertex 8.35195842e+01 4.77632260e+00 1.50000000e+01
      vertex 8.03036060e+01 5.27014915e+00 1.50000000e+01
      vertex 8.36566470e+01 6.34199789e+00 3.00000000e+01
    endloop
  endfacet
  facet normal 1.53525705e-01 9.82659575e-01 -1.03971233e-01
    outer loop
      vertex 8.35195842e+01 4.77632260e+00 1.50000000e+01
      vertex 8.36566470e+01 6.34199789e+00 3.00000000e+01
      vertex 8.67804179e+01 5.85395591e+00 3.00000000e+01
    endloop
  endfacet
  facet normal 1.43900074e-01 9.84212711e-01 -1.03044207e-01
    outer loop
      vertex 8.03036060e+01 5.27014915e+00 1.50000000e+01
      vertex 7.70841802e+01 5.74085595e+00 1.50000000e+01
      vertex 8.05294671e+01 6.80758274e+00 3.00000000e+01
    endloop
  endfacet
  facet normal 1.46476243e-01 9.83832626e-01 -1.03044041e-01
    outer loop
      vertex 8.03036060e+01 5.27014915e+00 1.50000000e+01
      vertex 8.05294671e+01 6.80758274e+00 3.00000000e+01
      vertex 8.36566470e+01 6.34199789e+00 3.00000000e+01
    endloop
  endfacet
  facet normal 1.37533620e-01 9.85210280e-01 -1.02201794e-01
    outer loop
      vertex 7.70841802e+01 5.74085595e+00 1.50000000e+01
      vertex 7.38617353e+01 6.19070359e+00 1.50000000e+01
      vertex 7.73993004e+01 7.25290603e+00 3.00000000e+01
    endloop
  endfacet
  facet normal 1.40112169e-01 9.84845077e-01 -1.02219150e-01
    outer loop
      vertex 7.70841802e+01 5.74085595e+00 1.50000000e+01
      vertex 7.73993004e+01 7.25290603e+00 3.00000000e+01
      vertex 8.05294671e+01 6.80758274e+00 3.00000000e+01
    endloop
  endfacet
  facet normal 1.26094411e-01 9.86947293e-01 -1.00176045e-01
    outer loop
      vertex 7.38617353e+01 6.19070359e+00 1.50000000e+01
      vertex 7.06342681e+01 6.60305142e+00 1.50000000e+01
      vertex 7.42641581e+01 7.66180281e+00 3.00000000e+01
    endloop
  endfacet
  facet normal 1.28677326e-01 9.86610179e-01 -1.00212278e-01
    outer loop
      vertex 7.38617353e+01 6.19070359e+00 1.50000000e+01
      vertex 7.42641581e+01 7.66180281e+00 3.00000000e+01
      vertex 7.73993004e+01 7.25290603e+00 3.00000000e+01
    endloop
  endfacet
  facet normal 1.18899416e-01 9.87952954e-01 -9.90549857e-02
    outer loop
      vertex 7.06342681e+01 6.60305142e+00 1.50000000e+01
      vertex 6.74039423e+01 6.99181877e+00 1.50000000e+01
      vertex 7.11261780e+01 8.04779327e+00 3.00000000e+01
    endloop
  endfacet
  facet normal 1.21484805e-01 9.87632957e-01 -9.91089501e-02
    outer loop
      vertex 7.06342681e+01 6.60305142e+00 1.50000000e+01
      vertex 7.11261780e+01 8.04779327e+00 3.00000000e+01
      vertex 7.42641581e+01 7.66180281e+00 3.00000000e+01
    endloop
  endfacet
  facet normal 1.12816254e-01 9.88756210e-01 -9.81511553e-02
    outer loop
      vertex 6.74039423e+01 6.99181877e+00 1.50000000e+01
      vertex 6.41712282e+01 7.36066873e+00 1.50000000e+01
      vertex 6.79858266e+01 8.41443569e+00 3.00000000e+01
    endloop
  endfacet
  facet normal 1.15403606e-01 9.88450476e-01 -9.82225284e-02
    outer loop
      vertex 6.74039423e+01 6.99181877e+00 1.50000000e+01
      vertex 6.79858266e+01 8.41443569e+00 3.00000000e+01
      vertex 7.11261780e+01 8.04779327e+00 3.00000000e+01
    endloop
  endfacet
  facet normal 9.96004841e-02 9.90438065e-01 -9.54577498e-02
    outer loop
      vertex 6.41712282e+01 7.36066873e+00 1.50000000e+01
      vertex 6.09338546e+01 7.68622566e+00 1.50000000e+01
      vertex 6.48408372e+01 8.73902131e+00 3.00000000e+01
    endloop
  endfacet
  facet normal 1.02192208e-01 9.90165269e-01 -9.55483786e-02
    outer loop
      vertex 6.41712282e+01 7.36066873e+00 1.50000000e+01
      vertex 6.48408372e+01 8.73902131e+00 3.00000000e+01
      vertex 6.79858266e+01 8.41443569e+00 3.00000000e+01
    endloop
  endfacet
  facet normal 9.21573527e-02 9.91285509e-01 -9.41279024e-02
    outer loop
      vertex 6.09338546e+01 7.68622566e+00 1.50000000e+01
      vertex 5.76942206e+01 7.98740639e+00 1.50000000e+01
      vertex 6.16935894e+01 9.03992586e+00 3.00000000e+01
    endloop
  endfacet
  facet normal 9.47512376e-02 9.91030639e-01 -9.42362789e-02
    outer loop
      vertex 6.09338546e+01 7.68622566e+00 1.50000000e+01
      vertex 6.16935894e+01 9.03992586e+00 3.00000000e+01
      vertex 6.48408372e+01 8.73902131e+00 3.00000000e+01
    endloop
  endfacet
  facet normal 8.42382271e-02 9.92131283e-01 -9.26252620e-02
    outer loop
      vertex 5.76942206e+01 7.98740639e+00 1.50000000e+01
      vertex 5.44521839e+01 8.26267583e+00 1.50000000e+01
      vertex 5.85439409e+01 9.31565803e+00 3.00000000e+01
    endloop
  endfacet
  facet normal 8.68343046e-02 9.91895645e-01 -9.27514589e-02
    outer loop
      vertex 5.76942206e+01 7.98740639e+00 1.50000000e+01
      vertex 5.85439409e+01 9.31565803e+00 3.00000000e+01
      vertex 6.16935894e+01 9.03992586e+00 3.00000000e+01
    endloop
  endfacet
  facet normal 6.88056009e-02 9.93645847e-01 -8.90714314e-02
    outer loop
      vertex 5.44521839e+01 8.26267583e+00 1.50000000e+01
      vertex 5.12062938e+01 8.48743944e+00 1.50000000e+01
      vertex 5.53904195e+01 9.54232251e+00 3.00000000e+01
    endloop
  endfacet
  facet normal 7.14057849e-02 9.93449288e-01 -8.92173020e-02
    outer loop
      vertex 5.44521839e+01 8.26267583e+00 1.50000000e+01
      vertex 5.53904195e+01 9.54232251e+00 3.00000000e+01
      vertex 5.85439409e+01 9.31565803e+00 3.00000000e+01
    endloop
  endfacet
  facet normal 6.07890203e-02 9.94314010e-01 -8.74319444e-02
    outer loop
      vertex 5.12062938e+01 8.48743944e+00 1.50000000e+01
      vertex 4.79587929e+01 8.68598074e+00 1.50000000e+01
      vertex 5.22352662e+01 9.74351039e+00 3.00000000e+01
    endloop
  endfacet
  facet normal 6.33910019e-02 9.94137107e-01 -8.75956221e-02
    outer loop
      vertex 5.12062938e+01 8.48743944e+00 1.50000000e+01
      vertex 5.22352662e+01 9.74351039e+00 3.00000000e+01
      vertex 5.53904195e+01 9.54232251e+00 3.00000000e+01
    endloop
  endfacet
  facet normal 4.79382584e-02 9.95279310e-01 -8.43861217e-02
    outer loop
      vertex 4.79587929e+01 8.68598074e+00 1.50000000e+01
      vertex 4.47088588e+01 8.84251587e+00 1.50000000e+01
      vertex 4.90776415e+01 9.90388626e+00 3.00000000e+01
    endloop
  endfacet
  facet normal 5.05429412e-02 9.95134940e-01 -8.45686827e-02
    outer loop
      vertex 4.79587929e+01 8.68598074e+00 1.50000000e+01
      vertex 4.90776415e+01 9.90388626e+00 3.00000000e+01
      vertex 5.22352662e+01 9.74351039e+00 3.00000000e+01
    endloop
  endfacet
  facet normal 2.82275255e-02 9.96452779e-01 -7.92784117e-02
    outer loop
      vertex 4.47088588e+01 8.84251587e+00 1.50000000e+01
      vertex 4.14566431e+01 8.93464467e+00 1.50000000e+01
      vertex 4.59176360e+01 1.00016831e+01 3.00000000e+01
    endloop
  endfacet
  facet normal 3.08356331e-02 9.96359311e-01 -7.94813634e-02
    outer loop
      vertex 4.47088588e+01 8.84251587e+00 1.50000000e+01
      vertex 4.59176360e+01 1.00016831e+01 3.00000000e+01
      vertex 4.90776415e+01 9.90388626e+00 3.00000000e+01
    endloop
  endfacet
  facet normal 1.50695760e-02 9.96997429e-01 -7.59541643e-02
    outer loop
      vertex 4.14566431e+01 8.93464467e+00 1.50000000e+01
      vertex 3.82036011e+01 8.98381427e+00 1.50000000e+01
      vertex 4.27567183e+01 1.00577377e+01 3.00000000e+01
    endloop
  endfacet
  facet normal 1.76793546e-02 9.96937649e-01 -7.61758823e-02
    outer loop
      vertex 4.14566431e+01 8.93464467e+00 1.50000000e+01
      vertex 4.27567183e+01 1.00577377e+01 3.00000000e+01
      vertex 4.59176360e+01 1.00016831e+01 3.00000000e+01
    endloop
  endfacet
  facet normal -8.24860420e-03 9.97550203e-01 -6.94661992e-02
    outer loop
      vertex 3.82036011e+01 8.98381427e+00 1.50000000e+01
      vertex 3.49500106e+01 8.95691079e+00 1.50000000e+01
      vertex 3.95950740e+01 1.00398721e+01 3.00000000e+01
    endloop
  endfacet
  facet normal -5.63690306e-03 9.97551473e-01 -6.97085627e-02
    outer loop
      vertex 3.82036011e+01 8.98381427e+00 1.50000000e+01
      vertex 3.95950740e+01 1.00398721e+01 3.00000000e+01
      vertex 4.27567183e+01 1.00577377e+01 3.00000000e+01
    endloop
  endfacet
  facet normal -3.37080043e-02 9.97498742e-01 -6.21291459e-02
    outer loop
      vertex 3.49500106e+01 8.95691079e+00 1.50000000e+01
      vertex 3.16984952e+01 8.84703386e+00 1.50000000e+01
      vertex 3.64352351e+01 9.94137432e+00 3.00000000e+01
    endloop
  endfacet
  facet normal -3.10959347e-02 9.97567164e-01 -6.23922705e-02
    outer loop
      vertex 3.49500106e+01 8.95691079e+00 1.50000000e+01
      vertex 3.64352351e+01 9.94137432e+00 3.00000000e+01
      vertex 3.95950740e+01 1.00398721e+01 3.00000000e+01
    endloop
  endfacet
  facet normal -5.43374157e-02 9.96944038e-01 -5.61251321e-02
    outer loop
      vertex 3.16984952e+01 8.84703386e+00 1.50000000e+01
      vertex 2.84501100e+01 8.66998395e+00 1.50000000e+01
      vertex 3.32782669e+01 9.77759532e+00 3.00000000e+01
    endloop
  endfacet
  facet normal -5.17264140e-02 9.97066971e-01 -5.64077443e-02
    outer loop
      vertex 3.16984952e+01 8.84703386e+00 1.50000000e+01
      vertex 3.32782669e+01 9.77759532e+00 3.00000000e+01
      vertex 3.64352351e+01 9.94137432e+00 3.00000000e+01
    endloop
  endfacet
  facet normal -7.87705758e-02 9.95701537e-01 -4.87200673e-02
    outer loop
      vertex 2.84501100e+01 8.66998395e+00 1.50000000e+01
      vertex 2.52065777e+01 8.41338606e+00 1.50000000e+01
      vertex 3.01258121e+01 9.53650569e+00 3.00000000e+01
    endloop
  endfacet
  facet normal -7.61624407e-02 9.95889601e-01 -4.90222953e-02
    outer loop
      vertex 2.84501100e+01 8.66998395e+00 1.50000000e+01
      vertex 3.01258121e+01 9.53650569e+00 3.00000000e+01
      vertex 3.32782669e+01 9.77759532e+00 3.00000000e+01
    endloop
  endfacet
  facet normal -1.18593360e-01 9.92291668e-01 -3.59563763e-02
    outer loop
      vertex 2.52065777e+01 8.41338606e+00 1.50000000e+01
      vertex 2.19758674e+01 8.02726896e+00 1.50000000e+01
      vertex 2.69854872e+01 9.16952714e+00 3.00000000e+01
    endloop
  endfacet
  facet normal -1.15993788e-01 9.92587142e-01 -3.62795646e-02
    outer loop
      vertex 2.52065777e+01 8.41338606e+00 1.50000000e+01
      vertex 2.69854872e+01 9.16952714e+00 3.00000000e+01
      vertex 3.01258121e+01 9.53650569e+00 3.00000000e+01
    endloop
  endfacet
  facet normal -1.53373369e-01 9.87863178e-01 -2.45550582e-02
    outer loop
      vertex 2.19758674e+01 8.02726896e+00 1.50000000e+01
      vertex 1.87612561e+01 7.52817579e+00 1.50000000e+01
      vertex 2.38605185e+01 8.69272665e+00 3.00000000e+01
    endloop
  endfacet
  facet normal -1.50785349e-01 9.88252949e-01 -2.48975176e-02
    outer loop
      vertex 2.19758674e+01 8.02726896e+00 1.50000000e+01
      vertex 2.38605185e+01 8.69272665e+00 3.00000000e+01
      vertex 2.69854872e+01 9.16952714e+00 3.00000000e+01
    endloop
  endfacet
  facet normal -1.96501732e-01 9.80453800e-01 -9.86991784e-03
    outer loop
      vertex 1.87612561e+01 7.52817579e+00 1.50000000e+01
      vertex 1.55719815e+01 6.88898404e+00 1.50000000e+01
      vertex 2.07598136e+01 8.07972525e+00 3.00000000e+01
    endloop
  endfacet
  facet normal -1.93933536e-01 9.80961322e-01 -1.02307585e-02
    outer loop
      vertex 1.87612561e+01 7.52817579e+00 1.50000000e+01
      vertex 2.07598136e+01 8.07972525e+00 3.00000000e+01
      vertex 2.38605185e+01 8.69272665e+00 3.00000000e+01
    endloop
  endfacet
  facet normal -2.53240247e-01 9.67349200e-01 1.02421464e-02
    outer loop
      vertex 1.55719815e+01 6.88898404e+00 1.50000000e+01
      vertex 1.24257737e+01 6.06534512e+00 1.50000000e+01
      vertex 1.77004882e+01 7.28738346e+00 3.00000000e+01
    endloop
  endfacet
  facet normal -2.50707818e-01 9.68012535e-01 9.86517550e-03
    outer loop
      vertex 1.55719815e+01 6.88898404e+00 1.50000000e+01
      vertex 1.77004882e+01 7.28738346e+00 3.00000000e+01
      vertex 2.07598136e+01 8.07972525e+00 3.00000000e+01
    endloop
  endfacet
  facet normal -3.31943843e-01 9.42476230e-01 3.93934181e-02
    outer loop
      vertex 1.24257737e+01 6.06534512e+00 1.50000000e+01
      vertex 9.35879055e+00 4.98514156e+00 1.50000000e+01
      vertex 1.47174943e+01 6.24553139e+00 3.00000000e+01
    endloop
  endfacet
  facet normal -3.29480317e-01 9.43356357e-01 3.90064647e-02
    outer loop
      vertex 1.24257737e+01 6.06534512e+00 1.50000000e+01
      vertex 1.47174943e+01 6.24553139e+00 3.00000000e+01
      vertex 1.77004882e+01 7.28738346e+00 3.00000000e+01
    endloop
  endfacet
  facet normal -5.03008077e-01 8.57621645e-01 1.07088693e-01
    outer loop
      vertex 9.35879055e+00 4.98514156e+00 1.50000000e+01
      vertex 6.56120927e+00 3.34431779e+00 1.50000000e+01
      vertex 1.19948571e+01 4.65822863e+00 3.00000000e+01
    endloop
  endfacet
  facet normal -5.00780715e-01 8.58969209e-01 1.06726630e-01
    outer loop
      vertex 9.35879055e+00 4.98514156e+00 1.50000000e+01
      vertex 1.19948571e+01 4.65822863e+00 3.00000000e+01
      vertex 1.47174943e+01 6.24553139e+00 3.00000000e+01
    endloop
  endfacet
  facet normal -9.18214227e-01 2.45759939e-01 3.10619841e-01
    outer loop
      vertex 6.56120927e+00 3.34431779e+00 1.50000000e+01
      vertex 5.80756931e+00 5.28549956e-01 1.50000000e+01
      vertex 1.12553677e+01 1.92401066e+00 3.00000000e+01
    endloop
  endfacet
  facet normal -9.17560499e-01 2.48161031e-01 3.10642613e-01
    outer loop
      vertex 6.56120927e+00 3.34431779e+00 1.50000000e+01
      vertex 1.12553677e+01 1.92401066e+00 3.00000000e+01
      vertex 1.19948571e+01 4.65822863e+00 3.00000000e+01
    endloop
  endfacet
  facet normal -4.80526779e-01 -8.39953444e-01 2.52135335e-01
    outer loop
      vertex 5.80756931e+00 5.28549956e-01 1.50000000e+01
      vertex 8.59479540e+00 -1.06598697e+00 1.50000000e+01
      vertex 1.39597119e+01 3.67478189e-01 3.00000000e+01
    endloop
  endfacet
  facet normal -4.82576841e-01 -8.38436662e-01 2.53265782e-01
    outer loop
      vertex 5.80756931e+00 5.28549956e-01 1.50000000e+01
      vertex 1.39597119e+01 3.67478189e-01 3.00000000e+01
      vertex 1.12553677e+01 1.92401066e+00 3.00000000e+01
    endloop
  endfacet
  facet normal -2.31488117e-01 -9.57200409e-01 1.73725731e-01
    outer loop
      vertex 8.59479540e+00 -1.06598697e+00 1.50000000e+01
      vertex 1.17536272e+01 -1.82991478e+00 1.50000000e+01
      vertex 1.70272654e+01 -3.82880953e-01 3.00000000e+01
    endloop
  endfacet
  facet normal -2.33936943e-01 -9.56360839e-01 1.75064140e-01
    outer loop
      vertex 8.59479540e+00 -1.06598697e+00 1.50000000e+01
      vertex 1.70272654e+01 -3.82880953e-01 3.00000000e+01
      vertex 1.39597119e+01 3.67478189e-01 3.00000000e+01
    endloop
  endfacet
  facet normal -1.38113952e-01 -9.80102501e-01 1.42560950e-01
    outer loop
      vertex 1.17536272e+01 -1.82991478e+00 1.50000000e+01
      vertex 1.49745138e+01 -2.28379525e+00 1.50000000e+01
      vertex 2.01559076e+01 -8.32119051e-01 3.00000000e+01
    endloop
  endfacet
  facet normal -1.40650913e-01 -9.79539321e-01 1.43944571e-01
    outer loop
      vertex 1.17536272e+01 -1.82991478e+00 1.50000000e+01
      vertex 2.01559076e+01 -8.32119051e-01 3.00000000e+01
      vertex 1.70272654e+01 -3.82880953e-01 3.00000000e+01
    endloop
  endfacet
  facet normal -8.19886151e-02 -9.88953920e-01 1.23482834e-01
    outer loop
      vertex 1.49745138e+01 -2.28379525e+00 1.50000000e+01
      vertex 1.82169781e+01 -2.55260975e+00 1.50000000e+01
      vertex 2.33059880e+01 -1.10157992e+00 3.00000000e+01
    endloop
  endfacet
  facet normal -8.45624874e-02 -9.88561477e-01 1.24881514e-01
    outer loop
      vertex 1.49745138e+01 -2.28379525e+00 1.50000000e+01
      vertex 2.33059880e+01 -1.10157992e+00 3.00000000e+01
      vertex 2.01559076e+01 -8.32119051e-01 3.00000000e+01
    endloop
  endfacet
  facet normal -4.61579486e-02 -9.92731845e-01 1.11143724e-01
    outer loop
      vertex 1.82169781e+01 -2.55260975e+00 1.50000000e+01
      vertex 2.14671329e+01 -2.70372859e+00 1.50000000e+01
      vertex 2.64638409e+01 -1.25669323e+00 3.00000000e+01
    endloop
  endfacet
  facet normal -4.87490217e-02 -9.92450197e-01 1.12543940e-01
    outer loop
      vertex 1.82169781e+01 -2.55260975e+00 1.50000000e+01
      vertex 2.64638409e+01 -1.25669323e+00 3.00000000e+01
      vertex 2.33059880e+01 -1.10157992e+00 3.00000000e+01
    endloop
  endfacet
  facet normal -2.20552466e-02 -9.94464423e-01 1.02733041e-01
    outer loop
      vertex 2.14671329e+01 -2.70372859e+00 1.50000000e+01
      vertex 2.47199132e+01 -2.77586879e+00 1.50000000e+01
      vertex 2.96244459e+01 -1.33506819e+00 3.00000000e+01
    endloop
  endfacet
  facet normal -2.46550736e-02 -9.94258252e-01 1.04128070e-01
    outer loop
      vertex 2.14671329e+01 -2.70372859e+00 1.50000000e+01
      vertex 2.96244459e+01 -1.33506819e+00 3.00000000e+01
      vertex 2.64638409e+01 -1.25669323e+00 3.00000000e+01
    endloop
  endfacet
  facet normal -5.19347210e-03 -9.95295131e-01 9.67503528e-02
    outer loop
      vertex 2.47199132e+01 -2.77586879e+00 1.50000000e+01
      vertex 2.79734243e+01 -2.79284569e+00 1.50000000e+01
      vertex 3.27859013e+01 -1.35984176e+00 3.00000000e+01
    endloop
  endfacet
  facet normal -7.79806442e-03 -9.95142410e-01 9.81365097e-02
    outer loop
      vertex 2.47199132e+01 -2.77586879e+00 1.50000000e+01
      vertex 3.27859013e+01 -1.35984176e+00 3.00000000e+01
      vertex 2.96244459e+01 -1.33506819e+00 3.00000000e+01
    endloop
  endfacet
  facet normal 6.86963718e-03 -9.95701105e-01 9.23694616e-02
    outer loop
      vertex 2.79734243e+01 -2.79284569e+00 1.50000000e+01
      vertex 3.12269669e+01 -2.77039853e+00 1.50000000e+01
      vertex 3.59474877e+01 -1.34630632e+00 3.00000000e+01
    endloop
  endfacet
  facet normal 4.26232702e-03 -9.95587161e-01 9.37445304e-02
    outer loop
      vertex 2.79734243e+01 -2.79284569e+00 1.50000000e+01
      vertex 3.59474877e+01 -1.34630632e+00 3.00000000e+01
      vertex 3.27859013e+01 -1.35984176e+00 3.00000000e+01
    endloop
  endfacet
  facet normal 1.59202360e-02 -9.95905193e-01 8.89909720e-02
    outer loop
      vertex 3.12269669e+01 -2.77039853e+00 1.50000000e+01
      vertex 3.44802512e+01 -2.71839252e+00 1.50000000e+01
      vertex 3.91088984e+01 -1.30404732e+00 3.00000000e+01
    endloop
  endfacet
  facet normal 1.33112709e-02 -9.95820783e-01 9.03536326e-02
    outer loop
      vertex 3.12269669e+01 -2.77039853e+00 1.50000000e+01
      vertex 3.91088984e+01 -1.30404732e+00 3.00000000e+01
      vertex 3.59474877e+01 -1.34630632e+00 3.00000000e+01
    endloop
  endfacet
  facet normal 2.61613971e-02 -9.96012554e-01 8.52911053e-02
    outer loop
      vertex 3.44802512e+01 -2.71839252e+00 1.50000000e+01
      vertex 3.77328312e+01 -2.63295983e+00 1.50000000e+01
      vertex 4.22697096e+01 -1.22930518e+00 3.00000000e+01
    endloop
  endfacet
  facet normal 2.35510010e-02 -9.95961138e-01 8.66415725e-02
    outer loop
      vertex 3.44802512e+01 -2.71839252e+00 1.50000000e+01
      vertex 4.22697096e+01 -1.22930518e+00 3.00000000e+01
      vertex 3.91088984e+01 -1.30404732e+00 3.00000000e+01
    endloop
  endfacet
  facet normal 2.98351645e-02 -9.96049844e-01 8.36335492e-02
    outer loop
      vertex 3.77328312e+01 -2.63295983e+00 1.50000000e+01
      vertex 4.09850578e+01 -2.53554431e+00 1.50000000e+01
      vertex 4.54302079e+01 -1.14291820e+00 3.00000000e+01
    endloop
  endfacet
  facet normal 2.72243246e-02 -9.96011555e-01 8.49695202e-02
    outer loop
      vertex 3.77328312e+01 -2.63295983e+00 1.50000000e+01
      vertex 4.54302079e+01 -1.14291820e+00 3.00000000e+01
      vertex 4.22697096e+01 -1.22930518e+00 3.00000000e+01
    endloop
  endfacet
  facet normal 3.30934119e-02 -9.96072841e-01 8.21201697e-02
    outer loop
      vertex 4.09850578e+01 -2.53554431e+00 1.50000000e+01
      vertex 4.42369606e+01 -2.42750345e+00 1.50000000e+01
      vertex 4.85904186e+01 -1.04620555e+00 3.00000000e+01
    endloop
  endfacet
  facet normal 3.04822315e-02 -9.96046362e-01 8.34414719e-02
    outer loop
      vertex 4.09850578e+01 -2.53554431e+00 1.50000000e+01
      vertex 4.85904186e+01 -1.04620555e+00 3.00000000e+01
      vertex 4.54302079e+01 -1.14291820e+00 3.00000000e+01
    endloop
  endfacet
  facet normal 3.87122953e-02 -9.96047904e-01 7.99370485e-02
    outer loop
      vertex 4.42369606e+01 -2.42750345e+00 1.50000000e+01
      vertex 4.74882077e+01 -2.30114082e+00 1.50000000e+01
      vertex 5.17500388e+01 -9.31687617e-01 3.00000000e+01
    endloop
  endfacet
  facet normal 3.61006898e-02 -9.96040207e-01 8.12443607e-02
    outer loop
      vertex 4.42369606e+01 -2.42750345e+00 1.50000000e+01
      vertex 5.17500388e+01 -9.31687617e-01 3.00000000e+01
      vertex 4.85904186e+01 -1.04620555e+00 3.00000000e+01
    endloop
  endfacet
  facet normal 4.29364662e-02 -9.96013945e-01 7.81836420e-02
    outer loop
      vertex 4.74882077e+01 -2.30114082e+00 1.50000000e+01
      vertex 5.07388663e+01 -2.16101046e+00 1.50000000e+01
      vertex 5.49091220e+01 -8.03789827e-01 3.00000000e+01
    endloop
  endfacet
  facet normal 4.03246281e-02 -9.96020790e-01 7.94764738e-02
    outer loop
      vertex 4.74882077e+01 -2.30114082e+00 1.50000000e+01
      vertex 5.49091220e+01 -8.03789827e-01 3.00000000e+01
      vertex 5.17500388e+01 -9.31687617e-01 3.00000000e+01
    endloop
  endfacet
  facet normal 4.64474820e-02 -9.95975312e-01 7.66538285e-02
    outer loop
      vertex 5.07388663e+01 -2.16101046e+00 1.50000000e+01
      vertex 5.39890357e+01 -2.00943824e+00 1.50000000e+01
      vertex 5.80677591e+01 -6.64772523e-01 3.00000000e+01
    endloop
  endfacet
  facet normal 4.38355119e-02 -9.95994509e-01 7.79319334e-02
    outer loop
      vertex 5.07388663e+01 -2.16101046e+00 1.50000000e+01
      vertex 5.80677591e+01 -6.64772523e-01 3.00000000e+01
      vertex 5.49091220e+01 -8.03789827e-01 3.00000000e+01
    endloop
  endfacet
  facet normal 5.18952511e-02 -9.95861402e-01 7.46120065e-02
    outer loop
      vertex 5.39890357e+01 -2.00943824e+00 1.50000000e+01
      vertex 5.72383282e+01 -1.84011463e+00 1.50000000e+01
      vertex 6.12255892e+01 -5.08503616e-01 3.00000000e+01
    endloop
  endfacet
  facet normal 4.92832035e-02 -9.95898598e-01 7.58758766e-02
    outer loop
      vertex 5.39890357e+01 -2.00943824e+00 1.50000000e+01
      vertex 6.12255892e+01 -5.08503616e-01 3.00000000e+01
      vertex 5.80677591e+01 -6.64772523e-01 3.00000000e+01
    endloop
  endfacet
  facet normal 5.36922509e-02 -9.95842748e-01 7.35823546e-02
    outer loop
      vertex 5.72383282e+01 -1.84011463e+00 1.50000000e+01
      vertex 6.04873045e+01 -1.66494154e+00 1.50000000e+01
      vertex 6.43831270e+01 -3.46549855e-01 3.00000000e+01
    endloop
  endfacet
  facet normal 5.10802005e-02 -9.95887114e-01 7.48309437e-02
    outer loop
      vertex 5.72383282e+01 -1.84011463e+00 1.50000000e+01
      vertex 6.43831270e+01 -3.46549855e-01 3.00000000e+01
      vertex 6.12255892e+01 -5.08503616e-01 3.00000000e+01
    endloop
  endfacet
  facet normal 5.59722886e-02 -9.95801238e-01 7.24361617e-02
    outer loop
      vertex 6.04873045e+01 -1.66494154e+00 1.50000000e+01
      vertex 6.37358786e+01 -1.48234473e+00 1.50000000e+01
      vertex 6.75402928e+01 -1.77381306e-01 3.00000000e+01
    endloop
  endfacet
  facet normal 5.33602642e-02 -9.95854144e-01 7.36695802e-02
    outer loop
      vertex 6.04873045e+01 -1.66494154e+00 1.50000000e+01
      vertex 6.75402928e+01 -1.77381306e-01 3.00000000e+01
      vertex 6.43831270e+01 -3.46549855e-01 3.00000000e+01
    endloop
  endfacet
  facet normal 5.84962548e-02 -9.95742428e-01 7.12404809e-02
    outer loop
      vertex 6.37358786e+01 -1.48234473e+00 1.50000000e+01
      vertex 6.69839791e+01 -1.29153061e+00 1.50000000e+01
      vertex 7.06970193e+01 -2.26631831e-04 3.00000000e+01
    endloop
  endfacet
  facet normal 5.58842924e-02 -9.95804536e-01 7.24587669e-02
    outer loop
      vertex 6.37358786e+01 -1.48234473e+00 1.50000000e+01
      vertex 7.06970193e+01 -2.26631831e-04 3.00000000e+01
      vertex 6.75402928e+01 -1.77381306e-01 3.00000000e+01
    endloop
  endfacet
  facet normal 5.95032795e-02 -9.95739671e-01 7.04405205e-02
    outer loop
      vertex 6.69839791e+01 -1.29153061e+00 1.50000000e+01
      vertex 7.02318856e+01 -1.09744265e+00 1.50000000e+01
      vertex 7.38535657e+01 1.80109795e-01 3.00000000e+01
    endloop
  endfacet
  facet normal 5.68913522e-02 -9.95806515e-01 7.16432692e-02
    outer loop
      vertex 6.69839791e+01 -1.29153061e+00 1.50000000e+01
      vertex 7.38535657e+01 1.80109795e-01 3.00000000e+01
      vertex 7.06970193e+01 -2.26631831e-04 3.00000000e+01
    endloop
  endfacet
  facet normal 6.06363941e-02 -9.95729330e-01 6.96155741e-02
    outer loop
      vertex 7.02318856e+01 -1.09744265e+00 1.50000000e+01
      vertex 7.34795711e+01 -8.99670086e-01 1.50000000e+01
      vertex 7.70099066e+01 3.64027173e-01 3.00000000e+01
    endloop
  endfacet
  facet normal 5.80245152e-02 -9.95801244e-01 7.08028054e-02
    outer loop
      vertex 7.02318856e+01 -1.09744265e+00 1.50000000e+01
      vertex 7.70099066e+01 3.64027173e-01 3.00000000e+01
      vertex 7.38535657e+01 1.80109795e-01 3.00000000e+01
    endloop
  endfacet
  facet normal 6.17848775e-02 -9.95715856e-01 6.87936249e-02
    outer loop
      vertex 7.34795711e+01 -8.99670086e-01 1.50000000e+01
      vertex 7.67270269e+01 -6.98163144e-01 1.50000000e+01
      vertex 8.01660338e+01 5.51573905e-01 3.00000000e+01
    endloop
  endfacet
  facet normal 5.91730570e-02 -9.95792851e-01 6.99653302e-02
    outer loop
      vertex 7.34795711e+01 -8.99670086e-01 1.50000000e+01
      vertex 8.01660338e+01 5.51573905e-01 3.00000000e+01
      vertex 7.70099066e+01 3.64027173e-01 3.00000000e+01
    endloop
  endfacet
  facet normal 6.22763927e-02 -9.95730752e-01 6.81316408e-02
    outer loop
      vertex 7.67270269e+01 -6.98163144e-01 1.50000000e+01
      vertex 7.99743833e+01 -4.95062413e-01 1.50000000e+01
      vertex 8.33220686e+01 7.40669607e-01 3.00000000e+01
    endloop
  endfacet
  facet normal 5.96646034e-02 -9.95810904e-01 6.92876531e-02
    outer loop
      vertex 7.67270269e+01 -6.98163144e-01 1.50000000e+01
      vertex 8.33220686e+01 7.40669607e-01 3.00000000e+01
      vertex 8.01660338e+01 5.51573905e-01 3.00000000e+01
    endloop
  endfacet
  facet normal 6.28269465e-02 -9.95741955e-01 6.74591295e-02
    outer loop
      vertex 7.99743833e+01 -4.95062413e-01 1.50000000e+01
      vertex 8.32216276e+01 -2.90175556e-01 1.50000000e+01
      vertex 8.64779988e+01 9.31501205e-01 3.00000000e+01
    endloop
  endfacet
  facet normal 6.02151947e-02 -9.95825409e-01 6.85994550e-02
    outer loop
      vertex 7.99743833e+01 -4.95062413e-01 1.50000000e+01
      vertex 8.64779988e+01 9.31501205e-01 3.00000000e+01
      vertex 8.33220686e+01 7.40669607e-01 3.00000000e+01
    endloop
  endfacet
  facet normal 6.35695483e-02 -9.95742787e-01 6.67473962e-02
    outer loop
      vertex 8.32216276e+01 -2.90175556e-01 1.50000000e+01
      vertex 8.64687189e+01 -8.28769088e-02 1.50000000e+01
      vertex 8.96337867e+01 1.12467677e+00 3.00000000e+01
    endloop
  endfacet
  facet normal 6.09578491e-02 -9.95830067e-01 6.78720708e-02
    outer loop
      vertex 8.32216276e+01 -2.90175556e-01 1.50000000e+01
      vertex 8.96337867e+01 1.12467677e+00 3.00000000e+01
      vertex 8.64779988e+01 9.31501205e-01 3.00000000e+01
    endloop
  endfacet
  facet normal 6.43963548e-02 -9.95738024e-01 6.60219377e-02
    outer loop
      vertex 8.64687189e+01 -8.28769088e-02 1.50000000e+01
      vertex 8.97156377e+01 1.27107774e-01 1.50000000e+01
      vertex 9.27894137e+01 1.32046286e+00 3.00000000e+01
    endloop
  endfacet
  facet normal 6.17847186e-02 -9.95829343e-01 6.71309714e-02
    outer loop
      vertex 8.64687189e+01 -8.28769088e-02 1.50000000e+01
      vertex 9.27894137e+01 1.32046286e+00 3.00000000e+01
      vertex 8.96337867e+01 1.12467677e+00 3.00000000e+01
    endloop
  endfacet
  facet normal 6.52466613e-02 -9.95730509e-01 6.52964547e-02
    outer loop
      vertex 8.97156377e+01 1.27107774e-01 1.50000000e+01
      vertex 9.29623765e+01 3.39854962e-01 1.50000000e+01
      vertex 9.59448728e+01 1.51893377e+00 3.00000000e+01
    endloop
  endfacet
  facet normal 6.26350953e-02 -9.95825905e-01 6.63898437e-02
    outer loop
      vertex 8.97156377e+01 1.27107774e-01 1.50000000e+01
      vertex 9.59448728e+01 1.51893377e+00 3.00000000e+01
      vertex 9.27894137e+01 1.32046286e+00 3.00000000e+01
    endloop
  endfacet
  facet normal 6.60723551e-02 -9.95722722e-01 6.45810001e-02
    outer loop
      vertex 9.29623765e+01 3.39854962e-01 1.50000000e+01
      vertex 9.62089385e+01 5.55284409e-01 1.50000000e+01
      vertex 9.91001669e+01 1.72001154e+00 3.00000000e+01
    endloop
  endfacet
  facet normal 6.34608628e-02 -9.95822098e-01 6.56587299e-02
    outer loop
      vertex 9.29623765e+01 3.39854962e-01 1.50000000e+01
      vertex 9.91001669e+01 1.72001154e+00 3.00000000e+01
      vertex 9.59448728e+01 1.51893377e+00 3.00000000e+01
    endloop
  endfacet
  facet normal 6.73673026e-02 -9.95687710e-01 6.37779866e-02
    outer loop
      vertex 9.62089385e+01 5.55284409e-01 1.50000000e+01
      vertex 9.94552175e+01 7.74924621e-01 1.50000000e+01
      vertex 1.02255197e+02 1.92518171e+00 3.00000000e+01
    endloop
  endfacet
  facet normal 6.47559286e-02 -9.95792360e-01 6.48401468e-02
    outer loop
      vertex 9.62089385e+01 5.55284409e-01 1.50000000e+01
      vertex 1.02255197e+02 1.92518171e+00 3.00000000e+01
      vertex 9.91001669e+01 1.72001154e+00 3.00000000e+01
    endloop
  endfacet
  facet normal 1.42127444e-01 -9.88648413e-01 4.87247814e-02
    outer loop
      vertex 9.94552175e+01 7.74924621e-01 1.50000000e+01
      vertex 1.02717404e+02 1.24389445e+00 1.50000000e+01
      vertex 1.05426319e+02 2.37258975e+00 3.00000000e+01
    endloop
  endfacet
  facet normal 1.39531332e-01 -9.88964999e-01 4.97919446e-02
    outer loop
      vertex 9.94552175e+01 7.74924621e-01 1.50000000e+01
      vertex 1.05426319e+02 2.37258975e+00 3.00000000e+01
      vertex 1.02255197e+02 1.92518171e+00 3.00000000e+01
    endloop
  endfacet
  facet normal 2.03105764e-01 9.72832404e-01 -1.11108789e-01
    outer loop
      vertex 1.05426319e+02 2.37258975e+00 3.00000000e+01
      vertex 1.02331370e+02 3.01874619e+00 3.00000000e+01
      vertex 1.05131555e+02 4.14730464e+00 4.50000000e+01
    endloop
  endfacet
  facet normal 2.05654523e-01 9.72309579e-01 -1.10996846e-01
    outer loop
      vertex 1.05426319e+02 2.37258975e+00 3.00000000e+01
      vertex 1.05131555e+02 4.14730464e+00 4.50000000e+01
      vertex 1.08134786e+02 3.51208709e+00 4.50000000e+01
    endloop
  endfacet
  facet normal 1.95029380e-01 9.74579480e-01 -1.10265035e-01
    outer loop
      vertex 1.02331370e+02 3.01874619e+00 3.00000000e+01
      vertex 9.92311543e+01 3.63915036e+00 3.00000000e+01
      vertex 1.02123144e+02 4.75753281e+00 4.50000000e+01
    endloop
  endfacet
  facet normal 1.97582220e-01 9.74075753e-01 -1.10171205e-01
    outer loop
      vertex 1.02331370e+02 3.01874619e+00 3.00000000e+01
      vertex 1.02123144e+02 4.75753281e+00 4.50000000e+01
      vertex 1.05131555e+02 4.14730464e+00 4.50000000e+01
    endloop
  endfacet
  facet normal 1.86191427e-01 9.76422719e-01 -1.09231067e-01
    outer loop
      vertex 9.92311543e+01 3.63915036e+00 3.00000000e+01
      vertex 9.61254320e+01 4.23137220e+00 3.00000000e+01
      vertex 9.91093154e+01 5.34041285e+00 4.50000000e+01
    endloop
  endfacet
  facet normal 1.88748629e-01 9.75940070e-01 -1.09155555e-01
    outer loop
      vertex 9.92311543e+01 3.63915036e+00 3.00000000e+01
      vertex 9.91093154e+01 5.34041285e+00 4.50000000e+01
      vertex 1.02123144e+02 4.75753281e+00 4.50000000e+01
    endloop
  endfacet
  facet normal 1.78200510e-01 9.78017091e-01 -1.08291959e-01
    outer loop
      vertex 9.61254320e+01 4.23137220e+00 3.00000000e+01
      vertex 9.30149602e+01 4.79811860e+00 3.00000000e+01
      vertex 9.60908109e+01 5.89857096e+00 4.50000000e+01
    endloop
  endfacet
  facet normal 1.80761477e-01 9.77553364e-01 -1.08234506e-01
    outer loop
      vertex 9.61254320e+01 4.23137220e+00 3.00000000e+01
      vertex 9.60908109e+01 5.89857096e+00 4.50000000e+01
      vertex 9.91093154e+01 5.34041285e+00 4.50000000e+01
    endloop
  endfacet
  facet normal 1.70771626e-01 9.79439170e-01 -1.07405607e-01
    outer loop
      vertex 9.30149602e+01 4.79811860e+00 3.00000000e+01
      vertex 8.99002549e+01 5.34118785e+00 3.00000000e+01
      vertex 9.30681359e+01 6.43375177e+00 4.50000000e+01
    endloop
  endfacet
  facet normal 1.73335949e-01 9.78992943e-01 -1.07366040e-01
    outer loop
      vertex 9.30149602e+01 4.79811860e+00 3.00000000e+01
      vertex 9.30681359e+01 6.43375177e+00 4.50000000e+01
      vertex 9.60908109e+01 5.89857096e+00 4.50000000e+01
    endloop
  endfacet
  facet normal 1.61266665e-01 9.81195481e-01 -1.06058899e-01
    outer loop
      vertex 8.99002549e+01 5.34118785e+00 3.00000000e+01
      vertex 8.67804179e+01 5.85395591e+00 3.00000000e+01
      vertex 9.00404016e+01 6.93952633e+00 4.50000000e+01
    endloop
  endfacet
  facet normal 1.63835245e-01 9.80772145e-01 -1.06037789e-01
    outer loop
      vertex 8.99002549e+01 5.34118785e+00 3.00000000e+01
      vertex 9.00404016e+01 6.93952633e+00 4.50000000e+01
      vertex 9.30681359e+01 6.43375177e+00 4.50000000e+01
    endloop
  endfacet
  facet normal 1.53508957e-01 9.82552381e-01 -1.05003894e-01
    outer loop
      vertex 8.67804179e+01 5.85395591e+00 3.00000000e+01
      vertex 8.36566470e+01 6.34199789e+00 3.00000000e+01
      vertex 8.70087850e+01 7.42130443e+00 4.50000000e+01
    endloop
  endfacet
  facet normal 1.56080797e-01 9.82147458e-01 -1.05000738e-01
    outer loop
      vertex 8.67804179e+01 5.85395591e+00 3.00000000e+01
      vertex 8.70087850e+01 7.42130443e+00 4.50000000e+01
      vertex 9.00404016e+01 6.93952633e+00 4.50000000e+01
    endloop
  endfacet
  facet normal 1.46460877e-01 9.83729418e-01 -1.04046356e-01
    outer loop
      vertex 8.36566470e+01 6.34199789e+00 3.00000000e+01
      vertex 8.05294671e+01 6.80758274e+00 3.00000000e+01
      vertex 8.39738015e+01 7.88128765e+00 4.50000000e+01
    endloop
  endfacet
  facet normal 1.49035541e-01 9.83341104e-01 -1.04060945e-01
    outer loop
      vertex 8.36566470e+01 6.34199789e+00 3.00000000e+01
      vertex 8.39738015e+01 7.88128765e+00 4.50000000e+01
      vertex 8.70087850e+01 7.42130443e+00 4.50000000e+01
    endloop
  endfacet
  facet normal 1.40098036e-01 9.84745737e-01 -1.03190953e-01
    outer loop
      vertex 8.05294671e+01 6.80758274e+00 3.00000000e+01
      vertex 7.73993004e+01 7.25290603e+00 3.00000000e+01
      vertex 8.09358667e+01 8.32160658e+00 4.50000000e+01
    endloop
  endfacet
  facet normal 1.42675133e-01 9.84372288e-01 -1.03223081e-01
    outer loop
      vertex 8.05294671e+01 6.80758274e+00 3.00000000e+01
      vertex 8.09358667e+01 8.32160658e+00 4.50000000e+01
      vertex 8.39738015e+01 7.88128765e+00 4.50000000e+01
    endloop
  endfacet
  facet normal 1.28664995e-01 9.86515631e-01 -1.01154485e-01
    outer loop
      vertex 7.73993004e+01 7.25290603e+00 3.00000000e+01
      vertex 7.42641581e+01 7.66180281e+00 3.00000000e+01
      vertex 7.78930084e+01 8.72657182e+00 4.50000000e+01
    endloop
  endfacet
  facet normal 1.31246558e-01 9.86170261e-01 -1.01205523e-01
    outer loop
      vertex 7.73993004e+01 7.25290603e+00 3.00000000e+01
      vertex 7.78930084e+01 8.72657182e+00 4.50000000e+01
      vertex 8.09358667e+01 8.32160658e+00 4.50000000e+01
    endloop
  endfacet
  facet normal 1.21473667e-01 9.87542410e-01 -1.00020684e-01
    outer loop
      vertex 7.42641581e+01 7.66180281e+00 3.00000000e+01
      vertex 7.11261780e+01 8.04779327e+00 3.00000000e+01
      vertex 7.48473368e+01 9.10930460e+00 4.50000000e+01
    endloop
  endfacet
  facet normal 1.24057765e-01 9.87214145e-01 -1.00089472e-01
    outer loop
      vertex 7.42641581e+01 7.66180281e+00 3.00000000e+01
      vertex 7.48473368e+01 9.10930460e+00 4.50000000e+01
      vertex 7.78930084e+01 8.72657182e+00 4.50000000e+01
    endloop
  endfacet
  facet normal 1.15393476e-01 9.88363712e-01 -9.91035695e-02
    outer loop
      vertex 7.11261780e+01 8.04779327e+00 3.00000000e+01
      vertex 6.79858266e+01 8.41443569e+00 3.00000000e+01
      vertex 7.17993136e+01 9.47325848e+00 4.50000000e+01
    endloop
  endfacet
  facet normal 1.17979590e-01 9.88049697e-01 -9.91897820e-02
    outer loop
      vertex 7.11261780e+01 8.04779327e+00 3.00000000e+01
      vertex 7.17993136e+01 9.47325848e+00 4.50000000e+01
      vertex 7.48473368e+01 9.10930460e+00 4.50000000e+01
    endloop
  endfacet
  facet normal 1.02183779e-01 9.90083599e-01 -9.63999051e-02
    outer loop
      vertex 6.79858266e+01 8.41443569e+00 3.00000000e+01
      vertex 6.48408372e+01 8.73902131e+00 3.00000000e+01
      vertex 6.87466806e+01 9.79639136e+00 4.50000000e+01
    endloop
  endfacet
  facet normal 1.04774382e-01 9.89802523e-01 -9.65054141e-02
    outer loop
      vertex 6.79858266e+01 8.41443569e+00 3.00000000e+01
      vertex 6.87466806e+01 9.79639136e+00 4.50000000e+01
      vertex 7.17993136e+01 9.47325848e+00 4.50000000e+01
    endloop
  endfacet
  facet normal 9.47438092e-02 9.90952944e-01 -9.50572148e-02
    outer loop
      vertex 6.48408372e+01 8.73902131e+00 3.00000000e+01
      vertex 6.16935894e+01 9.03992586e+00 3.00000000e+01
      vertex 6.56917947e+01 1.00965381e+01 4.50000000e+01
    endloop
  endfacet
  facet normal 9.73366385e-02 9.90689786e-01 -9.51804913e-02
    outer loop
      vertex 6.48408372e+01 8.73902131e+00 3.00000000e+01
      vertex 6.56917947e+01 1.00965381e+01 4.50000000e+01
      vertex 6.87466806e+01 9.79639136e+00 4.50000000e+01
    endloop
  endfacet
  facet normal 8.68278558e-02 9.91821981e-01 -9.35418686e-02
    outer loop
      vertex 6.16935894e+01 9.03992586e+00 3.00000000e+01
      vertex 5.85439409e+01 9.31565803e+00 3.00000000e+01
      vertex 6.26345140e+01 1.03722512e+01 4.50000000e+01
    endloop
  endfacet
  facet normal 8.94229474e-02 9.91578053e-01 -9.36829881e-02
    outer loop
      vertex 6.16935894e+01 9.03992586e+00 3.00000000e+01
      vertex 6.26345140e+01 1.03722512e+01 4.50000000e+01
      vertex 6.56917947e+01 1.00965381e+01 4.50000000e+01
    endloop
  endfacet
  facet normal 7.14008772e-02 9.93381009e-01 -8.99782550e-02
    outer loop
      vertex 5.85439409e+01 9.31565803e+00 3.00000000e+01
      vertex 5.53904195e+01 9.54232251e+00 3.00000000e+01
      vertex 5.95733483e+01 1.06003345e+01 4.50000000e+01
    endloop
  endfacet
  facet normal 7.40002143e-02 9.93176173e-01 -9.01390970e-02
    outer loop
      vertex 5.85439409e+01 9.31565803e+00 3.00000000e+01
      vertex 5.95733483e+01 1.06003345e+01 4.50000000e+01
      vertex 6.26345140e+01 1.03722512e+01 4.50000000e+01
    endloop
  endfacet
  facet normal 6.33868983e-02 9.94072752e-01 -8.83258975e-02
    outer loop
      vertex 5.53904195e+01 9.54232251e+00 3.00000000e+01
      vertex 5.22352662e+01 9.74351039e+00 3.00000000e+01
      vertex 5.65105335e+01 1.08036868e+01 4.50000000e+01
    endloop
  endfacet
  facet normal 6.59881039e-02 9.93887575e-01 -8.85045689e-02
    outer loop
      vertex 5.53904195e+01 9.54232251e+00 3.00000000e+01
      vertex 5.65105335e+01 1.08036868e+01 4.50000000e+01
      vertex 5.95733483e+01 1.06003345e+01 4.50000000e+01
    endloop
  endfacet
  facet normal 5.05399139e-02 9.95075336e-01 -8.52689487e-02
    outer loop
      vertex 5.22352662e+01 9.74351039e+00 3.00000000e+01
      vertex 4.90776415e+01 9.90388626e+00 3.00000000e+01
      vertex 5.34452155e+01 1.09674212e+01 4.50000000e+01
    endloop
  endfacet
  facet normal 5.31439358e-02 9.94922707e-01 -8.54665441e-02
    outer loop
      vertex 5.22352662e+01 9.74351039e+00 3.00000000e+01
      vertex 5.34452155e+01 1.09674212e+01 4.50000000e+01
      vertex 5.65105335e+01 1.08036868e+01 4.50000000e+01
    endloop
  endfacet
  facet normal 3.08339711e-02 9.96305607e-01 -8.01523744e-02
    outer loop
      vertex 4.90776415e+01 9.90388626e+00 3.00000000e+01
      vertex 4.59176360e+01 1.00016831e+01 3.00000000e+01
      vertex 5.03774270e+01 1.10704039e+01 4.50000000e+01
    endloop
  endfacet
  facet normal 3.34415954e-02 9.96203922e-01 -8.03704234e-02
    outer loop
      vertex 4.90776415e+01 9.90388626e+00 3.00000000e+01
      vertex 5.03774270e+01 1.10704039e+01 4.50000000e+01
      vertex 5.34452155e+01 1.09674212e+01 4.50000000e+01
    endloop
  endfacet
  facet normal 1.76784829e-02 9.96888496e-01 -7.68166529e-02
    outer loop
      vertex 4.59176360e+01 1.00016831e+01 3.00000000e+01
      vertex 4.27567183e+01 1.00577377e+01 3.00000000e+01
      vertex 4.73086466e+01 1.11328616e+01 4.50000000e+01
    endloop
  endfacet
  facet normal 2.02878955e-02 9.96820525e-01 -7.70535085e-02
    outer loop
      vertex 4.59176360e+01 1.00016831e+01 3.00000000e+01
      vertex 4.73086466e+01 1.11328616e+01 4.50000000e+01
      vertex 5.03774270e+01 1.10704039e+01 4.50000000e+01
    endloop
  endfacet
  facet normal -5.63666046e-03 9.97508540e-01 -7.03202718e-02
    outer loop
      vertex 4.27567183e+01 1.00577377e+01 3.00000000e+01
      vertex 3.95950740e+01 1.00398721e+01 3.00000000e+01
      vertex 4.42389729e+01 1.11235522e+01 4.50000000e+01
    endloop
  endfacet
  facet normal -3.02511770e-03 9.97501687e-01 -7.05778497e-02
    outer loop
      vertex 4.27567183e+01 1.00577377e+01 3.00000000e+01
      vertex 4.42389729e+01 1.11235522e+01 4.50000000e+01
      vertex 4.73086466e+01 1.11328616e+01 4.50000000e+01
    endloop
  endfacet
  facet normal -3.10947947e-02 9.97530593e-01 -6.29748415e-02
    outer loop
      vertex 3.95950740e+01 1.00398721e+01 3.00000000e+01
      vertex 3.64352351e+01 9.94137432e+00 3.00000000e+01
      vertex 4.11708471e+01 1.10359528e+01 4.50000000e+01
    endloop
  endfacet
  facet normal -2.84826596e-02 9.97590980e-01 -6.32532603e-02
    outer loop
      vertex 3.95950740e+01 1.00398721e+01 3.00000000e+01
      vertex 4.11708471e+01 1.10359528e+01 4.50000000e+01
      vertex 4.42389729e+01 1.11235522e+01 4.50000000e+01
    endloop
  endfacet
  facet normal -5.17247881e-02 9.97035631e-01 -5.69604899e-02
    outer loop
      vertex 3.64352351e+01 9.94137432e+00 3.00000000e+01
      vertex 3.32782669e+01 9.77759532e+00 3.00000000e+01
      vertex 3.81053426e+01 1.08849648e+01 4.50000000e+01
    endloop
  endfacet
  facet normal -4.91135421e-02 9.97150605e-01 -5.72584599e-02
    outer loop
      vertex 3.64352351e+01 9.94137432e+00 3.00000000e+01
      vertex 3.81053426e+01 1.08849648e+01 4.50000000e+01
      vertex 4.11708471e+01 1.10359528e+01 4.50000000e+01
    endloop
  endfacet
  facet normal -7.61604718e-02 9.95863856e-01 -4.95455548e-02
    outer loop
      vertex 3.32782669e+01 9.77759532e+00 3.00000000e+01
      vertex 3.01258121e+01 9.53650569e+00 3.00000000e+01
      vertex 3.50440236e+01 1.06589047e+01 4.50000000e+01
    endloop
  endfacet
  facet normal -7.35518841e-02 9.96044065e-01 -4.98632182e-02
    outer loop
      vertex 3.32782669e+01 9.77759532e+00 3.00000000e+01
      vertex 3.50440236e+01 1.06589047e+01 4.50000000e+01
      vertex 3.81053426e+01 1.08849648e+01 4.50000000e+01
    endloop
  endfacet
  facet normal -1.15991688e-01 9.92569172e-01 -3.67745338e-02
    outer loop
      vertex 3.01258121e+01 9.53650569e+00 3.00000000e+01
      vertex 2.69854872e+01 9.16952714e+00 3.00000000e+01
      vertex 3.19941614e+01 1.03105888e+01 4.50000000e+01
    endloop
  endfacet
  facet normal -1.13391332e-01 9.92856994e-01 -3.71132785e-02
    outer loop
      vertex 3.01258121e+01 9.53650569e+00 3.00000000e+01
      vertex 3.19941614e+01 1.03105888e+01 4.50000000e+01
      vertex 3.50440236e+01 1.06589047e+01 4.50000000e+01
    endloop
  endfacet
  facet normal -1.50783583e-01 9.88241372e-01 -2.53633904e-02
    outer loop
      vertex 2.69854872e+01 9.16952714e+00 3.00000000e+01
      vertex 2.38605185e+01 8.69272665e+00 3.00000000e+01
      vertex 2.89589295e+01 9.85560807e+00 4.50000000e+01
    endloop
  endfacet
  facet normal -1.48194502e-01 9.88623687e-01 -2.57215036e-02
    outer loop
      vertex 2.69854872e+01 9.16952714e+00 3.00000000e+01
      vertex 2.89589295e+01 9.85560807e+00 4.50000000e+01
      vertex 3.19941614e+01 1.03105888e+01 4.50000000e+01
    endloop
  endfacet
  facet normal -1.93932650e-01 9.80956838e-01 -1.06681070e-02
    outer loop
      vertex 2.38605185e+01 8.69272665e+00 3.00000000e+01
      vertex 2.07598136e+01 8.07972525e+00 3.00000000e+01
      vertex 2.59469089e+01 9.26832876e+00 4.50000000e+01
    endloop
  endfacet
  facet normal -1.91363066e-01 9.81457177e-01 -1.10447170e-02
    outer loop
      vertex 2.38605185e+01 8.69272665e+00 3.00000000e+01
      vertex 2.59469089e+01 9.26832876e+00 4.50000000e+01
      vertex 2.89589295e+01 9.85560807e+00 4.50000000e+01
    endloop
  endfacet
  facet normal -2.50708811e-01 9.68016368e-01 9.45536158e-03
    outer loop
      vertex 2.07598136e+01 8.07972525e+00 3.00000000e+01
      vertex 1.77004882e+01 7.28738346e+00 3.00000000e+01
      vertex 2.29746078e+01 8.50682339e+00 4.50000000e+01
    endloop
  endfacet
  facet normal -2.48174597e-01 9.68672928e-01 9.06248300e-03
    outer loop
      vertex 2.07598136e+01 8.07972525e+00 3.00000000e+01
      vertex 2.29746078e+01 8.50682339e+00 4.50000000e+01
      vertex 2.59469089e+01 9.26832876e+00 4.50000000e+01
    endloop
  endfacet
  facet normal -3.29485236e-01 9.43370442e-01 3.86223717e-02
    outer loop
      vertex 1.77004882e+01 7.28738346e+00 3.00000000e+01
      vertex 1.47174943e+01 6.24553139e+00 3.00000000e+01
      vertex 2.00757823e+01 7.50287542e+00 4.50000000e+01
    endloop
  endfacet
  facet normal -3.27019443e-01 9.44244442e-01 3.82193501e-02
    outer loop
      vertex 1.77004882e+01 7.28738346e+00 3.00000000e+01
      vertex 2.00757823e+01 7.50287542e+00 4.50000000e+01
      vertex 2.29746078e+01 8.50682339e+00 4.50000000e+01
    endloop
  endfacet
  facet normal -5.00800481e-01 8.59003114e-01 1.06360370e-01
    outer loop
      vertex 1.47174943e+01 6.24553139e+00 3.00000000e+01
      vertex 1.19948571e+01 4.65822863e+00 3.00000000e+01
      vertex 1.74283497e+01 5.96868971e+00 4.50000000e+01
    endloop
  endfacet
  facet normal -4.98570155e-01 8.60346208e-01 1.05982086e-01
    outer loop
      vertex 1.47174943e+01 6.24553139e+00 3.00000000e+01
      vertex 1.74283497e+01 5.96868971e+00 4.50000000e+01
      vertex 2.00757823e+01 7.50287542e+00 4.50000000e+01
    endloop
  endfacet
  facet normal -9.17676924e-01 2.48192519e-01 3.10273326e-01
    outer loop
      vertex 1.19948571e+01 4.65822863e+00 3.00000000e+01
      vertex 1.12553677e+01 1.92401066e+00 3.00000000e+01
      vertex 1.67034324e+01 3.31592766e+00 4.50000000e+01
    endloop
  endfacet
  facet normal -9.17021179e-01 2.50593363e-01 3.10282328e-01
    outer loop
      vertex 1.19948571e+01 4.65822863e+00 3.00000000e+01
      vertex 1.67034324e+01 3.31592766e+00 4.50000000e+01
      vertex 1.74283497e+01 5.96868971e+00 4.50000000e+01
    endloop
  endfacet
  facet normal -4.82662424e-01 -8.38585354e-01 2.52609558e-01
    outer loop
      vertex 1.12553677e+01 1.92401066e+00 3.00000000e+01
      vertex 1.39597119e+01 3.67478189e-01 3.00000000e+01
      vertex 1.93251133e+01 1.79782237e+00 4.50000000e+01
    endloop
  endfacet
  facet normal -4.84710045e-01 -8.37066511e-01 2.53723921e-01
    outer loop
      vertex 1.12553677e+01 1.92401066e+00 3.00000000e+01
      vertex 1.93251133e+01 1.79782237e+00 4.50000000e+01
      vertex 1.67034324e+01 3.31592766e+00 4.50000000e+01
    endloop
  endfacet
  facet normal -2.33966305e-01 -9.56480874e-01 1.74367732e-01
    outer loop
      vertex 1.39597119e+01 3.67478189e-01 3.00000000e+01
      vertex 1.70272654e+01 -3.82880953e-01 3.00000000e+01
      vertex 2.23014820e+01 1.06150445e+00 4.50000000e+01
    endloop
  endfacet
  facet normal -2.36413136e-01 -9.55636991e-01 1.75689413e-01
    outer loop
      vertex 1.39597119e+01 3.67478189e-01 3.00000000e+01
      vertex 2.23014820e+01 1.06150445e+00 4.50000000e+01
      vertex 1.93251133e+01 1.79782237e+00 4.50000000e+01
    endloop
  endfacet
  facet normal -1.40665003e-01 -9.79637451e-01 1.43261376e-01
    outer loop
      vertex 1.70272654e+01 -3.82880953e-01 3.00000000e+01
      vertex 2.01559076e+01 -8.32119051e-01 3.00000000e+01
      vertex 2.53379268e+01 6.17388511e-01 4.50000000e+01
    endloop
  endfacet
  facet normal -1.43200430e-01 -9.79069107e-01 1.44628214e-01
    outer loop
      vertex 1.70272654e+01 -3.82880953e-01 3.00000000e+01
      vertex 2.53379268e+01 6.17388511e-01 4.50000000e+01
      vertex 2.23014820e+01 1.06150445e+00 4.50000000e+01
    endloop
  endfacet
  facet normal -8.45695546e-02 -9.88644095e-01 1.24220950e-01
    outer loop
      vertex 2.01559076e+01 -8.32119051e-01 3.00000000e+01
      vertex 2.33059880e+01 -1.10157992e+00 3.00000000e+01
      vertex 2.83956427e+01 3.47763101e-01 4.50000000e+01
    endloop
  endfacet
  facet normal -8.71422441e-02 -9.88245998e-01 1.25602855e-01
    outer loop
      vertex 2.01559076e+01 -8.32119051e-01 3.00000000e+01
      vertex 2.83956427e+01 3.47763101e-01 4.50000000e+01
      vertex 2.53379268e+01 6.17388511e-01 4.50000000e+01
    endloop
  endfacet
  facet normal -4.87525335e-02 -9.92521693e-01 1.11910140e-01
    outer loop
      vertex 2.33059880e+01 -1.10157992e+00 3.00000000e+01
      vertex 2.64638409e+01 -1.25669323e+00 3.00000000e+01
      vertex 3.14611957e+01 1.89137532e-01 4.50000000e+01
    endloop
  endfacet
  facet normal -5.13426776e-02 -9.92234090e-01 1.13293604e-01
    outer loop
      vertex 2.33059880e+01 -1.10157992e+00 3.00000000e+01
      vertex 3.14611957e+01 1.89137532e-01 4.50000000e+01
      vertex 2.83956427e+01 3.47763101e-01 4.50000000e+01
    endloop
  endfacet
  facet normal -2.46566394e-02 -9.94321393e-01 1.03523033e-01
    outer loop
      vertex 2.64638409e+01 -1.25669323e+00 3.00000000e+01
      vertex 2.96244459e+01 -1.33506819e+00 3.00000000e+01
      vertex 3.45296157e+01 1.05009943e-01 4.50000000e+01
    endloop
  endfacet
  facet normal -2.72557210e-02 -9.94109067e-01 1.04901332e-01
    outer loop
      vertex 2.64638409e+01 -1.25669323e+00 3.00000000e+01
      vertex 3.45296157e+01 1.05009943e-01 4.50000000e+01
      vertex 3.14611957e+01 1.89137532e-01 4.50000000e+01
    endloop
  endfacet
  facet normal -7.79850757e-03 -9.95198963e-01 9.75613035e-02
    outer loop
      vertex 2.96244459e+01 -1.33506819e+00 3.00000000e+01
      vertex 3.27859013e+01 -1.35984176e+00 3.00000000e+01
      vertex 3.75989976e+01 7.29215702e-02 4.50000000e+01
    endloop
  endfacet
  facet normal -1.04024893e-02 -9.95039946e-01 9.89307497e-02
    outer loop
      vertex 2.96244459e+01 -1.33506819e+00 3.00000000e+01
      vertex 3.75989976e+01 7.29215702e-02 4.50000000e+01
      vertex 3.45296157e+01 1.05009943e-01 4.50000000e+01
    endloop
  endfacet
  facet normal 4.26254597e-03 -9.95638303e-01 9.31997851e-02
    outer loop
      vertex 3.27859013e+01 -1.35984176e+00 3.00000000e+01
      vertex 3.59474877e+01 -1.34630632e+00 3.00000000e+01
      vertex 4.06686040e+01 7.80269422e-02 4.50000000e+01
    endloop
  endfacet
  facet normal 1.65574632e-03 -9.95517962e-01 9.45581579e-02
    outer loop
      vertex 3.27859013e+01 -1.35984176e+00 3.00000000e+01
      vertex 4.06686040e+01 7.80269422e-02 4.50000000e+01
      vertex 3.75989976e+01 7.29215702e-02 4.50000000e+01
    endloop
  endfacet
  facet normal 1.33118923e-02 -9.95867268e-01 8.98397313e-02
    outer loop
      vertex 3.59474877e+01 -1.34630632e+00 3.00000000e+01
      vertex 3.91088984e+01 -1.30404732e+00 3.00000000e+01
      vertex 4.37381128e+01 1.11020353e-01 4.50000000e+01
    endloop
  endfacet
  facet normal 1.07033604e-02 -9.95776383e-01 9.11857076e-02
    outer loop
      vertex 3.59474877e+01 -1.34630632e+00 3.00000000e+01
      vertex 4.37381128e+01 1.11020353e-01 4.50000000e+01
      vertex 4.06686040e+01 7.80269422e-02 4.50000000e+01
    endloop
  endfacet
  facet normal 2.35519913e-02 -9.96003018e-01 8.61585280e-02
    outer loop
      vertex 3.91088984e+01 -1.30404732e+00 3.00000000e+01
      vertex 4.22697096e+01 -1.22930518e+00 3.00000000e+01
      vertex 4.68071222e+01 1.75553040e-01 4.50000000e+01
    endloop
  endfacet
  facet normal 2.09419399e-02 -9.95945043e-01 8.74923266e-02
    outer loop
      vertex 3.91088984e+01 -1.30404732e+00 3.00000000e+01
      vertex 4.68071222e+01 1.75553040e-01 4.50000000e+01
      vertex 4.37381128e+01 1.11020353e-01 4.50000000e+01
    endloop
  endfacet
  facet normal 2.72253741e-02 -9.96049950e-01 8.45179053e-02
    outer loop
      vertex 4.22697096e+01 -1.22930518e+00 3.00000000e+01
      vertex 4.54302079e+01 -1.14291820e+00 3.00000000e+01
      vertex 4.98758574e+01 2.51392454e-01 4.50000000e+01
    endloop
  endfacet
  facet normal 2.46148446e-02 -9.96005061e-01 8.58372124e-02
    outer loop
      vertex 4.22697096e+01 -1.22930518e+00 3.00000000e+01
      vertex 4.98758574e+01 2.51392454e-01 4.50000000e+01
      vertex 4.68071222e+01 1.75553040e-01 4.50000000e+01
    endloop
  endfacet
  facet normal 3.04833049e-02 -9.96081434e-01 8.30213467e-02
    outer loop
      vertex 4.54302079e+01 -1.14291820e+00 3.00000000e+01
      vertex 4.85904186e+01 -1.04620555e+00 3.00000000e+01
      vertex 5.29443397e+01 3.37257744e-01 4.50000000e+01
    endloop
  endfacet
  facet normal 2.78724040e-02 -9.96048320e-01 8.43259893e-02
    outer loop
      vertex 4.54302079e+01 -1.14291820e+00 3.00000000e+01
      vertex 5.29443397e+01 3.37257744e-01 4.50000000e+01
      vertex 4.98758574e+01 2.51392454e-01 4.50000000e+01
    endloop
  endfacet
  facet normal 3.61018348e-02 -9.96071799e-01 8.08556088e-02
    outer loop
      vertex 4.85904186e+01 -1.04620555e+00 3.00000000e+01
      vertex 5.17500388e+01 -9.31687617e-01 3.00000000e+01
      vertex 5.60122938e+01 4.40411623e-01 4.50000000e+01
    endloop
  endfacet
  facet normal 3.34904576e-02 -9.96057418e-01 8.21462713e-02
    outer loop
      vertex 4.85904186e+01 -1.04620555e+00 3.00000000e+01
      vertex 5.60122938e+01 4.40411623e-01 4.50000000e+01
      vertex 5.29443397e+01 3.37257744e-01 4.50000000e+01
    endloop
  endfacet
  facet normal 4.03257777e-02 -9.96049185e-01 7.91192280e-02
    outer loop
      vertex 5.17500388e+01 -9.31687617e-01 3.00000000e+01
      vertex 5.49091220e+01 -8.03789827e-01 3.00000000e+01
      vertex 5.90797606e+01 5.56557317e-01 4.50000000e+01
    endloop
  endfacet
  facet normal 3.77141283e-02 -9.96049307e-01 8.03954177e-02
    outer loop
      vertex 5.17500388e+01 -9.31687617e-01 3.00000000e+01
      vertex 5.90797606e+01 5.56557317e-01 4.50000000e+01
      vertex 5.60122938e+01 4.40411623e-01 4.50000000e+01
    endloop
  endfacet
  facet normal 4.38366289e-02 -9.96019889e-01 7.76062599e-02
    outer loop
      vertex 5.49091220e+01 -8.03789827e-01 3.00000000e+01
      vertex 5.80677591e+01 -6.64772523e-01 3.00000000e+01
      vertex 6.21468225e+01 6.83500040e-01 4.50000000e+01
    endloop
  endfacet
  facet normal 4.12248138e-02 -9.96032327e-01 7.88677288e-02
    outer loop
      vertex 5.49091220e+01 -8.03789827e-01 3.00000000e+01
      vertex 6.21468225e+01 6.83500040e-01 4.50000000e+01
      vertex 5.90797606e+01 5.56557317e-01 4.50000000e+01
    endloop
  endfacet
  facet normal 4.92843077e-02 -9.95920912e-01 7.55817064e-02
    outer loop
      vertex 5.80677591e+01 -6.64772523e-01 3.00000000e+01
      vertex 6.12255892e+01 -5.08503616e-01 3.00000000e+01
      vertex 6.52131448e+01 8.27194327e-01 4.50000000e+01
    endloop
  endfacet
  facet normal 4.66723648e-02 -9.95951305e-01 7.68289522e-02
    outer loop
      vertex 5.80677591e+01 -6.64772523e-01 3.00000000e+01
      vertex 6.52131448e+01 8.27194327e-01 4.50000000e+01
      vertex 6.21468225e+01 6.83500040e-01 4.50000000e+01
    endloop
  endfacet
  facet normal 5.10812075e-02 -9.95906748e-01 7.45684943e-02
    outer loop
      vertex 6.12255892e+01 -5.08503616e-01 3.00000000e+01
      vertex 6.43831270e+01 -3.46549855e-01 3.00000000e+01
      vertex 6.82791977e+01 9.76408760e-01 4.50000000e+01
    endloop
  endfacet
  facet normal 4.84692425e-02 -9.95944287e-01 7.58004624e-02
    outer loop
      vertex 6.12255892e+01 -5.08503616e-01 3.00000000e+01
      vertex 6.82791977e+01 9.76408760e-01 4.50000000e+01
      vertex 6.52131448e+01 8.27194327e-01 4.50000000e+01
    endloop
  endfacet
  facet normal 5.33611747e-02 -9.95871137e-01 7.34388451e-02
    outer loop
      vertex 6.43831270e+01 -3.46549855e-01 3.00000000e+01
      vertex 6.75402928e+01 -1.77381306e-01 3.00000000e+01
      vertex 7.13449078e+01 1.13262895e+00 4.50000000e+01
    endloop
  endfacet
  facet normal 5.07492123e-02 -9.95917191e-01 7.46556472e-02
    outer loop
      vertex 6.43831270e+01 -3.46549855e-01 3.00000000e+01
      vertex 7.13449078e+01 1.13262895e+00 4.50000000e+01
      vertex 6.82791977e+01 9.76408760e-01 4.50000000e+01
    endloop
  endfacet
  facet normal 5.58851014e-02 -9.95818951e-01 7.22597560e-02
    outer loop
      vertex 6.75402928e+01 -1.77381306e-01 3.00000000e+01
      vertex 7.06970193e+01 -2.26631831e-04 3.00000000e+01
      vertex 7.44102117e+01 1.29660395e+00 4.50000000e+01
    endloop
  endfacet
  facet normal 5.32731755e-02 -9.95874182e-01 7.34614312e-02
    outer loop
      vertex 6.75402928e+01 -1.77381306e-01 3.00000000e+01
      vertex 7.44102117e+01 1.29660395e+00 4.50000000e+01
      vertex 7.13449078e+01 1.13262895e+00 4.50000000e+01
    endloop
  endfacet
  facet normal 5.68920365e-02 -9.95818492e-01 7.14760629e-02
    outer loop
      vertex 7.06970193e+01 -2.26631831e-04 3.00000000e+01
      vertex 7.38535657e+01 1.80109795e-01 3.00000000e+01
      vertex 7.74753488e+01 1.46366857e+00 4.50000000e+01
    endloop
  endfacet
  facet normal 5.42801332e-02 -9.95878442e-01 7.26622030e-02
    outer loop
      vertex 7.06970193e+01 -2.26631831e-04 3.00000000e+01
      vertex 7.74753488e+01 1.46366857e+00 4.50000000e+01
      vertex 7.44102117e+01 1.29660395e+00 4.50000000e+01
    endloop
  endfacet
  facet normal 5.80250737e-02 -9.95810829e-01 7.06674113e-02
    outer loop
      vertex 7.38535657e+01 1.80109795e-01 3.00000000e+01
      vertex 7.70099066e+01 3.64027173e-01 3.00000000e+01
      vertex 8.05402955e+01 1.63421043e+00 4.50000000e+01
    endloop
  endfacet
  facet normal 5.54132054e-02 -9.95875832e-01 7.18380366e-02
    outer loop
      vertex 7.38535657e+01 1.80109795e-01 3.00000000e+01
      vertex 8.05402955e+01 1.63421043e+00 4.50000000e+01
      vertex 7.74753488e+01 1.46366857e+00 4.50000000e+01
    endloop
  endfacet
  facet normal 5.91734875e-02 -9.95800097e-01 6.98617608e-02
    outer loop
      vertex 7.70099066e+01 3.64027173e-01 3.00000000e+01
      vertex 8.01660338e+01 5.51573905e-01 3.00000000e+01
      vertex 8.36050440e+01 1.80827657e+00 4.50000000e+01
    endloop
  endfacet
  facet normal 5.65616639e-02 -9.95870164e-01 7.10168628e-02
    outer loop
      vertex 7.70099066e+01 3.64027173e-01 3.00000000e+01
      vertex 8.36050440e+01 1.80827657e+00 4.50000000e+01
      vertex 8.05402955e+01 1.63421043e+00 4.50000000e+01
    endloop
  endfacet
  facet normal 5.96649012e-02 -9.95815873e-01 6.92159414e-02
    outer loop
      vertex 8.01660338e+01 5.51573905e-01 3.00000000e+01
      vertex 8.33220686e+01 7.40669607e-01 3.00000000e+01
      vertex 8.66697066e+01 1.98384683e+00 4.50000000e+01
    endloop
  endfacet
  facet normal 5.70531009e-02 -9.95889084e-01 7.03553516e-02
    outer loop
      vertex 8.01660338e+01 5.51573905e-01 3.00000000e+01
      vertex 8.66697066e+01 1.98384683e+00 4.50000000e+01
      vertex 8.36050440e+01 1.80827657e+00 4.50000000e+01
    endloop
  endfacet
  facet normal 6.02153600e-02 -9.95828143e-01 6.85596089e-02
    outer loop
      vertex 8.33220686e+01 7.40669607e-01 3.00000000e+01
      vertex 8.64779988e+01 9.31501205e-01 3.00000000e+01
      vertex 8.97342721e+01 2.16110273e+00 4.50000000e+01
    endloop
  endfacet
  facet normal 5.76035887e-02 -9.95904644e-01 6.96833338e-02
    outer loop
      vertex 8.33220686e+01 7.40669607e-01 3.00000000e+01
      vertex 8.97342721e+01 2.16110273e+00 4.50000000e+01
      vertex 8.66697066e+01 1.98384683e+00 4.50000000e+01
    endloop
  endfacet
  facet normal 6.09578823e-02 -9.95830609e-01 6.78640948e-02
    outer loop
      vertex 8.64779988e+01 9.31501205e-01 3.00000000e+01
      vertex 8.96337867e+01 1.12467677e+00 3.00000000e+01
      vertex 9.27987054e+01 2.34063474e+00 4.50000000e+01
    endloop
  endfacet
  facet normal 5.83461536e-02 -9.95910923e-01 6.89721711e-02
    outer loop
      vertex 8.64779988e+01 9.31501205e-01 3.00000000e+01
      vertex 9.27987054e+01 2.34063474e+00 4.50000000e+01
      vertex 8.97342721e+01 2.16110273e+00 4.50000000e+01
    endloop
  endfacet
  facet normal 6.17846190e-02 -9.95827738e-01 6.71548736e-02
    outer loop
      vertex 8.96337867e+01 1.12467677e+00 3.00000000e+01
      vertex 9.27894137e+01 1.32046286e+00 3.00000000e+01
      vertex 9.58629891e+01 2.52270170e+00 4.50000000e+01
    endloop
  endfacet
  facet normal 5.91729426e-02 -9.95912078e-01 6.82473116e-02
    outer loop
      vertex 8.96337867e+01 1.12467677e+00 3.00000000e+01
      vertex 9.58629891e+01 2.52270170e+00 4.50000000e+01
      vertex 9.27987054e+01 2.34063474e+00 4.50000000e+01
    endloop
  endfacet
  facet normal 6.26348621e-02 -9.95822199e-01 6.64456336e-02
    outer loop
      vertex 9.27894137e+01 1.32046286e+00 3.00000000e+01
      vertex 9.59448728e+01 1.51893377e+00 3.00000000e+01
      vertex 9.89271167e+01 2.70737579e+00 4.50000000e+01
    endloop
  endfacet
  facet normal 6.00232450e-02 -9.95910604e-01 6.75224297e-02
    outer loop
      vertex 9.27894137e+01 1.32046286e+00 3.00000000e+01
      vertex 9.89271167e+01 2.70737579e+00 4.50000000e+01
      vertex 9.58629891e+01 2.52270170e+00 4.50000000e+01
    endloop
  endfacet
  facet normal 6.34604956e-02 -9.95816335e-01 6.57464179e-02
    outer loop
      vertex 9.59448728e+01 1.51893377e+00 3.00000000e+01
      vertex 9.91001669e+01 1.72001154e+00 3.00000000e+01
      vertex 1.01991091e+02 2.89458127e+00 4.50000000e+01
    endloop
  endfacet
  facet normal 6.08489415e-02 -9.95908709e-01 6.68075578e-02
    outer loop
      vertex 9.59448728e+01 1.51893377e+00 3.00000000e+01
      vertex 1.01991091e+02 2.89458127e+00 4.50000000e+01
      vertex 9.89271167e+01 2.70737579e+00 4.50000000e+01
    endloop
  endfacet
  facet normal 6.47554239e-02 -9.95784599e-01 6.49597343e-02
    outer loop
      vertex 9.91001669e+01 1.72001154e+00 3.00000000e+01
      vertex 1.02255197e+02 1.92518171e+00 3.00000000e+01
      vertex 1.05054818e+02 3.08576073e+00 4.50000000e+01
    endloop
  endfacet
  facet normal 6.21439737e-02 -9.95882235e-01 6.60053091e-02
    outer loop
      vertex 9.91001669e+01 1.72001154e+00 3.00000000e+01
      vertex 1.05054818e+02 3.08576073e+00 4.50000000e+01
      vertex 1.01991091e+02 2.89458127e+00 4.50000000e+01
    endloop
  endfacet
  facet normal 1.39530345e-01 -9.88958004e-01 4.99334443e-02
    outer loop
      vertex 1.02255197e+02 1.92518171e+00 3.00000000e+01
      vertex 1.05426319e+02 2.37258975e+00 3.00000000e+01
      vertex 1.08134786e+02 3.51208709e+00 4.50000000e+01
    endloop
  endfacet
  facet normal 1.36933506e-01 -9.89267325e-01 5.09840584e-02
    outer loop
      vertex 1.02255197e+02 1.92518171e+00 3.00000000e+01
      vertex 1.08134786e+02 3.51208709e+00 4.50000000e+01
      vertex 1.05054818e+02 3.08576073e+00 4.50000000e+01
    endloop
  endfacet
  facet normal 2.05626729e-01 9.72178176e-01 -1.12192881e-01
    outer loop
      vertex 1.08134786e+02 3.51208709e+00 4.50000000e+01
      vertex 1.05131555e+02 4.14730464e+00 4.50000000e+01
      vertex 1.07931255e+02 5.28619051e+00 6.00000000e+01
    endloop
  endfacet
  facet normal 2.08173480e-01 9.71647258e-01 -1.12095531e-01
    outer loop
      vertex 1.08134786e+02 3.51208709e+00 4.50000000e+01
      vertex 1.07931255e+02 5.28619051e+00 6.00000000e+01
      vertex 1.10842848e+02 4.66238751e+00 6.00000000e+01
    endloop
  endfacet
  facet normal 1.97556384e-01 9.73948380e-01 -1.11337451e-01
    outer loop
      vertex 1.05131555e+02 4.14730464e+00 4.50000000e+01
      vertex 1.02123144e+02 4.75753281e+00 4.50000000e+01
      vertex 1.05014574e+02 5.88576636e+00 6.00000000e+01
    endloop
  endfacet
  facet normal 2.00107281e-01 9.73436532e-01 -1.11258235e-01
    outer loop
      vertex 1.05131555e+02 4.14730464e+00 4.50000000e+01
      vertex 1.05014574e+02 5.88576636e+00 6.00000000e+01
      vertex 1.07931255e+02 5.28619051e+00 6.00000000e+01
    endloop
  endfacet
  facet normal 1.88724805e-01 9.75816886e-01 -1.10292129e-01
    outer loop
      vertex 1.02123144e+02 4.75753281e+00 4.50000000e+01
      vertex 9.91093154e+01 5.34041285e+00 4.50000000e+01
      vertex 1.02092569e+02 6.45882763e+00 6.00000000e+01
    endloop
  endfacet
  facet normal 1.91280138e-01 9.75326089e-01 -1.10231254e-01
    outer loop
      vertex 1.02123144e+02 4.75753281e+00 4.50000000e+01
      vertex 1.02092569e+02 6.45882763e+00 6.00000000e+01
      vertex 1.05014574e+02 5.88576636e+00 6.00000000e+01
    endloop
  endfacet
  facet normal 1.80739456e-01 9.77434275e-01 -1.09341153e-01
    outer loop
      vertex 9.91093154e+01 5.34041285e+00 4.50000000e+01
      vertex 9.60908109e+01 5.89857096e+00 4.50000000e+01
      vertex 9.91659646e+01 7.00791991e+00 6.00000000e+01
    endloop
  endfacet
  facet normal 1.83298618e-01 9.76962377e-01 -1.09298359e-01
    outer loop
      vertex 9.91093154e+01 5.34041285e+00 4.50000000e+01
      vertex 9.91659646e+01 7.00791991e+00 6.00000000e+01
      vertex 1.02092569e+02 6.45882763e+00 6.00000000e+01
    endloop
  endfacet
  facet normal 1.73315578e-01 9.78877886e-01 -1.08442585e-01
    outer loop
      vertex 9.60908109e+01 5.89857096e+00 4.50000000e+01
      vertex 9.30681359e+01 6.43375177e+00 4.50000000e+01
      vertex 9.62352567e+01 7.53473425e+00 6.00000000e+01
    endloop
  endfacet
  facet normal 1.75878158e-01 9.78423465e-01 -1.08417694e-01
    outer loop
      vertex 9.60908109e+01 5.89857096e+00 4.50000000e+01
      vertex 9.62352567e+01 7.53473425e+00 6.00000000e+01
      vertex 9.91659646e+01 7.00791991e+00 6.00000000e+01
    endloop
  endfacet
  facet normal 1.63816760e-01 9.80661488e-01 -1.07084620e-01
    outer loop
      vertex 9.30681359e+01 6.43375177e+00 4.50000000e+01
      vertex 9.00404016e+01 6.93952633e+00 4.50000000e+01
      vertex 9.32995664e+01 8.03303667e+00 6.00000000e+01
    endloop
  endfacet
  facet normal 1.66383677e-01 9.80229937e-01 -1.07078212e-01
    outer loop
      vertex 9.30681359e+01 6.43375177e+00 4.50000000e+01
      vertex 9.32995664e+01 8.03303667e+00 6.00000000e+01
      vertex 9.62352567e+01 7.53473425e+00 6.00000000e+01
    endloop
  endfacet
  facet normal 1.56063867e-01 9.82040924e-01 -1.06017420e-01
    outer loop
      vertex 9.00404016e+01 6.93952633e+00 4.50000000e+01
      vertex 8.70087850e+01 7.42130443e+00 4.50000000e+01
      vertex 9.03600492e+01 8.50807181e+00 6.00000000e+01
    endloop
  endfacet
  facet normal 1.58634109e-01 9.81627767e-01 -1.06028988e-01
    outer loop
      vertex 9.00404016e+01 6.93952633e+00 4.50000000e+01
      vertex 9.03600492e+01 8.50807181e+00 6.00000000e+01
      vertex 9.32995664e+01 8.03303667e+00 6.00000000e+01
    endloop
  endfacet
  facet normal 1.49020002e-01 9.83238580e-01 -1.05047288e-01
    outer loop
      vertex 8.70087850e+01 7.42130443e+00 4.50000000e+01
      vertex 8.39738015e+01 7.88128765e+00 4.50000000e+01
      vertex 8.74172108e+01 8.96197395e+00 6.00000000e+01
    endloop
  endfacet
  facet normal 1.51593129e-01 9.82842016e-01 -1.05076619e-01
    outer loop
      vertex 8.70087850e+01 7.42130443e+00 4.50000000e+01
      vertex 8.74172108e+01 8.96197395e+00 6.00000000e+01
      vertex 9.03600492e+01 8.50807181e+00 6.00000000e+01
    endloop
  endfacet
  facet normal 1.42660838e-01 9.84273660e-01 -1.04178921e-01
    outer loop
      vertex 8.39738015e+01 7.88128765e+00 4.50000000e+01
      vertex 8.09358667e+01 8.32160658e+00 4.50000000e+01
      vertex 8.44714595e+01 9.39680875e+00 6.00000000e+01
    endloop
  endfacet
  facet normal 1.45236451e-01 9.83891943e-01 -1.04225806e-01
    outer loop
      vertex 8.39738015e+01 7.88128765e+00 4.50000000e+01
      vertex 8.44714595e+01 9.39680875e+00 6.00000000e+01
      vertex 8.74172108e+01 8.96197395e+00 6.00000000e+01
    endloop
  endfacet
  facet normal 1.31234070e-01 9.86076427e-01 -1.02131769e-01
    outer loop
      vertex 8.09358667e+01 8.32160658e+00 4.50000000e+01
      vertex 7.78930084e+01 8.72657182e+00 4.50000000e+01
      vertex 8.15208426e+01 9.79736212e+00 6.00000000e+01
    endloop
  endfacet
  facet normal 1.33814250e-01 9.85722779e-01 -1.02197598e-01
    outer loop
      vertex 8.09358667e+01 8.32160658e+00 4.50000000e+01
      vertex 8.15208426e+01 9.79736212e+00 6.00000000e+01
      vertex 8.44714595e+01 9.39680875e+00 6.00000000e+01
    endloop
  endfacet
  facet normal 1.24046479e-01 9.87124334e-01 -1.00985251e-01
    outer loop
      vertex 7.78930084e+01 8.72657182e+00 4.50000000e+01
      vertex 7.48473368e+01 9.10930460e+00 4.50000000e+01
      vertex 7.85674402e+01 1.01763566e+01 6.00000000e+01
    endloop
  endfacet
  facet normal 1.26629256e-01 9.86787778e-01 -1.01068849e-01
    outer loop
      vertex 7.78930084e+01 8.72657182e+00 4.50000000e+01
      vertex 7.85674402e+01 1.01763566e+01 6.00000000e+01
      vertex 8.15208426e+01 9.79736212e+00 6.00000000e+01
    endloop
  endfacet
  facet normal 1.17969320e-01 9.87963694e-01 -1.00054876e-01
    outer loop
      vertex 7.48473368e+01 9.10930460e+00 4.50000000e+01
      vertex 7.17993136e+01 9.47325848e+00 4.50000000e+01
      vertex 7.56117091e+01 1.05371411e+01 6.00000000e+01
    endloop
  endfacet
  facet normal 1.20554164e-01 9.87641375e-01 -1.00155913e-01
    outer loop
      vertex 7.48473368e+01 9.10930460e+00 4.50000000e+01
      vertex 7.56117091e+01 1.05371411e+01 6.00000000e+01
      vertex 7.85674402e+01 1.01763566e+01 6.00000000e+01
    endloop
  endfacet
  facet normal 1.04765817e-01 9.89721605e-01 -9.73409927e-02
    outer loop
      vertex 7.17993136e+01 9.47325848e+00 4.50000000e+01
      vertex 6.87466806e+01 9.79639136e+00 4.50000000e+01
      vertex 7.26514027e+01 1.08583400e+01 6.00000000e+01
    endloop
  endfacet
  facet normal 1.07355269e-01 9.89432225e-01 -9.74613680e-02
    outer loop
      vertex 7.17993136e+01 9.47325848e+00 4.50000000e+01
      vertex 7.26514027e+01 1.08583400e+01 6.00000000e+01
      vertex 7.56117091e+01 1.05371411e+01 6.00000000e+01
    endloop
  endfacet
  facet normal 9.73290803e-02 9.90612859e-01 -9.59854854e-02
    outer loop
      vertex 6.87466806e+01 9.79639136e+00 4.50000000e+01
      vertex 6.56917947e+01 1.00965381e+01 4.50000000e+01
      vertex 6.96888525e+01 1.11572475e+01 6.00000000e+01
    endloop
  endfacet
  facet normal 9.99208238e-02 9.90341392e-01 -9.61236481e-02
    outer loop
      vertex 6.87466806e+01 9.79639136e+00 4.50000000e+01
      vertex 6.96888525e+01 1.11572475e+01 6.00000000e+01
      vertex 7.26514027e+01 1.08583400e+01 6.00000000e+01
    endloop
  endfacet
  facet normal 8.94163745e-02 9.91505169e-01 -9.44574604e-02
    outer loop
      vertex 6.56917947e+01 1.00965381e+01 4.50000000e+01
      vertex 6.26345140e+01 1.03722512e+01 4.50000000e+01
      vertex 6.67239172e+01 1.14324598e+01 6.00000000e+01
    endloop
  endfacet
  facet normal 9.20104502e-02 9.91252927e-01 -9.46134889e-02
    outer loop
      vertex 6.56917947e+01 1.00965381e+01 4.50000000e+01
      vertex 6.67239172e+01 1.14324598e+01 6.00000000e+01
      vertex 6.96888525e+01 1.11572475e+01 6.00000000e+01
    endloop
  endfacet
  facet normal 7.39951832e-02 9.93108650e-01 -9.08841098e-02
    outer loop
      vertex 6.26345140e+01 1.03722512e+01 4.50000000e+01
      vertex 5.95733483e+01 1.06003345e+01 4.50000000e+01
      vertex 6.37550925e+01 1.16614800e+01 6.00000000e+01
    endloop
  endfacet
  facet normal 7.65936438e-02 9.92895516e-01 -9.10599098e-02
    outer loop
      vertex 6.26345140e+01 1.03722512e+01 4.50000000e+01
      vertex 6.37550925e+01 1.16614800e+01 6.00000000e+01
      vertex 6.67239172e+01 1.14324598e+01 6.00000000e+01
    endloop
  endfacet
  facet normal 6.59838819e-02 9.93823985e-01 -8.92189089e-02
    outer loop
      vertex 5.95733483e+01 1.06003345e+01 4.50000000e+01
      vertex 5.65105335e+01 1.08036868e+01 4.50000000e+01
      vertex 6.07846053e+01 1.18665147e+01 6.00000000e+01
    endloop
  endfacet
  facet normal 6.85842821e-02 9.93630510e-01 -8.94125607e-02
    outer loop
      vertex 5.95733483e+01 1.06003345e+01 4.50000000e+01
      vertex 6.07846053e+01 1.18665147e+01 6.00000000e+01
      vertex 6.37550925e+01 1.16614800e+01 6.00000000e+01
    endloop
  endfacet
  facet normal 5.31407921e-02 9.94863852e-01 -8.61508734e-02
    outer loop
      vertex 5.65105335e+01 1.08036868e+01 4.50000000e+01
      vertex 5.34452155e+01 1.09674212e+01 4.50000000e+01
      vertex 5.78115893e+01 1.20331254e+01 6.00000000e+01
    endloop
  endfacet
  facet normal 5.57441245e-02 9.94702941e-01 -8.63634902e-02
    outer loop
      vertex 5.65105335e+01 1.08036868e+01 4.50000000e+01
      vertex 5.78115893e+01 1.20331254e+01 6.00000000e+01
      vertex 6.07846053e+01 1.18665147e+01 6.00000000e+01
    endloop
  endfacet
  facet normal 3.34398160e-02 9.96150916e-01 -8.10254921e-02
    outer loop
      vertex 5.34452155e+01 1.09674212e+01 4.50000000e+01
      vertex 5.03774270e+01 1.10704039e+01 4.50000000e+01
      vertex 5.48360226e+01 1.21408118e+01 6.00000000e+01
    endloop
  endfacet
  facet normal 3.60469290e-02 9.96040990e-01 -8.12586258e-02
    outer loop
      vertex 5.34452155e+01 1.09674212e+01 4.50000000e+01
      vertex 5.48360226e+01 1.21408118e+01 6.00000000e+01
      vertex 5.78115893e+01 1.20331254e+01 6.00000000e+01
    endloop
  endfacet
  facet normal 2.02869089e-02 9.96772049e-01 -7.76783368e-02
    outer loop
      vertex 5.03774270e+01 1.10704039e+01 4.50000000e+01
      vertex 4.73086466e+01 1.11328616e+01 4.50000000e+01
      vertex 5.18593908e+01 1.22091904e+01 6.00000000e+01
    endloop
  endfacet
  facet normal 2.28959279e-02 9.96695862e-01 -7.79303175e-02
    outer loop
      vertex 5.03774270e+01 1.10704039e+01 4.50000000e+01
      vertex 5.18593908e+01 1.22091904e+01 6.00000000e+01
      vertex 5.48360226e+01 1.21408118e+01 6.00000000e+01
    endloop
  endfacet
  facet normal -3.02498933e-03 9.97459356e-01 -7.11736070e-02
    outer loop
      vertex 4.73086466e+01 1.11328616e+01 4.50000000e+01
      vertex 4.42389729e+01 1.11235522e+01 4.50000000e+01
      vertex 4.88817102e+01 1.22079556e+01 6.00000000e+01
    endloop
  endfacet
  facet normal -4.13631368e-04 9.97444356e-01 -7.14463874e-02
    outer loop
      vertex 4.73086466e+01 1.11328616e+01 4.50000000e+01
      vertex 4.88817102e+01 1.22079556e+01 6.00000000e+01
      vertex 5.18593908e+01 1.22091904e+01 6.00000000e+01
    endloop
  endfacet
  facet normal -2.84816301e-02 9.97554921e-01 -6.38198732e-02
    outer loop
      vertex 4.42389729e+01 1.11235522e+01 4.50000000e+01
      vertex 4.11708471e+01 1.10359528e+01 4.50000000e+01
      vertex 4.59053324e+01 1.21307737e+01 6.00000000e+01
    endloop
  endfacet
  facet normal -2.58694548e-02 9.97607248e-01 -6.41135751e-02
    outer loop
      vertex 4.42389729e+01 1.11235522e+01 4.50000000e+01
      vertex 4.59053324e+01 1.21307737e+01 6.00000000e+01
      vertex 4.88817102e+01 1.22079556e+01 6.00000000e+01
    endloop
  endfacet
  facet normal -4.91120205e-02 9.97119712e-01 -5.77952446e-02
    outer loop
      vertex 4.11708471e+01 1.10359528e+01 4.50000000e+01
      vertex 3.81053426e+01 1.08849648e+01 4.50000000e+01
      vertex 4.29313363e+01 1.19920966e+01 6.00000000e+01
    endloop
  endfacet
  facet normal -4.65005547e-02 9.97226701e-01 -5.81085616e-02
    outer loop
      vertex 4.11708471e+01 1.10359528e+01 4.50000000e+01
      vertex 4.29313363e+01 1.19920966e+01 6.00000000e+01
      vertex 4.59053324e+01 1.21307737e+01 6.00000000e+01
    endloop
  endfacet
  facet normal -7.35500095e-02 9.96018678e-01 -5.03705108e-02
    outer loop
      vertex 3.81053426e+01 1.08849648e+01 4.50000000e+01
      vertex 3.50440236e+01 1.06589047e+01 4.50000000e+01
      vertex 3.99612095e+01 1.17805872e+01 6.00000000e+01
    endloop
  endfacet
  facet normal -7.09409924e-02 9.96191006e-01 -5.07035994e-02
    outer loop
      vertex 3.81053426e+01 1.08849648e+01 4.50000000e+01
      vertex 3.99612095e+01 1.17805872e+01 6.00000000e+01
      vertex 4.29313363e+01 1.19920966e+01 6.00000000e+01
    endloop
  endfacet
  facet normal -1.13389301e-01 9.92839205e-01 -3.75922756e-02
    outer loop
      vertex 3.50440236e+01 1.06589047e+01 4.50000000e+01
      vertex 3.19941614e+01 1.03105888e+01 4.50000000e+01
      vertex 3.70018857e+01 1.14504576e+01 6.00000000e+01
    endloop
  endfacet
  facet normal -1.10788183e-01 9.93119347e-01 -3.79465673e-02
    outer loop
      vertex 3.50440236e+01 1.06589047e+01 4.50000000e+01
      vertex 3.70018857e+01 1.14504576e+01 6.00000000e+01
      vertex 3.99612095e+01 1.17805872e+01 6.00000000e+01
    endloop
  endfacet
  facet normal -1.48192771e-01 9.88612138e-01 -2.61714092e-02
    outer loop
      vertex 3.19941614e+01 1.03105888e+01 4.50000000e+01
      vertex 2.89589295e+01 9.85560807e+00 4.50000000e+01
      vertex 3.40564826e+01 1.10168235e+01 6.00000000e+01
    endloop
  endfacet
  facet normal -1.45602650e-01 9.88986968e-01 -2.65451677e-02
    outer loop
      vertex 3.19941614e+01 1.03105888e+01 4.50000000e+01
      vertex 3.40564826e+01 1.10168235e+01 6.00000000e+01
      vertex 3.70018857e+01 1.14504576e+01 6.00000000e+01
    endloop
  endfacet
  facet normal -1.91362159e-01 9.81452522e-01 -1.14661105e-02
    outer loop
      vertex 2.89589295e+01 9.85560807e+00 4.50000000e+01
      vertex 2.59469089e+01 9.26832876e+00 4.50000000e+01
      vertex 3.11332592e+01 1.04547976e+01 6.00000000e+01
    endloop
  endfacet
  facet normal -1.88791205e-01 9.81945649e-01 -1.18584823e-02
    outer loop
      vertex 2.89589295e+01 9.85560807e+00 4.50000000e+01
      vertex 3.11332592e+01 1.04547976e+01 6.00000000e+01
      vertex 3.40564826e+01 1.10168235e+01 6.00000000e+01
    endloop
  endfacet
  facet normal -2.48175463e-01 9.68676311e-01 8.66859295e-03
    outer loop
      vertex 2.59469089e+01 9.26832876e+00 4.50000000e+01
      vertex 2.29746078e+01 8.50682339e+00 4.50000000e+01
      vertex 2.82481221e+01 9.72366741e+00 6.00000000e+01
    endloop
  endfacet
  facet normal -2.45639477e-01 9.69326066e-01 8.25981269e-03
    outer loop
      vertex 2.59469089e+01 9.26832876e+00 4.50000000e+01
      vertex 2.82481221e+01 9.72366741e+00 6.00000000e+01
      vertex 3.11332592e+01 1.04547976e+01 6.00000000e+01
    endloop
  endfacet
  facet normal -3.27024030e-01 9.44257686e-01 3.78511037e-02
    outer loop
      vertex 2.29746078e+01 8.50682339e+00 4.50000000e+01
      vertex 2.00757823e+01 7.50287542e+00 4.50000000e+01
      vertex 2.54336425e+01 8.75717549e+00 6.00000000e+01
    endloop
  endfacet
  facet normal -3.24555978e-01 9.45125527e-01 3.74320177e-02
    outer loop
      vertex 2.29746078e+01 8.50682339e+00 4.50000000e+01
      vertex 2.54336425e+01 8.75717549e+00 6.00000000e+01
      vertex 2.82481221e+01 9.72366741e+00 6.00000000e+01
    endloop
  endfacet
  facet normal -4.98588869e-01 8.60378502e-01 1.05631306e-01
    outer loop
      vertex 2.00757823e+01 7.50287542e+00 4.50000000e+01
      vertex 1.74283497e+01 5.96868971e+00 4.50000000e+01
      vertex 2.28616735e+01 7.27570186e+00 6.00000000e+01
    endloop
  endfacet
  facet normal -4.96355575e-01 8.61717100e-01 1.05236798e-01
    outer loop
      vertex 2.00757823e+01 7.50287542e+00 4.50000000e+01
      vertex 2.28616735e+01 7.27570186e+00 6.00000000e+01
      vertex 2.54336425e+01 8.75717549e+00 6.00000000e+01
    endloop
  endfacet
  facet normal -9.17133607e-01 2.50624086e-01 3.09925013e-01
    outer loop
      vertex 1.74283497e+01 5.96868971e+00 4.50000000e+01
      vertex 1.67034324e+01 3.31592766e+00 4.50000000e+01
      vertex 2.21517496e+01 4.70430016e+00 6.00000000e+01
    endloop
  endfacet
  facet normal -9.16475833e-01 2.53024689e-01 3.09920238e-01
    outer loop
      vertex 1.74283497e+01 5.96868971e+00 4.50000000e+01
      vertex 2.21517496e+01 4.70430016e+00 6.00000000e+01
      vertex 2.28616735e+01 7.27570186e+00 6.00000000e+01
    endloop
  endfacet
  facet normal -4.84794290e-01 -8.37211996e-01 2.53082143e-01
    outer loop
      vertex 1.67034324e+01 3.31592766e+00 4.50000000e+01
      vertex 1.93251133e+01 1.79782237e+00 4.50000000e+01
      vertex 2.46909875e+01 3.22504389e+00 6.00000000e+01
    endloop
  endfacet
  facet normal -4.86839482e-01 -8.35691108e-01 2.54180431e-01
    outer loop
      vertex 1.67034324e+01 3.31592766e+00 4.50000000e+01
      vertex 2.46909875e+01 3.22504389e+00 6.00000000e+01
      vertex 2.21517496e+01 4.70430016e+00 6.00000000e+01
    endloop
  endfacet
  facet normal -2.36442262e-01 -9.55754726e-01 1.75008460e-01
    outer loop
      vertex 1.93251133e+01 1.79782237e+00 4.50000000e+01
      vertex 2.23014820e+01 1.06150445e+00 4.50000000e+01
      vertex 2.75762664e+01 2.50323933e+00 6.00000000e+01
    endloop
  endfacet
  facet normal -2.38887099e-01 -9.54906557e-01 1.76313420e-01
    outer loop
      vertex 1.93251133e+01 1.79782237e+00 4.50000000e+01
      vertex 2.75762664e+01 2.50323933e+00 6.00000000e+01
      vertex 2.46909875e+01 3.22504389e+00 6.00000000e+01
    endloop
  endfacet
  facet normal -1.43214516e-01 -9.79165418e-01 1.43960711e-01
    outer loop
      vertex 2.23014820e+01 1.06150445e+00 4.50000000e+01
      vertex 2.53379268e+01 6.17388511e-01 4.50000000e+01
      vertex 3.05205627e+01 2.06472513e+00 6.00000000e+01
    endloop
  endfacet
  facet normal -1.45748401e-01 -9.78591940e-01 1.45310769e-01
    outer loop
      vertex 2.23014820e+01 1.06150445e+00 4.50000000e+01
      vertex 3.05205627e+01 2.06472513e+00 6.00000000e+01
      vertex 2.75762664e+01 2.50323933e+00 6.00000000e+01
    endloop
  endfacet
  facet normal -8.71493956e-02 -9.88327100e-01 1.24958095e-01
    outer loop
      vertex 2.53379268e+01 6.17388511e-01 4.50000000e+01
      vertex 2.83956427e+01 3.47763101e-01 4.50000000e+01
      vertex 3.34859356e+01 1.79541689e+00 6.00000000e+01
    endloop
  endfacet
  facet normal -8.97208915e-02 -9.87923380e-01 1.26323226e-01
    outer loop
      vertex 2.53379268e+01 6.17388511e-01 4.50000000e+01
      vertex 3.34859356e+01 1.79541689e+00 6.00000000e+01
      vertex 3.05205627e+01 2.06472513e+00 6.00000000e+01
    endloop
  endfacet
  facet normal -5.13463088e-02 -9.92304263e-01 1.12675664e-01
    outer loop
      vertex 2.83956427e+01 3.47763101e-01 4.50000000e+01
      vertex 3.14611957e+01 1.89137532e-01 4.50000000e+01
      vertex 3.64591925e+01 1.63376125e+00 6.00000000e+01
    endloop
  endfacet
  facet normal -5.39355107e-02 -9.92010734e-01 1.14042376e-01
    outer loop
      vertex 2.83956427e+01 3.47763101e-01 4.50000000e+01
      vertex 3.64591925e+01 1.63376125e+00 6.00000000e+01
      vertex 3.34859356e+01 1.79541689e+00 6.00000000e+01
    endloop
  endfacet
  facet normal -2.72574194e-02 -9.94171012e-01 1.04312186e-01
    outer loop
      vertex 3.14611957e+01 1.89137532e-01 4.50000000e+01
      vertex 3.45296157e+01 1.05009943e-01 4.50000000e+01
      vertex 3.94354196e+01 1.54436316e+00 6.00000000e+01
    endloop
  endfacet
  facet normal -2.98557407e-02 -9.93952560e-01 1.05673756e-01
    outer loop
      vertex 3.14611957e+01 1.89137532e-01 4.50000000e+01
      vertex 3.94354196e+01 1.54436316e+00 6.00000000e+01
      vertex 3.64591925e+01 1.63376125e+00 6.00000000e+01
    endloop
  endfacet
  facet normal -1.04030690e-02 -9.95095389e-01 9.83714521e-02
    outer loop
      vertex 3.45296157e+01 1.05009943e-01 4.50000000e+01
      vertex 3.75989976e+01 7.29215702e-02 4.50000000e+01
      vertex 4.24127120e+01 1.50544190e+00 6.00000000e+01
    endloop
  endfacet
  facet normal -1.30064239e-02 -9.94930108e-01 9.97241876e-02
    outer loop
      vertex 3.45296157e+01 1.05009943e-01 4.50000000e+01
      vertex 4.24127120e+01 1.50544190e+00 6.00000000e+01
      vertex 3.94354196e+01 1.54436316e+00 6.00000000e+01
    endloop
  endfacet
  facet normal 1.65582962e-03 -9.95568050e-01 9.40293317e-02
    outer loop
      vertex 3.75989976e+01 7.29215702e-02 4.50000000e+01
      vertex 4.06686040e+01 7.80269422e-02 4.50000000e+01
      vertex 4.53903167e+01 1.50259890e+00 6.00000000e+01
    endloop
  endfacet
  facet normal -9.50442272e-04 -9.95441343e-01 9.53710081e-02
    outer loop
      vertex 3.75989976e+01 7.29215702e-02 4.50000000e+01
      vertex 4.53903167e+01 1.50259890e+00 6.00000000e+01
      vertex 4.24127120e+01 1.50544190e+00 6.00000000e+01
    endloop
  endfacet
  facet normal 1.07038492e-02 -9.95821853e-01 9.06877316e-02
    outer loop
      vertex 4.06686040e+01 7.80269422e-02 4.50000000e+01
      vertex 4.37381128e+01 1.11020353e-01 4.50000000e+01
      vertex 4.83678974e+01 1.52680821e+00 6.00000000e+01
    endloop
  endfacet
  facet normal 8.09576854e-03 -9.95724523e-01 9.20170228e-02
    outer loop
      vertex 4.06686040e+01 7.80269422e-02 4.50000000e+01
      vertex 4.83678974e+01 1.52680821e+00 6.00000000e+01
      vertex 4.53903167e+01 1.50259890e+00 6.00000000e+01
    endloop
  endfacet
  facet normal 2.09428001e-02 -9.95985949e-01 8.70252131e-02
    outer loop
      vertex 4.37381128e+01 1.11020353e-01 4.50000000e+01
      vertex 4.68071222e+01 1.75553040e-01 4.50000000e+01
      vertex 5.13450739e+01 1.58161264e+00 6.00000000e+01
    endloop
  endfacet
  facet normal 1.83331123e-02 -9.95921446e-01 8.83423421e-02
    outer loop
      vertex 4.37381128e+01 1.11020353e-01 4.50000000e+01
      vertex 5.13450739e+01 1.58161264e+00 6.00000000e+01
      vertex 4.83678974e+01 1.52680821e+00 6.00000000e+01
    endloop
  endfacet
  facet normal 2.46157696e-02 -9.96042491e-01 8.54015278e-02
    outer loop
      vertex 4.68071222e+01 1.75553040e-01 4.50000000e+01
      vertex 4.98758574e+01 2.51392454e-01 4.50000000e+01
      vertex 5.43220130e+01 1.64738557e+00 6.00000000e+01
    endloop
  endfacet
  facet normal 2.20055698e-02 -9.95991035e-01 8.67041699e-02
    outer loop
      vertex 4.68071222e+01 1.75553040e-01 4.50000000e+01
      vertex 5.43220130e+01 1.64738557e+00 6.00000000e+01
      vertex 5.13450739e+01 1.58161264e+00 6.00000000e+01
    endloop
  endfacet
  facet normal 2.78733585e-02 -9.96082431e-01 8.39217930e-02
    outer loop
      vertex 4.98758574e+01 2.51392454e-01 4.50000000e+01
      vertex 5.29443397e+01 3.37257744e-01 4.50000000e+01
      vertex 5.72987323e+01 1.72288447e+00 6.00000000e+01
    endloop
  endfacet
  facet normal 2.52627567e-02 -9.96042714e-01 8.52097749e-02
    outer loop
      vertex 4.98758574e+01 2.51392454e-01 4.50000000e+01
      vertex 5.72987323e+01 1.72288447e+00 6.00000000e+01
      vertex 5.43220130e+01 1.64738557e+00 6.00000000e+01
    endloop
  endfacet
  facet normal 3.34914879e-02 -9.96088060e-01 8.17734481e-02
    outer loop
      vertex 5.29443397e+01 3.37257744e-01 4.50000000e+01
      vertex 5.60122938e+01 4.40411623e-01 4.50000000e+01
      vertex 6.02749831e+01 1.81515507e+00 6.00000000e+01
    endloop
  endfacet
  facet normal 3.08803591e-02 -9.96067027e-01 8.30474594e-02
    outer loop
      vertex 5.29443397e+01 3.37257744e-01 4.50000000e+01
      vertex 6.02749831e+01 1.81515507e+00 6.00000000e+01
      vertex 5.72987323e+01 1.72288447e+00 6.00000000e+01
    endloop
  endfacet
  facet normal 3.77151677e-02 -9.96076758e-01 8.00540990e-02
    outer loop
      vertex 5.60122938e+01 4.40411623e-01 4.50000000e+01
      vertex 5.90797606e+01 5.56557317e-01 4.50000000e+01
      vertex 6.32507943e+01 1.92002927e+00 6.00000000e+01
    endloop
  endfacet
  facet normal 3.51037276e-02 -9.96070188e-01 8.13136450e-02
    outer loop
      vertex 5.60122938e+01 4.40411623e-01 4.50000000e+01
      vertex 6.32507943e+01 1.92002927e+00 6.00000000e+01
      vertex 6.02749831e+01 1.81515507e+00 6.00000000e+01
    endloop
  endfacet
  facet normal 4.12258252e-02 -9.96056763e-01 7.85579802e-02
    outer loop
      vertex 5.90797606e+01 5.56557317e-01 4.50000000e+01
      vertex 6.21468225e+01 6.83500040e-01 4.50000000e+01
      vertex 6.62262401e+01 2.03537787e+00 6.00000000e+01
    endloop
  endfacet
  facet normal 3.86141861e-02 -9.96062476e-01 7.98028118e-02
    outer loop
      vertex 5.90797606e+01 5.56557317e-01 4.50000000e+01
      vertex 6.62262401e+01 2.03537787e+00 6.00000000e+01
      vertex 6.32507943e+01 1.92002927e+00 6.00000000e+01
    endloop
  endfacet
  facet normal 4.66733666e-02 -9.95972684e-01 7.65507051e-02
    outer loop
      vertex 6.21468225e+01 6.83500040e-01 4.50000000e+01
      vertex 6.52131448e+01 8.27194327e-01 4.50000000e+01
      vertex 6.92010110e+01 2.16697777e+00 6.00000000e+01
    endloop
  endfacet
  facet normal 4.40615498e-02 -9.95996308e-01 7.77813247e-02
    outer loop
      vertex 6.21468225e+01 6.83500040e-01 4.50000000e+01
      vertex 6.92010110e+01 2.16697777e+00 6.00000000e+01
      vertex 6.62262401e+01 2.03537787e+00 6.00000000e+01
    endloop
  endfacet
  facet normal 4.84701520e-02 -9.95962975e-01 7.55539324e-02
    outer loop
      vertex 6.52131448e+01 8.27194327e-01 4.50000000e+01
      vertex 6.82791977e+01 9.76408760e-01 4.50000000e+01
      vertex 7.21755346e+01 2.30393303e+00 6.00000000e+01
    endloop
  endfacet
  facet normal 4.58582941e-02 -9.95993722e-01 7.67692776e-02
    outer loop
      vertex 6.52131448e+01 8.27194327e-01 4.50000000e+01
      vertex 7.21755346e+01 2.30393303e+00 6.00000000e+01
      vertex 6.92010110e+01 2.16697777e+00 6.00000000e+01
    endloop
  endfacet
  facet normal 5.07500296e-02 -9.95933230e-01 7.44408277e-02
    outer loop
      vertex 6.82791977e+01 9.76408760e-01 4.50000000e+01
      vertex 7.13449078e+01 1.13262895e+00 4.50000000e+01
      vertex 7.51497434e+01 2.44768492e+00 6.00000000e+01
    endloop
  endfacet
  facet normal 4.81381513e-02 -9.95972467e-01 7.56410116e-02
    outer loop
      vertex 6.82791977e+01 9.76408760e-01 4.50000000e+01
      vertex 7.51497434e+01 2.44768492e+00 6.00000000e+01
      vertex 7.21755346e+01 2.30393303e+00 6.00000000e+01
    endloop
  endfacet
  facet normal 5.32738951e-02 -9.95887633e-01 7.32783320e-02
    outer loop
      vertex 7.13449078e+01 1.13262895e+00 4.50000000e+01
      vertex 7.44102117e+01 1.29660395e+00 4.50000000e+01
      vertex 7.81235780e+01 2.59896018e+00 6.00000000e+01
    endloop
  endfacet
  facet normal 5.06620282e-02 -9.95936023e-01 7.44633946e-02
    outer loop
      vertex 7.13449078e+01 1.13262895e+00 4.50000000e+01
      vertex 7.81235780e+01 2.59896018e+00 6.00000000e+01
      vertex 7.51497434e+01 2.44768492e+00 6.00000000e+01
    endloop
  endfacet
  facet normal 5.42807325e-02 -9.95889437e-01 7.25109037e-02
    outer loop
      vertex 7.44102117e+01 1.29660395e+00 4.50000000e+01
      vertex 7.74753488e+01 1.46366857e+00 4.50000000e+01
      vertex 8.10972585e+01 2.75323287e+00 6.00000000e+01
    endloop
  endfacet
  facet normal 5.16688761e-02 -9.95942529e-01 7.36804331e-02
    outer loop
      vertex 7.44102117e+01 1.29660395e+00 4.50000000e+01
      vertex 8.10972585e+01 2.75323287e+00 6.00000000e+01
      vertex 7.81235780e+01 2.59896018e+00 6.00000000e+01
    endloop
  endfacet
  facet normal 5.54136831e-02 -9.95884418e-01 7.17185448e-02
    outer loop
      vertex 7.74753488e+01 1.46366857e+00 4.50000000e+01
      vertex 8.05402955e+01 1.63421043e+00 4.50000000e+01
      vertex 8.40707633e+01 2.91087906e+00 6.00000000e+01
    endloop
  endfacet
  facet normal 5.28018483e-02 -9.95942546e-01 7.28725619e-02
    outer loop
      vertex 7.74753488e+01 1.46366857e+00 4.50000000e+01
      vertex 8.40707633e+01 2.91087906e+00 6.00000000e+01
      vertex 8.10972585e+01 2.75323287e+00 6.00000000e+01
    endloop
  endfacet
  facet normal 5.65620177e-02 -9.95876392e-01 7.09291907e-02
    outer loop
      vertex 8.05402955e+01 1.63421043e+00 4.50000000e+01
      vertex 8.36050440e+01 1.80827657e+00 4.50000000e+01
      vertex 8.70440846e+01 3.07194438e+00 6.00000000e+01
    endloop
  endfacet
  facet normal 5.39502142e-02 -9.95939568e-01 7.20676873e-02
    outer loop
      vertex 8.05402955e+01 1.63421043e+00 4.50000000e+01
      vertex 8.70440846e+01 3.07194438e+00 6.00000000e+01
      vertex 8.40707633e+01 2.91087906e+00 6.00000000e+01
    endloop
  endfacet
  facet normal 5.70533260e-02 -9.95893013e-01 7.02995321e-02
    outer loop
      vertex 8.36050440e+01 1.80827657e+00 4.50000000e+01
      vertex 8.66697066e+01 1.98384683e+00 4.50000000e+01
      vertex 9.00173265e+01 3.23446895e+00 6.00000000e+01
    endloop
  endfacet
  facet normal 5.44415380e-02 -9.95959321e-01 7.14223380e-02
    outer loop
      vertex 8.36050440e+01 1.80827657e+00 4.50000000e+01
      vertex 9.00173265e+01 3.23446895e+00 6.00000000e+01
      vertex 8.70440846e+01 3.07194438e+00 6.00000000e+01
    endloop
  endfacet
  facet normal 5.76036853e-02 -9.95906314e-01 6.96593745e-02
    outer loop
      vertex 8.66697066e+01 1.98384683e+00 4.50000000e+01
      vertex 8.97342721e+01 2.16110273e+00 4.50000000e+01
      vertex 9.29904786e+01 3.39862888e+00 6.00000000e+01
    endloop
  endfacet
  facet normal 5.49919182e-02 -9.95975899e-01 7.07664967e-02
    outer loop
      vertex 8.66697066e+01 1.98384683e+00 4.50000000e+01
      vertex 9.29904786e+01 3.39862888e+00 6.00000000e+01
      vertex 9.00173265e+01 3.23446895e+00 6.00000000e+01
    endloop
  endfacet
  facet normal 5.83461216e-02 -9.95910377e-01 6.89800765e-02
    outer loop
      vertex 8.97342721e+01 2.16110273e+00 4.50000000e+01
      vertex 9.27987054e+01 2.34063474e+00 4.50000000e+01
      vertex 9.59635081e+01 3.56499703e+00 6.00000000e+01
    endloop
  endfacet
  facet normal 5.57343872e-02 -9.95983763e-01 7.00715522e-02
    outer loop
      vertex 8.97342721e+01 2.16110273e+00 4.50000000e+01
      vertex 9.59635081e+01 3.56499703e+00 6.00000000e+01
      vertex 9.29904786e+01 3.39862888e+00 6.00000000e+01
    endloop
  endfacet
  facet normal 5.91727812e-02 -9.95909361e-01 6.82870896e-02
    outer loop
      vertex 9.27987054e+01 2.34063474e+00 4.50000000e+01
      vertex 9.58629891e+01 2.52270170e+00 4.50000000e+01
      vertex 9.89363990e+01 3.73382452e+00 6.00000000e+01
    endloop
  endfacet
  facet normal 5.65610887e-02 -9.95986761e-01 6.93629297e-02
    outer loop
      vertex 9.27987054e+01 2.34063474e+00 4.50000000e+01
      vertex 9.89363990e+01 3.73382452e+00 6.00000000e+01
      vertex 9.59635081e+01 3.56499703e+00 6.00000000e+01
    endloop
  endfacet
  facet normal 6.00229531e-02 -9.95905761e-01 6.75940897e-02
    outer loop
      vertex 9.58629891e+01 2.52270170e+00 4.50000000e+01
      vertex 9.89271167e+01 2.70737579e+00 4.50000000e+01
      vertex 1.01909145e+02 3.90518138e+00 6.00000000e+01
    endloop
  endfacet
  facet normal 5.74113092e-02 -9.95987214e-01 6.86542906e-02
    outer loop
      vertex 9.58629891e+01 2.52270170e+00 4.50000000e+01
      vertex 1.01909145e+02 3.90518138e+00 6.00000000e+01
      vertex 9.89363990e+01 3.73382452e+00 6.00000000e+01
    endloop
  endfacet
  facet normal 6.08485183e-02 -9.95901783e-01 6.69111101e-02
    outer loop
      vertex 9.89271167e+01 2.70737579e+00 4.50000000e+01
      vertex 1.01991091e+02 2.89458127e+00 4.50000000e+01
      vertex 1.04881748e+02 4.07899415e+00 6.00000000e+01
    endloop
  endfacet
  facet normal 5.82369271e-02 -9.95987193e-01 6.79556577e-02
    outer loop
      vertex 9.89271167e+01 2.70737579e+00 4.50000000e+01
      vertex 1.04881748e+02 4.07899415e+00 6.00000000e+01
      vertex 1.01909145e+02 3.90518138e+00 6.00000000e+01
    endloop
  endfacet
  facet normal 6.21434151e-02 -9.95873283e-01 6.61407549e-02
    outer loop
      vertex 1.01991091e+02 2.89458127e+00 4.50000000e+01
      vertex 1.05054818e+02 3.08576073e+00 4.50000000e+01
      vertex 1.07854123e+02 4.25666239e+00 6.00000000e+01
    endloop
  endfacet
  facet normal 5.95319135e-02 -9.95963944e-01 6.71697420e-02
    outer loop
      vertex 1.01991091e+02 2.89458127e+00 4.50000000e+01
      vertex 1.07854123e+02 4.25666239e+00 6.00000000e+01
      vertex 1.04881748e+02 4.07899415e+00 6.00000000e+01
    endloop
  endfacet
  facet normal 1.36932401e-01 -9.89259346e-01 5.11415999e-02
    outer loop
      vertex 1.05054818e+02 3.08576073e+00 4.50000000e+01
      vertex 1.08134786e+02 3.51208709e+00 4.50000000e+01
      vertex 1.10842848e+02 4.66238751e+00 6.00000000e+01
    endloop
  endfacet
  facet normal 1.34334865e-01 -9.89561441e-01 5.21756604e-02
    outer loop
      vertex 1.05054818e+02 3.08576073e+00 4.50000000e+01
      vertex 1.10842848e+02 4.66238751e+00 6.00000000e+01
      vertex 1.07854123e+02 4.25666239e+00 6.00000000e+01
    endloop
  endfacet
  facet normal 2.08145445e-01 9.71516404e-01 -1.13275554e-01
    outer loop
      vertex 1.10842848e+02 4.66238751e+00 6.00000000e+01
      vertex 1.07931255e+02 5.28619051e+00 6.00000000e+01
      vertex 1.10730512e+02 6.43540503e+00 7.50000000e+01
    endloop
  endfacet
  facet normal 2.10690153e-01 9.70977370e-01 -1.13192782e-01
    outer loop
      vertex 1.10842848e+02 4.66238751e+00 6.00000000e+01
      vertex 1.10730512e+02 6.43540503e+00 7.50000000e+01
      vertex 1.13550548e+02 5.82349192e+00 7.50000000e+01
    endloop
  endfacet
  facet normal 2.00081216e-01 9.73309736e-01 -1.12408476e-01
    outer loop
      vertex 1.07931255e+02 5.28619051e+00 6.00000000e+01
      vertex 1.05014574e+02 5.88576636e+00 6.00000000e+01
      vertex 1.07905484e+02 7.02385257e+00 7.50000000e+01
    endloop
  endfacet
  facet normal 2.02630136e-01 9.72789744e-01 -1.12343859e-01
    outer loop
      vertex 1.07931255e+02 5.28619051e+00 6.00000000e+01
      vertex 1.07905484e+02 7.02385257e+00 7.50000000e+01
      vertex 1.10730512e+02 6.43540503e+00 7.50000000e+01
    endloop
  endfacet
  facet normal 1.91256097e-01 9.75203505e-01 -1.11351830e-01
    outer loop
      vertex 1.05014574e+02 5.88576636e+00 6.00000000e+01
      vertex 1.02092569e+02 6.45882763e+00 6.00000000e+01
      vertex 1.05075229e+02 7.58661840e+00 7.50000000e+01
    endloop
  endfacet
  facet normal 1.93809526e-01 9.74704538e-01 -1.11305577e-01
    outer loop
      vertex 1.05014574e+02 5.88576636e+00 6.00000000e+01
      vertex 1.05075229e+02 7.58661840e+00 7.50000000e+01
      vertex 1.07905484e+02 7.02385257e+00 7.50000000e+01
    endloop
  endfacet
  facet normal 1.83276392e-01 9.76843913e-01 -1.10389014e-01
    outer loop
      vertex 1.02092569e+02 6.45882763e+00 6.00000000e+01
      vertex 9.91659646e+01 7.00791991e+00 6.00000000e+01
      vertex 1.02240456e+02 8.12616761e+00 7.50000000e+01
    endloop
  endfacet
  facet normal 1.85833717e-01 9.76363820e-01 -1.10360862e-01
    outer loop
      vertex 1.02092569e+02 6.45882763e+00 6.00000000e+01
      vertex 1.02240456e+02 8.12616761e+00 7.50000000e+01
      vertex 1.05075229e+02 7.58661840e+00 7.50000000e+01
    endloop
  endfacet
  facet normal 1.75857593e-01 9.78309061e-01 -1.09478255e-01
    outer loop
      vertex 9.91659646e+01 7.00791991e+00 6.00000000e+01
      vertex 9.62352567e+01 7.53473425e+00 6.00000000e+01
      vertex 9.94016503e+01 8.64413772e+00 7.50000000e+01
    endloop
  endfacet
  facet normal 1.78418396e-01 9.77846423e-01 -1.09468026e-01
    outer loop
      vertex 9.91659646e+01 7.00791991e+00 6.00000000e+01
      vertex 9.94016503e+01 8.64413772e+00 7.50000000e+01
      vertex 1.02240456e+02 8.12616761e+00 7.50000000e+01
    endloop
  endfacet
  facet normal 1.66365007e-01 9.80119949e-01 -1.08109064e-01
    outer loop
      vertex 9.62352567e+01 7.53473425e+00 6.00000000e+01
      vertex 9.32995664e+01 8.03303667e+00 6.00000000e+01
      vertex 9.65579435e+01 9.13448964e+00 7.50000000e+01
    endloop
  endfacet
  facet normal 1.68930229e-01 9.79680161e-01 -1.08117345e-01
    outer loop
      vertex 9.62352567e+01 7.53473425e+00 6.00000000e+01
      vertex 9.65579435e+01 9.13448964e+00 7.50000000e+01
      vertex 9.94016503e+01 8.64413772e+00 7.50000000e+01
    endloop
  endfacet
  facet normal 1.58617005e-01 9.81521925e-01 -1.07029697e-01
    outer loop
      vertex 9.32995664e+01 8.03303667e+00 6.00000000e+01
      vertex 9.03600492e+01 8.50807181e+00 6.00000000e+01
      vertex 9.37104691e+01 9.60230299e+00 7.50000000e+01
    endloop
  endfacet
  facet normal 1.61185618e-01 9.81100512e-01 -1.07055974e-01
    outer loop
      vertex 9.32995664e+01 8.03303667e+00 6.00000000e+01
      vertex 9.37104691e+01 9.60230299e+00 7.50000000e+01
      vertex 9.65579435e+01 9.13448964e+00 7.50000000e+01
    endloop
  endfacet
  facet normal 1.51577426e-01 9.82740209e-01 -1.06046997e-01
    outer loop
      vertex 9.03600492e+01 8.50807181e+00 6.00000000e+01
      vertex 8.74172108e+01 8.96197395e+00 6.00000000e+01
      vertex 9.08597224e+01 1.00496448e+01 7.50000000e+01
    endloop
  endfacet
  facet normal 1.54148983e-01 9.82335370e-01 -1.06091054e-01
    outer loop
      vertex 9.03600492e+01 8.50807181e+00 6.00000000e+01
      vertex 9.08597224e+01 1.00496448e+01 7.50000000e+01
      vertex 9.37104691e+01 9.60230299e+00 7.50000000e+01
    endloop
  endfacet
  facet normal 1.45222002e-01 9.83794058e-01 -1.05165689e-01
    outer loop
      vertex 8.74172108e+01 8.96197395e+00 6.00000000e+01
      vertex 8.44714595e+01 9.39680875e+00 6.00000000e+01
      vertex 8.80061046e+01 1.04785159e+01 7.50000000e+01
    endloop
  endfacet
  facet normal 1.47796100e-01 9.83404050e-01 -1.05227316e-01
    outer loop
      vertex 8.74172108e+01 8.96197395e+00 6.00000000e+01
      vertex 8.80061046e+01 1.04785159e+01 7.50000000e+01
      vertex 9.08597224e+01 1.00496448e+01 7.50000000e+01
    endloop
  endfacet
  facet normal 1.33801613e-01 9.85629693e-01 -1.03107889e-01
    outer loop
      vertex 8.44714595e+01 9.39680875e+00 6.00000000e+01
      vertex 8.15208426e+01 9.79736212e+00 6.00000000e+01
      vertex 8.51476845e+01 1.08741773e+01 7.50000000e+01
    endloop
  endfacet
  facet normal 1.36380378e-01 9.85267744e-01 -1.03188495e-01
    outer loop
      vertex 8.44714595e+01 9.39680875e+00 6.00000000e+01
      vertex 8.51476845e+01 1.08741773e+01 7.50000000e+01
      vertex 8.80061046e+01 1.04785159e+01 7.50000000e+01
    endloop
  endfacet
  facet normal 1.26617829e-01 9.86698734e-01 -1.01948680e-01
    outer loop
      vertex 8.15208426e+01 9.79736212e+00 6.00000000e+01
      vertex 7.85674402e+01 1.01763566e+01 6.00000000e+01
      vertex 8.22865103e+01 1.12489531e+01 7.50000000e+01
    endloop
  endfacet
  facet normal 1.29199253e-01 9.86353865e-01 -1.02047074e-01
    outer loop
      vertex 8.15208426e+01 9.79736212e+00 6.00000000e+01
      vertex 8.22865103e+01 1.12489531e+01 7.50000000e+01
      vertex 8.51476845e+01 1.08741773e+01 7.50000000e+01
    endloop
  endfacet
  facet normal 1.20543763e-01 9.87556164e-01 -1.01005067e-01
    outer loop
      vertex 7.85674402e+01 1.01763566e+01 6.00000000e+01
      vertex 7.56117091e+01 1.05371411e+01 6.00000000e+01
      vertex 7.94230331e+01 1.16060876e+01 7.50000000e+01
    endloop
  endfacet
  facet normal 1.23127307e-01 9.87225520e-01 -1.01120915e-01
    outer loop
      vertex 7.85674402e+01 1.01763566e+01 6.00000000e+01
      vertex 7.94230331e+01 1.16060876e+01 7.50000000e+01
      vertex 8.22865103e+01 1.12489531e+01 7.50000000e+01
    endloop
  endfacet
  facet normal 1.07346574e-01 9.89352089e-01 -9.82810053e-02
    outer loop
      vertex 7.56117091e+01 1.05371411e+01 6.00000000e+01
      vertex 7.26514027e+01 1.08583400e+01 6.00000000e+01
      vertex 7.65550215e+01 1.19248713e+01 7.50000000e+01
    endloop
  endfacet
  facet normal 1.09934845e-01 9.89054384e-01 -9.84162329e-02
    outer loop
      vertex 7.56117091e+01 1.05371411e+01 6.00000000e+01
      vertex 7.65550215e+01 1.19248713e+01 7.50000000e+01
      vertex 7.94230331e+01 1.16060876e+01 7.50000000e+01
    endloop
  endfacet
  facet normal 9.99131427e-02 9.90265263e-01 -9.69127070e-02
    outer loop
      vertex 7.26514027e+01 1.08583400e+01 6.00000000e+01
      vertex 6.96888525e+01 1.11572475e+01 6.00000000e+01
      vertex 7.36847790e+01 1.22220581e+01 7.50000000e+01
    endloop
  endfacet
  facet normal 1.02503770e-01 9.89985464e-01 -9.70657420e-02
    outer loop
      vertex 7.26514027e+01 1.08583400e+01 6.00000000e+01
      vertex 7.36847790e+01 1.22220581e+01 7.50000000e+01
      vertex 7.65550215e+01 1.19248713e+01 7.50000000e+01
    endloop
  endfacet
  facet normal 9.20037602e-02 9.91180853e-01 -9.53720303e-02
    outer loop
      vertex 6.96888525e+01 1.11572475e+01 6.00000000e+01
      vertex 6.67239172e+01 1.14324598e+01 6.00000000e+01
      vertex 7.08121650e+01 1.24962881e+01 7.50000000e+01
    endloop
  endfacet
  facet normal 9.45967897e-02 9.90920275e-01 -9.55429541e-02
    outer loop
      vertex 6.96888525e+01 1.11572475e+01 6.00000000e+01
      vertex 7.08121650e+01 1.24962881e+01 7.50000000e+01
      vertex 7.36847790e+01 1.22220581e+01 7.50000000e+01
    endloop
  endfacet
  facet normal 7.65884956e-02 9.92828779e-01 -9.17889886e-02
    outer loop
      vertex 6.67239172e+01 1.14324598e+01 6.00000000e+01
      vertex 6.37550925e+01 1.16614800e+01 6.00000000e+01
      vertex 6.79356646e+01 1.27257633e+01 7.50000000e+01
    endloop
  endfacet
  facet normal 7.91860501e-02 9.92607323e-01 -9.19797333e-02
    outer loop
      vertex 6.67239172e+01 1.14324598e+01 6.00000000e+01
      vertex 6.79356646e+01 1.27257633e+01 7.50000000e+01
      vertex 7.08121650e+01 1.24962881e+01 7.50000000e+01
    endloop
  endfacet
  facet normal 6.85799478e-02 9.93567715e-01 -9.01109713e-02
    outer loop
      vertex 6.37550925e+01 1.16614800e+01 6.00000000e+01
      vertex 6.07846053e+01 1.18665147e+01 6.00000000e+01
      vertex 6.50574921e+01 1.29319984e+01 7.50000000e+01
    endloop
  endfacet
  facet normal 7.11795133e-02 9.93365919e-01 -9.03195905e-02
    outer loop
      vertex 6.37550925e+01 1.16614800e+01 6.00000000e+01
      vertex 6.50574921e+01 1.29319984e+01 7.50000000e+01
      vertex 6.79356646e+01 1.27257633e+01 7.50000000e+01
    endloop
  endfacet
  facet normal 5.57408698e-02 9.94644864e-01 -8.70318887e-02
    outer loop
      vertex 6.07846053e+01 1.18665147e+01 6.00000000e+01
      vertex 5.78115893e+01 1.20331254e+01 6.00000000e+01
      vertex 6.21767716e+01 1.31010033e+01 7.50000000e+01
    endloop
  endfacet
  facet normal 5.83434838e-02 9.94475648e-01 -8.72595138e-02
    outer loop
      vertex 6.07846053e+01 1.18665147e+01 6.00000000e+01
      vertex 6.21767716e+01 1.31010033e+01 7.50000000e+01
      vertex 6.50574921e+01 1.29319984e+01 7.50000000e+01
    endloop
  endfacet
  facet normal 3.60450370e-02 9.95988711e-01 -8.18977577e-02
    outer loop
      vertex 5.78115893e+01 1.20331254e+01 6.00000000e+01
      vertex 5.48360226e+01 1.21408118e+01 6.00000000e+01
      vertex 5.92934296e+01 1.32129112e+01 7.50000000e+01
    endloop
  endfacet
  facet normal 3.86516106e-02 9.95870521e-01 -8.21459634e-02
    outer loop
      vertex 5.78115893e+01 1.20331254e+01 6.00000000e+01
      vertex 5.92934296e+01 1.32129112e+01 7.50000000e+01
      vertex 6.21767716e+01 1.31010033e+01 7.50000000e+01
    endloop
  endfacet
  facet normal 2.28948305e-02 9.96648092e-01 -7.85392086e-02
    outer loop
      vertex 5.48360226e+01 1.21408118e+01 6.00000000e+01
      vertex 5.18593908e+01 1.22091904e+01 6.00000000e+01
      vertex 5.64089557e+01 1.32867289e+01 7.50000000e+01
    endloop
  endfacet
  facet normal 2.55034284e-02 9.96563667e-01 -7.88063023e-02
    outer loop
      vertex 5.48360226e+01 1.21408118e+01 6.00000000e+01
      vertex 5.64089557e+01 1.32867289e+01 7.50000000e+01
      vertex 5.92934296e+01 1.32129112e+01 7.50000000e+01
    endloop
  endfacet
  facet normal -4.13614075e-04 9.97402655e-01 -7.20261975e-02
    outer loop
      vertex 5.18593908e+01 1.22091904e+01 6.00000000e+01
      vertex 4.88817102e+01 1.22079556e+01 6.00000000e+01
      vertex 5.35232889e+01 1.32930869e+01 7.50000000e+01
    endloop
  endfacet
  facet normal 2.19753249e-03 9.97379482e-01 -7.23141686e-02
    outer loop
      vertex 5.18593908e+01 1.22091904e+01 6.00000000e+01
      vertex 5.35232889e+01 1.32930869e+01 7.50000000e+01
      vertex 5.64089557e+01 1.32867289e+01 7.50000000e+01
    endloop
  endfacet
  facet normal -2.58685338e-02 9.97571730e-01 -6.46642340e-02
    outer loop
      vertex 4.88817102e+01 1.22079556e+01 6.00000000e+01
      vertex 4.59053324e+01 1.21307737e+01 6.00000000e+01
      vertex 5.06386919e+01 1.32258414e+01 7.50000000e+01
    endloop
  endfacet
  facet normal -2.32563437e-02 9.97615971e-01 -6.49732075e-02
    outer loop
      vertex 4.88817102e+01 1.22079556e+01 6.00000000e+01
      vertex 5.06386919e+01 1.32258414e+01 7.50000000e+01
      vertex 5.35232889e+01 1.32930869e+01 7.50000000e+01
    endloop
  endfacet
  facet normal -4.64991363e-02 9.97196282e-01 -5.86293890e-02
    outer loop
      vertex 4.59053324e+01 1.21307737e+01 6.00000000e+01
      vertex 4.29313363e+01 1.19920966e+01 6.00000000e+01
      vertex 4.77562469e+01 1.30989951e+01 7.50000000e+01
    endloop
  endfacet
  facet normal -4.38874752e-02 9.97295262e-01 -5.89580421e-02
    outer loop
      vertex 4.59053324e+01 1.21307737e+01 6.00000000e+01
      vertex 4.77562469e+01 1.30989951e+01 7.50000000e+01
      vertex 5.06386919e+01 1.32258414e+01 7.50000000e+01
    endloop
  endfacet
  facet normal -7.09392119e-02 9.96166004e-01 -5.11949280e-02
    outer loop
      vertex 4.29313363e+01 1.19920966e+01 6.00000000e+01
      vertex 3.99612095e+01 1.17805872e+01 6.00000000e+01
      vertex 4.48773670e+01 1.29015573e+01 7.50000000e+01
    endloop
  endfacet
  facet normal -6.83297888e-02 9.96330424e-01 -5.15434314e-02
    outer loop
      vertex 4.29313363e+01 1.19920966e+01 6.00000000e+01
      vertex 4.48773670e+01 1.29015573e+01 7.50000000e+01
      vertex 4.77562469e+01 1.30989951e+01 7.50000000e+01
    endloop
  endfacet
  facet normal -1.10786222e-01 9.93101765e-01 -3.84095944e-02
    outer loop
      vertex 3.99612095e+01 1.17805872e+01 6.00000000e+01
      vertex 3.70018857e+01 1.14504576e+01 6.00000000e+01
      vertex 4.20086552e+01 1.25891375e+01 7.50000000e+01
    endloop
  endfacet
  facet normal -1.08184365e-01 9.93374199e-01 -3.87794236e-02
    outer loop
      vertex 3.99612095e+01 1.17805872e+01 6.00000000e+01
      vertex 4.20086552e+01 1.25891375e+01 7.50000000e+01
      vertex 4.48773670e+01 1.29015573e+01 7.50000000e+01
    endloop
  endfacet
  facet normal -1.45600958e-01 9.88975474e-01 -2.69791072e-02
    outer loop
      vertex 3.70018857e+01 1.14504576e+01 6.00000000e+01
      vertex 3.40564826e+01 1.10168235e+01 6.00000000e+01
      vertex 3.91531714e+01 1.21763764e+01 7.50000000e+01
    endloop
  endfacet
  facet normal -1.43009816e-01 9.89342791e-01 -2.73685025e-02
    outer loop
      vertex 3.70018857e+01 1.14504576e+01 6.00000000e+01
      vertex 3.91531714e+01 1.21763764e+01 7.50000000e+01
      vertex 4.20086552e+01 1.25891375e+01 7.50000000e+01
    endloop
  endfacet
  facet normal -1.88790282e-01 9.81940846e-01 -1.22639208e-02
    outer loop
      vertex 3.40564826e+01 1.10168235e+01 6.00000000e+01
      vertex 3.11332592e+01 1.04547976e+01 6.00000000e+01
      vertex 3.63188561e+01 1.16391349e+01 7.50000000e+01
    endloop
  endfacet
  facet normal -1.86217975e-01 9.82426733e-01 -1.26720469e-02
    outer loop
      vertex 3.40564826e+01 1.10168235e+01 6.00000000e+01
      vertex 3.63188561e+01 1.16391349e+01 7.50000000e+01
      vertex 3.91531714e+01 1.21763764e+01 7.50000000e+01
    endloop
  endfacet
  facet normal -2.45640227e-01 9.69329023e-01 7.88184793e-03
    outer loop
      vertex 3.11332592e+01 1.04547976e+01 6.00000000e+01
      vertex 2.82481221e+01 9.72366741e+00 6.00000000e+01
      vertex 3.35210211e+01 1.09379181e+01 7.50000000e+01
    endloop
  endfacet
  facet normal -2.43102482e-01 9.69971945e-01 7.45717205e-03
    outer loop
      vertex 3.11332592e+01 1.04547976e+01 6.00000000e+01
      vertex 3.35210211e+01 1.09379181e+01 7.50000000e+01
      vertex 3.63188561e+01 1.16391349e+01 7.50000000e+01
    endloop
  endfacet
  facet normal -3.24560245e-01 9.45137952e-01 3.70796214e-02
    outer loop
      vertex 2.82481221e+01 9.72366741e+00 6.00000000e+01
      vertex 2.54336425e+01 8.75717549e+00 6.00000000e+01
      vertex 3.07910630e+01 1.00084335e+01 7.50000000e+01
    endloop
  endfacet
  facet normal -3.22089944e-01 9.45999604e-01 3.66444747e-02
    outer loop
      vertex 2.82481221e+01 9.72366741e+00 6.00000000e+01
      vertex 3.07910630e+01 1.00084335e+01 7.50000000e+01
      vertex 3.35210211e+01 1.09379181e+01 7.50000000e+01
    endloop
  endfacet
  facet normal -4.96373256e-01 8.61747796e-01 1.04901506e-01
    outer loop
      vertex 2.54336425e+01 8.75717549e+00 6.00000000e+01
      vertex 2.28616735e+01 7.27570186e+00 6.00000000e+01
      vertex 2.82948149e+01 8.57926597e+00 7.50000000e+01
    endloop
  endfacet
  facet normal -4.94136991e-01 8.63081869e-01 1.04490773e-01
    outer loop
      vertex 2.54336425e+01 8.75717549e+00 6.00000000e+01
      vertex 2.82948149e+01 8.57926597e+00 7.50000000e+01
      vertex 3.07910630e+01 1.00084335e+01 7.50000000e+01
    endloop
  endfacet
  facet normal -9.16584276e-01 2.53054629e-01 3.09574903e-01
    outer loop
      vertex 2.28616735e+01 7.27570186e+00 6.00000000e+01
      vertex 2.21517496e+01 4.70430016e+00 6.00000000e+01
      vertex 2.76003053e+01 6.08912737e+00 7.50000000e+01
    endloop
  endfacet
  facet normal -9.15924460e-01 2.55454994e-01 3.09556342e-01
    outer loop
      vertex 2.28616735e+01 7.27570186e+00 6.00000000e+01
      vertex 2.76003053e+01 6.08912737e+00 7.50000000e+01
      vertex 2.82948149e+01 8.57926597e+00 7.50000000e+01
    endloop
  endfacet
  facet normal -4.86922365e-01 -8.35833381e-01 2.53553089e-01
    outer loop
      vertex 2.21517496e+01 4.70430016e+00 6.00000000e+01
      vertex 2.46909875e+01 3.22504389e+00 6.00000000e+01
      vertex 3.00573222e+01 4.64914108e+00 7.50000000e+01
    endloop
  endfacet
  facet normal -4.88965141e-01 -8.34310464e-01 2.54635310e-01
    outer loop
      vertex 2.21517496e+01 4.70430016e+00 6.00000000e+01
      vertex 3.00573222e+01 4.64914108e+00 7.50000000e+01
      vertex 2.76003053e+01 6.08912737e+00 7.50000000e+01
    endloop
  endfacet
  facet normal -2.38915972e-01 -9.55021973e-01 1.75647911e-01
    outer loop
      vertex 2.46909875e+01 3.22504389e+00 6.00000000e+01
      vertex 2.75762664e+01 2.50323933e+00 6.00000000e+01
      vertex 3.28516083e+01 3.94232163e+00 7.50000000e+01
    endloop
  endfacet
  facet normal -2.41358813e-01 -9.54169545e-01 1.76936155e-01
    outer loop
      vertex 2.46909875e+01 3.22504389e+00 6.00000000e+01
      vertex 3.28516083e+01 3.94232163e+00 7.50000000e+01
      vertex 3.00573222e+01 4.64914108e+00 7.50000000e+01
    endloop
  endfacet
  facet normal -1.45762471e-01 -9.78686411e-01 1.44658949e-01
    outer loop
      vertex 2.75762664e+01 2.50323933e+00 6.00000000e+01
      vertex 3.05205627e+01 2.06472513e+00 6.00000000e+01
      vertex 3.57038068e+01 3.50988851e+00 7.50000000e+01
    endloop
  endfacet
  facet normal -1.48294807e-01 -9.78107826e-01 1.45992231e-01
    outer loop
      vertex 2.75762664e+01 2.50323933e+00 6.00000000e+01
      vertex 3.57038068e+01 3.50988851e+00 7.50000000e+01
      vertex 3.28516083e+01 3.94232163e+00 7.50000000e+01
    endloop
  endfacet
  facet normal -8.97281174e-02 -9.88002944e-01 1.25694262e-01
    outer loop
      vertex 3.05205627e+01 2.06472513e+00 6.00000000e+01
      vertex 3.34859356e+01 1.79541689e+00 6.00000000e+01
      vertex 3.85768599e+01 3.24137905e+00 7.50000000e+01
    endloop
  endfacet
  facet normal -9.22984093e-02 -9.87593629e-01 1.27042623e-01
    outer loop
      vertex 3.05205627e+01 2.06472513e+00 6.00000000e+01
      vertex 3.85768599e+01 3.24137905e+00 7.50000000e+01
      vertex 3.57038068e+01 3.50988851e+00 7.50000000e+01
    endloop
  endfacet
  facet normal -5.39392528e-02 -9.92079562e-01 1.13440290e-01
    outer loop
      vertex 3.34859356e+01 1.79541689e+00 6.00000000e+01
      vertex 3.64591925e+01 1.63376125e+00 6.00000000e+01
      vertex 4.14578265e+01 3.07717548e+00 7.50000000e+01
    endloop
  endfacet
  facet normal -5.65274995e-02 -9.91780137e-01 1.14790252e-01
    outer loop
      vertex 3.34859356e+01 1.79541689e+00 6.00000000e+01
      vertex 4.14578265e+01 3.07717548e+00 7.50000000e+01
      vertex 3.85768599e+01 3.24137905e+00 7.50000000e+01
    endloop
  endfacet
  facet normal -2.98575648e-02 -9.94013286e-01 1.05100494e-01
    outer loop
      vertex 3.64591925e+01 1.63376125e+00 6.00000000e+01
      vertex 3.94354196e+01 1.54436316e+00 6.00000000e+01
      vertex 4.43418549e+01 2.98298901e+00 7.50000000e+01
    endloop
  endfacet
  facet normal -3.24551109e-02 -9.93788738e-01 1.06445335e-01
    outer loop
      vertex 3.64591925e+01 1.63376125e+00 6.00000000e+01
      vertex 4.43418549e+01 2.98298901e+00 7.50000000e+01
      vertex 4.14578265e+01 3.07717548e+00 7.50000000e+01
    endloop
  endfacet
  facet normal -1.30071339e-02 -9.94984414e-01 9.91807919e-02
    outer loop
      vertex 3.94354196e+01 1.54436316e+00 6.00000000e+01
      vertex 4.24127120e+01 1.50544190e+00 6.00000000e+01
      vertex 4.72270436e+01 2.93771682e+00 7.50000000e+01
    endloop
  endfacet
  facet normal -1.56098459e-02 -9.94812898e-01 1.00516817e-01
    outer loop
      vertex 3.94354196e+01 1.54436316e+00 6.00000000e+01
      vertex 4.72270436e+01 2.93771682e+00 7.50000000e+01
      vertex 4.43418549e+01 2.98298901e+00 7.50000000e+01
    endloop
  endfacet
  facet normal -9.50489065e-04 -9.95490351e-01 9.48580946e-02
    outer loop
      vertex 4.24127120e+01 1.50544190e+00 6.00000000e+01
      vertex 4.53903167e+01 1.50259890e+00 6.00000000e+01
      vertex 5.01126266e+01 2.92740720e+00 7.50000000e+01
    endloop
  endfacet
  facet normal -3.55621622e-03 -9.95357307e-01 9.61830741e-02
    outer loop
      vertex 4.24127120e+01 1.50544190e+00 6.00000000e+01
      vertex 5.01126266e+01 2.92740720e+00 7.50000000e+01
      vertex 4.72270436e+01 2.93771682e+00 7.50000000e+01
    endloop
  endfacet
  facet normal 8.09612976e-03 -9.95768950e-01 9.15349656e-02
    outer loop
      vertex 4.53903167e+01 1.50259890e+00 6.00000000e+01
      vertex 4.83678974e+01 1.52680821e+00 6.00000000e+01
      vertex 5.29982550e+01 2.94331398e+00 7.50000000e+01
    endloop
  endfacet
  facet normal 5.48851807e-03 -9.95665207e-01 9.28475712e-02
    outer loop
      vertex 4.53903167e+01 1.50259890e+00 6.00000000e+01
      vertex 5.29982550e+01 2.94331398e+00 7.50000000e+01
      vertex 5.01126266e+01 2.92740720e+00 7.50000000e+01
    endloop
  endfacet
  facet normal 1.83338469e-02 -9.95961352e-01 8.78911533e-02
    outer loop
      vertex 4.83678974e+01 1.52680821e+00 6.00000000e+01
      vertex 5.13450739e+01 1.58161264e+00 6.00000000e+01
      vertex 5.58835691e+01 2.98887144e+00 7.50000000e+01
    endloop
  endfacet
  facet normal 1.57245414e-02 -9.95890353e-01 8.91916119e-02
    outer loop
      vertex 4.83678974e+01 1.52680821e+00 6.00000000e+01
      vertex 5.58835691e+01 2.98887144e+00 7.50000000e+01
      vertex 5.29982550e+01 2.94331398e+00 7.50000000e+01
    endloop
  endfacet
  facet normal 2.20063748e-02 -9.96027470e-01 8.62844093e-02
    outer loop
      vertex 5.13450739e+01 1.58161264e+00 6.00000000e+01
      vertex 5.43220130e+01 1.64738557e+00 6.00000000e+01
      vertex 5.87686812e+01 3.04505905e+00 7.50000000e+01
    endloop
  endfacet
  facet normal 1.93965237e-02 -9.95969479e-01 8.75703855e-02
    outer loop
      vertex 5.13450739e+01 1.58161264e+00 6.00000000e+01
      vertex 5.87686812e+01 3.04505905e+00 7.50000000e+01
      vertex 5.58835691e+01 2.98887144e+00 7.50000000e+01
    endloop
  endfacet
  facet normal 2.52635967e-02 -9.96075832e-01 8.48215012e-02
    outer loop
      vertex 5.43220130e+01 1.64738557e+00 6.00000000e+01
      vertex 5.72987323e+01 1.72288447e+00 6.00000000e+01
      vertex 6.16536048e+01 3.11067265e+00 7.50000000e+01
    endloop
  endfacet
  facet normal 2.26533133e-02 -9.96029545e-01 8.60928212e-02
    outer loop
      vertex 5.43220130e+01 1.64738557e+00 6.00000000e+01
      vertex 6.16536048e+01 3.11067265e+00 7.50000000e+01
      vertex 5.87686812e+01 3.04505905e+00 7.50000000e+01
    endloop
  endfacet
  facet normal 3.08812788e-02 -9.96096691e-01 8.26905588e-02
    outer loop
      vertex 5.72987323e+01 1.72288447e+00 6.00000000e+01
      vertex 6.02749831e+01 1.81515507e+00 6.00000000e+01
      vertex 6.45381171e+01 3.19254084e+00 7.50000000e+01
    endloop
  endfacet
  facet normal 2.82704183e-02 -9.96069039e-01 8.39479177e-02
    outer loop
      vertex 5.72987323e+01 1.72288447e+00 6.00000000e+01
      vertex 6.45381171e+01 3.19254084e+00 7.50000000e+01
      vertex 6.16536048e+01 3.11067265e+00 7.50000000e+01
    endloop
  endfacet
  facet normal 3.51046607e-02 -9.96096665e-01 8.09882472e-02
    outer loop
      vertex 6.02749831e+01 1.81515507e+00 6.00000000e+01
      vertex 6.32507943e+01 1.92002927e+00 6.00000000e+01
      vertex 6.74222352e+01 3.28662427e+00 7.50000000e+01
    endloop
  endfacet
  facet normal 3.24934503e-02 -9.96083437e-01 8.22311482e-02
    outer loop
      vertex 6.02749831e+01 1.81515507e+00 6.00000000e+01
      vertex 6.74222352e+01 3.28662427e+00 7.50000000e+01
      vertex 6.45381171e+01 3.19254084e+00 7.50000000e+01
    endloop
  endfacet
  facet normal 3.86150956e-02 -9.96085938e-01 7.95089817e-02
    outer loop
      vertex 6.32507943e+01 1.92002927e+00 6.00000000e+01
      vertex 6.62262401e+01 2.03537787e+00 6.00000000e+01
      vertex 7.03060258e+01 3.39085935e+00 7.50000000e+01
    endloop
  endfacet
  facet normal 3.60036533e-02 -9.96084959e-01 8.07371744e-02
    outer loop
      vertex 6.32507943e+01 1.92002927e+00 6.00000000e+01
      vertex 7.03060258e+01 3.39085935e+00 7.50000000e+01
      vertex 6.74222352e+01 3.28662427e+00 7.50000000e+01
    endloop
  endfacet
  facet normal 4.40624528e-02 -9.96016720e-01 7.75189945e-02
    outer loop
      vertex 6.62262401e+01 2.03537787e+00 6.00000000e+01
      vertex 6.92010110e+01 2.16697777e+00 6.00000000e+01
      vertex 7.31892037e+01 3.51084524e+00 7.50000000e+01
    endloop
  endfacet
  facet normal 4.14507834e-02 -9.96033609e-01 7.87329863e-02
    outer loop
      vertex 6.62262401e+01 2.03537787e+00 6.00000000e+01
      vertex 7.31892037e+01 3.51084524e+00 7.50000000e+01
      vertex 7.03060258e+01 3.39085935e+00 7.50000000e+01
    endloop
  endfacet
  facet normal 4.58591096e-02 -9.96011433e-01 7.65386605e-02
    outer loop
      vertex 6.92010110e+01 2.16697777e+00 6.00000000e+01
      vertex 7.21755346e+01 2.30393303e+00 6.00000000e+01
      vertex 7.60721554e+01 3.63602163e+00 7.50000000e+01
    endloop
  endfacet
  facet normal 4.32473805e-02 -9.96035423e-01 7.77373811e-02
    outer loop
      vertex 6.92010110e+01 2.16697777e+00 6.00000000e+01
      vertex 7.60721554e+01 3.63602163e+00 7.50000000e+01
      vertex 7.31892037e+01 3.51084524e+00 7.50000000e+01
    endloop
  endfacet
  facet normal 4.81388788e-02 -9.95987519e-01 7.54421011e-02
    outer loop
      vertex 7.21755346e+01 2.30393303e+00 6.00000000e+01
      vertex 7.51497434e+01 2.44768492e+00 6.00000000e+01
      vertex 7.89548194e+01 3.76778540e+00 7.50000000e+01
    endloop
  endfacet
  facet normal 4.55271066e-02 -9.96019975e-01 7.66256650e-02
    outer loop
      vertex 7.21755346e+01 2.30393303e+00 6.00000000e+01
      vertex 7.89548194e+01 3.76778540e+00 7.50000000e+01
      vertex 7.60721554e+01 3.63602163e+00 7.50000000e+01
    endloop
  endfacet
  facet normal 5.06626617e-02 -9.95948477e-01 7.42962005e-02
    outer loop
      vertex 7.51497434e+01 2.44768492e+00 6.00000000e+01
      vertex 7.81235780e+01 2.59896018e+00 6.00000000e+01
      vertex 8.18371397e+01 3.90684102e+00 7.50000000e+01
    endloop
  endfacet
  facet normal 4.80508760e-02 -9.95990060e-01 7.54646486e-02
    outer loop
      vertex 7.51497434e+01 2.44768492e+00 6.00000000e+01
      vertex 8.18371397e+01 3.90684102e+00 7.50000000e+01
      vertex 7.89548194e+01 3.76778540e+00 7.50000000e+01
    endloop
  endfacet
  facet normal 5.16693939e-02 -9.95952510e-01 7.35450342e-02
    outer loop
      vertex 7.81235780e+01 2.59896018e+00 6.00000000e+01
      vertex 8.10972585e+01 2.75323287e+00 6.00000000e+01
      vertex 8.47193184e+01 4.04880183e+00 7.50000000e+01
    endloop
  endfacet
  facet normal 4.90576066e-02 -9.95998779e-01 7.46979511e-02
    outer loop
      vertex 7.81235780e+01 2.59896018e+00 6.00000000e+01
      vertex 8.47193184e+01 4.04880183e+00 7.50000000e+01
      vertex 8.18371397e+01 3.90684102e+00 7.50000000e+01
    endloop
  endfacet
  facet normal 5.28022488e-02 -9.95950099e-01 7.27689655e-02
    outer loop
      vertex 8.10972585e+01 2.75323287e+00 6.00000000e+01
      vertex 8.40707633e+01 2.91087906e+00 6.00000000e+01
      vertex 8.76013353e+01 4.19403233e+00 7.50000000e+01
    endloop
  endfacet
  facet normal 5.01904701e-02 -9.96001388e-01 7.39063726e-02
    outer loop
      vertex 8.10972585e+01 2.75323287e+00 6.00000000e+01
      vertex 8.76013353e+01 4.19403233e+00 7.50000000e+01
      vertex 8.47193184e+01 4.04880183e+00 7.50000000e+01
    endloop
  endfacet
  facet normal 5.39504946e-02 -9.95944744e-01 7.19959056e-02
    outer loop
      vertex 8.40707633e+01 2.91087906e+00 6.00000000e+01
      vertex 8.70440846e+01 3.07194438e+00 6.00000000e+01
      vertex 9.04831831e+01 4.34257677e+00 7.50000000e+01
    endloop
  endfacet
  facet normal 5.13387341e-02 -9.96001065e-01 7.31177949e-02
    outer loop
      vertex 8.40707633e+01 2.91087906e+00 6.00000000e+01
      vertex 9.04831831e+01 4.34257677e+00 7.50000000e+01
      vertex 8.76013353e+01 4.19403233e+00 7.50000000e+01
    endloop
  endfacet
  facet normal 5.44416941e-02 -9.95962175e-01 7.13824036e-02
    outer loop
      vertex 8.70440846e+01 3.07194438e+00 6.00000000e+01
      vertex 9.00173265e+01 3.23446895e+00 6.00000000e+01
      vertex 9.33649577e+01 4.49253557e+00 7.50000000e+01
    endloop
  endfacet
  facet normal 5.18299416e-02 -9.96021616e-01 7.24886034e-02
    outer loop
      vertex 8.70440846e+01 3.07194438e+00 6.00000000e+01
      vertex 9.33649577e+01 4.49253557e+00 7.50000000e+01
      vertex 9.04831831e+01 4.34257677e+00 7.50000000e+01
    endloop
  endfacet
  facet normal 5.49919498e-02 -9.95976472e-01 7.07584170e-02
    outer loop
      vertex 9.00173265e+01 3.23446895e+00 6.00000000e+01
      vertex 9.29904786e+01 3.39862888e+00 6.00000000e+01
      vertex 9.62466493e+01 4.64407942e+00 7.50000000e+01
    endloop
  endfacet
  facet normal 5.23802100e-02 -9.96039178e-01 7.18489345e-02
    outer loop
      vertex 9.00173265e+01 3.23446895e+00 6.00000000e+01
      vertex 9.62466493e+01 4.64407942e+00 7.50000000e+01
      vertex 9.33649577e+01 4.49253557e+00 7.50000000e+01
    endloop
  endfacet
  facet normal 5.57342939e-02 -9.95982095e-01 7.00953316e-02
    outer loop
      vertex 9.29904786e+01 3.39862888e+00 6.00000000e+01
      vertex 9.59635081e+01 3.56499703e+00 6.00000000e+01
      vertex 9.91282278e+01 4.79776356e+00 7.50000000e+01
    endloop
  endfacet
  facet normal 5.31225773e-02 -9.96048590e-01 7.11702047e-02
    outer loop
      vertex 9.29904786e+01 3.39862888e+00 6.00000000e+01
      vertex 9.91282278e+01 4.79776356e+00 7.50000000e+01
      vertex 9.62466493e+01 4.64407942e+00 7.50000000e+01
    endloop
  endfacet
  facet normal 5.65608692e-02 -9.95982896e-01 6.94185760e-02
    outer loop
      vertex 9.59635081e+01 3.56499703e+00 6.00000000e+01
      vertex 9.89363990e+01 3.73382452e+00 6.00000000e+01
      vertex 1.02009678e+02 4.95383140e+00 7.50000000e+01
    endloop
  endfacet
  facet normal 5.39491842e-02 -9.96053394e-01 7.04778160e-02
    outer loop
      vertex 9.59635081e+01 3.56499703e+00 6.00000000e+01
      vertex 1.02009678e+02 4.95383140e+00 7.50000000e+01
      vertex 9.91282278e+01 4.79776356e+00 7.50000000e+01
    endloop
  endfacet
  facet normal 5.74109623e-02 -9.95981197e-01 6.87418131e-02
    outer loop
      vertex 9.89363990e+01 3.73382452e+00 6.00000000e+01
      vertex 1.01909145e+02 3.90518138e+00 6.00000000e+01
      vertex 1.04890994e+02 5.11235080e+00 7.50000000e+01
    endloop
  endfacet
  facet normal 5.47993155e-02 -9.96055737e-01 6.97854168e-02
    outer loop
      vertex 9.89363990e+01 3.73382452e+00 6.00000000e+01
      vertex 1.04890994e+02 5.11235080e+00 7.50000000e+01
      vertex 1.02009678e+02 4.95383140e+00 7.50000000e+01
    endloop
  endfacet
  facet normal 5.82364519e-02 -9.95979067e-01 6.80750665e-02
    outer loop
      vertex 1.01909145e+02 3.90518138e+00 6.00000000e+01
      vertex 1.04881748e+02 4.07899415e+00 6.00000000e+01
      vertex 1.07772179e+02 5.27325059e+00 7.50000000e+01
    endloop
  endfacet
  facet normal 5.56248476e-02 -9.96057553e-01 6.91030198e-02
    outer loop
      vertex 1.01909145e+02 3.90518138e+00 6.00000000e+01
      vertex 1.07772179e+02 5.27325059e+00 7.50000000e+01
      vertex 1.04890994e+02 5.11235080e+00 7.50000000e+01
    endloop
  endfacet
  facet normal 5.95313050e-02 -9.95953765e-01 6.73210380e-02
    outer loop
      vertex 1.04881748e+02 4.07899415e+00 6.00000000e+01
      vertex 1.07854123e+02 4.25666239e+00 6.00000000e+01
      vertex 1.10653152e+02 5.43788728e+00 7.50000000e+01
    endloop
  endfacet
  facet normal 5.69197764e-02 -9.96037490e-01 6.83334352e-02
    outer loop
      vertex 1.04881748e+02 4.07899415e+00 6.00000000e+01
      vertex 1.10653152e+02 5.43788728e+00 7.50000000e+01
      vertex 1.07772179e+02 5.27325059e+00 7.50000000e+01
    endloop
  endfacet
  facet normal 1.34333643e-01 -9.89552439e-01 5.23492372e-02
    outer loop
      vertex 1.07854123e+02 4.25666239e+00 6.00000000e+01
      vertex 1.10842848e+02 4.66238751e+00 6.00000000e+01
      vertex 1.13550548e+02 5.82349192e+00 7.50000000e+01
    endloop
  endfacet
  facet normal 1.31735438e-01 -9.89847344e-01 5.33667401e-02
    outer loop
      vertex 1.07854123e+02 4.25666239e+00 6.00000000e+01
      vertex 1.13550548e+02 5.82349192e+00 7.50000000e+01
      vertex 1.10653152e+02 5.43788728e+00 7.50000000e+01
    endloop
  endfacet
  facet normal 2.10661886e-01 9.70847100e-01 -1.14356801e-01
    outer loop
      vertex 1.13550548e+02 5.82349192e+00 7.50000000e+01
      vertex 1.10730512e+02 6.43540503e+00 7.50000000e+01
      vertex 1.13529366e+02 7.59494930e+00 9.00000000e+01
    endloop
  endfacet
  facet normal 2.13204517e-01 9.70299929e-01 -1.14288592e-01
    outer loop
      vertex 1.13550548e+02 5.82349192e+00 7.50000000e+01
      vertex 1.13529366e+02 7.59494930e+00 9.00000000e+01
      vertex 1.16257927e+02 6.99540107e+00 9.00000000e+01
    endloop
  endfacet
  facet normal 2.02603852e-01 9.72663559e-01 -1.13478103e-01
    outer loop
      vertex 1.10730512e+02 6.43540503e+00 7.50000000e+01
      vertex 1.07905484e+02 7.02385257e+00 7.50000000e+01
      vertex 1.10795912e+02 8.17179288e+00 9.00000000e+01
    endloop
  endfacet
  facet normal 2.05150762e-01 9.72135401e-01 -1.13428069e-01
    outer loop
      vertex 1.10730512e+02 6.43540503e+00 7.50000000e+01
      vertex 1.10795912e+02 8.17179288e+00 9.00000000e+01
      vertex 1.13529366e+02 7.59494930e+00 9.00000000e+01
    endloop
  endfacet
  facet normal 1.93785277e-01 9.74582588e-01 -1.12410163e-01
    outer loop
      vertex 1.07905484e+02 7.02385257e+00 7.50000000e+01
      vertex 1.05075229e+02 7.58661840e+00 7.50000000e+01
      vertex 1.08057333e+02 8.72378693e+00 9.00000000e+01
    endloop
  endfacet
  facet normal 1.96336769e-01 9.74075429e-01 -1.12378516e-01
    outer loop
      vertex 1.07905484e+02 7.02385257e+00 7.50000000e+01
      vertex 1.08057333e+02 8.72378693e+00 9.00000000e+01
      vertex 1.10795912e+02 8.17179288e+00 9.00000000e+01
    endloop
  endfacet
  facet normal 1.85811295e-01 9.76246016e-01 -1.11435534e-01
    outer loop
      vertex 1.05075229e+02 7.58661840e+00 7.50000000e+01
      vertex 1.02240456e+02 8.12616761e+00 7.50000000e+01
      vertex 1.05314321e+02 9.25331611e+00 9.00000000e+01
    endloop
  endfacet
  facet normal 1.88366749e-01 9.75757708e-01 -1.11422009e-01
    outer loop
      vertex 1.05075229e+02 7.58661840e+00 7.50000000e+01
      vertex 1.05314321e+02 9.25331611e+00 9.00000000e+01
      vertex 1.08057333e+02 8.72378693e+00 9.00000000e+01
    endloop
  endfacet
  facet normal 1.78397647e-01 9.77732705e-01 -1.10512611e-01
    outer loop
      vertex 1.02240456e+02 8.12616761e+00 7.50000000e+01
      vertex 9.94016503e+01 8.64413772e+00 7.50000000e+01
      vertex 1.02567350e+02 9.76196452e+00 9.00000000e+01
    endloop
  endfacet
  facet normal 1.80956642e-01 9.77261828e-01 -1.10517029e-01
    outer loop
      vertex 1.02240456e+02 8.12616761e+00 7.50000000e+01
      vertex 1.02567350e+02 9.76196452e+00 9.00000000e+01
      vertex 1.05314321e+02 9.25331611e+00 9.00000000e+01
    endloop
  endfacet
  facet normal 1.68911385e-01 9.79570876e-01 -1.09132225e-01
    outer loop
      vertex 9.94016503e+01 8.64413772e+00 7.50000000e+01
      vertex 9.65579435e+01 9.13448964e+00 7.50000000e+01
      vertex 9.98155642e+01 1.02438878e+01 9.00000000e+01
    endloop
  endfacet
  facet normal 1.71474879e-01 9.79122828e-01 -1.09155179e-01
    outer loop
      vertex 9.94016503e+01 8.64413772e+00 7.50000000e+01
      vertex 9.98155642e+01 1.02438878e+01 9.00000000e+01
      vertex 1.02567350e+02 9.76196452e+00 9.00000000e+01
    endloop
  endfacet
  facet normal 1.61168348e-01 9.80995396e-01 -1.08040719e-01
    outer loop
      vertex 9.65579435e+01 9.13448964e+00 7.50000000e+01
      vertex 9.37104691e+01 9.60230299e+00 7.50000000e+01
      vertex 9.70600740e+01 1.07040008e+01 9.00000000e+01
    endloop
  endfacet
  facet normal 1.63735300e-01 9.80565704e-01 -1.08081688e-01
    outer loop
      vertex 9.65579435e+01 9.13448964e+00 7.50000000e+01
      vertex 9.70600740e+01 1.07040008e+01 9.00000000e+01
      vertex 9.98155642e+01 1.02438878e+01 9.00000000e+01
    endloop
  endfacet
  facet normal 1.54133125e-01 9.82234313e-01 -1.07045476e-01
    outer loop
      vertex 9.37104691e+01 9.60230299e+00 7.50000000e+01
      vertex 9.08597224e+01 1.00496448e+01 7.50000000e+01
      vertex 9.43013639e+01 1.11443034e+01 9.00000000e+01
    endloop
  endfacet
  facet normal 1.56703080e-01 9.81821178e-01 -1.07104244e-01
    outer loop
      vertex 9.37104691e+01 9.60230299e+00 7.50000000e+01
      vertex 9.43013639e+01 1.11443034e+01 9.00000000e+01
      vertex 9.70600740e+01 1.07040008e+01 9.00000000e+01
    endloop
  endfacet
  facet normal 1.47781505e-01 9.83306940e-01 -1.06151250e-01
    outer loop
      vertex 9.08597224e+01 1.00496448e+01 7.50000000e+01
      vertex 8.80061046e+01 1.04785159e+01 7.50000000e+01
      vertex 9.15398275e+01 1.15667314e+01 9.00000000e+01
    endloop
  endfacet
  facet normal 1.50354054e-01 9.82908620e-01 -1.06227605e-01
    outer loop
      vertex 9.08597224e+01 1.00496448e+01 7.50000000e+01
      vertex 9.15398275e+01 1.15667314e+01 9.00000000e+01
      vertex 9.43013639e+01 1.11443034e+01 9.00000000e+01
    endloop
  endfacet
  facet normal 1.36367601e-01 9.85175436e-01 -1.04082838e-01
    outer loop
      vertex 8.80061046e+01 1.04785159e+01 7.50000000e+01
      vertex 8.51476845e+01 1.08741773e+01 7.50000000e+01
      vertex 8.87735577e+01 1.19570210e+01 9.00000000e+01
    endloop
  endfacet
  facet normal 1.38944919e-01 9.84805164e-01 -1.04178206e-01
    outer loop
      vertex 8.80061046e+01 1.04785159e+01 7.50000000e+01
      vertex 8.87735577e+01 1.19570210e+01 9.00000000e+01
      vertex 9.15398275e+01 1.15667314e+01 9.00000000e+01
    endloop
  endfacet
  facet normal 1.29187694e-01 9.86265620e-01 -1.02910964e-01
    outer loop
      vertex 8.51476845e+01 1.08741773e+01 7.50000000e+01
      vertex 8.22865103e+01 1.12489531e+01 7.50000000e+01
      vertex 8.60045687e+01 1.23270979e+01 9.00000000e+01
    endloop
  endfacet
  facet normal 1.31767734e-01 9.85912416e-01 -1.03024138e-01
    outer loop
      vertex 8.51476845e+01 1.08741773e+01 7.50000000e+01
      vertex 8.60045687e+01 1.23270979e+01 9.00000000e+01
      vertex 8.87735577e+01 1.19570210e+01 9.00000000e+01
    endloop
  endfacet
  facet normal 1.23116782e-01 9.87141131e-01 -1.01954135e-01
    outer loop
      vertex 8.22865103e+01 1.12489531e+01 7.50000000e+01
      vertex 7.94230331e+01 1.16060876e+01 7.50000000e+01
      vertex 8.32333054e+01 1.26801018e+01 9.00000000e+01
    endloop
  endfacet
  facet normal 1.25698993e-01 9.86802139e-01 -1.02084780e-01
    outer loop
      vertex 8.22865103e+01 1.12489531e+01 7.50000000e+01
      vertex 8.32333054e+01 1.26801018e+01 9.00000000e+01
      vertex 8.60045687e+01 1.23270979e+01 9.00000000e+01
    endloop
  endfacet
  facet normal 1.09926028e-01 9.88975062e-01 -9.92199359e-02
    outer loop
      vertex 7.94230331e+01 1.16060876e+01 7.50000000e+01
      vertex 7.65550215e+01 1.19248713e+01 7.50000000e+01
      vertex 8.04575552e+01 1.29959893e+01 9.00000000e+01
    endloop
  endfacet
  facet normal 1.12513086e-01 9.88669008e-01 -9.93700015e-02
    outer loop
      vertex 7.94230331e+01 1.16060876e+01 7.50000000e+01
      vertex 8.04575552e+01 1.29959893e+01 9.00000000e+01
      vertex 8.32333054e+01 1.26801018e+01 9.00000000e+01
    endloop
  endfacet
  facet normal 1.02495973e-01 9.89910163e-01 -9.78388725e-02
    outer loop
      vertex 7.65550215e+01 1.19248713e+01 7.50000000e+01
      vertex 7.36847790e+01 1.22220581e+01 7.50000000e+01
      vertex 7.76795904e+01 1.32909743e+01 9.00000000e+01
    endloop
  endfacet
  facet normal 1.05085453e-01 9.89622009e-01 -9.80067659e-02
    outer loop
      vertex 7.65550215e+01 1.19248713e+01 7.50000000e+01
      vertex 7.76795904e+01 1.32909743e+01 9.00000000e+01
      vertex 8.04575552e+01 1.29959893e+01 9.00000000e+01
    endloop
  endfacet
  facet normal 9.45899894e-02 9.90849041e-01 -9.62855713e-02
    outer loop
      vertex 7.36847790e+01 1.22220581e+01 7.50000000e+01
      vertex 7.08121650e+01 1.24962881e+01 7.50000000e+01
      vertex 7.48992716e+01 1.35637406e+01 9.00000000e+01
    endloop
  endfacet
  facet normal 9.71819424e-02 9.90580105e-01 -9.64713766e-02
    outer loop
      vertex 7.36847790e+01 1.22220581e+01 7.50000000e+01
      vertex 7.48992716e+01 1.35637406e+01 9.00000000e+01
      vertex 7.76795904e+01 1.32909743e+01 9.00000000e+01
    endloop
  endfacet
  facet normal 7.91807911e-02 9.92541400e-01 -9.26928843e-02
    outer loop
      vertex 7.08121650e+01 1.24962881e+01 7.50000000e+01
      vertex 6.79356646e+01 1.27257633e+01 7.50000000e+01
      vertex 7.21150768e+01 1.37931889e+01 9.00000000e+01
    endloop
  endfacet
  facet normal 8.17774097e-02 9.92311601e-01 -9.28985602e-02
    outer loop
      vertex 7.08121650e+01 1.24962881e+01 7.50000000e+01
      vertex 7.21150768e+01 1.37931889e+01 9.00000000e+01
      vertex 7.48992716e+01 1.35637406e+01 9.00000000e+01
    endloop
  endfacet
  facet normal 7.11750727e-02 9.93303947e-01 -9.10020779e-02
    outer loop
      vertex 6.79356646e+01 1.27257633e+01 7.50000000e+01
      vertex 6.50574921e+01 1.29319984e+01 7.50000000e+01
      vertex 6.93292044e+01 1.40001425e+01 9.00000000e+01
    endloop
  endfacet
  facet normal 7.37737741e-02 9.93093808e-01 -9.12256511e-02
    outer loop
      vertex 6.79356646e+01 1.27257633e+01 7.50000000e+01
      vertex 6.93292044e+01 1.40001425e+01 9.00000000e+01
      vertex 7.21150768e+01 1.37931889e+01 9.00000000e+01
    endloop
  endfacet
  facet normal 5.83401239e-02 9.94418379e-01 -8.79119874e-02
    outer loop
      vertex 6.50574921e+01 1.29319984e+01 7.50000000e+01
      vertex 6.21767716e+01 1.31010033e+01 7.50000000e+01
      vertex 6.65407708e+01 1.41710595e+01 9.00000000e+01
    endloop
  endfacet
  facet normal 6.09419904e-02 9.94240835e-01 -8.81546078e-02
    outer loop
      vertex 6.50574921e+01 1.29319984e+01 7.50000000e+01
      vertex 6.65407708e+01 1.41710595e+01 9.00000000e+01
      vertex 6.93292044e+01 1.40001425e+01 9.00000000e+01
    endloop
  endfacet
  facet normal 3.86496109e-02 9.95818996e-01 -8.27691639e-02
    outer loop
      vertex 6.21767716e+01 1.31010033e+01 7.50000000e+01
      vertex 5.92934296e+01 1.32129112e+01 7.50000000e+01
      vertex 6.37496547e+01 1.42867069e+01 9.00000000e+01
    endloop
  endfacet
  facet normal 4.12556168e-02 9.95692518e-01 -8.30324290e-02
    outer loop
      vertex 6.21767716e+01 1.31010033e+01 7.50000000e+01
      vertex 6.37496547e+01 1.42867069e+01 9.00000000e+01
      vertex 6.65407708e+01 1.41710595e+01 9.00000000e+01
    endloop
  endfacet
  facet normal 2.55022247e-02 9.96516630e-01 -7.93992613e-02
    outer loop
      vertex 5.92934296e+01 1.32129112e+01 7.50000000e+01
      vertex 5.64089557e+01 1.32867289e+01 7.50000000e+01
      vertex 6.09573462e+01 1.43654814e+01 9.00000000e+01
    endloop
  endfacet
  facet normal 2.81103737e-02 9.96423942e-01 -7.96814556e-02
    outer loop
      vertex 5.92934296e+01 1.32129112e+01 7.50000000e+01
      vertex 6.09573462e+01 1.43654814e+01 9.00000000e+01
      vertex 6.37496547e+01 1.42867069e+01 9.00000000e+01
    endloop
  endfacet
  facet normal 2.19744206e-03 9.97338440e-01 -7.28780362e-02
    outer loop
      vertex 5.64089557e+01 1.32867289e+01 7.50000000e+01
      vertex 5.35232889e+01 1.32930869e+01 7.50000000e+01
      vertex 5.81637119e+01 1.43789504e+01 9.00000000e+01
    endloop
  endfacet
  facet normal 4.80835046e-03 9.97307071e-01 -7.31811860e-02
    outer loop
      vertex 5.64089557e+01 1.32867289e+01 7.50000000e+01
      vertex 5.81637119e+01 1.43789504e+01 9.00000000e+01
      vertex 6.09573462e+01 1.43654814e+01 9.00000000e+01
    endloop
  endfacet
  facet normal -2.32555289e-02 9.97581021e-01 -6.55079164e-02
    outer loop
      vertex 5.35232889e+01 1.32930869e+01 7.50000000e+01
      vertex 5.06386919e+01 1.32258414e+01 7.50000000e+01
      vertex 5.53709266e+01 1.43211603e+01 9.00000000e+01
    endloop
  endfacet
  facet normal -2.06433498e-02 9.97617151e-01 -6.58321501e-02
    outer loop
      vertex 5.35232889e+01 1.32930869e+01 7.50000000e+01
      vertex 5.53709266e+01 1.43211603e+01 9.00000000e+01
      vertex 5.81637119e+01 1.43789504e+01 9.00000000e+01
    endloop
  endfacet
  facet normal -4.38861586e-02 9.97265344e-01 -5.94629159e-02
    outer loop
      vertex 5.06386919e+01 1.32258414e+01 7.50000000e+01
      vertex 4.77562469e+01 1.30989951e+01 7.50000000e+01
      vertex 5.25800738e+01 1.42056644e+01 9.00000000e+01
    endloop
  endfacet
  facet normal -4.12743269e-02 9.97356288e-01 -5.98068940e-02
    outer loop
      vertex 5.06386919e+01 1.32258414e+01 7.50000000e+01
      vertex 5.25800738e+01 1.42056644e+01 9.00000000e+01
      vertex 5.53709266e+01 1.43211603e+01 9.00000000e+01
    endloop
  endfacet
  facet normal -6.83281023e-02 9.96305834e-01 -5.20187991e-02
    outer loop
      vertex 4.77562469e+01 1.30989951e+01 7.50000000e+01
      vertex 4.48773670e+01 1.29015573e+01 7.50000000e+01
      vertex 4.97924933e+01 1.40218190e+01 9.00000000e+01
    endloop
  endfacet
  facet normal -6.57182967e-02 9.96462321e-01 -5.23827069e-02
    outer loop
      vertex 4.77562469e+01 1.30989951e+01 7.50000000e+01
      vertex 4.97924933e+01 1.40218190e+01 9.00000000e+01
      vertex 5.25800738e+01 1.42056644e+01 9.00000000e+01
    endloop
  endfacet
  facet normal -1.08182475e-01 9.93356852e-01 -3.92264826e-02
    outer loop
      vertex 4.48773670e+01 1.29015573e+01 7.50000000e+01
      vertex 4.20086552e+01 1.25891375e+01 7.50000000e+01
      vertex 4.70144654e+01 1.37266322e+01 9.00000000e+01
    endloop
  endfacet
  facet normal -1.05579899e-01 9.93621551e-01 -3.96118399e-02
    outer loop
      vertex 4.48773670e+01 1.29015573e+01 7.50000000e+01
      vertex 4.70144654e+01 1.37266322e+01 9.00000000e+01
      vertex 4.97924933e+01 1.40218190e+01 9.00000000e+01
    endloop
  endfacet
  facet normal -1.43008167e-01 9.89331378e-01 -2.77864771e-02
    outer loop
      vertex 4.20086552e+01 1.25891375e+01 7.50000000e+01
      vertex 3.91531714e+01 1.21763764e+01 7.50000000e+01
      vertex 4.42489893e+01 1.33342703e+01 9.00000000e+01
    endloop
  endfacet
  facet normal -1.40416023e-01 9.89691154e-01 -2.81915003e-02
    outer loop
      vertex 4.20086552e+01 1.25891375e+01 7.50000000e+01
      vertex 4.42489893e+01 1.33342703e+01 9.00000000e+01
      vertex 4.70144654e+01 1.37266322e+01 9.00000000e+01
    endloop
  endfacet
  facet normal -1.86217041e-01 9.82421809e-01 -1.30615306e-02
    outer loop
      vertex 3.91531714e+01 1.21763764e+01 7.50000000e+01
      vertex 3.63188561e+01 1.16391349e+01 7.50000000e+01
      vertex 4.15036913e+01 1.28213436e+01 9.00000000e+01
    endloop
  endfacet
  facet normal -1.83643399e-01 9.82900425e-01 -1.34854033e-02
    outer loop
      vertex 3.91531714e+01 1.21763764e+01 7.50000000e+01
      vertex 4.15036913e+01 1.28213436e+01 9.00000000e+01
      vertex 4.42489893e+01 1.33342703e+01 9.00000000e+01
    endloop
  endfacet
  facet normal -2.43103122e-01 9.69974500e-01 7.09513391e-03
    outer loop
      vertex 3.63188561e+01 1.16391349e+01 7.50000000e+01
      vertex 3.35210211e+01 1.09379181e+01 7.50000000e+01
      vertex 3.87932947e+01 1.21495779e+01 9.00000000e+01
    endloop
  endfacet
  facet normal -2.40563634e-01 9.70610558e-01 6.65456855e-03
    outer loop
      vertex 3.63188561e+01 1.16391349e+01 7.50000000e+01
      vertex 3.87932947e+01 1.21495779e+01 9.00000000e+01
      vertex 4.15036913e+01 1.28213436e+01 9.00000000e+01
    endloop
  endfacet
  facet normal -3.22093903e-01 9.46011232e-01 3.63079320e-02
    outer loop
      vertex 3.35210211e+01 1.09379181e+01 7.50000000e+01
      vertex 3.07910630e+01 1.00084335e+01 7.50000000e+01
      vertex 3.61480320e+01 1.12566513e+01 9.00000000e+01
    endloop
  endfacet
  facet normal -3.19621361e-01 9.46866665e-01 3.58567287e-02
    outer loop
      vertex 3.35210211e+01 1.09379181e+01 7.50000000e+01
      vertex 3.61480320e+01 1.12566513e+01 9.00000000e+01
      vertex 3.87932947e+01 1.21495779e+01 9.00000000e+01
    endloop
  endfacet
  facet normal -4.94153660e-01 8.63110983e-01 1.04170977e-01
    outer loop
      vertex 3.07910630e+01 1.00084335e+01 7.50000000e+01
      vertex 2.82948149e+01 8.57926597e+00 7.50000000e+01
      vertex 3.37277604e+01 9.87938296e+00 9.00000000e+01
    endloop
  endfacet
  facet normal -4.91914421e-01 8.64440502e-01 1.03744018e-01
    outer loop
      vertex 3.07910630e+01 1.00084335e+01 7.50000000e+01
      vertex 3.37277604e+01 9.87938296e+00 9.00000000e+01
      vertex 3.61480320e+01 1.12566513e+01 9.00000000e+01
    endloop
  endfacet
  facet normal -9.16028928e-01 2.55484131e-01 3.09222997e-01
    outer loop
      vertex 2.82948149e+01 8.57926597e+00 7.50000000e+01
      vertex 2.76003053e+01 6.08912737e+00 7.50000000e+01
      vertex 3.30490856e+01 7.47040860e+00 9.00000000e+01
    endloop
  endfacet
  facet normal -9.15367059e-01 2.57884263e-01 3.09190643e-01
    outer loop
      vertex 2.82948149e+01 8.57926597e+00 7.50000000e+01
      vertex 3.30490856e+01 7.47040860e+00 9.00000000e+01
      vertex 3.37277604e+01 9.87938296e+00 9.00000000e+01
    endloop
  endfacet
  facet normal -4.89046640e-01 -8.34449524e-01 2.54022392e-01
    outer loop
      vertex 2.76003053e+01 6.08912737e+00 7.50000000e+01
      vertex 3.00573222e+01 4.64914108e+00 7.50000000e+01
      vertex 3.54241050e+01 6.07011233e+00 9.00000000e+01
    endloop
  endfacet
  facet normal -4.91087010e-01 -8.32924593e-01 2.55088555e-01
    outer loop
      vertex 2.76003053e+01 6.08912737e+00 7.50000000e+01
      vertex 3.54241050e+01 6.07011233e+00 9.00000000e+01
      vertex 3.30490856e+01 7.47040860e+00 9.00000000e+01
    endloop
  endfacet
  facet normal -2.41387417e-01 -9.54282627e-01 1.76286080e-01
    outer loop
      vertex 3.00573222e+01 4.64914108e+00 7.50000000e+01
      vertex 3.28516083e+01 3.94232163e+00 7.50000000e+01
      vertex 3.81274973e+01 5.37874933e+00 9.00000000e+01
    endloop
  endfacet
  facet normal -2.43828262e-01 -9.53425966e-01 1.77557614e-01
    outer loop
      vertex 3.00573222e+01 4.64914108e+00 7.50000000e+01
      vertex 3.81274973e+01 5.37874933e+00 9.00000000e+01
      vertex 3.54241050e+01 6.07011233e+00 9.00000000e+01
    endloop
  endfacet
  facet normal -1.48308848e-01 -9.78200436e-01 1.45356087e-01
    outer loop
      vertex 3.28516083e+01 3.94232163e+00 7.50000000e+01
      vertex 3.57038068e+01 3.50988851e+00 7.50000000e+01
      vertex 4.08876506e+01 4.95287642e+00 9.00000000e+01
    endloop
  endfacet
  facet normal -1.50839630e-01 -9.77616773e-01 1.46672596e-01
    outer loop
      vertex 3.28516083e+01 3.94232163e+00 7.50000000e+01
      vertex 4.08876506e+01 4.95287642e+00 9.00000000e+01
      vertex 3.81274973e+01 5.37874933e+00 9.00000000e+01
    endloop
  endfacet
  facet normal -9.23056993e-02 -9.87671632e-01 1.26429446e-01
    outer loop
      vertex 3.57038068e+01 3.50988851e+00 7.50000000e+01
      vertex 3.85768599e+01 3.24137905e+00 7.50000000e+01
      vertex 4.36684090e+01 4.68564721e+00 9.00000000e+01
    endloop
  endfacet
  facet normal -9.48747767e-02 -9.87256752e-01 1.27761038e-01
    outer loop
      vertex 3.57038068e+01 3.50988851e+00 7.50000000e+01
      vertex 4.36684090e+01 4.68564721e+00 9.00000000e+01
      vertex 4.08876506e+01 4.95287642e+00 9.00000000e+01
    endloop
  endfacet
  facet normal -5.65313444e-02 -9.91847595e-01 1.14204010e-01
    outer loop
      vertex 3.85768599e+01 3.24137905e+00 7.50000000e+01
      vertex 4.14578265e+01 3.07717548e+00 7.50000000e+01
      vertex 4.64570930e+01 4.51937780e+00 9.00000000e+01
    endloop
  endfacet
  facet normal -5.91186230e-02 -9.91542303e-01 1.15537223e-01
    outer loop
      vertex 3.85768599e+01 3.24137905e+00 7.50000000e+01
      vertex 4.64570930e+01 4.51937780e+00 9.00000000e+01
      vertex 4.36684090e+01 4.68564721e+00 9.00000000e+01
    endloop
  endfacet
  facet normal -3.24570534e-02 -9.93848219e-01 1.05887951e-01
    outer loop
      vertex 4.14578265e+01 3.07717548e+00 7.50000000e+01
      vertex 4.43418549e+01 2.98298901e+00 7.50000000e+01
      vertex 4.92489185e+01 4.42088506e+00 9.00000000e+01
    endloop
  endfacet
  facet normal -3.50538099e-02 -9.93617606e-01 1.07216063e-01
    outer loop
      vertex 4.14578265e+01 3.07717548e+00 7.50000000e+01
      vertex 4.92489185e+01 4.42088506e+00 9.00000000e+01
      vertex 4.64570930e+01 4.51937780e+00 9.00000000e+01
    endloop
  endfacet
  facet normal -1.56106798e-02 -9.94866043e-01 9.99893162e-02
    outer loop
      vertex 4.43418549e+01 2.98298901e+00 7.50000000e+01
      vertex 4.72270436e+01 2.93771682e+00 7.50000000e+01
      vertex 5.20419915e+01 4.36974392e+00 9.00000000e+01
    endloop
  endfacet
  facet normal -1.82127332e-02 -9.94688322e-01 1.01308630e-01
    outer loop
      vertex 4.43418549e+01 2.98298901e+00 7.50000000e+01
      vertex 5.20419915e+01 4.36974392e+00 9.00000000e+01
      vertex 4.92489185e+01 4.42088506e+00 9.00000000e+01
    endloop
  endfacet
  facet normal -3.55638736e-03 -9.95405208e-01 9.56860668e-02
    outer loop
      vertex 4.72270436e+01 2.93771682e+00 7.50000000e+01
      vertex 5.01126266e+01 2.92740720e+00 7.50000000e+01
      vertex 5.48355346e+01 4.35244948e+00 9.00000000e+01
    endloop
  endfacet
  facet normal -6.16155300e-03 -9.95265860e-01 9.69943493e-02
    outer loop
      vertex 4.72270436e+01 2.93771682e+00 7.50000000e+01
      vertex 5.48355346e+01 4.35244948e+00 9.00000000e+01
      vertex 5.20419915e+01 4.36974392e+00 9.00000000e+01
    endloop
  endfacet
  facet normal 5.48875707e-03 -9.95708565e-01 9.23814265e-02
    outer loop
      vertex 5.01126266e+01 2.92740720e+00 7.50000000e+01
      vertex 5.29982550e+01 2.94331398e+00 7.50000000e+01
      vertex 5.76291882e+01 4.36053536e+00 9.00000000e+01
    endloop
  endfacet
  facet normal 2.88163185e-03 -9.95598439e-01 9.36773460e-02
    outer loop
      vertex 5.01126266e+01 2.92740720e+00 7.50000000e+01
      vertex 5.76291882e+01 4.36053536e+00 9.00000000e+01
      vertex 5.48355346e+01 4.35244948e+00 9.00000000e+01
    endloop
  endfacet
  facet normal 1.57251552e-02 -9.95929230e-01 8.87563416e-02
    outer loop
      vertex 5.29982550e+01 2.94331398e+00 7.50000000e+01
      vertex 5.58835691e+01 2.98887144e+00 7.50000000e+01
      vertex 6.04226127e+01 4.39732723e+00 9.00000000e+01
    endloop
  endfacet
  facet normal 1.31162501e-02 -9.95851766e-01 9.00401289e-02
    outer loop
      vertex 5.29982550e+01 2.94331398e+00 7.50000000e+01
      vertex 6.04226127e+01 4.39732723e+00 9.00000000e+01
      vertex 5.76291882e+01 4.36053536e+00 9.00000000e+01
    endloop
  endfacet
  facet normal 1.93972133e-02 -9.96004891e-01 8.71665425e-02
    outer loop
      vertex 5.58835691e+01 2.98887144e+00 7.50000000e+01
      vertex 5.87686812e+01 3.04505905e+00 7.50000000e+01
      vertex 6.32158685e+01 4.44441080e+00 9.00000000e+01
    endloop
  endfacet
  facet normal 1.67877295e-02 -9.95940396e-01 8.84358519e-02
    outer loop
      vertex 5.58835691e+01 2.98887144e+00 7.50000000e+01
      vertex 6.32158685e+01 4.44441080e+00 9.00000000e+01
      vertex 6.04226127e+01 4.39732723e+00 9.00000000e+01
    endloop
  endfacet
  facet normal 2.26540433e-02 -9.96061643e-01 8.57204638e-02
    outer loop
      vertex 5.87686812e+01 3.04505905e+00 7.50000000e+01
      vertex 6.16536048e+01 3.11067265e+00 7.50000000e+01
      vertex 6.60089658e+01 4.50062025e+00 9.00000000e+01
    endloop
  endfacet
  facet normal 2.00440974e-02 -9.96008816e-01 8.69751211e-02
    outer loop
      vertex 5.87686812e+01 3.04505905e+00 7.50000000e+01
      vertex 6.60089658e+01 4.50062025e+00 9.00000000e+01
      vertex 6.32158685e+01 4.44441080e+00 9.00000000e+01
    endloop
  endfacet
  facet normal 2.82712317e-02 -9.96097695e-01 8.36069332e-02
    outer loop
      vertex 6.16536048e+01 3.11067265e+00 7.50000000e+01
      vertex 6.45381171e+01 3.19254084e+00 7.50000000e+01
      vertex 6.88017060e+01 4.57256703e+00 9.00000000e+01
    endloop
  endfacet
  facet normal 2.56606592e-02 -9.96063456e-01 8.48476387e-02
    outer loop
      vertex 6.16536048e+01 3.11067265e+00 7.50000000e+01
      vertex 6.88017060e+01 4.57256703e+00 9.00000000e+01
      vertex 6.60089658e+01 4.50062025e+00 9.00000000e+01
    endloop
  endfacet
  facet normal 3.24942812e-02 -9.96108911e-01 8.19216648e-02
    outer loop
      vertex 6.45381171e+01 3.19254084e+00 7.50000000e+01
      vertex 6.74222352e+01 3.28662427e+00 7.50000000e+01
      vertex 7.15940957e+01 4.65634054e+00 9.00000000e+01
    endloop
  endfacet
  facet normal 2.98833205e-02 -9.96089058e-01 8.31479196e-02
    outer loop
      vertex 6.45381171e+01 3.19254084e+00 7.50000000e+01
      vertex 7.15940957e+01 4.65634054e+00 9.00000000e+01
      vertex 6.88017060e+01 4.57256703e+00 9.00000000e+01
    endloop
  endfacet
  facet normal 3.60044651e-02 -9.96107417e-01 8.04592564e-02
    outer loop
      vertex 6.74222352e+01 3.28662427e+00 7.50000000e+01
      vertex 7.03060258e+01 3.39085935e+00 7.50000000e+01
      vertex 7.43861940e+01 4.74994282e+00 9.00000000e+01
    endloop
  endfacet
  facet normal 3.33932400e-02 -9.96099779e-01 8.16708089e-02
    outer loop
      vertex 6.74222352e+01 3.28662427e+00 7.50000000e+01
      vertex 7.43861940e+01 4.74994282e+00 9.00000000e+01
      vertex 7.15940957e+01 4.65634054e+00 9.00000000e+01
    endloop
  endfacet
  facet normal 4.14515914e-02 -9.96053023e-01 7.84865665e-02
    outer loop
      vertex 7.03060258e+01 3.39085935e+00 7.50000000e+01
      vertex 7.31892037e+01 3.51084524e+00 7.50000000e+01
      vertex 7.71777389e+01 4.85879520e+00 9.00000000e+01
    endloop
  endfacet
  facet normal 3.88400903e-02 -9.96063210e-01 7.96839292e-02
    outer loop
      vertex 7.03060258e+01 3.39085935e+00 7.50000000e+01
      vertex 7.71777389e+01 4.85879520e+00 9.00000000e+01
      vertex 7.43861940e+01 4.74994282e+00 9.00000000e+01
    endloop
  endfacet
  facet normal 4.32481057e-02 -9.96052126e-01 7.75226705e-02
    outer loop
      vertex 7.31892037e+01 3.51084524e+00 7.50000000e+01
      vertex 7.60721554e+01 3.63602163e+00 7.50000000e+01
      vertex 7.99690782e+01 4.97267315e+00 9.00000000e+01
    endloop
  endfacet
  facet normal 4.06365266e-02 -9.96069391e-01 7.87047650e-02
    outer loop
      vertex 7.31892037e+01 3.51084524e+00 7.50000000e+01
      vertex 7.99690782e+01 4.97267315e+00 9.00000000e+01
      vertex 7.71777389e+01 4.85879520e+00 9.00000000e+01
    endloop
  endfacet
  facet normal 4.55277480e-02 -9.96034008e-01 7.64426571e-02
    outer loop
      vertex 7.60721554e+01 3.63602163e+00 7.50000000e+01
      vertex 7.89548194e+01 3.76778540e+00 7.50000000e+01
      vertex 8.27601556e+01 5.09292915e+00 9.00000000e+01
    endloop
  endfacet
  facet normal 4.29161033e-02 -9.96059716e-01 7.76095994e-02
    outer loop
      vertex 7.60721554e+01 3.63602163e+00 7.50000000e+01
      vertex 8.27601556e+01 5.09292915e+00 9.00000000e+01
      vertex 7.99690782e+01 4.97267315e+00 9.00000000e+01
    endloop
  endfacet
  facet normal 4.80514272e-02 -9.96001486e-01 7.53133528e-02
    outer loop
      vertex 7.89548194e+01 3.76778540e+00 7.50000000e+01
      vertex 8.18371397e+01 3.90684102e+00 7.50000000e+01
      vertex 8.55509187e+01 5.22024536e+00 9.00000000e+01
    endloop
  endfacet
  facet normal 4.54397446e-02 -9.96036297e-01 7.64651848e-02
    outer loop
      vertex 7.89548194e+01 3.76778540e+00 7.50000000e+01
      vertex 8.55509187e+01 5.22024536e+00 9.00000000e+01
      vertex 8.27601556e+01 5.09292915e+00 9.00000000e+01
    endloop
  endfacet
  facet normal 4.90580466e-02 -9.96007713e-01 7.45784457e-02
    outer loop
      vertex 8.18371397e+01 3.90684102e+00 7.50000000e+01
      vertex 8.47193184e+01 4.04880183e+00 7.50000000e+01
      vertex 8.83415520e+01 5.35037447e+00 9.00000000e+01
    endloop
  endfacet
  facet normal 4.64463507e-02 -9.96047194e-01 7.57147484e-02
    outer loop
      vertex 8.18371397e+01 3.90684102e+00 7.50000000e+01
      vertex 8.83415520e+01 5.35037447e+00 9.00000000e+01
      vertex 8.55509187e+01 5.22024536e+00 9.00000000e+01
    endloop
  endfacet
  facet normal 5.01907970e-02 -9.96007876e-01 7.38186648e-02
    outer loop
      vertex 8.47193184e+01 4.04880183e+00 7.50000000e+01
      vertex 8.76013353e+01 4.19403233e+00 7.50000000e+01
      vertex 9.11320371e+01 5.48366943e+00 9.00000000e+01
    endloop
  endfacet
  facet normal 4.75790969e-02 -9.96052362e-01 7.49394600e-02
    outer loop
      vertex 8.47193184e+01 4.04880183e+00 7.50000000e+01
      vertex 9.11320371e+01 5.48366943e+00 9.00000000e+01
      vertex 8.83415520e+01 5.35037447e+00 9.00000000e+01
    endloop
  endfacet
  facet normal 5.13389450e-02 -9.96005157e-01 7.30618966e-02
    outer loop
      vertex 8.76013353e+01 4.19403233e+00 7.50000000e+01
      vertex 9.04831831e+01 4.34257677e+00 7.50000000e+01
      vertex 9.39223668e+01 5.62017308e+00 9.00000000e+01
    endloop
  endfacet
  facet normal 4.87272502e-02 -9.96054660e-01 7.41671769e-02
    outer loop
      vertex 8.76013353e+01 4.19403233e+00 7.50000000e+01
      vertex 9.39223668e+01 5.62017308e+00 9.00000000e+01
      vertex 9.11320371e+01 5.48366943e+00 9.00000000e+01
    endloop
  endfacet
  facet normal 5.18300324e-02 -9.96023362e-01 7.24645468e-02
    outer loop
      vertex 9.04831831e+01 4.34257677e+00 7.50000000e+01
      vertex 9.33649577e+01 4.49253557e+00 7.50000000e+01
      vertex 9.67126292e+01 5.75804617e+00 9.00000000e+01
    endloop
  endfacet
  facet normal 4.92183383e-02 -9.96075973e-01 7.35541387e-02
    outer loop
      vertex 9.04831831e+01 4.34257677e+00 7.50000000e+01
      vertex 9.67126292e+01 5.75804617e+00 9.00000000e+01
      vertex 9.39223668e+01 5.62017308e+00 9.00000000e+01
    endloop
  endfacet
  facet normal 5.23801806e-02 -9.96038617e-01 7.18567271e-02
    outer loop
      vertex 9.33649577e+01 4.49253557e+00 7.50000000e+01
      vertex 9.62466493e+01 4.64407942e+00 7.50000000e+01
      vertex 9.95028153e+01 5.89745399e+00 9.00000000e+01
    endloop
  endfacet
  facet normal 4.97684913e-02 -9.96094483e-01 7.29306380e-02
    outer loop
      vertex 9.33649577e+01 4.49253557e+00 7.50000000e+01
      vertex 9.95028153e+01 5.89745399e+00 9.00000000e+01
      vertex 9.67126292e+01 5.75804617e+00 9.00000000e+01
    endloop
  endfacet
  facet normal 5.31224266e-02 -9.96045764e-01 7.12098507e-02
    outer loop
      vertex 9.62466493e+01 4.64407942e+00 7.50000000e+01
      vertex 9.91282278e+01 4.79776356e+00 7.50000000e+01
      vertex 1.02292897e+02 6.03893413e+00 9.00000000e+01
    endloop
  endfacet
  facet normal 5.05107511e-02 -9.96105408e-01 7.22681195e-02
    outer loop
      vertex 9.62466493e+01 4.64407942e+00 7.50000000e+01
      vertex 1.02292897e+02 6.03893413e+00 9.00000000e+01
      vertex 9.95028153e+01 5.89745399e+00 9.00000000e+01
    endloop
  endfacet
  facet normal 5.39489108e-02 -9.96048346e-01 7.05493230e-02
    outer loop
      vertex 9.91282278e+01 4.79776356e+00 7.50000000e+01
      vertex 1.02009678e+02 4.95383140e+00 7.50000000e+01
      vertex 1.05082861e+02 6.18272228e+00 9.00000000e+01
    endloop
  endfacet
  facet normal 5.13372569e-02 -9.96111980e-01 7.15919612e-02
    outer loop
      vertex 9.91282278e+01 4.79776356e+00 7.50000000e+01
      vertex 1.05082861e+02 6.18272228e+00 9.00000000e+01
      vertex 1.02292897e+02 6.03893413e+00 9.00000000e+01
    endloop
  endfacet
  facet normal 5.47989180e-02 -9.96048510e-01 6.98887939e-02
    outer loop
      vertex 1.02009678e+02 4.95383140e+00 7.50000000e+01
      vertex 1.04890994e+02 5.11235080e+00 7.50000000e+01
      vertex 1.07872702e+02 6.32888417e+00 9.00000000e+01
    endloop
  endfacet
  facet normal 5.21872920e-02 -9.96116176e-01 7.09157985e-02
    outer loop
      vertex 1.02009678e+02 4.95383140e+00 7.50000000e+01
      vertex 1.07872702e+02 6.32888417e+00 9.00000000e+01
      vertex 1.05082861e+02 6.18272228e+00 9.00000000e+01
    endloop
  endfacet
  facet normal 5.56243247e-02 -9.96048189e-01 6.92382770e-02
    outer loop
      vertex 1.04890994e+02 5.11235080e+00 7.50000000e+01
      vertex 1.07772179e+02 5.27325059e+00 7.50000000e+01
      vertex 1.10662421e+02 6.47735087e+00 9.00000000e+01
    endloop
  endfacet
  facet normal 5.30127313e-02 -9.96119792e-01 7.02496341e-02
    outer loop
      vertex 1.04890994e+02 5.11235080e+00 7.50000000e+01
      vertex 1.10662421e+02 6.47735087e+00 9.00000000e+01
      vertex 1.07872702e+02 6.32888417e+00 9.00000000e+01
    endloop
  endfacet
  facet normal 5.69191224e-02 -9.96026046e-01 6.85005734e-02
    outer loop
      vertex 1.07772179e+02 5.27325059e+00 7.50000000e+01
      vertex 1.10653152e+02 5.43788728e+00 7.50000000e+01
      vertex 1.13451944e+02 6.62943585e+00 9.00000000e+01
    endloop
  endfacet
  facet normal 5.43075909e-02 -9.96102876e-01 6.94963788e-02
    outer loop
      vertex 1.07772179e+02 5.27325059e+00 7.50000000e+01
      vertex 1.13451944e+02 6.62943585e+00 9.00000000e+01
      vertex 1.10662421e+02 6.47735087e+00 9.00000000e+01
    endloop
  endfacet
  facet normal 1.31734099e-01 -9.89837282e-01 5.35563453e-02
    outer loop
      vertex 1.10653152e+02 5.43788728e+00 7.50000000e+01
      vertex 1.13550548e+02 5.82349192e+00 7.50000000e+01
      vertex 1.16257927e+02 6.99540107e+00 9.00000000e+01
    endloop
  endfacet
  facet normal 1.29135255e-01 -9.90125037e-01 5.45572866e-02
    outer loop
      vertex 1.10653152e+02 5.43788728e+00 7.50000000e+01
      vertex 1.16257927e+02 6.99540107e+00 9.00000000e+01
      vertex 1.13451944e+02 6.62943585e+00 9.00000000e+01
    endloop
  endfacet
  facet normal 2.13176029e-01 9.70170278e-01 -1.15436615e-01
    outer loop
      vertex 1.16257927e+02 6.99540107e+00 9.00000000e+01
      vertex 1.13529366e+02 7.59494930e+00 9.00000000e+01
      vertex 1.16327857e+02 8.76482429e+00 1.05000000e+02
    endloop
  endfacet
  facet normal 2.15716550e-01 9.69614947e-01 -1.15382951e-01
    outer loop
      vertex 1.16257927e+02 6.99540107e+00 9.00000000e+01
      vertex 1.16327857e+02 8.76482429e+00 1.05000000e+02
      vertex 1.18965029e+02 8.17811555e+00 1.05000000e+02
    endloop
  endfacet
  facet normal 2.05124270e-01 9.72009863e-01 -1.14546325e-01
    outer loop
      vertex 1.13529366e+02 7.59494930e+00 9.00000000e+01
      vertex 1.10795912e+02 8.17179288e+00 9.00000000e+01
      vertex 1.13685897e+02 9.32958859e+00 1.05000000e+02
    endloop
  endfacet
  facet normal 2.07669134e-01 9.71473517e-01 -1.14510857e-01
    outer loop
      vertex 1.13529366e+02 7.59494930e+00 9.00000000e+01
      vertex 1.13685897e+02 9.32958859e+00 1.05000000e+02
      vertex 1.16327857e+02 8.76482429e+00 1.05000000e+02
    endloop
  endfacet
  facet normal 1.96312323e-01 9.73954149e-01 -1.13467119e-01
    outer loop
      vertex 1.10795912e+02 8.17179288e+00 9.00000000e+01
      vertex 1.08057333e+02 8.72378693e+00 9.00000000e+01
      vertex 1.11038917e+02 9.87033481e+00 1.05000000e+02
    endloop
  endfacet
  facet normal 1.98861844e-01 9.73438776e-01 -1.13450063e-01
    outer loop
      vertex 1.10795912e+02 8.17179288e+00 9.00000000e+01
      vertex 1.11038917e+02 9.87033481e+00 1.05000000e+02
      vertex 1.13685897e+02 9.32958859e+00 1.05000000e+02
    endloop
  endfacet
  facet normal 1.88344141e-01 9.75640597e-01 -1.12480705e-01
    outer loop
      vertex 1.08057333e+02 8.72378693e+00 9.00000000e+01
      vertex 1.05314321e+02 9.25331611e+00 9.00000000e+01
      vertex 1.08387594e+02 1.03893673e+01 1.05000000e+02
    endloop
  endfacet
  facet normal 1.90897690e-01 9.75144050e-01 -1.12481792e-01
    outer loop
      vertex 1.08057333e+02 8.72378693e+00 9.00000000e+01
      vertex 1.08387594e+02 1.03893673e+01 1.05000000e+02
      vertex 1.11038917e+02 9.87033481e+00 1.05000000e+02
    endloop
  endfacet
  facet normal 1.80935718e-01 9.77148829e-01 -1.11545646e-01
    outer loop
      vertex 1.05314321e+02 9.25331611e+00 9.00000000e+01
      vertex 1.02567350e+02 9.76196452e+00 9.00000000e+01
      vertex 1.05732388e+02 1.08882169e+01 1.05000000e+02
    endloop
  endfacet
  facet normal 1.83492870e-01 9.76669691e-01 -1.11564693e-01
    outer loop
      vertex 1.05314321e+02 9.25331611e+00 9.00000000e+01
      vertex 1.05732388e+02 1.08882169e+01 1.05000000e+02
      vertex 1.08387594e+02 1.03893673e+01 1.05000000e+02
    endloop
  endfacet
  facet normal 1.71455869e-01 9.79014280e-01 -1.10154096e-01
    outer loop
      vertex 1.02567350e+02 9.76196452e+00 9.00000000e+01
      vertex 9.98155642e+01 1.02438878e+01 9.00000000e+01
      vertex 1.03072460e+02 1.13612337e+01 1.05000000e+02
    endloop
  endfacet
  facet normal 1.74017602e-01 9.78557950e-01 -1.10191707e-01
    outer loop
      vertex 1.02567350e+02 9.76196452e+00 9.00000000e+01
      vertex 1.03072460e+02 1.13612337e+01 1.05000000e+02
      vertex 1.05732388e+02 1.08882169e+01 1.05000000e+02
    endloop
  endfacet
  facet normal 1.63717874e-01 9.80461346e-01 -1.09050477e-01
    outer loop
      vertex 9.98155642e+01 1.02438878e+01 9.00000000e+01
      vertex 9.70600740e+01 1.07040008e+01 9.00000000e+01
      vertex 1.00408893e+02 1.18131680e+01 1.05000000e+02
    endloop
  endfacet
  facet normal 1.66283130e-01 9.80023354e-01 -1.09106124e-01
    outer loop
      vertex 9.98155642e+01 1.02438878e+01 9.00000000e+01
      vertex 1.00408893e+02 1.18131680e+01 1.05000000e+02
      vertex 1.03072460e+02 1.13612337e+01 1.05000000e+02
    endloop
  endfacet
  facet normal 1.56687076e-01 9.81720903e-01 -1.08042717e-01
    outer loop
      vertex 9.70600740e+01 1.07040008e+01 9.00000000e+01
      vertex 9.43013639e+01 1.11443034e+01 9.00000000e+01
      vertex 9.77421628e+01 1.22459526e+01 1.05000000e+02
    endloop
  endfacet
  facet normal 1.59255396e-01 9.81299450e-01 -1.08116181e-01
    outer loop
      vertex 9.70600740e+01 1.07040008e+01 9.00000000e+01
      vertex 9.77421628e+01 1.22459526e+01 1.05000000e+02
      vertex 1.00408893e+02 1.18131680e+01 1.05000000e+02
    endloop
  endfacet
  facet normal 1.50339323e-01 9.82812318e-01 -1.07135597e-01
    outer loop
      vertex 9.43013639e+01 1.11443034e+01 9.00000000e+01
      vertex 9.15398275e+01 1.15667314e+01 9.00000000e+01
      vertex 9.50726537e+01 1.26614585e+01 1.05000000e+02
    endloop
  endfacet
  facet normal 1.52910292e-01 9.82405662e-01 -1.07226664e-01
    outer loop
      vertex 9.43013639e+01 1.11443034e+01 9.00000000e+01
      vertex 9.50726537e+01 1.26614585e+01 1.05000000e+02
      vertex 9.77421628e+01 1.22459526e+01 1.05000000e+02
    endloop
  endfacet
  facet normal 1.38932010e-01 9.84713667e-01 -1.05056609e-01
    outer loop
      vertex 9.15398275e+01 1.15667314e+01 9.00000000e+01
      vertex 8.87735577e+01 1.19570210e+01 9.00000000e+01
      vertex 9.23984860e+01 1.30458964e+01 1.05000000e+02
    endloop
  endfacet
  facet normal 1.41507849e-01 9.84335049e-01 -1.05166725e-01
    outer loop
      vertex 9.15398275e+01 1.15667314e+01 9.00000000e+01
      vertex 9.23984860e+01 1.30458964e+01 1.05000000e+02
      vertex 9.50726537e+01 1.26614585e+01 1.05000000e+02
    endloop
  endfacet
  facet normal 1.31756051e-01 9.85825000e-01 -1.03872095e-01
    outer loop
      vertex 8.87735577e+01 1.19570210e+01 9.00000000e+01
      vertex 8.60045687e+01 1.23270979e+01 9.00000000e+01
      vertex 8.97216373e+01 1.34107944e+01 1.05000000e+02
    endloop
  endfacet
  facet normal 1.34334674e-01 9.85463438e-01 -1.04000036e-01
    outer loop
      vertex 8.87735577e+01 1.19570210e+01 9.00000000e+01
      vertex 8.97216373e+01 1.34107944e+01 1.05000000e+02
      vertex 9.23984860e+01 1.30458964e+01 1.05000000e+02
    endloop
  endfacet
  facet normal 1.25688352e-01 9.86718603e-01 -1.02902074e-01
    outer loop
      vertex 8.60045687e+01 1.23270979e+01 9.00000000e+01
      vertex 8.32333054e+01 1.26801018e+01 9.00000000e+01
      vertex 8.70425461e+01 1.37591874e+01 1.05000000e+02
    endloop
  endfacet
  facet normal 1.28269200e-01 9.86371241e-01 -1.03047502e-01
    outer loop
      vertex 8.60045687e+01 1.23270979e+01 9.00000000e+01
      vertex 8.70425461e+01 1.37591874e+01 1.05000000e+02
      vertex 8.97216373e+01 1.34107944e+01 1.05000000e+02
    endloop
  endfacet
  facet normal 1.12504155e-01 9.88590529e-01 -1.00157777e-01
    outer loop
      vertex 8.32333054e+01 1.26801018e+01 9.00000000e+01
      vertex 8.04575552e+01 1.29959893e+01 9.00000000e+01
      vertex 8.43590218e+01 1.40716980e+01 1.05000000e+02
    endloop
  endfacet
  facet normal 1.15089969e-01 9.88276106e-01 -1.00322667e-01
    outer loop
      vertex 8.32333054e+01 1.26801018e+01 9.00000000e+01
      vertex 8.43590218e+01 1.40716980e+01 1.05000000e+02
      vertex 8.70425461e+01 1.37591874e+01 1.05000000e+02
    endloop
  endfacet
  facet normal 1.05077548e-01 9.89547566e-01 -9.87639749e-02
    outer loop
      vertex 8.04575552e+01 1.29959893e+01 9.00000000e+01
      vertex 7.76795904e+01 1.32909743e+01 9.00000000e+01
      vertex 8.16733029e+01 1.43640002e+01 1.05000000e+02
    endloop
  endfacet
  facet normal 1.07665851e-01 9.89251036e-01 -9.89467126e-02
    outer loop
      vertex 8.04575552e+01 1.29959893e+01 9.00000000e+01
      vertex 8.16733029e+01 1.43640002e+01 1.05000000e+02
      vertex 8.43590218e+01 1.40716980e+01 1.05000000e+02
    endloop
  endfacet
  facet normal 9.71750393e-02 9.90509740e-01 -9.71980762e-02
    outer loop
      vertex 7.76795904e+01 1.32909743e+01 9.00000000e+01
      vertex 7.48992716e+01 1.35637406e+01 9.00000000e+01
      vertex 7.89852512e+01 1.46348213e+01 1.05000000e+02
    endloop
  endfacet
  facet normal 9.97658851e-02 9.90232423e-01 -9.73987491e-02
    outer loop
      vertex 7.76795904e+01 1.32909743e+01 9.00000000e+01
      vertex 7.89852512e+01 1.46348213e+01 1.05000000e+02
      vertex 8.16733029e+01 1.43640002e+01 1.05000000e+02
    endloop
  endfacet
  facet normal 8.17720465e-02 9.92246522e-01 -9.35957900e-02
    outer loop
      vertex 7.48992716e+01 1.35637406e+01 9.00000000e+01
      vertex 7.21150768e+01 1.37931889e+01 9.00000000e+01
      vertex 7.62933416e+01 1.48637611e+01 1.05000000e+02
    endloop
  endfacet
  facet normal 8.43676992e-02 9.92008356e-01 -9.38163833e-02
    outer loop
      vertex 7.48992716e+01 1.35637406e+01 9.00000000e+01
      vertex 7.62933416e+01 1.48637611e+01 1.05000000e+02
      vertex 7.89852512e+01 1.46348213e+01 1.05000000e+02
    endloop
  endfacet
  facet normal 7.37692337e-02 9.93032688e-01 -9.18922215e-02
    outer loop
      vertex 7.21150768e+01 1.37931889e+01 9.00000000e+01
      vertex 6.93292044e+01 1.40001425e+01 9.00000000e+01
      vertex 7.35997527e+01 1.50709514e+01 1.05000000e+02
    endloop
  endfacet
  facet normal 7.63670412e-02 9.92814183e-01 -9.21307352e-02
    outer loop
      vertex 7.21150768e+01 1.37931889e+01 9.00000000e+01
      vertex 7.35997527e+01 1.50709514e+01 1.05000000e+02
      vertex 7.62933416e+01 1.48637611e+01 1.05000000e+02
    endloop
  endfacet
  facet normal 6.09385313e-02 9.94184402e-01 -8.87911626e-02
    outer loop
      vertex 6.93292044e+01 1.40001425e+01 9.00000000e+01
      vertex 6.65407708e+01 1.41710595e+01 9.00000000e+01
      vertex 7.09035957e+01 1.52432985e+01 1.05000000e+02
    endloop
  endfacet
  facet normal 6.35396211e-02 9.93998508e-01 -8.90487651e-02
    outer loop
      vertex 6.93292044e+01 1.40001425e+01 9.00000000e+01
      vertex 7.09035957e+01 1.52432985e+01 1.05000000e+02
      vertex 7.35997527e+01 1.50709514e+01 1.05000000e+02
    endloop
  endfacet
  facet normal 4.12535144e-02 9.95641777e-01 -8.36397037e-02
    outer loop
      vertex 6.65407708e+01 1.41710595e+01 9.00000000e+01
      vertex 6.37496547e+01 1.42867069e+01 9.00000000e+01
      vertex 6.82047046e+01 1.53622032e+01 1.05000000e+02
    endloop
  endfacet
  facet normal 4.38589243e-02 9.95506987e-01 -8.39180154e-02
    outer loop
      vertex 6.65407708e+01 1.41710595e+01 9.00000000e+01
      vertex 6.82047046e+01 1.53622032e+01 1.05000000e+02
      vertex 7.09035957e+01 1.52432985e+01 1.05000000e+02
    endloop
  endfacet
  facet normal 2.81090683e-02 9.96377667e-01 -8.02584879e-02
    outer loop
      vertex 6.37496547e+01 1.42867069e+01 9.00000000e+01
      vertex 6.09573462e+01 1.43654814e+01 9.00000000e+01
      vertex 6.55045671e+01 1.54454526e+01 1.05000000e+02
    endloop
  endfacet
  facet normal 3.07167406e-02 9.96276693e-01 -8.05557702e-02
    outer loop
      vertex 6.37496547e+01 1.42867069e+01 9.00000000e+01
      vertex 6.55045671e+01 1.54454526e+01 1.05000000e+02
      vertex 6.82047046e+01 1.53622032e+01 1.05000000e+02
    endloop
  endfacet
  facet normal 4.80815588e-03 9.97266714e-01 -7.37291159e-02
    outer loop
      vertex 6.09573462e+01 1.43654814e+01 9.00000000e+01
      vertex 5.81637119e+01 1.43789504e+01 9.00000000e+01
      vertex 6.28029820e+01 1.54655508e+01 1.05000000e+02
    endloop
  endfacet
  facet normal 7.41879913e-03 9.97227125e-01 -7.40474323e-02
    outer loop
      vertex 6.09573462e+01 1.43654814e+01 9.00000000e+01
      vertex 6.28029820e+01 1.54655508e+01 1.05000000e+02
      vertex 6.55045671e+01 1.54454526e+01 1.05000000e+02
    endloop
  endfacet
  facet normal -2.06426389e-02 9.97582797e-01 -6.63509134e-02
    outer loop
      vertex 5.81637119e+01 1.43789504e+01 9.00000000e+01
      vertex 5.53709266e+01 1.43211603e+01 9.00000000e+01
      vertex 6.01020377e+01 1.54167348e+01 1.05000000e+02
    endloop
  endfacet
  facet normal -1.80304965e-02 9.97610792e-01 -6.66903957e-02
    outer loop
      vertex 5.81637119e+01 1.43789504e+01 9.00000000e+01
      vertex 6.01020377e+01 1.54167348e+01 1.05000000e+02
      vertex 6.28029820e+01 1.54655508e+01 1.05000000e+02
    endloop
  endfacet
  facet normal -4.12731107e-02 9.97326900e-01 -6.02958179e-02
    outer loop
      vertex 5.53709266e+01 1.43211603e+01 9.00000000e+01
      vertex 5.25800738e+01 1.42056644e+01 9.00000000e+01
      vertex 5.74028160e+01 1.53121089e+01 1.05000000e+02
    endloop
  endfacet
  facet normal -3.86611334e-02 9.97409783e-01 -6.06551101e-02
    outer loop
      vertex 5.53709266e+01 1.43211603e+01 9.00000000e+01
      vertex 5.74028160e+01 1.53121089e+01 1.05000000e+02
      vertex 6.01020377e+01 1.54167348e+01 1.05000000e+02
    endloop
  endfacet
  facet normal -6.57167039e-02 9.96438169e-01 -5.28421168e-02
    outer loop
      vertex 5.25800738e+01 1.42056644e+01 9.00000000e+01
      vertex 4.97924933e+01 1.40218190e+01 9.00000000e+01
      vertex 5.47065859e+01 1.51413763e+01 1.05000000e+02
    endloop
  endfacet
  facet normal -6.31065397e-02 9.96586697e-01 -5.32214185e-02
    outer loop
      vertex 5.25800738e+01 1.42056644e+01 9.00000000e+01
      vertex 5.47065859e+01 1.51413763e+01 1.05000000e+02
      vertex 5.74028160e+01 1.53121089e+01 1.05000000e+02
    endloop
  endfacet
  facet normal -1.05578083e-01 9.93604464e-01 -4.00429331e-02
    outer loop
      vertex 4.97924933e+01 1.40218190e+01 9.00000000e+01
      vertex 4.70144654e+01 1.37266322e+01 9.00000000e+01
      vertex 5.20193118e+01 1.48629456e+01 1.05000000e+02
    endloop
  endfacet
  facet normal -1.02974810e-01 9.93861402e-01 -4.04438087e-02
    outer loop
      vertex 4.97924933e+01 1.40218190e+01 9.00000000e+01
      vertex 5.20193118e+01 1.48629456e+01 1.05000000e+02
      vertex 5.47065859e+01 1.51413763e+01 1.05000000e+02
    endloop
  endfacet
  facet normal -1.40414419e-01 9.89679848e-01 -2.85935114e-02
    outer loop
      vertex 4.70144654e+01 1.37266322e+01 9.00000000e+01
      vertex 4.42489893e+01 1.33342703e+01 9.00000000e+01
      vertex 4.93439300e+01 1.44905086e+01 1.05000000e+02
    endloop
  endfacet
  facet normal -1.37821294e-01 9.90032055e-01 -2.90141538e-02
    outer loop
      vertex 4.70144654e+01 1.37266322e+01 9.00000000e+01
      vertex 4.93439300e+01 1.44905086e+01 1.05000000e+02
      vertex 5.20193118e+01 1.48629456e+01 1.05000000e+02
    endloop
  endfacet
  facet normal -1.83642461e-01 9.82895405e-01 -1.38589325e-02
    outer loop
      vertex 4.42489893e+01 1.33342703e+01 9.00000000e+01
      vertex 4.15036913e+01 1.28213436e+01 9.00000000e+01
      vertex 4.66877565e+01 1.40014269e+01 1.05000000e+02
    endloop
  endfacet
  facet normal -1.81067499e-01 9.83366723e-01 -1.42985441e-02
    outer loop
      vertex 4.42489893e+01 1.33342703e+01 9.00000000e+01
      vertex 4.66877565e+01 1.40014269e+01 1.05000000e+02
      vertex 4.93439300e+01 1.44905086e+01 1.05000000e+02
    endloop
  endfacet
  facet normal -2.40564173e-01 9.70612735e-01 6.30845826e-03
    outer loop
      vertex 4.15036913e+01 1.28213436e+01 9.00000000e+01
      vertex 3.87932947e+01 1.21495779e+01 9.00000000e+01
      vertex 4.40649327e+01 1.33586496e+01 1.05000000e+02
    endloop
  endfacet
  facet normal -2.38022954e-01 9.71241899e-01 5.85200965e-03
    outer loop
      vertex 4.15036913e+01 1.28213436e+01 9.00000000e+01
      vertex 4.40649327e+01 1.33586496e+01 1.05000000e+02
      vertex 4.66877565e+01 1.40014269e+01 1.05000000e+02
    endloop
  endfacet
  facet normal -3.19625024e-01 9.46877518e-01 3.55360428e-02
    outer loop
      vertex 3.87932947e+01 1.21495779e+01 9.00000000e+01
      vertex 3.61480320e+01 1.12566513e+01 9.00000000e+01
      vertex 4.15045375e+01 1.25018309e+01 1.05000000e+02
    endloop
  endfacet
  facet normal -3.17150250e-01 9.47726701e-01 3.50687867e-02
    outer loop
      vertex 3.87932947e+01 1.21495779e+01 9.00000000e+01
      vertex 4.15045375e+01 1.25018309e+01 1.05000000e+02
      vertex 4.40649327e+01 1.33586496e+01 1.05000000e+02
    endloop
  endfacet
  facet normal -4.91930096e-01 8.64468047e-01 1.03439725e-01
    outer loop
      vertex 3.61480320e+01 1.12566513e+01 9.00000000e+01
      vertex 3.37277604e+01 9.87938296e+00 9.00000000e+01
      vertex 3.91604965e+01 1.11760538e+01 1.05000000e+02
    endloop
  endfacet
  facet normal -4.89687882e-01 8.65792984e-01 1.02996539e-01
    outer loop
      vertex 3.61480320e+01 1.12566513e+01 9.00000000e+01
      vertex 3.91604965e+01 1.11760538e+01 1.05000000e+02
      vertex 4.15045375e+01 1.25018309e+01 1.05000000e+02
    endloop
  endfacet
  facet normal -9.15467564e-01 2.57912578e-01 3.08869294e-01
    outer loop
      vertex 3.37277604e+01 9.87938296e+00 9.00000000e+01
      vertex 3.30490856e+01 7.47040860e+00 9.00000000e+01
      vertex 3.84980765e+01 8.84814316e+00 1.05000000e+02
    endloop
  endfacet
  facet normal -9.14803629e-01 2.60312482e-01 3.08823141e-01
    outer loop
      vertex 3.37277604e+01 9.87938296e+00 9.00000000e+01
      vertex 3.84980765e+01 8.84814316e+00 1.05000000e+02
      vertex 3.91604965e+01 1.11760538e+01 1.05000000e+02
    endloop
  endfacet
  facet normal -4.91167102e-01 -8.33060437e-01 2.54490051e-01
    outer loop
      vertex 3.30490856e+01 7.47040860e+00 9.00000000e+01
      vertex 3.54241050e+01 6.07011233e+00 9.00000000e+01
      vertex 4.07913237e+01 7.48795608e+00 1.05000000e+02
    endloop
  endfacet
  facet normal -4.93205079e-01 -8.31533508e-01 2.55540165e-01
    outer loop
      vertex 3.30490856e+01 7.47040860e+00 9.00000000e+01
      vertex 4.07913237e+01 7.48795608e+00 1.05000000e+02
      vertex 3.84980765e+01 8.84814316e+00 1.05000000e+02
    endloop
  endfacet
  facet normal -2.43856581e-01 -9.53536697e-01 1.76922963e-01
    outer loop
      vertex 3.54241050e+01 6.07011233e+00 9.00000000e+01
      vertex 3.81274973e+01 5.37874933e+00 9.00000000e+01
      vertex 4.34039227e+01 6.81252044e+00 1.05000000e+02
    endloop
  endfacet
  facet normal -2.46295429e-01 -9.52675829e-01 1.78177793e-01
    outer loop
      vertex 3.54241050e+01 6.07011233e+00 9.00000000e+01
      vertex 4.34039227e+01 6.81252044e+00 1.05000000e+02
      vertex 4.07913237e+01 7.48795608e+00 1.05000000e+02
    endloop
  endfacet
  facet normal -1.50853629e-01 -9.77707503e-01 1.46052117e-01
    outer loop
      vertex 3.81274973e+01 5.37874933e+00 9.00000000e+01
      vertex 4.08876506e+01 4.95287642e+00 9.00000000e+01
      vertex 4.60720854e+01 6.39368662e+00 1.05000000e+02
    endloop
  endfacet
  facet normal -1.53382849e-01 -9.77118791e-01 1.47351857e-01
    outer loop
      vertex 3.81274973e+01 5.37874933e+00 9.00000000e+01
      vertex 4.60720854e+01 6.39368662e+00 1.05000000e+02
      vertex 4.34039227e+01 6.81252044e+00 1.05000000e+02
    endloop
  endfacet
  facet normal -9.48821206e-02 -9.87333171e-01 1.27163642e-01
    outer loop
      vertex 4.08876506e+01 4.95287642e+00 9.00000000e+01
      vertex 4.36684090e+01 4.68564721e+00 9.00000000e+01
      vertex 4.87605762e+01 6.12821902e+00 1.05000000e+02
    endloop
  endfacet
  facet normal -9.74499736e-02 -9.86912755e-01 1.28478467e-01
    outer loop
      vertex 4.08876506e+01 4.95287642e+00 9.00000000e+01
      vertex 4.87605762e+01 6.12821902e+00 1.05000000e+02
      vertex 4.60720854e+01 6.39368662e+00 1.05000000e+02
    endloop
  endfacet
  facet normal -5.91225619e-02 -9.91608367e-01 1.14966820e-01
    outer loop
      vertex 4.36684090e+01 4.68564721e+00 9.00000000e+01
      vertex 4.64570930e+01 4.51937780e+00 9.00000000e+01
      vertex 5.14569871e+01 5.96036580e+00 1.05000000e+02
    endloop
  endfacet
  facet normal -6.17088598e-02 -9.91297238e-01 1.16283286e-01
    outer loop
      vertex 4.36684090e+01 4.68564721e+00 9.00000000e+01
      vertex 5.14569871e+01 5.96036580e+00 1.05000000e+02
      vertex 4.87605762e+01 6.12821902e+00 1.05000000e+02
    endloop
  endfacet
  facet normal -3.50558635e-02 -9.93675816e-01 1.06674549e-01
    outer loop
      vertex 4.64570930e+01 4.51937780e+00 9.00000000e+01
      vertex 4.92489185e+01 4.42088506e+00 9.00000000e+01
      vertex 5.41566077e+01 5.85804890e+00 1.05000000e+02
    endloop
  endfacet
  facet normal -3.76518159e-02 -9.93439167e-01 1.07985934e-01
    outer loop
      vertex 4.64570930e+01 4.51937780e+00 9.00000000e+01
      vertex 5.41566077e+01 5.85804890e+00 1.05000000e+02
      vertex 5.14569871e+01 5.96036580e+00 1.05000000e+02
    endloop
  endfacet
  facet normal -1.82136846e-02 -9.94740279e-01 1.00797018e-01
    outer loop
      vertex 4.92489185e+01 4.42088506e+00 9.00000000e+01
      vertex 5.20419915e+01 4.36974392e+00 9.00000000e+01
      vertex 5.68575545e+01 5.80152080e+00 1.05000000e+02
    endloop
  endfacet
  facet normal -2.08150637e-02 -9.94556384e-01 1.02099622e-01
    outer loop
      vertex 4.92489185e+01 4.42088506e+00 9.00000000e+01
      vertex 5.68575545e+01 5.80152080e+00 1.05000000e+02
      vertex 5.41566077e+01 5.85804890e+00 1.05000000e+02
    endloop
  endfacet
  facet normal -6.16184254e-03 -9.95312627e-01 9.65132414e-02
    outer loop
      vertex 5.20419915e+01 4.36974392e+00 9.00000000e+01
      vertex 5.48355346e+01 4.35244948e+00 9.00000000e+01
      vertex 5.95590416e+01 5.77772339e+00 1.05000000e+02
    endloop
  endfacet
  facet normal -8.76643016e-03 -9.95167004e-01 9.78048268e-02
    outer loop
      vertex 5.20419915e+01 4.36974392e+00 9.00000000e+01
      vertex 5.95590416e+01 5.77772339e+00 1.05000000e+02
      vertex 5.68575545e+01 5.80152080e+00 1.05000000e+02
    endloop
  endfacet
  facet normal 2.88175417e-03 -9.95640699e-01 9.32271072e-02
    outer loop
      vertex 5.48355346e+01 4.35244948e+00 9.00000000e+01
      vertex 5.76291882e+01 4.36053536e+00 9.00000000e+01
      vertex 6.22606999e+01 5.77847005e+00 1.05000000e+02
    endloop
  endfacet
  facet normal 2.75132685e-04 -9.95524222e-01 9.45063402e-02
    outer loop
      vertex 5.48355346e+01 4.35244948e+00 9.00000000e+01
      vertex 6.22606999e+01 5.77847005e+00 1.05000000e+02
      vertex 5.95590416e+01 5.77772339e+00 1.05000000e+02
    endloop
  endfacet
  facet normal 1.31167482e-02 -9.95889586e-01 8.96207706e-02
    outer loop
      vertex 5.76291882e+01 4.36053536e+00 9.00000000e+01
      vertex 6.04226127e+01 4.39732723e+00 9.00000000e+01
      vertex 6.49622093e+01 5.80697778e+00 1.05000000e+02
    endloop
  endfacet
  facet normal 1.05082617e-02 -9.95805688e-01 9.08878861e-02
    outer loop
      vertex 5.76291882e+01 4.36053536e+00 9.00000000e+01
      vertex 6.49622093e+01 5.80697778e+00 1.05000000e+02
      vertex 6.22606999e+01 5.77847005e+00 1.05000000e+02
    endloop
  endfacet
  facet normal 1.67883087e-02 -9.95974757e-01 8.80479201e-02
    outer loop
      vertex 6.04226127e+01 4.39732723e+00 9.00000000e+01
      vertex 6.32158685e+01 4.44441080e+00 9.00000000e+01
      vertex 6.76635816e+01 5.84543866e+00 1.05000000e+02
    endloop
  endfacet
  facet normal 1.41792108e-02 -9.95903790e-01 8.93005621e-02
    outer loop
      vertex 6.04226127e+01 4.39732723e+00 9.00000000e+01
      vertex 6.76635816e+01 5.84543866e+00 1.05000000e+02
      vertex 6.49622093e+01 5.80697778e+00 1.05000000e+02
    endloop
  endfacet
  facet normal 2.00447223e-02 -9.96039866e-01 8.66186734e-02
    outer loop
      vertex 6.32158685e+01 4.44441080e+00 9.00000000e+01
      vertex 6.60089658e+01 4.50062025e+00 9.00000000e+01
      vertex 7.03648237e+01 5.89272524e+00 1.05000000e+02
    endloop
  endfacet
  facet normal 1.74351328e-02 -9.95980533e-01 8.78566671e-02
    outer loop
      vertex 6.32158685e+01 4.44441080e+00 9.00000000e+01
      vertex 7.03648237e+01 5.89272524e+00 1.05000000e+02
      vertex 6.76635816e+01 5.84543866e+00 1.05000000e+02
    endloop
  endfacet
  facet normal 2.56613707e-02 -9.96091075e-01 8.45225637e-02
    outer loop
      vertex 6.60089658e+01 4.50062025e+00 9.00000000e+01
      vertex 6.88017060e+01 4.57256703e+00 9.00000000e+01
      vertex 7.30657603e+01 5.95523170e+00 1.05000000e+02
    endloop
  endfacet
  facet normal 2.30511056e-02 -9.96050282e-01 8.57466148e-02
    outer loop
      vertex 6.60089658e+01 4.50062025e+00 9.00000000e+01
      vertex 7.30657603e+01 5.95523170e+00 1.05000000e+02
      vertex 7.03648237e+01 5.89272524e+00 1.05000000e+02
    endloop
  endfacet
  facet normal 2.98840537e-02 -9.96113498e-01 8.28543440e-02
    outer loop
      vertex 6.88017060e+01 4.57256703e+00 9.00000000e+01
      vertex 7.15940957e+01 4.65634054e+00 9.00000000e+01
      vertex 7.57663879e+01 6.02917623e+00 1.05000000e+02
    endloop
  endfacet
  facet normal 2.72733625e-02 -9.96087052e-01 8.40639515e-02
    outer loop
      vertex 6.88017060e+01 4.57256703e+00 9.00000000e+01
      vertex 7.57663879e+01 6.02917623e+00 1.05000000e+02
      vertex 7.30657603e+01 5.95523170e+00 1.05000000e+02
    endloop
  endfacet
  facet normal 3.33939582e-02 -9.96121203e-01 8.14087964e-02
    outer loop
      vertex 7.15940957e+01 4.65634054e+00 9.00000000e+01
      vertex 7.43861940e+01 4.74994282e+00 9.00000000e+01
      vertex 7.84667586e+01 6.11262654e+00 1.05000000e+02
    endloop
  endfacet
  facet normal 3.07829705e-02 -9.96106940e-01 8.26037076e-02
    outer loop
      vertex 7.15940957e+01 4.65634054e+00 9.00000000e+01
      vertex 7.84667586e+01 6.11262654e+00 1.05000000e+02
      vertex 7.57663879e+01 6.02917623e+00 1.05000000e+02
    endloop
  endfacet
  facet normal 3.88408073e-02 -9.96081596e-01 7.94534131e-02
    outer loop
      vertex 7.43861940e+01 4.74994282e+00 9.00000000e+01
      vertex 7.71777389e+01 4.85879520e+00 9.00000000e+01
      vertex 8.11666328e+01 6.21082606e+00 1.05000000e+02
    endloop
  endfacet
  facet normal 3.62294953e-02 -9.96085116e-01 8.06341453e-02
    outer loop
      vertex 7.43861940e+01 4.74994282e+00 9.00000000e+01
      vertex 8.11666328e+01 6.21082606e+00 1.05000000e+02
      vertex 7.84667586e+01 6.11262654e+00 1.05000000e+02
    endloop
  endfacet
  facet normal 4.06371656e-02 -9.96085055e-01 7.85059541e-02
    outer loop
      vertex 7.71777389e+01 4.85879520e+00 9.00000000e+01
      vertex 7.99690782e+01 4.97267315e+00 9.00000000e+01
      vertex 8.38663208e+01 6.31388612e+00 1.05000000e+02
    endloop
  endfacet
  facet normal 3.80257575e-02 -9.96095631e-01 7.96714212e-02
    outer loop
      vertex 7.71777389e+01 4.85879520e+00 9.00000000e+01
      vertex 8.38663208e+01 6.31388612e+00 1.05000000e+02
      vertex 8.11666328e+01 6.21082606e+00 1.05000000e+02
    endloop
  endfacet
  facet normal 4.29166627e-02 -9.96072699e-01 7.74424872e-02
    outer loop
      vertex 7.99690782e+01 4.97267315e+00 9.00000000e+01
      vertex 8.27601556e+01 5.09292915e+00 9.00000000e+01
      vertex 8.65657716e+01 6.42311484e+00 1.05000000e+02
    endloop
  endfacet
  facet normal 4.03051668e-02 -9.96091695e-01 7.85928065e-02
    outer loop
      vertex 7.99690782e+01 4.97267315e+00 9.00000000e+01
      vertex 8.65657716e+01 6.42311484e+00 1.05000000e+02
      vertex 8.38663208e+01 6.31388612e+00 1.05000000e+02
    endloop
  endfacet
  facet normal 4.54402174e-02 -9.96046661e-01 7.63297806e-02
    outer loop
      vertex 8.27601556e+01 5.09292915e+00 9.00000000e+01
      vertex 8.55509187e+01 5.22024536e+00 9.00000000e+01
      vertex 8.92649365e+01 6.53917201e+00 1.05000000e+02
    endloop
  endfacet
  facet normal 4.28286594e-02 -9.96074736e-01 7.74649950e-02
    outer loop
      vertex 8.27601556e+01 5.09292915e+00 9.00000000e+01
      vertex 8.92649365e+01 6.53917201e+00 1.05000000e+02
      vertex 8.65657716e+01 6.42311484e+00 1.05000000e+02
    endloop
  endfacet
  facet normal 4.64467169e-02 -9.96055048e-01 7.56111295e-02
    outer loop
      vertex 8.55509187e+01 5.22024536e+00 9.00000000e+01
      vertex 8.83415520e+01 5.35037447e+00 9.00000000e+01
      vertex 9.19639829e+01 6.65794976e+00 1.05000000e+02
    endloop
  endfacet
  facet normal 4.38351341e-02 -9.96087779e-01 7.67308165e-02
    outer loop
      vertex 8.55509187e+01 5.22024536e+00 9.00000000e+01
      vertex 9.19639829e+01 6.65794976e+00 1.05000000e+02
      vertex 8.92649365e+01 6.53917201e+00 1.05000000e+02
    endloop
  endfacet
  facet normal 4.75793543e-02 -9.96057751e-01 7.48676337e-02
    outer loop
      vertex 8.83415520e+01 5.35037447e+00 9.00000000e+01
      vertex 9.11320371e+01 5.48366943e+00 9.00000000e+01
      vertex 9.46628940e+01 6.77978945e+00 1.05000000e+02
    endloop
  endfacet
  facet normal 4.49677548e-02 -9.96095469e-01 7.59718156e-02
    outer loop
      vertex 8.83415520e+01 5.35037447e+00 9.00000000e+01
      vertex 9.46628940e+01 6.77978945e+00 1.05000000e+02
      vertex 9.19639829e+01 6.65794976e+00 1.05000000e+02
    endloop
  endfacet
  facet normal 4.87273956e-02 -9.96057632e-01 7.41271547e-02
    outer loop
      vertex 9.11320371e+01 5.48366943e+00 9.00000000e+01
      vertex 9.39223668e+01 5.62017308e+00 9.00000000e+01
      vertex 9.73616630e+01 6.90473255e+00 1.05000000e+02
    endloop
  endfacet
  facet normal 4.61157888e-02 -9.96100353e-01 7.52158242e-02
    outer loop
      vertex 9.11320371e+01 5.48366943e+00 9.00000000e+01
      vertex 9.73616630e+01 6.90473255e+00 1.05000000e+02
      vertex 9.46628940e+01 6.77978945e+00 1.05000000e+02
    endloop
  endfacet
  facet normal 4.92183681e-02 -9.96076576e-01 7.35459526e-02
    outer loop
      vertex 9.39223668e+01 5.62017308e+00 9.00000000e+01
      vertex 9.67126292e+01 5.75804617e+00 9.00000000e+01
      vertex 1.00060370e+02 7.03100016e+00 1.05000000e+02
    endloop
  endfacet
  facet normal 4.66067547e-02 -9.96122395e-01 7.46189349e-02
    outer loop
      vertex 9.39223668e+01 5.62017308e+00 9.00000000e+01
      vertex 1.00060370e+02 7.03100016e+00 1.05000000e+02
      vertex 9.73616630e+01 6.90473255e+00 1.05000000e+02
    endloop
  endfacet
  facet normal 4.97684049e-02 -9.96092755e-01 7.29542954e-02
    outer loop
      vertex 9.67126292e+01 5.75804617e+00 9.00000000e+01
      vertex 9.95028153e+01 5.89745399e+00 9.00000000e+01
      vertex 1.02759008e+02 7.15875212e+00 1.05000000e+02
    endloop
  endfacet
  facet normal 4.71567888e-02 -9.96141818e-01 7.40115982e-02
    outer loop
      vertex 9.67126292e+01 5.75804617e+00 9.00000000e+01
      vertex 1.02759008e+02 7.15875212e+00 1.05000000e+02
      vertex 1.00060370e+02 7.03100016e+00 1.05000000e+02
    endloop
  endfacet
  facet normal 5.05105473e-02 -9.96101389e-01 7.23236243e-02
    outer loop
      vertex 9.95028153e+01 5.89745399e+00 9.00000000e+01
      vertex 1.02292897e+02 6.03893413e+00 9.00000000e+01
      vertex 1.05457550e+02 7.28850843e+00 1.05000000e+02
    endloop
  endfacet
  facet normal 4.78989358e-02 -9.96154218e-01 7.33652870e-02
    outer loop
      vertex 9.95028153e+01 5.89745399e+00 9.00000000e+01
      vertex 1.05457550e+02 7.28850843e+00 1.05000000e+02
      vertex 1.02759008e+02 7.15875212e+00 1.05000000e+02
    endloop
  endfacet
  facet normal 5.13369339e-02 -9.96105714e-01 7.16793210e-02
    outer loop
      vertex 1.02292897e+02 6.03893413e+00 9.00000000e+01
      vertex 1.05082861e+02 6.18272228e+00 9.00000000e+01
      vertex 1.08155984e+02 7.42049702e+00 1.05000000e+02
    endloop
  endfacet
  facet normal 4.87253341e-02 -9.96162523e-01 7.27053557e-02
    outer loop
      vertex 1.02292897e+02 6.03893413e+00 9.00000000e+01
      vertex 1.08155984e+02 7.42049702e+00 1.05000000e+02
      vertex 1.05457550e+02 7.28850843e+00 1.05000000e+02
    endloop
  endfacet
  facet normal 5.21868482e-02 -9.96107704e-01 7.10350223e-02
    outer loop
      vertex 1.05082861e+02 6.18272228e+00 9.00000000e+01
      vertex 1.07872702e+02 6.32888417e+00 9.00000000e+01
      vertex 1.10854304e+02 7.55478148e+00 1.05000000e+02
    endloop
  endfacet
  facet normal 4.95752663e-02 -9.96168535e-01 7.20454262e-02
    outer loop
      vertex 1.05082861e+02 6.18272228e+00 9.00000000e+01
      vertex 1.10854304e+02 7.55478148e+00 1.05000000e+02
      vertex 1.08155984e+02 7.42049702e+00 1.05000000e+02
    endloop
  endfacet
  facet normal 5.30121652e-02 -9.96109154e-01 7.04007316e-02
    outer loop
      vertex 1.07872702e+02 6.32888417e+00 9.00000000e+01
      vertex 1.10662421e+02 6.47735087e+00 9.00000000e+01
      vertex 1.13552512e+02 7.69129513e+00 1.05000000e+02
    endloop
  endfacet
  facet normal 5.04006062e-02 -9.96173912e-01 7.13954908e-02
    outer loop
      vertex 1.07872702e+02 6.32888417e+00 9.00000000e+01
      vertex 1.13552512e+02 7.69129513e+00 1.05000000e+02
      vertex 1.10854304e+02 7.55478148e+00 1.05000000e+02
    endloop
  endfacet
  facet normal 5.43068960e-02 -9.96090131e-01 6.96793508e-02
    outer loop
      vertex 1.10662421e+02 6.47735087e+00 9.00000000e+01
      vertex 1.13451944e+02 6.62943585e+00 9.00000000e+01
      vertex 1.16250541e+02 7.83130839e+00 1.05000000e+02
    endloop
  endfacet
  facet normal 5.16953853e-02 -9.96160105e-01 7.06585627e-02
    outer loop
      vertex 1.10662421e+02 6.47735087e+00 9.00000000e+01
      vertex 1.16250541e+02 7.83130839e+00 1.05000000e+02
      vertex 1.13552512e+02 7.69129513e+00 1.05000000e+02
    endloop
  endfacet
  facet normal 1.29133799e-01 -9.90113875e-01 5.47629132e-02
    outer loop
      vertex 1.13451944e+02 6.62943585e+00 9.00000000e+01
      vertex 1.16257927e+02 6.99540107e+00 9.00000000e+01
      vertex 1.18965029e+02 8.17811555e+00 1.05000000e+02
    endloop
  endfacet
  facet normal 1.26534343e-01 -9.90394517e-01 5.57472894e-02
    outer loop
      vertex 1.13451944e+02 6.62943585e+00 9.00000000e+01
      vertex 1.18965029e+02 8.17811555e+00 1.05000000e+02
      vertex 1.16250541e+02 7.83130839e+00 1.05000000e+02
    endloop
  endfacet
  facet normal 2.15687851e-01 9.69485951e-01 -1.16514987e-01
    outer loop
      vertex 1.18965029e+02 8.17811555e+00 1.05000000e+02
      vertex 1.16327857e+02 8.76482429e+00 1.05000000e+02
      vertex 1.19126027e+02 9.94503080e+00 1.20000000e+02
    endloop
  endfacet
  facet normal 2.18226226e-01 9.68922437e-01 -1.16475854e-01
    outer loop
      vertex 1.18965029e+02 8.17811555e+00 1.05000000e+02
      vertex 1.19126027e+02 9.94503080e+00 1.20000000e+02
      vertex 1.21671895e+02 9.37163582e+00 1.20000000e+02
    endloop
  endfacet
  facet normal 2.07642444e-01 9.71348660e-01 -1.15613133e-01
    outer loop
      vertex 1.16327857e+02 8.76482429e+00 1.05000000e+02
      vertex 1.13685897e+02 9.32958859e+00 1.05000000e+02
      vertex 1.16575477e+02 1.04972408e+01 1.20000000e+02
    endloop
  endfacet
  facet normal 2.10185230e-01 9.70804104e-01 -1.15592216e-01
    outer loop
      vertex 1.16327857e+02 8.76482429e+00 1.05000000e+02
      vertex 1.16575477e+02 1.04972408e+01 1.20000000e+02
      vertex 1.19126027e+02 9.94503080e+00 1.20000000e+02
    endloop
  endfacet
  facet normal 1.98837211e-01 9.73318199e-01 -1.14522691e-01
    outer loop
      vertex 1.13685897e+02 9.32958859e+00 1.05000000e+02
      vertex 1.11038917e+02 9.87033481e+00 1.05000000e+02
      vertex 1.14020018e+02 1.10262635e+01 1.20000000e+02
    endloop
  endfacet
  facet normal 2.01384726e-01 9.72794590e-01 -1.14520210e-01
    outer loop
      vertex 1.13685897e+02 9.32958859e+00 1.05000000e+02
      vertex 1.14020018e+02 1.10262635e+01 1.20000000e+02
      vertex 1.16575477e+02 1.04972408e+01 1.20000000e+02
    endloop
  endfacet
  facet normal 1.90874907e-01 9.75027668e-01 -1.13524521e-01
    outer loop
      vertex 1.11038917e+02 9.87033481e+00 1.05000000e+02
      vertex 1.08387594e+02 1.03893673e+01 1.05000000e+02
      vertex 1.11460309e+02 1.15343231e+01 1.20000000e+02
    endloop
  endfacet
  facet normal 1.93426518e-01 9.74522860e-01 -1.13540203e-01
    outer loop
      vertex 1.11038917e+02 9.87033481e+00 1.05000000e+02
      vertex 1.11460309e+02 1.15343231e+01 1.20000000e+02
      vertex 1.14020018e+02 1.10262635e+01 1.20000000e+02
    endloop
  endfacet
  facet normal 1.83471782e-01 9.76557446e-01 -1.12577350e-01
    outer loop
      vertex 1.08387594e+02 1.03893673e+01 1.05000000e+02
      vertex 1.05732388e+02 1.08882169e+01 1.05000000e+02
      vertex 1.08896799e+02 1.20228968e+01 1.20000000e+02
    endloop
  endfacet
  facet normal 1.86027058e-01 9.76070025e-01 -1.12611013e-01
    outer loop
      vertex 1.08387594e+02 1.03893673e+01 1.05000000e+02
      vertex 1.08896799e+02 1.20228968e+01 1.20000000e+02
      vertex 1.11460309e+02 1.15343231e+01 1.20000000e+02
    endloop
  endfacet
  facet normal 1.73998435e-01 9.78450171e-01 -1.11174668e-01
    outer loop
      vertex 1.05732388e+02 1.08882169e+01 1.05000000e+02
      vertex 1.03072460e+02 1.13612337e+01 1.05000000e+02
      vertex 1.06328661e+02 1.24865297e+01 1.20000000e+02
    endloop
  endfacet
  facet normal 1.76558374e-01 9.77985538e-01 -1.11226921e-01
    outer loop
      vertex 1.05732388e+02 1.08882169e+01 1.05000000e+02
      vertex 1.06328661e+02 1.24865297e+01 1.20000000e+02
      vertex 1.08896799e+02 1.20228968e+01 1.20000000e+02
    endloop
  endfacet
  facet normal 1.66265558e-01 9.79919787e-01 -1.10058963e-01
    outer loop
      vertex 1.03072460e+02 1.13612337e+01 1.05000000e+02
      vertex 1.00408893e+02 1.18131680e+01 1.05000000e+02
      vertex 1.03756956e+02 1.29298073e+01 1.20000000e+02
    endloop
  endfacet
  facet normal 1.68829086e-01 9.79473472e-01 -1.10129273e-01
    outer loop
      vertex 1.03072460e+02 1.13612337e+01 1.05000000e+02
      vertex 1.03756956e+02 1.29298073e+01 1.20000000e+02
      vertex 1.06328661e+02 1.24865297e+01 1.20000000e+02
    endloop
  endfacet
  facet normal 1.59239254e-01 9.81199989e-01 -1.09038712e-01
    outer loop
      vertex 1.00408893e+02 1.18131680e+01 1.05000000e+02
      vertex 9.77421628e+01 1.22459526e+01 1.05000000e+02
      vertex 1.01182146e+02 1.33545953e+01 1.20000000e+02
    endloop
  endfacet
  facet normal 1.61805907e-01 9.80770196e-01 -1.09126857e-01
    outer loop
      vertex 1.00408893e+02 1.18131680e+01 1.05000000e+02
      vertex 1.01182146e+02 1.33545953e+01 1.20000000e+02
      vertex 1.03756956e+02 1.29298073e+01 1.20000000e+02
    endloop
  endfacet
  facet normal 1.52895433e-01 9.82310200e-01 -1.08118723e-01
    outer loop
      vertex 9.77421628e+01 1.22459526e+01 1.05000000e+02
      vertex 9.50726537e+01 1.26614585e+01 1.05000000e+02
      vertex 9.86046090e+01 1.37627003e+01 1.20000000e+02
    endloop
  endfacet
  facet normal 1.55464788e-01 9.81895188e-01 -1.08224487e-01
    outer loop
      vertex 9.77421628e+01 1.22459526e+01 1.05000000e+02
      vertex 9.86046090e+01 1.37627003e+01 1.20000000e+02
      vertex 1.01182146e+02 1.33545953e+01 1.20000000e+02
    endloop
  endfacet
  facet normal 1.41494816e-01 9.84244394e-01 -1.06029195e-01
    outer loop
      vertex 9.50726537e+01 1.26614585e+01 1.05000000e+02
      vertex 9.23984860e+01 1.30458964e+01 1.05000000e+02
      vertex 9.60224930e+01 1.41408071e+01 1.20000000e+02
    endloop
  endfacet
  facet normal 1.44069144e-01 9.83857409e-01 -1.06154043e-01
    outer loop
      vertex 9.50726537e+01 1.26614585e+01 1.05000000e+02
      vertex 9.60224930e+01 1.41408071e+01 1.20000000e+02
      vertex 9.86046090e+01 1.37627003e+01 1.20000000e+02
    endloop
  endfacet
  facet normal 1.34322876e-01 9.85376884e-01 -1.04832067e-01
    outer loop
      vertex 9.23984860e+01 1.30458964e+01 1.05000000e+02
      vertex 8.97216373e+01 1.34107944e+01 1.05000000e+02
      vertex 9.34377380e+01 1.45000463e+01 1.20000000e+02
    endloop
  endfacet
  facet normal 1.36900051e-01 9.85006942e-01 -1.04974759e-01
    outer loop
      vertex 9.23984860e+01 1.30458964e+01 1.05000000e+02
      vertex 9.34377380e+01 1.45000463e+01 1.20000000e+02
      vertex 9.60224930e+01 1.41408071e+01 1.20000000e+02
    endloop
  endfacet
  facet normal 1.28258452e-01 9.86288589e-01 -1.03848877e-01
    outer loop
      vertex 8.97216373e+01 1.34107944e+01 1.05000000e+02
      vertex 8.70425461e+01 1.37591874e+01 1.05000000e+02
      vertex 9.08507751e+01 1.48433484e+01 1.20000000e+02
    endloop
  endfacet
  facet normal 1.30837905e-01 9.85932835e-01 -1.04009072e-01
    outer loop
      vertex 8.97216373e+01 1.34107944e+01 1.05000000e+02
      vertex 9.08507751e+01 1.48433484e+01 1.20000000e+02
      vertex 9.34377380e+01 1.45000463e+01 1.20000000e+02
    endloop
  endfacet
  facet normal 1.15080931e-01 9.88198501e-01 -1.01094522e-01
    outer loop
      vertex 8.70425461e+01 1.37591874e+01 1.05000000e+02
      vertex 8.43590218e+01 1.40716980e+01 1.05000000e+02
      vertex 8.82594393e+01 1.51520014e+01 1.20000000e+02
    endloop
  endfacet
  facet normal 1.17665470e-01 9.87875685e-01 -1.01274221e-01
    outer loop
      vertex 8.70425461e+01 1.37591874e+01 1.05000000e+02
      vertex 8.82594393e+01 1.51520014e+01 1.20000000e+02
      vertex 9.08507751e+01 1.48433484e+01 1.20000000e+02
    endloop
  endfacet
  facet normal 1.07657845e-01 9.89177481e-01 -9.96880070e-02
    outer loop
      vertex 8.43590218e+01 1.40716980e+01 1.05000000e+02
      vertex 8.16733029e+01 1.43640002e+01 1.05000000e+02
      vertex 8.56659326e+01 1.54411397e+01 1.20000000e+02
    endloop
  endfacet
  facet normal 1.10244939e-01 9.88872553e-01 -9.98855749e-02
    outer loop
      vertex 8.43590218e+01 1.40716980e+01 1.05000000e+02
      vertex 8.56659326e+01 1.54411397e+01 1.20000000e+02
      vertex 8.82594393e+01 1.51520014e+01 1.20000000e+02
    endloop
  endfacet
  facet normal 9.97588865e-02 9.90162958e-01 -9.81095380e-02
    outer loop
      vertex 8.16733029e+01 1.43640002e+01 1.05000000e+02
      vertex 7.89852512e+01 1.46348213e+01 1.05000000e+02
      vertex 8.30701182e+01 1.57095346e+01 1.20000000e+02
    endloop
  endfacet
  facet normal 1.02348595e-01 9.89877238e-01 -9.83250646e-02
    outer loop
      vertex 8.16733029e+01 1.43640002e+01 1.05000000e+02
      vertex 8.30701182e+01 1.57095346e+01 1.20000000e+02
      vertex 8.56659326e+01 1.54411397e+01 1.20000000e+02
    endloop
  endfacet
  facet normal 8.43622388e-02 9.91944150e-01 -9.44976984e-02
    outer loop
      vertex 7.89852512e+01 1.46348213e+01 1.05000000e+02
      vertex 7.62933416e+01 1.48637611e+01 1.05000000e+02
      vertex 8.04704714e+01 1.59374843e+01 1.20000000e+02
    endloop
  endfacet
  facet normal 8.69568953e-02 9.91697595e-01 -9.47331956e-02
    outer loop
      vertex 7.89852512e+01 1.46348213e+01 1.05000000e+02
      vertex 8.04704714e+01 1.59374843e+01 1.20000000e+02
      vertex 8.30701182e+01 1.57095346e+01 1.20000000e+02
    endloop
  endfacet
  facet normal 7.63624076e-02 9.92753945e-01 -9.27813952e-02
    outer loop
      vertex 7.62933416e+01 1.48637611e+01 1.05000000e+02
      vertex 7.35997527e+01 1.50709514e+01 1.05000000e+02
      vertex 7.78691475e+01 1.61444295e+01 1.20000000e+02
    endloop
  endfacet
  facet normal 7.89592913e-02 9.92527052e-01 -9.30348359e-02
    outer loop
      vertex 7.62933416e+01 1.48637611e+01 1.05000000e+02
      vertex 7.78691475e+01 1.61444295e+01 1.20000000e+02
      vertex 8.04704714e+01 1.59374843e+01 1.20000000e+02
    endloop
  endfacet
  facet normal 6.35360690e-02 9.93942939e-01 -8.96694072e-02
    outer loop
      vertex 7.35997527e+01 1.50709514e+01 1.05000000e+02
      vertex 7.09035957e+01 1.52432985e+01 1.05000000e+02
      vertex 7.52652549e+01 1.63177248e+01 1.20000000e+02
    endloop
  endfacet
  facet normal 6.61363527e-02 9.93748672e-01 -8.99419786e-02
    outer loop
      vertex 7.35997527e+01 1.50709514e+01 1.05000000e+02
      vertex 7.52652549e+01 1.63177248e+01 1.20000000e+02
      vertex 7.78691475e+01 1.61444295e+01 1.20000000e+02
    endloop
  endfacet
  facet normal 4.38567246e-02 9.95457058e-01 -8.45093701e-02
    outer loop
      vertex 7.09035957e+01 1.52432985e+01 1.05000000e+02
      vertex 6.82047046e+01 1.53622032e+01 1.05000000e+02
      vertex 7.26585861e+01 1.64394048e+01 1.20000000e+02
    endloop
  endfacet
  facet normal 4.64615096e-02 9.95313934e-01 -8.48027155e-02
    outer loop
      vertex 7.09035957e+01 1.52432985e+01 1.05000000e+02
      vertex 7.26585861e+01 1.64394048e+01 1.20000000e+02
      vertex 7.52652549e+01 1.63177248e+01 1.20000000e+02
    endloop
  endfacet
  facet normal 3.07153382e-02 9.96231208e-01 -8.11168812e-02
    outer loop
      vertex 6.82047046e+01 1.53622032e+01 1.05000000e+02
      vertex 6.55045671e+01 1.54454526e+01 1.05000000e+02
      vertex 7.00506232e+01 1.65266470e+01 1.20000000e+02
    endloop
  endfacet
  facet normal 3.33225056e-02 9.96121925e-01 -8.14292389e-02
    outer loop
      vertex 6.82047046e+01 1.53622032e+01 1.05000000e+02
      vertex 7.00506232e+01 1.65266470e+01 1.20000000e+02
      vertex 7.26585861e+01 1.64394048e+01 1.20000000e+02
    endloop
  endfacet
  facet normal 7.41850420e-03 9.97187482e-01 -7.45794295e-02
    outer loop
      vertex 6.55045671e+01 1.54454526e+01 1.05000000e+02
      vertex 6.28029820e+01 1.54655508e+01 1.05000000e+02
      vertex 6.74411024e+01 1.65528925e+01 1.20000000e+02
    endloop
  endfacet
  facet normal 1.00288551e-02 9.97139649e-01 -7.49129005e-02
    outer loop
      vertex 6.55045671e+01 1.54454526e+01 1.05000000e+02
      vertex 6.74411024e+01 1.65528925e+01 1.20000000e+02
      vertex 7.00506232e+01 1.65266470e+01 1.20000000e+02
    endloop
  endfacet
  facet normal -1.80298869e-02 9.97577062e-01 -6.71932176e-02
    outer loop
      vertex 6.28029820e+01 1.54655508e+01 1.05000000e+02
      vertex 6.01020377e+01 1.54167348e+01 1.05000000e+02
      vertex 6.48320261e+01 1.65125694e+01 1.20000000e+02
    endloop
  endfacet
  facet normal -1.54178073e-02 9.97596896e-01 -6.75479370e-02
    outer loop
      vertex 6.28029820e+01 1.54655508e+01 1.05000000e+02
      vertex 6.48320261e+01 1.65125694e+01 1.20000000e+02
      vertex 6.74411024e+01 1.65528925e+01 1.20000000e+02
    endloop
  endfacet
  facet normal -3.86600158e-02 9.97380950e-01 -6.11280880e-02
    outer loop
      vertex 6.01020377e+01 1.54167348e+01 1.05000000e+02
      vertex 5.74028160e+01 1.53121089e+01 1.05000000e+02
      vertex 6.22244728e+01 1.64183328e+01 1.20000000e+02
    endloop
  endfacet
  facet normal -3.60479180e-02 9.97455747e-01 -6.15026829e-02
    outer loop
      vertex 6.01020377e+01 1.54167348e+01 1.05000000e+02
      vertex 6.22244728e+01 1.64183328e+01 1.20000000e+02
      vertex 6.48320261e+01 1.65125694e+01 1.20000000e+02
    endloop
  endfacet
  facet normal -6.31050398e-02 9.96563011e-01 -5.36648739e-02
    outer loop
      vertex 5.74028160e+01 1.53121089e+01 1.05000000e+02
      vertex 5.47065859e+01 1.51413763e+01 1.05000000e+02
      vertex 5.96196419e+01 1.62602336e+01 1.20000000e+02
    endloop
  endfacet
  facet normal -6.04945409e-02 9.96703554e-01 -5.40595588e-02
    outer loop
      vertex 5.74028160e+01 1.53121089e+01 1.05000000e+02
      vertex 5.96196419e+01 1.62602336e+01 1.20000000e+02
      vertex 6.22244728e+01 1.64183328e+01 1.20000000e+02
    endloop
  endfacet
  facet normal -1.02973070e-01 9.93844603e-01 -4.08589384e-02
    outer loop
      vertex 5.47065859e+01 1.51413763e+01 1.05000000e+02
      vertex 5.20193118e+01 1.48629456e+01 1.05000000e+02
      vertex 5.70231896e+01 1.59980816e+01 1.20000000e+02
    endloop
  endfacet
  facet normal -1.00369121e-01 9.94093752e-01 -4.12753226e-02
    outer loop
      vertex 5.47065859e+01 1.51413763e+01 1.05000000e+02
      vertex 5.70231896e+01 1.59980816e+01 1.20000000e+02
      vertex 5.96196419e+01 1.62602336e+01 1.20000000e+02
    endloop
  endfacet
  facet normal -1.37819738e-01 9.90020883e-01 -2.94002028e-02
    outer loop
      vertex 5.20193118e+01 1.48629456e+01 1.05000000e+02
      vertex 4.93439300e+01 1.44905086e+01 1.05000000e+02
      vertex 5.44379870e+01 1.56450950e+01 1.20000000e+02
    endloop
  endfacet
  facet normal -1.35225652e-01 9.90365493e-01 -2.98364554e-02
    outer loop
      vertex 5.20193118e+01 1.48629456e+01 1.05000000e+02
      vertex 5.44379870e+01 1.56450950e+01 1.20000000e+02
      vertex 5.70231896e+01 1.59980816e+01 1.20000000e+02
    endloop
  endfacet
  facet normal -1.81066562e-01 9.83361632e-01 -1.46561189e-02
    outer loop
      vertex 4.93439300e+01 1.44905086e+01 1.05000000e+02
      vertex 4.66877565e+01 1.40014269e+01 1.05000000e+02
      vertex 5.18710433e+01 1.51793880e+01 1.20000000e+02
    endloop
  endfacet
  facet normal -1.78490299e-01 9.83825623e-01 -1.51114617e-02
    outer loop
      vertex 4.93439300e+01 1.44905086e+01 1.05000000e+02
      vertex 5.18710433e+01 1.51793880e+01 1.20000000e+02
      vertex 5.44379870e+01 1.56450950e+01 1.20000000e+02
    endloop
  endfacet
  facet normal -2.38023401e-01 9.71243723e-01 5.52182837e-03
    outer loop
      vertex 4.66877565e+01 1.40014269e+01 1.05000000e+02
      vertex 4.40649327e+01 1.33586496e+01 1.05000000e+02
      vertex 4.93359249e+01 1.45651357e+01 1.20000000e+02
    endloop
  endfacet
  facet normal -2.35480466e-01 9.71865964e-01 5.04950283e-03
    outer loop
      vertex 4.66877565e+01 1.40014269e+01 1.05000000e+02
      vertex 4.93359249e+01 1.45651357e+01 1.20000000e+02
      vertex 5.18710433e+01 1.51793880e+01 1.20000000e+02
    endloop
  endfacet
  facet normal -3.17153630e-01 9.47736800e-01 3.47639610e-02
    outer loop
      vertex 4.40649327e+01 1.33586496e+01 1.05000000e+02
      vertex 4.15045375e+01 1.25018309e+01 1.05000000e+02
      vertex 4.68605676e+01 1.37439742e+01 1.20000000e+02
    endloop
  endfacet
  facet normal -3.14676633e-01 9.48579703e-01 3.42806563e-02
    outer loop
      vertex 4.40649327e+01 1.33586496e+01 1.05000000e+02
      vertex 4.68605676e+01 1.37439742e+01 1.20000000e+02
      vertex 4.93359249e+01 1.45651357e+01 1.20000000e+02
    endloop
  endfacet
  facet normal -4.89702583e-01 8.65818975e-01 1.02707758e-01
    outer loop
      vertex 4.15045375e+01 1.25018309e+01 1.05000000e+02
      vertex 3.91604965e+01 1.11760538e+01 1.05000000e+02
      vertex 4.45930097e+01 1.24692796e+01 1.20000000e+02
    endloop
  endfacet
  facet normal -4.87457391e-01 8.67139302e-01 1.02248342e-01
    outer loop
      vertex 4.15045375e+01 1.25018309e+01 1.05000000e+02
      vertex 4.45930097e+01 1.24692796e+01 1.20000000e+02
      vertex 4.68605676e+01 1.37439742e+01 1.20000000e+02
    endloop
  endfacet
  facet normal -9.14900182e-01 2.60339956e-01 3.08513798e-01
    outer loop
      vertex 3.91604965e+01 1.11760538e+01 1.05000000e+02
      vertex 3.84980765e+01 8.84814316e+00 1.05000000e+02
      vertex 4.39472642e+01 1.02223305e+01 1.20000000e+02
    endloop
  endfacet
  facet normal -9.14234168e-01 2.62739636e-01 3.08453836e-01
    outer loop
      vertex 3.91604965e+01 1.11760538e+01 1.05000000e+02
      vertex 4.39472642e+01 1.02223305e+01 1.20000000e+02
      vertex 4.45930097e+01 1.24692796e+01 1.20000000e+02
    endloop
  endfacet
  facet normal -4.93283742e-01 -8.31666132e-01 2.54956064e-01
    outer loop
      vertex 3.84980765e+01 8.84814316e+00 1.05000000e+02
      vertex 4.07913237e+01 7.48795608e+00 1.05000000e+02
      vertex 4.61589659e+01 8.90267079e+00 1.20000000e+02
    endloop
  endfacet
  facet normal -4.95319337e-01 -8.30137220e-01 2.55990137e-01
    outer loop
      vertex 3.84980765e+01 8.84814316e+00 1.05000000e+02
      vertex 4.61589659e+01 8.90267079e+00 1.20000000e+02
      vertex 4.39472642e+01 1.02223305e+01 1.20000000e+02
    endloop
  endfacet
  facet normal -2.46323445e-01 -9.52784194e-01 1.77558555e-01
    outer loop
      vertex 4.07913237e+01 7.48795608e+00 1.05000000e+02
      vertex 4.34039227e+01 6.81252044e+00 1.05000000e+02
      vertex 4.86808743e+01 8.24363302e+00 1.20000000e+02
    endloop
  endfacet
  facet normal -2.48760297e-01 -9.51919146e-01 1.78796686e-01
    outer loop
      vertex 4.07913237e+01 7.48795608e+00 1.05000000e+02
      vertex 4.86808743e+01 8.24363302e+00 1.20000000e+02
      vertex 4.61589659e+01 8.90267079e+00 1.20000000e+02
    endloop
  endfacet
  facet normal -1.53396792e-01 -9.77207620e-01 1.46747035e-01
    outer loop
      vertex 4.34039227e+01 6.81252044e+00 1.05000000e+02
      vertex 4.60720854e+01 6.39368662e+00 1.05000000e+02
      vertex 5.12571028e+01 7.83231693e+00 1.20000000e+02
    endloop
  endfacet
  facet normal -1.55924445e-01 -9.76613887e-01 1.48030010e-01
    outer loop
      vertex 4.34039227e+01 6.81252044e+00 1.05000000e+02
      vertex 5.12571028e+01 7.83231693e+00 1.20000000e+02
      vertex 4.86808743e+01 8.24363302e+00 1.20000000e+02
    endloop
  endfacet
  facet normal -9.74573608e-02 -9.86987569e-01 1.27896842e-01
    outer loop
      vertex 4.60720854e+01 6.39368662e+00 1.05000000e+02
      vertex 4.87605762e+01 6.12821902e+00 1.05000000e+02
      vertex 5.38533548e+01 7.56909216e+00 1.20000000e+02
    endloop
  endfacet
  facet normal -1.00023979e-01 -9.86561646e-01 1.29194904e-01
    outer loop
      vertex 4.60720854e+01 6.39368662e+00 1.05000000e+02
      vertex 5.38533548e+01 7.56909216e+00 1.20000000e+02
      vertex 5.12571028e+01 7.83231693e+00 1.20000000e+02
    endloop
  endfacet
  facet normal -6.17128841e-02 -9.91361884e-01 1.15728713e-01
    outer loop
      vertex 4.87605762e+01 6.12821902e+00 1.05000000e+02
      vertex 5.14569871e+01 5.96036580e+00 1.05000000e+02
      vertex 5.64575041e+01 7.40013708e+00 1.20000000e+02
    endloop
  endfacet
  facet normal -6.42981890e-02 -9.91044948e-01 1.17028432e-01
    outer loop
      vertex 4.87605762e+01 6.12821902e+00 1.05000000e+02
      vertex 5.64575041e+01 7.40013708e+00 1.20000000e+02
      vertex 5.38533548e+01 7.56909216e+00 1.20000000e+02
    endloop
  endfacet
  facet normal -3.76539730e-02 -9.93496083e-01 1.07460282e-01
    outer loop
      vertex 5.14569871e+01 5.96036580e+00 1.05000000e+02
      vertex 5.41566077e+01 5.85804890e+00 1.05000000e+02
      vertex 5.90649194e+01 7.29447810e+00 1.20000000e+02
    endloop
  endfacet
  facet normal -4.02491073e-02 -9.93253428e-01 1.08754940e-01
    outer loop
      vertex 5.14569871e+01 5.96036580e+00 1.05000000e+02
      vertex 5.90649194e+01 7.29447810e+00 1.20000000e+02
      vertex 5.64575041e+01 7.40013708e+00 1.20000000e+02
    endloop
  endfacet
  facet normal -2.08161257e-02 -9.94607128e-01 1.01603892e-01
    outer loop
      vertex 5.41566077e+01 5.85804890e+00 1.05000000e+02
      vertex 5.68575545e+01 5.80152080e+00 1.05000000e+02
      vertex 6.16737316e+01 7.23304506e+00 1.20000000e+02
    endloop
  endfacet
  facet normal -2.34168152e-02 -9.94417088e-01 1.02889785e-01
    outer loop
      vertex 5.41566077e+01 5.85804890e+00 1.05000000e+02
      vertex 6.16737316e+01 7.23304506e+00 1.20000000e+02
      vertex 5.90649194e+01 7.29447810e+00 1.20000000e+02
    endloop
  endfacet
  facet normal -8.76683192e-03 -9.95212612e-01 9.73396117e-02
    outer loop
      vertex 5.68575545e+01 5.80152080e+00 1.05000000e+02
      vertex 5.95590416e+01 5.77772339e+00 1.05000000e+02
      vertex 6.42831485e+01 7.20322655e+00 1.20000000e+02
    endloop
  endfacet
  facet normal -1.13708252e-02 -9.95060744e-01 9.86145000e-02
    outer loop
      vertex 5.68575545e+01 5.80152080e+00 1.05000000e+02
      vertex 6.42831485e+01 7.20322655e+00 1.20000000e+02
      vertex 6.16737316e+01 7.23304506e+00 1.20000000e+02
    endloop
  endfacet
  facet normal 2.75144054e-04 -9.95565358e-01 9.40720007e-02
    outer loop
      vertex 5.95590416e+01 5.77772339e+00 1.05000000e+02
      vertex 6.22606999e+01 5.77847005e+00 1.05000000e+02
      vertex 6.68927928e+01 7.19711573e+00 1.20000000e+02
    endloop
  endfacet
  facet normal -2.33095668e-03 -9.95442560e-01 9.53345470e-02
    outer loop
      vertex 5.95590416e+01 5.77772339e+00 1.05000000e+02
      vertex 6.68927928e+01 7.19711573e+00 1.20000000e+02
      vertex 6.42831485e+01 7.20322655e+00 1.20000000e+02
    endloop
  endfacet
  facet normal 1.05086494e-02 -9.95842425e-01 9.04844333e-02
    outer loop
      vertex 6.22606999e+01 5.77847005e+00 1.05000000e+02
      vertex 6.49622093e+01 5.80697778e+00 1.05000000e+02
      vertex 6.95023635e+01 7.21782086e+00 1.20000000e+02
    endloop
  endfacet
  facet normal 7.90059932e-03 -9.95752124e-01 9.17348765e-02
    outer loop
      vertex 6.22606999e+01 5.77847005e+00 1.05000000e+02
      vertex 6.95023635e+01 7.21782086e+00 1.20000000e+02
      vertex 6.68927928e+01 7.19711573e+00 1.20000000e+02
    endloop
  endfacet
  facet normal 1.41796846e-02 -9.95937072e-01 8.89285348e-02
    outer loop
      vertex 6.49622093e+01 5.80697778e+00 1.05000000e+02
      vertex 6.76635816e+01 5.84543866e+00 1.05000000e+02
      vertex 7.21118269e+01 7.24814047e+00 1.20000000e+02
    endloop
  endfacet
  facet normal 1.15709908e-02 -9.95859666e-01 9.01645087e-02
    outer loop
      vertex 6.49622093e+01 5.80697778e+00 1.05000000e+02
      vertex 7.21118269e+01 7.24814047e+00 1.20000000e+02
      vertex 6.95023635e+01 7.21782086e+00 1.20000000e+02
    endloop
  endfacet
  facet normal 1.74356574e-02 -9.96010505e-01 8.75161224e-02
    outer loop
      vertex 6.76635816e+01 5.84543866e+00 1.05000000e+02
      vertex 7.03648237e+01 5.89272524e+00 1.05000000e+02
      vertex 7.47211869e+01 7.28698552e+00 1.20000000e+02
    endloop
  endfacet
  facet normal 1.48264429e-02 -9.95944698e-01 8.87374519e-02
    outer loop
      vertex 6.76635816e+01 5.84543866e+00 1.05000000e+02
      vertex 7.47211869e+01 7.28698552e+00 1.20000000e+02
      vertex 7.21118269e+01 7.24814047e+00 1.20000000e+02
    endloop
  endfacet
  facet normal 2.30517201e-02 -9.96076835e-01 8.54374429e-02
    outer loop
      vertex 7.03648237e+01 5.89272524e+00 1.05000000e+02
      vertex 7.30657603e+01 5.95523170e+00 1.05000000e+02
      vertex 7.73302903e+01 7.34053286e+00 1.20000000e+02
    endloop
  endfacet
  facet normal 2.04417815e-02 -9.96029520e-01 8.66448387e-02
    outer loop
      vertex 7.03648237e+01 5.89272524e+00 1.05000000e+02
      vertex 7.73302903e+01 7.34053286e+00 1.20000000e+02
      vertex 7.47211869e+01 7.28698552e+00 1.20000000e+02
    endloop
  endfacet
  facet normal 2.72740025e-02 -9.96110430e-01 8.37862772e-02
    outer loop
      vertex 7.30657603e+01 5.95523170e+00 1.05000000e+02
      vertex 7.57663879e+01 6.02917623e+00 1.05000000e+02
      vertex 7.99391241e+01 7.40512947e+00 1.20000000e+02
    endloop
  endfacet
  facet normal 2.46636004e-02 -9.96077425e-01 8.49792366e-02
    outer loop
      vertex 7.30657603e+01 5.95523170e+00 1.05000000e+02
      vertex 7.99391241e+01 7.40512947e+00 1.20000000e+02
      vertex 7.73302903e+01 7.34053286e+00 1.20000000e+02
    endloop
  endfacet
  facet normal 3.07835997e-02 -9.96127299e-01 8.23575940e-02
    outer loop
      vertex 7.57663879e+01 6.02917623e+00 1.05000000e+02
      vertex 7.84667586e+01 6.11262654e+00 1.05000000e+02
      vertex 8.25477338e+01 7.47890876e+00 1.20000000e+02
    endloop
  endfacet
  facet normal 2.81728694e-02 -9.96106445e-01 8.35358627e-02
    outer loop
      vertex 7.57663879e+01 6.02917623e+00 1.05000000e+02
      vertex 8.25477338e+01 7.47890876e+00 1.20000000e+02
      vertex 7.99391241e+01 7.40512947e+00 1.20000000e+02
    endloop
  endfacet
  facet normal 3.62301255e-02 -9.96102443e-01 8.04195263e-02
    outer loop
      vertex 7.84667586e+01 6.11262654e+00 1.05000000e+02
      vertex 8.11666328e+01 6.21082606e+00 1.05000000e+02
      vertex 8.51559012e+01 7.56693616e+00 1.20000000e+02
    endloop
  endfacet
  facet normal 3.36190231e-02 -9.96099329e-01 8.15836268e-02
    outer loop
      vertex 7.84667586e+01 6.11262654e+00 1.05000000e+02
      vertex 8.51559012e+01 7.56693616e+00 1.20000000e+02
      vertex 8.25477338e+01 7.47890876e+00 1.20000000e+02
    endloop
  endfacet
  facet normal 3.80263146e-02 -9.96110223e-01 7.94885033e-02
    outer loop
      vertex 8.11666328e+01 6.21082606e+00 1.05000000e+02
      vertex 8.38663208e+01 6.31388612e+00 1.05000000e+02
      vertex 8.77639010e+01 7.65965904e+00 1.20000000e+02
    endloop
  endfacet
  facet normal 3.54150982e-02 -9.96114145e-01 8.06373417e-02
    outer loop
      vertex 8.11666328e+01 6.21082606e+00 1.05000000e+02
      vertex 8.77639010e+01 7.65965904e+00 1.20000000e+02
      vertex 8.51559012e+01 7.56693616e+00 1.20000000e+02
    endloop
  endfacet
  facet normal 4.03056484e-02 -9.96103595e-01 7.84415831e-02
    outer loop
      vertex 8.38663208e+01 6.31388612e+00 1.05000000e+02
      vertex 8.65657716e+01 6.42311484e+00 1.05000000e+02
      vertex 9.03716874e+01 7.75834107e+00 1.20000000e+02
    endloop
  endfacet
  facet normal 3.76943224e-02 -9.96115914e-01 7.95752782e-02
    outer loop
      vertex 8.38663208e+01 6.31388612e+00 1.05000000e+02
      vertex 9.03716874e+01 7.75834107e+00 1.20000000e+02
      vertex 8.77639010e+01 7.65965904e+00 1.20000000e+02
    endloop
  endfacet
  facet normal 4.28290581e-02 -9.96084007e-01 7.73454753e-02
    outer loop
      vertex 8.65657716e+01 6.42311484e+00 1.05000000e+02
      vertex 8.92649365e+01 6.53917201e+00 1.05000000e+02
      vertex 9.29792148e+01 7.86361971e+00 1.20000000e+02
    endloop
  endfacet
  facet normal 4.02176462e-02 -9.96105381e-01 7.84640707e-02
    outer loop
      vertex 8.65657716e+01 6.42311484e+00 1.05000000e+02
      vertex 9.29792148e+01 7.86361971e+00 1.20000000e+02
      vertex 9.03716874e+01 7.75834107e+00 1.20000000e+02
    endloop
  endfacet
  facet normal 4.38354308e-02 -9.96094520e-01 7.66430771e-02
    outer loop
      vertex 8.92649365e+01 6.53917201e+00 1.05000000e+02
      vertex 9.19639829e+01 6.65794976e+00 1.05000000e+02
      vertex 9.55866347e+01 7.97152656e+00 1.20000000e+02
    endloop
  endfacet
  facet normal 4.12239828e-02 -9.96120535e-01 7.77461470e-02
    outer loop
      vertex 8.92649365e+01 6.53917201e+00 1.05000000e+02
      vertex 9.55866347e+01 7.97152656e+00 1.20000000e+02
      vertex 9.29792148e+01 7.86361971e+00 1.20000000e+02
    endloop
  endfacet
  facet normal 4.49679469e-02 -9.96099727e-01 7.59158635e-02
    outer loop
      vertex 9.19639829e+01 6.65794976e+00 1.05000000e+02
      vertex 9.46628940e+01 6.77978945e+00 1.05000000e+02
      vertex 9.81939315e+01 8.08239142e+00 1.20000000e+02
    endloop
  endfacet
  facet normal 4.23564698e-02 -9.96130715e-01 7.70034307e-02
    outer loop
      vertex 9.19639829e+01 6.65794976e+00 1.05000000e+02
      vertex 9.81939315e+01 8.08239142e+00 1.20000000e+02
      vertex 9.55866347e+01 7.97152656e+00 1.20000000e+02
    endloop
  endfacet
  facet normal 4.61158730e-02 -9.96102173e-01 7.51916708e-02
    outer loop
      vertex 9.46628940e+01 6.77978945e+00 1.05000000e+02
      vertex 9.73616630e+01 6.90473255e+00 1.05000000e+02
      vertex 1.00801099e+02 8.19625434e+00 1.20000000e+02
    endloop
  endfacet
  facet normal 4.35043762e-02 -9.96138150e-01 7.62637283e-02
    outer loop
      vertex 9.46628940e+01 6.77978945e+00 1.05000000e+02
      vertex 1.00801099e+02 8.19625434e+00 1.20000000e+02
      vertex 9.81939315e+01 8.08239142e+00 1.20000000e+02
    endloop
  endfacet
  facet normal 4.66067278e-02 -9.96121821e-01 7.46266119e-02
    outer loop
      vertex 9.73616630e+01 6.90473255e+00 1.05000000e+02
      vertex 1.00060370e+02 7.03100016e+00 1.05000000e+02
      vertex 1.03408210e+02 8.31139681e+00 1.20000000e+02
    endloop
  endfacet
  facet normal 4.39952174e-02 -9.96160884e-01 7.56829832e-02
    outer loop
      vertex 9.73616630e+01 6.90473255e+00 1.05000000e+02
      vertex 1.03408210e+02 8.31139681e+00 1.20000000e+02
      vertex 1.00801099e+02 8.19625434e+00 1.20000000e+02
    endloop
  endfacet
  facet normal 4.71566501e-02 -9.96138887e-01 7.40511126e-02
    outer loop
      vertex 1.00060370e+02 7.03100016e+00 1.05000000e+02
      vertex 1.02759008e+02 7.15875212e+00 1.05000000e+02
      vertex 1.06015258e+02 8.42797326e+00 1.20000000e+02
    endloop
  endfacet
  facet normal 4.45451295e-02 -9.96181184e-01 7.50918059e-02
    outer loop
      vertex 1.00060370e+02 7.03100016e+00 1.05000000e+02
      vertex 1.06015258e+02 8.42797326e+00 1.20000000e+02
      vertex 1.03408210e+02 8.31139681e+00 1.20000000e+02
    endloop
  endfacet
  facet normal 4.78986836e-02 -9.96148973e-01 7.34366429e-02
    outer loop
      vertex 1.02759008e+02 7.15875212e+00 1.05000000e+02
      vertex 1.05457550e+02 7.28850843e+00 1.05000000e+02
      vertex 1.08622218e+02 8.54648603e+00 1.20000000e+02
    endloop
  endfacet
  facet normal 4.52871586e-02 -9.96195025e-01 7.44616982e-02
    outer loop
      vertex 1.02759008e+02 7.15875212e+00 1.05000000e+02
      vertex 1.08622218e+02 8.54648603e+00 1.20000000e+02
      vertex 1.06015258e+02 8.42797326e+00 1.20000000e+02
    endloop
  endfacet
  facet normal 4.87249663e-02 -9.96155004e-01 7.28085603e-02
    outer loop
      vertex 1.05457550e+02 7.28850843e+00 1.05000000e+02
      vertex 1.08155984e+02 7.42049702e+00 1.05000000e+02
      vertex 1.11229080e+02 8.66715533e+00 1.20000000e+02
    endloop
  endfacet
  facet normal 4.61134434e-02 -9.96205026e-01 7.38179901e-02
    outer loop
      vertex 1.05457550e+02 7.28850843e+00 1.05000000e+02
      vertex 1.11229080e+02 8.66715533e+00 1.20000000e+02
      vertex 1.08622218e+02 8.54648603e+00 1.20000000e+02
    endloop
  endfacet
  facet normal 4.95747810e-02 -9.96158782e-01 7.21804884e-02
    outer loop
      vertex 1.08155984e+02 7.42049702e+00 1.05000000e+02
      vertex 1.10854304e+02 7.55478148e+00 1.05000000e+02
      vertex 1.13835837e+02 8.79004258e+00 1.20000000e+02
    endloop
  endfacet
  facet normal 4.69632663e-02 -9.96212816e-01 7.31742900e-02
    outer loop
      vertex 1.08155984e+02 7.42049702e+00 1.05000000e+02
      vertex 1.13835837e+02 8.79004258e+00 1.20000000e+02
      vertex 1.11229080e+02 8.66715533e+00 1.20000000e+02
    endloop
  endfacet
  facet normal 5.04000017e-02 -9.96161965e-01 7.15624203e-02
    outer loop
      vertex 1.10854304e+02 7.55478148e+00 1.05000000e+02
      vertex 1.13552512e+02 7.69129513e+00 1.05000000e+02
      vertex 1.16442493e+02 8.91508340e+00 1.20000000e+02
    endloop
  endfacet
  facet normal 4.77885003e-02 -9.96219917e-01 7.25405800e-02
    outer loop
      vertex 1.10854304e+02 7.55478148e+00 1.05000000e+02
      vertex 1.16442493e+02 8.91508340e+00 1.20000000e+02
      vertex 1.13835837e+02 8.79004258e+00 1.20000000e+02
    endloop
  endfacet
  facet normal 5.16946545e-02 -9.96146022e-01 7.08573600e-02
    outer loop
      vertex 1.13552512e+02 7.69129513e+00 1.05000000e+02
      vertex 1.16250541e+02 7.83130839e+00 1.05000000e+02
      vertex 1.19048983e+02 9.04350508e+00 1.20000000e+02
    endloop
  endfacet
  facet normal 4.90831881e-02 -9.96209181e-01 7.18199768e-02
    outer loop
      vertex 1.13552512e+02 7.69129513e+00 1.05000000e+02
      vertex 1.19048983e+02 9.04350508e+00 1.20000000e+02
      vertex 1.16442493e+02 8.91508340e+00 1.20000000e+02
    endloop
  endfacet
  facet normal 1.26532772e-01 -9.90382217e-01 5.59689302e-02
    outer loop
      vertex 1.16250541e+02 7.83130839e+00 1.05000000e+02
      vertex 1.18965029e+02 8.17811555e+00 1.05000000e+02
      vertex 1.21671895e+02 9.37163582e+00 1.20000000e+02
    endloop
  endfacet
  facet normal 1.23932734e-01 -9.90655786e-01 5.69367377e-02
    outer loop
      vertex 1.16250541e+02 7.83130839e+00 1.05000000e+02
      vertex 1.21671895e+02 9.37163582e+00 1.20000000e+02
      vertex 1.19048983e+02 9.04350508e+00 1.20000000e+02
    endloop
  endfacet
  facet normal 2.18197328e-01 9.68794131e-01 -1.17591911e-01
    outer loop
      vertex 1.21671895e+02 9.37163582e+00 1.20000000e+02
      vertex 1.19126027e+02 9.94503080e+00 1.20000000e+02
      vertex 1.21923915e+02 1.11355695e+01 1.35000000e+02
    endloop
  endfacet
  facet normal 2.20733522e-01 9.68222415e-01 -1.17567291e-01
    outer loop
      vertex 1.21671895e+02 9.37163582e+00 1.20000000e+02
      vertex 1.21923915e+02 1.11355695e+01 1.35000000e+02
      vertex 1.24378568e+02 1.05759622e+01 1.35000000e+02
    endloop
  endfacet
  facet normal 2.10158352e-01 9.70679963e-01 -1.16678519e-01
    outer loop
      vertex 1.19126027e+02 9.94503080e+00 1.20000000e+02
      vertex 1.16575477e+02 1.04972408e+01 1.20000000e+02
      vertex 1.19464692e+02 1.16747507e+01 1.35000000e+02
    endloop
  endfacet
  facet normal 2.12699024e-01 9.70127176e-01 -1.16672137e-01
    outer loop
      vertex 1.19126027e+02 9.94503080e+00 1.20000000e+02
      vertex 1.19464692e+02 1.16747507e+01 1.35000000e+02
      vertex 1.21923915e+02 1.11355695e+01 1.35000000e+02
    endloop
  endfacet
  facet normal 2.01359917e-01 9.72674751e-01 -1.15576872e-01
    outer loop
      vertex 1.16575477e+02 1.04972408e+01 1.20000000e+02
      vertex 1.14020018e+02 1.10262635e+01 1.20000000e+02
      vertex 1.17000674e+02 1.21915745e+01 1.35000000e+02
    endloop
  endfacet
  facet normal 2.03905392e-01 9.72142883e-01 -1.15588950e-01
    outer loop
      vertex 1.16575477e+02 1.04972408e+01 1.20000000e+02
      vertex 1.17000674e+02 1.21915745e+01 1.35000000e+02
      vertex 1.19464692e+02 1.16747507e+01 1.35000000e+02
    endloop
  endfacet
  facet normal 1.93403569e-01 9.74407239e-01 -1.14566973e-01
    outer loop
      vertex 1.14020018e+02 1.10262635e+01 1.20000000e+02
      vertex 1.11460309e+02 1.15343231e+01 1.20000000e+02
      vertex 1.14532503e+02 1.26881850e+01 1.35000000e+02
    endloop
  endfacet
  facet normal 1.95953207e-01 9.73894150e-01 -1.14597235e-01
    outer loop
      vertex 1.14020018e+02 1.10262635e+01 1.20000000e+02
      vertex 1.14532503e+02 1.26881850e+01 1.35000000e+02
      vertex 1.17000674e+02 1.21915745e+01 1.35000000e+02
    endloop
  endfacet
  facet normal 1.86005815e-01 9.75958566e-01 -1.13607718e-01
    outer loop
      vertex 1.11460309e+02 1.15343231e+01 1.20000000e+02
      vertex 1.08896799e+02 1.20228968e+01 1.20000000e+02
      vertex 1.12060615e+02 1.31660064e+01 1.35000000e+02
    endloop
  endfacet
  facet normal 1.88559180e-01 9.75462841e-01 -1.13655981e-01
    outer loop
      vertex 1.11460309e+02 1.15343231e+01 1.20000000e+02
      vertex 1.12060615e+02 1.31660064e+01 1.35000000e+02
      vertex 1.14532503e+02 1.26881850e+01 1.35000000e+02
    endloop
  endfacet
  facet normal 1.76539061e-01 9.77878561e-01 -1.12193935e-01
    outer loop
      vertex 1.08896799e+02 1.20228968e+01 1.20000000e+02
      vertex 1.06328661e+02 1.24865297e+01 1.20000000e+02
      vertex 1.09584200e+02 1.36197781e+01 1.35000000e+02
    endloop
  endfacet
  facet normal 1.79097172e-01 9.77405603e-01 -1.12260815e-01
    outer loop
      vertex 1.08896799e+02 1.20228968e+01 1.20000000e+02
      vertex 1.09584200e+02 1.36197781e+01 1.35000000e+02
      vertex 1.12060615e+02 1.31660064e+01 1.35000000e+02
    endloop
  endfacet
  facet normal 1.68811376e-01 9.79370729e-01 -1.11066172e-01
    outer loop
      vertex 1.06328661e+02 1.24865297e+01 1.20000000e+02
      vertex 1.03756956e+02 1.29298073e+01 1.20000000e+02
      vertex 1.07104292e+02 1.40539211e+01 1.35000000e+02
    endloop
  endfacet
  facet normal 1.71373144e-01 9.78916070e-01 -1.11151129e-01
    outer loop
      vertex 1.06328661e+02 1.24865297e+01 1.20000000e+02
      vertex 1.07104292e+02 1.40539211e+01 1.35000000e+02
      vertex 1.09584200e+02 1.36197781e+01 1.35000000e+02
    endloop
  endfacet
  facet normal 1.61789638e-01 9.80671582e-01 -1.10033455e-01
    outer loop
      vertex 1.03756956e+02 1.29298073e+01 1.20000000e+02
      vertex 1.01182146e+02 1.33545953e+01 1.20000000e+02
      vertex 1.04621342e+02 1.44702344e+01 1.35000000e+02
    endloop
  endfacet
  facet normal 1.64354589e-01 9.80233427e-01 -1.10136266e-01
    outer loop
      vertex 1.03756956e+02 1.29298073e+01 1.20000000e+02
      vertex 1.04621342e+02 1.44702344e+01 1.35000000e+02
      vertex 1.07104292e+02 1.40539211e+01 1.35000000e+02
    endloop
  endfacet
  facet normal 1.55449812e-01 9.81800596e-01 -1.09100621e-01
    outer loop
      vertex 1.01182146e+02 1.33545953e+01 1.20000000e+02
      vertex 9.86046090e+01 1.37627003e+01 1.20000000e+02
      vertex 1.02135719e+02 1.48704598e+01 1.35000000e+02
    endloop
  endfacet
  facet normal 1.58017521e-01 9.81377207e-01 -1.09221067e-01
    outer loop
      vertex 1.01182146e+02 1.33545953e+01 1.20000000e+02
      vertex 1.02135719e+02 1.48704598e+01 1.35000000e+02
      vertex 1.04621342e+02 1.44702344e+01 1.35000000e+02
    endloop
  endfacet
  facet normal 1.44055997e-01 9.83767627e-01 -1.07000589e-01
    outer loop
      vertex 9.86046090e+01 1.37627003e+01 1.20000000e+02
      vertex 9.60224930e+01 1.41408071e+01 1.20000000e+02
      vertex 9.96456026e+01 1.52417563e+01 1.35000000e+02
    endloop
  endfacet
  facet normal 1.46628782e-01 9.83372253e-01 -1.07140153e-01
    outer loop
      vertex 9.86046090e+01 1.37627003e+01 1.20000000e+02
      vertex 9.96456026e+01 1.52417563e+01 1.35000000e+02
      vertex 1.02135719e+02 1.48704598e+01 1.35000000e+02
    endloop
  endfacet
  facet normal 1.36888145e-01 9.84921280e-01 -1.05790872e-01
    outer loop
      vertex 9.60224930e+01 1.41408071e+01 1.20000000e+02
      vertex 9.34377380e+01 1.45000463e+01 1.20000000e+02
      vertex 9.71528926e+01 1.55948571e+01 1.35000000e+02
    endloop
  endfacet
  facet normal 1.39463840e-01 9.84542937e-01 -1.05948301e-01
    outer loop
      vertex 9.60224930e+01 1.41408071e+01 1.20000000e+02
      vertex 9.71528926e+01 1.55948571e+01 1.35000000e+02
      vertex 9.96456026e+01 1.52417563e+01 1.35000000e+02
    endloop
  endfacet
  facet normal 1.30827058e-01 9.85851097e-01 -1.04794536e-01
    outer loop
      vertex 9.34377380e+01 1.45000463e+01 1.20000000e+02
      vertex 9.08507751e+01 1.48433484e+01 1.20000000e+02
      vertex 9.46580124e+01 1.59325884e+01 1.35000000e+02
    endloop
  endfacet
  facet normal 1.33405084e-01 9.85486931e-01 -1.04969483e-01
    outer loop
      vertex 9.34377380e+01 1.45000463e+01 1.20000000e+02
      vertex 9.46580124e+01 1.59325884e+01 1.35000000e+02
      vertex 9.71528926e+01 1.55948571e+01 1.35000000e+02
    endloop
  endfacet
  facet normal 1.17656334e-01 9.87798984e-01 -1.02030164e-01
    outer loop
      vertex 9.08507751e+01 1.48433484e+01 1.20000000e+02
      vertex 8.82594393e+01 1.51520014e+01 1.20000000e+02
      vertex 9.21588259e+01 1.62369032e+01 1.35000000e+02
    endloop
  endfacet
  facet normal 1.20239566e-01 9.87467754e-01 -1.02224658e-01
    outer loop
      vertex 9.08507751e+01 1.48433484e+01 1.20000000e+02
      vertex 9.21588259e+01 1.62369032e+01 1.35000000e+02
      vertex 9.46580124e+01 1.59325884e+01 1.35000000e+02
    endloop
  endfacet
  facet normal 1.10236841e-01 9.88799916e-01 -1.00610962e-01
    outer loop
      vertex 8.82594393e+01 1.51520014e+01 1.20000000e+02
      vertex 8.56659326e+01 1.54411397e+01 1.20000000e+02
      vertex 8.96574958e+01 1.65223970e+01 1.35000000e+02
    endloop
  endfacet
  facet normal 1.12822694e-01 9.88486567e-01 -1.00823346e-01
    outer loop
      vertex 8.82594393e+01 1.51520014e+01 1.20000000e+02
      vertex 8.96574958e+01 1.65223970e+01 1.35000000e+02
      vertex 9.21588259e+01 1.62369032e+01 1.35000000e+02
    endloop
  endfacet
  facet normal 1.02341508e-01 9.89808701e-01 -9.90199498e-02
    outer loop
      vertex 8.56659326e+01 1.54411397e+01 1.20000000e+02
      vertex 8.30701182e+01 1.57095346e+01 1.20000000e+02
      vertex 8.71538870e+01 1.67878846e+01 1.35000000e+02
    endloop
  endfacet
  facet normal 1.04930047e-01 9.89514558e-01 -9.92503160e-02
    outer loop
      vertex 8.56659326e+01 1.54411397e+01 1.20000000e+02
      vertex 8.71538870e+01 1.67878846e+01 1.35000000e+02
      vertex 8.96574958e+01 1.65223970e+01 1.35000000e+02
    endloop
  endfacet
  facet normal 8.69513447e-02 9.91634293e-01 -9.53986026e-02
    outer loop
      vertex 8.30701182e+01 1.57095346e+01 1.20000000e+02
      vertex 8.04704714e+01 1.59374843e+01 1.20000000e+02
      vertex 8.46464787e+01 1.70143628e+01 1.35000000e+02
    endloop
  endfacet
  facet normal 8.95449747e-02 9.91379326e-01 -9.56489898e-02
    outer loop
      vertex 8.30701182e+01 1.57095346e+01 1.20000000e+02
      vertex 8.46464787e+01 1.70143628e+01 1.35000000e+02
      vertex 8.71538870e+01 1.67878846e+01 1.35000000e+02
    endloop
  endfacet
  facet normal 7.89545715e-02 9.92467724e-01 -9.36695919e-02
    outer loop
      vertex 8.04704714e+01 1.59374843e+01 1.20000000e+02
      vertex 7.78691475e+01 1.61444295e+01 1.20000000e+02
      vertex 8.21373994e+01 1.72205813e+01 1.35000000e+02
    endloop
  endfacet
  facet normal 8.15505013e-02 9.92232421e-01 -9.39379460e-02
    outer loop
      vertex 8.04704714e+01 1.59374843e+01 1.20000000e+02
      vertex 8.21373994e+01 1.72205813e+01 1.35000000e+02
      vertex 8.46464787e+01 1.70143628e+01 1.35000000e+02
    endloop
  endfacet
  facet normal 6.61327138e-02 9.93693996e-01 -9.05467142e-02
    outer loop
      vertex 7.78691475e+01 1.61444295e+01 1.20000000e+02
      vertex 7.52652549e+01 1.63177248e+01 1.20000000e+02
      vertex 7.96257570e+01 1.73943428e+01 1.35000000e+02
    endloop
  endfacet
  facet normal 6.87321619e-02 9.93491334e-01 -9.08342412e-02
    outer loop
      vertex 7.78691475e+01 1.61444295e+01 1.20000000e+02
      vertex 7.96257570e+01 1.73943428e+01 1.35000000e+02
      vertex 8.21373994e+01 1.72205813e+01 1.35000000e+02
    endloop
  endfacet
  facet normal 4.64592181e-02 9.95264845e-01 -8.53781559e-02
    outer loop
      vertex 7.52652549e+01 1.63177248e+01 1.20000000e+02
      vertex 7.26585861e+01 1.64394048e+01 1.20000000e+02
      vertex 7.71113060e+01 1.75183160e+01 1.35000000e+02
    endloop
  endfacet
  facet normal 4.90633496e-02 9.95113364e-01 -8.56865221e-02
    outer loop
      vertex 7.52652549e+01 1.63177248e+01 1.20000000e+02
      vertex 7.71113060e+01 1.75183160e+01 1.35000000e+02
      vertex 7.96257570e+01 1.73943428e+01 1.35000000e+02
    endloop
  endfacet
  facet normal 3.33210113e-02 9.96077257e-01 -8.19744343e-02
    outer loop
      vertex 7.26585861e+01 1.64394048e+01 1.20000000e+02
      vertex 7.00506232e+01 1.65266470e+01 1.20000000e+02
      vertex 7.45955195e+01 1.76090690e+01 1.35000000e+02
    endloop
  endfacet
  facet normal 3.59276455e-02 9.95959642e-01 -8.23018547e-02
    outer loop
      vertex 7.26585861e+01 1.64394048e+01 1.20000000e+02
      vertex 7.45955195e+01 1.76090690e+01 1.35000000e+02
      vertex 7.71113060e+01 1.75183160e+01 1.35000000e+02
    endloop
  endfacet
  facet normal 1.00284639e-02 9.97100747e-01 -7.54289699e-02
    outer loop
      vertex 7.00506232e+01 1.65266470e+01 1.20000000e+02
      vertex 6.74411024e+01 1.65528925e+01 1.20000000e+02
      vertex 7.20780759e+01 1.76409800e+01 1.35000000e+02
    endloop
  endfacet
  facet normal 1.26384952e-02 9.97044646e-01 -7.57775832e-02
    outer loop
      vertex 7.00506232e+01 1.65266470e+01 1.20000000e+02
      vertex 7.20780759e+01 1.76409800e+01 1.35000000e+02
      vertex 7.45955195e+01 1.76090690e+01 1.35000000e+02
    endloop
  endfacet
  facet normal -1.54172961e-02 9.97563818e-01 -6.80348219e-02
    outer loop
      vertex 6.74411024e+01 1.65528925e+01 1.20000000e+02
      vertex 6.48320261e+01 1.65125694e+01 1.20000000e+02
      vertex 6.95608931e+01 1.76086684e+01 1.35000000e+02
    endloop
  endfacet
  facet normal -1.28053056e-02 9.97575467e-01 -6.84047668e-02
    outer loop
      vertex 6.74411024e+01 1.65528925e+01 1.20000000e+02
      vertex 6.95608931e+01 1.76086684e+01 1.35000000e+02
      vertex 7.20780759e+01 1.76409800e+01 1.35000000e+02
    endloop
  endfacet
  facet normal -3.60468971e-02 9.97427498e-01 -6.19597187e-02
    outer loop
      vertex 6.48320261e+01 1.65125694e+01 1.20000000e+02
      vertex 6.22244728e+01 1.64183328e+01 1.20000000e+02
      vertex 6.70450433e+01 1.75243404e+01 1.35000000e+02
    endloop
  endfacet
  facet normal -3.34347041e-02 9.97494184e-01 -6.23496053e-02
    outer loop
      vertex 6.48320261e+01 1.65125694e+01 1.20000000e+02
      vertex 6.70450433e+01 1.75243404e+01 1.35000000e+02
      vertex 6.95608931e+01 1.76086684e+01 1.35000000e+02
    endloop
  endfacet
  facet normal -6.04931331e-02 9.96680360e-01 -5.44870631e-02
    outer loop
      vertex 6.22244728e+01 1.64183328e+01 1.20000000e+02
      vertex 5.96196419e+01 1.62602336e+01 1.20000000e+02
      vertex 6.45316587e+01 1.73783947e+01 1.35000000e+02
    endloop
  endfacet
  facet normal -5.78823237e-02 9.96812893e-01 -5.48971206e-02
    outer loop
      vertex 6.22244728e+01 1.64183328e+01 1.20000000e+02
      vertex 6.45316587e+01 1.73783947e+01 1.35000000e+02
      vertex 6.70450433e+01 1.75243404e+01 1.35000000e+02
    endloop
  endfacet
  facet normal -1.00367457e-01 9.94077266e-01 -4.16744912e-02
    outer loop
      vertex 5.96196419e+01 1.62602336e+01 1.20000000e+02
      vertex 5.70231896e+01 1.59980816e+01 1.20000000e+02
      vertex 6.20260945e+01 1.71320439e+01 1.35000000e+02
    endloop
  endfacet
  facet normal -9.77628559e-02 9.94318599e-01 -4.21063742e-02
    outer loop
      vertex 5.96196419e+01 1.62602336e+01 1.20000000e+02
      vertex 6.20260945e+01 1.71320439e+01 1.35000000e+02
      vertex 6.45316587e+01 1.73783947e+01 1.35000000e+02
    endloop
  endfacet
  facet normal -1.35224148e-01 9.90354479e-01 -3.02065438e-02
    outer loop
      vertex 5.70231896e+01 1.59980816e+01 1.20000000e+02
      vertex 5.44379870e+01 1.56450950e+01 1.20000000e+02
      vertex 5.95311538e+01 1.67980330e+01 1.35000000e+02
    endloop
  endfacet
  facet normal -1.32629120e-01 9.90691465e-01 -3.06583978e-02
    outer loop
      vertex 5.70231896e+01 1.59980816e+01 1.20000000e+02
      vertex 5.95311538e+01 1.67980330e+01 1.35000000e+02
      vertex 6.20260945e+01 1.71320439e+01 1.35000000e+02
    endloop
  endfacet
  facet normal -1.78489367e-01 9.83820486e-01 -1.54530827e-02
    outer loop
      vertex 5.44379870e+01 1.56450950e+01 1.20000000e+02
      vertex 5.18710433e+01 1.51793880e+01 1.20000000e+02
      vertex 5.70535436e+01 1.63552299e+01 1.35000000e+02
    endloop
  endfacet
  facet normal -1.75911822e-01 9.84277122e-01 -1.59241486e-02
    outer loop
      vertex 5.44379870e+01 1.56450950e+01 1.20000000e+02
      vertex 5.70535436e+01 1.63552299e+01 1.35000000e+02
      vertex 5.95311538e+01 1.67980330e+01 1.35000000e+02
    endloop
  endfacet
  facet normal -2.35480828e-01 9.71867459e-01 4.73525161e-03
    outer loop
      vertex 5.18710433e+01 1.51793880e+01 1.20000000e+02
      vertex 4.93359249e+01 1.45651357e+01 1.20000000e+02
      vertex 5.46062614e+01 1.57690390e+01 1.35000000e+02
    endloop
  endfacet
  facet normal -2.32936192e-01 9.72482747e-01 4.24705557e-03
    outer loop
      vertex 5.18710433e+01 1.51793880e+01 1.20000000e+02
      vertex 5.46062614e+01 1.57690390e+01 1.35000000e+02
      vertex 5.70535436e+01 1.63552299e+01 1.35000000e+02
    endloop
  endfacet
  facet normal -3.14679741e-01 9.48589071e-01 3.39916938e-02
    outer loop
      vertex 4.93359249e+01 1.45651357e+01 1.20000000e+02
      vertex 4.68605676e+01 1.37439742e+01 1.20000000e+02
      vertex 5.22161104e+01 1.49830834e+01 1.35000000e+02
    endloop
  endfacet
  facet normal -3.12200531e-01 9.49425664e-01 3.34923447e-02
    outer loop
      vertex 4.93359249e+01 1.45651357e+01 1.20000000e+02
      vertex 5.22161104e+01 1.49830834e+01 1.35000000e+02
      vertex 5.46062614e+01 1.57690390e+01 1.35000000e+02
    endloop
  endfacet
  facet normal -4.87471136e-01 8.67163753e-01 1.01975080e-01
    outer loop
      vertex 4.68605676e+01 1.37439742e+01 1.20000000e+02
      vertex 4.45930097e+01 1.24692796e+01 1.20000000e+02
      vertex 5.00252865e+01 1.37590613e+01 1.35000000e+02
    endloop
  endfacet
  facet normal -4.85222964e-01 8.68479441e-01 1.01499435e-01
    outer loop
      vertex 4.68605676e+01 1.37439742e+01 1.20000000e+02
      vertex 5.00252865e+01 1.37590613e+01 1.35000000e+02
      vertex 5.22161104e+01 1.49830834e+01 1.35000000e+02
    endloop
  endfacet
  facet normal -9.14326782e-01 2.62766252e-01 3.08156507e-01
    outer loop
      vertex 4.45930097e+01 1.24692796e+01 1.20000000e+02
      vertex 4.39472642e+01 1.02223305e+01 1.20000000e+02
      vertex 4.93966347e+01 1.15929699e+01 1.35000000e+02
    endloop
  endfacet
  facet normal -9.13658677e-01 2.65165710e-01 3.08082730e-01
    outer loop
      vertex 4.45930097e+01 1.24692796e+01 1.20000000e+02
      vertex 4.93966347e+01 1.15929699e+01 1.35000000e+02
      vertex 5.00252865e+01 1.37590613e+01 1.35000000e+02
    endloop
  endfacet
  facet normal -4.95396548e-01 -8.30266623e-01 2.55420427e-01
    outer loop
      vertex 4.39472642e+01 1.02223305e+01 1.20000000e+02
      vertex 4.61589659e+01 8.90267079e+00 1.20000000e+02
      vertex 5.15270194e+01 1.03142550e+01 1.35000000e+02
    endloop
  endfacet
  facet normal -4.97429774e-01 -8.28735743e-01 2.56438469e-01
    outer loop
      vertex 4.39472642e+01 1.02223305e+01 1.20000000e+02
      vertex 5.15270194e+01 1.03142550e+01 1.35000000e+02
      vertex 4.93966347e+01 1.15929699e+01 1.35000000e+02
    endloop
  endfacet
  facet normal -2.48787992e-01 -9.52025127e-01 1.78192852e-01
    outer loop
      vertex 4.61589659e+01 8.90267079e+00 1.20000000e+02
      vertex 4.86808743e+01 8.24363302e+00 1.20000000e+02
      vertex 5.39583415e+01 9.67208514e+00 1.35000000e+02
    endloop
  endfacet
  facet normal -2.51222848e-01 -9.51155925e-01 1.79414290e-01
    outer loop
      vertex 4.61589659e+01 8.90267079e+00 1.20000000e+02
      vertex 5.39583415e+01 9.67208514e+00 1.35000000e+02
      vertex 5.15270194e+01 1.03142550e+01 1.35000000e+02
    endloop
  endfacet
  facet normal -1.55938320e-01 -9.76700794e-01 1.47440836e-01
    outer loop
      vertex 4.86808743e+01 8.24363302e+00 1.20000000e+02
      vertex 5.12571028e+01 7.83231693e+00 1.20000000e+02
      vertex 5.64426940e+01 9.26876519e+00 1.35000000e+02
    endloop
  endfacet
  facet normal -1.58464400e-01 -9.76102068e-01 1.48707049e-01
    outer loop
      vertex 4.86808743e+01 8.24363302e+00 1.20000000e+02
      vertex 5.64426940e+01 9.26876519e+00 1.35000000e+02
      vertex 5.39583415e+01 9.67208514e+00 1.35000000e+02
    endloop
  endfacet
  facet normal -1.00031399e-01 -9.86634830e-01 1.28629042e-01
    outer loop
      vertex 5.12571028e+01 7.83231693e+00 1.20000000e+02
      vertex 5.38533548e+01 7.56909216e+00 1.20000000e+02
      vertex 5.89467382e+01 9.00826432e+00 1.35000000e+02
    endloop
  endfacet
  facet normal -1.02596774e-01 -9.86203430e-01 1.29910342e-01
    outer loop
      vertex 5.12571028e+01 7.83231693e+00 1.20000000e+02
      vertex 5.89467382e+01 9.00826432e+00 1.35000000e+02
      vertex 5.64426940e+01 9.26876519e+00 1.35000000e+02
    endloop
  endfacet
  facet normal -6.43022896e-02 -9.91108152e-01 1.16489682e-01
    outer loop
      vertex 5.38533548e+01 7.56909216e+00 1.20000000e+02
      vertex 5.64575041e+01 7.40013708e+00 1.20000000e+02
      vertex 6.14586391e+01 8.83868927e+00 1.35000000e+02
    endloop
  endfacet
  facet normal -6.68865893e-02 -9.90785439e-01 1.17772657e-01
    outer loop
      vertex 5.38533548e+01 7.56909216e+00 1.20000000e+02
      vertex 6.14586391e+01 8.83868927e+00 1.35000000e+02
      vertex 5.89467382e+01 9.00826432e+00 1.35000000e+02
    endloop
  endfacet
  facet normal -4.02513602e-02 -9.93309024e-01 1.08245144e-01
    outer loop
      vertex 5.64575041e+01 7.40013708e+00 1.20000000e+02
      vertex 5.90649194e+01 7.29447810e+00 1.20000000e+02
      vertex 6.39738508e+01 8.73017028e+00 1.35000000e+02
    endloop
  endfacet
  facet normal -4.28456624e-02 -9.93060393e-01 1.09523077e-01
    outer loop
      vertex 5.64575041e+01 7.40013708e+00 1.20000000e+02
      vertex 6.39738508e+01 8.73017028e+00 1.35000000e+02
      vertex 6.14586391e+01 8.83868927e+00 1.35000000e+02
    endloop
  endfacet
  facet normal -2.34179810e-02 -9.94466593e-01 1.02409930e-01
    outer loop
      vertex 5.90649194e+01 7.29447810e+00 1.20000000e+02
      vertex 6.16737316e+01 7.23304506e+00 1.20000000e+02
      vertex 6.64905219e+01 8.66431429e+00 1.35000000e+02
    endloop
  endfacet
  facet normal -2.60179658e-02 -9.94270440e-01 1.03679113e-01
    outer loop
      vertex 5.90649194e+01 7.29447810e+00 1.20000000e+02
      vertex 6.64905219e+01 8.66431429e+00 1.35000000e+02
      vertex 6.39738508e+01 8.73017028e+00 1.35000000e+02
    endloop
  endfacet
  facet normal -1.13713329e-02 -9.95105166e-01 9.81651708e-02
    outer loop
      vertex 6.16737316e+01 7.23304506e+00 1.20000000e+02
      vertex 6.42831485e+01 7.20322655e+00 1.20000000e+02
      vertex 6.90078562e+01 8.62895660e+00 1.35000000e+02
    endloop
  endfacet
  facet normal -1.39747158e-02 -9.94947085e-01 9.94233620e-02
    outer loop
      vertex 6.16737316e+01 7.23304506e+00 1.20000000e+02
      vertex 6.90078562e+01 8.62895660e+00 1.35000000e+02
      vertex 6.64905219e+01 8.66431429e+00 1.35000000e+02
    endloop
  endfacet
  facet normal -2.33105031e-03 -9.95482546e-01 9.49161000e-02
    outer loop
      vertex 6.42831485e+01 7.20322655e+00 1.20000000e+02
      vertex 6.68927928e+01 7.19711573e+00 1.20000000e+02
      vertex 7.15254697e+01 8.61647010e+00 1.35000000e+02
    endloop
  endfacet
  facet normal -4.93661351e-03 -9.95353459e-01 9.61619595e-02
    outer loop
      vertex 6.42831485e+01 7.20322655e+00 1.20000000e+02
      vertex 7.15254697e+01 8.61647010e+00 1.35000000e+02
      vertex 6.90078562e+01 8.62895660e+00 1.35000000e+02
    endloop
  endfacet
  facet normal 7.90088199e-03 -9.95787750e-01 9.13473225e-02
    outer loop
      vertex 6.68927928e+01 7.19711573e+00 1.20000000e+02
      vertex 6.95023635e+01 7.21782086e+00 1.20000000e+02
      vertex 7.40430800e+01 8.62985420e+00 1.35000000e+02
    endloop
  endfacet
  facet normal 5.29328591e-03 -9.95691078e-01 9.25810929e-02
    outer loop
      vertex 6.68927928e+01 7.19711573e+00 1.20000000e+02
      vertex 7.40430800e+01 8.62985420e+00 1.35000000e+02
      vertex 7.15254697e+01 8.61647010e+00 1.35000000e+02
    endloop
  endfacet
  facet normal 1.15713646e-02 -9.95891841e-01 8.98083794e-02
    outer loop
      vertex 6.95023635e+01 7.21782086e+00 1.20000000e+02
      vertex 7.21118269e+01 7.24814047e+00 1.20000000e+02
      vertex 7.65606110e+01 8.65251405e+00 1.35000000e+02
    endloop
  endfacet
  facet normal 8.96309287e-03 -9.95808025e-01 9.10276846e-02
    outer loop
      vertex 6.95023635e+01 7.21782086e+00 1.20000000e+02
      vertex 7.65606110e+01 8.65251405e+00 1.35000000e+02
      vertex 7.40430800e+01 8.62985420e+00 1.35000000e+02
    endloop
  endfacet
  facet normal 1.48268726e-02 -9.95973564e-01 8.84128037e-02
    outer loop
      vertex 7.21118269e+01 7.24814047e+00 1.20000000e+02
      vertex 7.47211869e+01 7.28698552e+00 1.20000000e+02
      vertex 7.90780639e+01 8.68339901e+00 1.35000000e+02
    endloop
  endfacet
  facet normal 1.22180514e-02 -9.95901315e-01 8.96174684e-02
    outer loop
      vertex 7.21118269e+01 7.24814047e+00 1.20000000e+02
      vertex 7.90780639e+01 8.68339901e+00 1.35000000e+02
      vertex 7.65606110e+01 8.65251405e+00 1.35000000e+02
    endloop
  endfacet
  facet normal 2.04423040e-02 -9.96054978e-01 8.63515631e-02
    outer loop
      vertex 7.47211869e+01 7.28698552e+00 1.20000000e+02
      vertex 7.73302903e+01 7.34053286e+00 1.20000000e+02
      vertex 8.15953063e+01 8.72846849e+00 1.35000000e+02
    endloop
  endfacet
  facet normal 1.78327107e-02 -9.96001175e-01 8.75423030e-02
    outer loop
      vertex 7.47211869e+01 7.28698552e+00 1.20000000e+02
      vertex 8.15953063e+01 8.72846849e+00 1.35000000e+02
      vertex 7.90780639e+01 8.68339901e+00 1.35000000e+02
    endloop
  endfacet
  facet normal 2.46641522e-02 -9.96099710e-01 8.47174567e-02
    outer loop
      vertex 7.73302903e+01 7.34053286e+00 1.20000000e+02
      vertex 7.99391241e+01 7.40512947e+00 1.20000000e+02
      vertex 8.41123164e+01 8.78419835e+00 1.35000000e+02
    endloop
  endfacet
  facet normal 2.20540583e-02 -9.96060179e-01 8.58937670e-02
    outer loop
      vertex 7.73302903e+01 7.34053286e+00 1.20000000e+02
      vertex 8.41123164e+01 8.78419835e+00 1.35000000e+02
      vertex 8.15953063e+01 8.72846849e+00 1.35000000e+02
    endloop
  endfacet
  facet normal 2.81734142e-02 -9.96125709e-01 8.33056411e-02
    outer loop
      vertex 7.99391241e+01 7.40512947e+00 1.20000000e+02
      vertex 8.25477338e+01 7.47890876e+00 1.20000000e+02
      vertex 8.66291336e+01 8.84878765e+00 1.35000000e+02
    endloop
  endfacet
  facet normal 2.55629609e-02 -9.96098296e-01 8.44672666e-02
    outer loop
      vertex 7.99391241e+01 7.40512947e+00 1.20000000e+02
      vertex 8.66291336e+01 8.84878765e+00 1.35000000e+02
      vertex 8.41123164e+01 8.78419835e+00 1.35000000e+02
    endloop
  endfacet
  facet normal 3.36195712e-02 -9.96115567e-01 8.13848981e-02
    outer loop
      vertex 8.25477338e+01 7.47890876e+00 1.20000000e+02
      vertex 8.51559012e+01 7.56693616e+00 1.20000000e+02
      vertex 8.91455601e+01 8.92712382e+00 1.35000000e+02
    endloop
  endfacet
  facet normal 3.10086984e-02 -9.96105852e-01 8.25323658e-02
    outer loop
      vertex 8.25477338e+01 7.47890876e+00 1.20000000e+02
      vertex 8.91455601e+01 8.92712382e+00 1.35000000e+02
      vertex 8.66291336e+01 8.84878765e+00 1.35000000e+02
    endloop
  endfacet
  facet normal 3.54155778e-02 -9.96127635e-01 8.04703098e-02
    outer loop
      vertex 8.51559012e+01 7.56693616e+00 1.20000000e+02
      vertex 8.77639010e+01 7.65965904e+00 1.20000000e+02
      vertex 9.16618368e+01 9.00999031e+00 1.35000000e+02
    endloop
  endfacet
  facet normal 3.28045735e-02 -9.96124936e-01 8.16025185e-02
    outer loop
      vertex 8.51559012e+01 7.56693616e+00 1.20000000e+02
      vertex 9.16618368e+01 9.00999031e+00 1.35000000e+02
      vertex 8.91455601e+01 8.92712382e+00 1.35000000e+02
    endloop
  endfacet
  facet normal 3.76947306e-02 -9.96126701e-01 7.94399366e-02
    outer loop
      vertex 8.77639010e+01 7.65965904e+00 1.20000000e+02
      vertex 9.03716874e+01 7.75834107e+00 1.20000000e+02
      vertex 9.41779226e+01 9.09860638e+00 1.35000000e+02
    endloop
  endfacet
  facet normal 3.50835953e-02 -9.96132376e-01 8.05570063e-02
    outer loop
      vertex 8.77639010e+01 7.65965904e+00 1.20000000e+02
      vertex 9.41779226e+01 9.09860638e+00 1.35000000e+02
      vertex 9.16618368e+01 9.00999031e+00 1.35000000e+02
    endloop
  endfacet
  facet normal 4.02179750e-02 -9.96113527e-01 7.83604284e-02
    outer loop
      vertex 9.03716874e+01 7.75834107e+00 1.20000000e+02
      vertex 9.29792148e+01 7.86361971e+00 1.20000000e+02
      vertex 9.66937752e+01 9.19358712e+00 1.35000000e+02
    endloop
  endfacet
  facet normal 3.76067302e-02 -9.96128235e-01 7.94624037e-02
    outer loop
      vertex 9.03716874e+01 7.75834107e+00 1.20000000e+02
      vertex 9.66937752e+01 9.19358712e+00 1.35000000e+02
      vertex 9.41779226e+01 9.09860638e+00 1.35000000e+02
    endloop
  endfacet
  facet normal 4.12242144e-02 -9.96126132e-01 7.76742798e-02
    outer loop
      vertex 9.29792148e+01 7.86361971e+00 1.20000000e+02
      vertex 9.55866347e+01 7.97152656e+00 1.20000000e+02
      vertex 9.92095308e+01 9.29110367e+00 1.35000000e+02
    endloop
  endfacet
  facet normal 3.86129223e-02 -9.96145466e-01 7.87607314e-02
    outer loop
      vertex 9.29792148e+01 7.86361971e+00 1.20000000e+02
      vertex 9.92095308e+01 9.29110367e+00 1.35000000e+02
      vertex 9.66937752e+01 9.19358712e+00 1.35000000e+02
    endloop
  endfacet
  facet normal 4.23566013e-02 -9.96133807e-01 7.69633454e-02
    outer loop
      vertex 9.55866347e+01 7.97152656e+00 1.20000000e+02
      vertex 9.81939315e+01 8.08239142e+00 1.20000000e+02
      vertex 1.01725175e+02 9.39147424e+00 1.35000000e+02
    endloop
  endfacet
  facet normal 3.97452681e-02 -9.96158101e-01 7.80342967e-02
    outer loop
      vertex 9.55866347e+01 7.97152656e+00 1.20000000e+02
      vertex 1.01725175e+02 9.39147424e+00 1.35000000e+02
      vertex 9.92095308e+01 9.29110367e+00 1.35000000e+02
    endloop
  endfacet
  facet normal 4.35044038e-02 -9.96138783e-01 7.62554361e-02
    outer loop
      vertex 9.81939315e+01 8.08239142e+00 1.20000000e+02
      vertex 1.00801099e+02 8.19625434e+00 1.20000000e+02
      vertex 1.04240702e+02 9.49473749e+00 1.35000000e+02
    endloop
  endfacet
  facet normal 4.08930387e-02 -9.96168052e-01 7.73108804e-02
    outer loop
      vertex 9.81939315e+01 8.08239142e+00 1.20000000e+02
      vertex 1.04240702e+02 9.49473749e+00 1.35000000e+02
      vertex 1.01725175e+02 9.39147424e+00 1.35000000e+02
    endloop
  endfacet
  facet normal 4.39951386e-02 -9.96159099e-01 7.57065155e-02
    outer loop
      vertex 1.00801099e+02 8.19625434e+00 1.20000000e+02
      vertex 1.03408210e+02 8.31139681e+00 1.20000000e+02
      vertex 1.06756178e+02 9.59923531e+00 1.35000000e+02
    endloop
  endfacet
  facet normal 4.13837531e-02 -9.96191445e-01 7.67462746e-02
    outer loop
      vertex 1.00801099e+02 8.19625434e+00 1.20000000e+02
      vertex 1.06756178e+02 9.59923531e+00 1.35000000e+02
      vertex 1.04240702e+02 9.49473749e+00 1.35000000e+02
    endloop
  endfacet
  facet normal 4.45449432e-02 -9.96177018e-01 7.51471695e-02
    outer loop
      vertex 1.03408210e+02 8.31139681e+00 1.20000000e+02
      vertex 1.06015258e+02 8.42797326e+00 1.20000000e+02
      vertex 1.09271597e+02 9.70511672e+00 1.35000000e+02
    endloop
  endfacet
  facet normal 4.19335403e-02 -9.96212587e-01 7.61712520e-02
    outer loop
      vertex 1.03408210e+02 8.31139681e+00 1.20000000e+02
      vertex 1.09271597e+02 9.70511672e+00 1.35000000e+02
      vertex 1.06756178e+02 9.59923531e+00 1.35000000e+02
    endloop
  endfacet
  facet normal 4.52868628e-02 -9.96188517e-01 7.45488970e-02
    outer loop
      vertex 1.06015258e+02 8.42797326e+00 1.20000000e+02
      vertex 1.08622218e+02 8.54648603e+00 1.20000000e+02
      vertex 1.11786936e+02 9.81286639e+00 1.35000000e+02
    endloop
  endfacet
  facet normal 4.26754467e-02 -9.96227832e-01 7.55573436e-02
    outer loop
      vertex 1.06015258e+02 8.42797326e+00 1.20000000e+02
      vertex 1.11786936e+02 9.81286639e+00 1.35000000e+02
      vertex 1.09271597e+02 9.70511672e+00 1.35000000e+02
    endloop
  endfacet
  facet normal 4.61130356e-02 -9.96196217e-01 7.39370313e-02
    outer loop
      vertex 1.08622218e+02 8.54648603e+00 1.20000000e+02
      vertex 1.11229080e+02 8.66715533e+00 1.20000000e+02
      vertex 1.14302185e+02 9.92269680e+00 1.35000000e+02
    endloop
  endfacet
  facet normal 4.35016122e-02 -9.96239493e-01 7.49298548e-02
    outer loop
      vertex 1.08622218e+02 8.54648603e+00 1.20000000e+02
      vertex 1.14302185e+02 9.92269680e+00 1.35000000e+02
      vertex 1.11786936e+02 9.81286639e+00 1.35000000e+02
    endloop
  endfacet
  facet normal 4.69627444e-02 -9.96201746e-01 7.33251824e-02
    outer loop
      vertex 1.11229080e+02 8.66715533e+00 1.20000000e+02
      vertex 1.13835837e+02 8.79004258e+00 1.20000000e+02
      vertex 1.16817339e+02 1.00346672e+01 1.35000000e+02
    endloop
  endfacet
  facet normal 4.43513197e-02 -9.96249023e-01 7.43023805e-02
    outer loop
      vertex 1.11229080e+02 8.66715533e+00 1.20000000e+02
      vertex 1.16817339e+02 1.00346672e+01 1.35000000e+02
      vertex 1.14302185e+02 9.92269680e+00 1.35000000e+02
    endloop
  endfacet
  facet normal 4.77878626e-02 -9.96206624e-01 7.27233330e-02
    outer loop
      vertex 1.13835837e+02 8.79004258e+00 1.20000000e+02
      vertex 1.16442493e+02 8.91508340e+00 1.20000000e+02
      vertex 1.19332400e+02 1.01487155e+01 1.35000000e+02
    endloop
  endfacet
  facet normal 4.51764418e-02 -9.96257811e-01 7.36848920e-02
    outer loop
      vertex 1.13835837e+02 8.79004258e+00 1.20000000e+02
      vertex 1.19332400e+02 1.01487155e+01 1.35000000e+02
      vertex 1.16817339e+02 1.00346672e+01 1.35000000e+02
    endloop
  endfacet
  facet normal 4.90824265e-02 -9.96193723e-01 7.20345907e-02
    outer loop
      vertex 1.16442493e+02 8.91508340e+00 1.20000000e+02
      vertex 1.19048983e+02 9.04350508e+00 1.20000000e+02
      vertex 1.21847311e+02 1.02660259e+01 1.35000000e+02
    endloop
  endfacet
  facet normal 4.64710277e-02 -9.96250106e-01 7.29806112e-02
    outer loop
      vertex 1.16442493e+02 8.91508340e+00 1.20000000e+02
      vertex 1.21847311e+02 1.02660259e+01 1.35000000e+02
      vertex 1.19332400e+02 1.01487155e+01 1.35000000e+02
    endloop
  endfacet
  facet normal 1.23931048e-01 -9.90642309e-01 5.71743854e-02
    outer loop
      vertex 1.19048983e+02 9.04350508e+00 1.20000000e+02
      vertex 1.21671895e+02 9.37163582e+00 1.20000000e+02
      vertex 1.24378568e+02 1.05759622e+01 1.35000000e+02
    endloop
  endfacet
  facet normal 1.21330455e-01 -9.90908842e-01 5.81256209e-02
    outer loop
      vertex 1.19048983e+02 9.04350508e+00 1.20000000e+02
      vertex 1.24378568e+02 1.05759622e+01 1.35000000e+02
      vertex 1.21847311e+02 1.02660259e+01 1.35000000e+02
    endloop
  endfacet
  facet normal 2.20704436e-01 9.68094833e-01 -1.18667378e-01
    outer loop
      vertex 1.24378568e+02 1.05759622e+01 1.35000000e+02
      vertex 1.21923915e+02 1.11355695e+01 1.35000000e+02
      vertex 1.24721562e+02 1.23364409e+01 1.50000000e+02
    endloop
  endfacet
  facet normal 2.23238416e-01 9.67514892e-01 -1.18657255e-01
    outer loop
      vertex 1.24378568e+02 1.05759622e+01 1.35000000e+02
      vertex 1.24721562e+02 1.23364409e+01 1.50000000e+02
      vertex 1.27085091e+02 1.17910948e+01 1.50000000e+02
    endloop
  endfacet
  facet normal 2.12671970e-01 9.70003784e-01 -1.17742478e-01
    outer loop
      vertex 1.21923915e+02 1.11355695e+01 1.35000000e+02
      vertex 1.19464692e+02 1.16747507e+01 1.35000000e+02
      vertex 1.22353580e+02 1.28621190e+01 1.50000000e+02
    endloop
  endfacet
  facet normal 2.15210494e-01 9.69442745e-01 -1.17750615e-01
    outer loop
      vertex 1.21923915e+02 1.11355695e+01 1.35000000e+02
      vertex 1.22353580e+02 1.28621190e+01 1.50000000e+02
      vertex 1.24721562e+02 1.23364409e+01 1.50000000e+02
    endloop
  endfacet
  facet normal 2.03880418e-01 9.72023816e-01 -1.16629655e-01
    outer loop
      vertex 1.19464692e+02 1.16747507e+01 1.35000000e+02
      vertex 1.17000674e+02 1.21915745e+01 1.35000000e+02
      vertex 1.19980920e+02 1.33662689e+01 1.50000000e+02
    endloop
  endfacet
  facet normal 2.06423819e-01 9.71483670e-01 -1.16656275e-01
    outer loop
      vertex 1.19464692e+02 1.16747507e+01 1.35000000e+02
      vertex 1.19980920e+02 1.33662689e+01 1.50000000e+02
      vertex 1.22353580e+02 1.28621190e+01 1.50000000e+02
    endloop
  endfacet
  facet normal 1.95930103e-01 9.73779324e-01 -1.15608054e-01
    outer loop
      vertex 1.17000674e+02 1.21915745e+01 1.35000000e+02
      vertex 1.14532503e+02 1.26881850e+01 1.35000000e+02
      vertex 1.17604209e+02 1.38509547e+01 1.50000000e+02
    endloop
  endfacet
  facet normal 1.98477735e-01 9.73257931e-01 -1.15652880e-01
    outer loop
      vertex 1.17000674e+02 1.21915745e+01 1.35000000e+02
      vertex 1.17604209e+02 1.38509547e+01 1.50000000e+02
      vertex 1.19980920e+02 1.33662689e+01 1.50000000e+02
    endloop
  endfacet
  facet normal 1.88537794e-01 9.75352202e-01 -1.14636742e-01
    outer loop
      vertex 1.14532503e+02 1.26881850e+01 1.35000000e+02
      vertex 1.12060615e+02 1.31660064e+01 1.35000000e+02
      vertex 1.15223870e+02 1.43175475e+01 1.50000000e+02
    endloop
  endfacet
  facet normal 1.91089215e-01 9.74848150e-01 -1.14699588e-01
    outer loop
      vertex 1.14532503e+02 1.26881850e+01 1.35000000e+02
      vertex 1.15223870e+02 1.43175475e+01 1.50000000e+02
      vertex 1.17604209e+02 1.38509547e+01 1.50000000e+02
    endloop
  endfacet
  facet normal 1.79077723e-01 9.77299461e-01 -1.13211890e-01
    outer loop
      vertex 1.12060615e+02 1.31660064e+01 1.35000000e+02
      vertex 1.09584200e+02 1.36197781e+01 1.35000000e+02
      vertex 1.12839107e+02 1.47609809e+01 1.50000000e+02
    endloop
  endfacet
  facet normal 1.81633972e-01 9.76818156e-01 -1.13293380e-01
    outer loop
      vertex 1.12060615e+02 1.31660064e+01 1.35000000e+02
      vertex 1.12839107e+02 1.47609809e+01 1.50000000e+02
      vertex 1.15223870e+02 1.43175475e+01 1.50000000e+02
    endloop
  endfacet
  facet normal 1.71355307e-01 9.78814183e-01 -1.12072096e-01
    outer loop
      vertex 1.09584200e+02 1.36197781e+01 1.35000000e+02
      vertex 1.07104292e+02 1.40539211e+01 1.35000000e+02
      vertex 1.10450931e+02 1.51855120e+01 1.50000000e+02
    endloop
  endfacet
  facet normal 1.73915280e-01 9.78351158e-01 -1.12171685e-01
    outer loop
      vertex 1.09584200e+02 1.36197781e+01 1.35000000e+02
      vertex 1.10450931e+02 1.51855120e+01 1.50000000e+02
      vertex 1.12839107e+02 1.47609809e+01 1.50000000e+02
    endloop
  endfacet
  facet normal 1.64338202e-01 9.80135692e-01 -1.11026939e-01
    outer loop
      vertex 1.07104292e+02 1.40539211e+01 1.35000000e+02
      vertex 1.04621342e+02 1.44702344e+01 1.35000000e+02
      vertex 1.08059778e+02 1.55928726e+01 1.50000000e+02
    endloop
  endfacet
  facet normal 1.66901420e-01 9.79689154e-01 -1.11144400e-01
    outer loop
      vertex 1.07104292e+02 1.40539211e+01 1.35000000e+02
      vertex 1.08059778e+02 1.55928726e+01 1.50000000e+02
      vertex 1.10450931e+02 1.51855120e+01 1.50000000e+02
    endloop
  endfacet
  facet normal 1.58002436e-01 9.81283517e-01 -1.10081282e-01
    outer loop
      vertex 1.04621342e+02 1.44702344e+01 1.35000000e+02
      vertex 1.02135719e+02 1.48704598e+01 1.35000000e+02
      vertex 1.05666009e+02 1.59847400e+01 1.50000000e+02
    endloop
  endfacet
  facet normal 1.60568467e-01 9.80851729e-01 -1.10216396e-01
    outer loop
      vertex 1.04621342e+02 1.44702344e+01 1.35000000e+02
      vertex 1.05666009e+02 1.59847400e+01 1.50000000e+02
      vertex 1.08059778e+02 1.55928726e+01 1.50000000e+02
    endloop
  endfacet
  facet normal 1.46615530e-01 9.83283376e-01 -1.07970782e-01
    outer loop
      vertex 1.02135719e+02 1.48704598e+01 1.35000000e+02
      vertex 9.96456026e+01 1.52417563e+01 1.35000000e+02
      vertex 1.03267838e+02 1.63487472e+01 1.50000000e+02
    endloop
  endfacet
  facet normal 1.49186738e-01 9.82879591e-01 -1.08125049e-01
    outer loop
      vertex 1.02135719e+02 1.48704598e+01 1.35000000e+02
      vertex 1.03267838e+02 1.63487472e+01 1.50000000e+02
      vertex 1.05666009e+02 1.59847400e+01 1.50000000e+02
    endloop
  endfacet
  facet normal 1.39451837e-01 9.84458197e-01 -1.06748503e-01
    outer loop
      vertex 9.96456026e+01 1.52417563e+01 1.35000000e+02
      vertex 9.71528926e+01 1.55948571e+01 1.35000000e+02
      vertex 1.00867123e+02 1.66952302e+01 1.50000000e+02
    endloop
  endfacet
  facet normal 1.42026019e-01 9.84071432e-01 -1.06920654e-01
    outer loop
      vertex 9.96456026e+01 1.52417563e+01 1.35000000e+02
      vertex 1.00867123e+02 1.66952302e+01 1.50000000e+02
      vertex 1.03267838e+02 1.63487472e+01 1.50000000e+02
    endloop
  endfacet
  facet normal 1.33394147e-01 9.85406138e-01 -1.05739044e-01
    outer loop
      vertex 9.71528926e+01 1.55948571e+01 1.35000000e+02
      vertex 9.46580124e+01 1.59325884e+01 1.35000000e+02
      vertex 9.84642779e+01 1.70269109e+01 1.50000000e+02
    endloop
  endfacet
  facet normal 1.35970714e-01 9.85033537e-01 -1.05928730e-01
    outer loop
      vertex 9.71528926e+01 1.55948571e+01 1.35000000e+02
      vertex 9.84642779e+01 1.70269109e+01 1.50000000e+02
      vertex 1.00867123e+02 1.66952302e+01 1.50000000e+02
    endloop
  endfacet
  facet normal 1.20230340e-01 9.87391987e-01 -1.02964695e-01
    outer loop
      vertex 9.46580124e+01 1.59325884e+01 1.35000000e+02
      vertex 9.21588259e+01 1.62369032e+01 1.35000000e+02
      vertex 9.60571997e+01 1.73264073e+01 1.50000000e+02
    endloop
  endfacet
  facet normal 1.22812234e-01 9.87052322e-01 -1.03173970e-01
    outer loop
      vertex 9.46580124e+01 1.59325884e+01 1.35000000e+02
      vertex 9.60571997e+01 1.73264073e+01 1.50000000e+02
      vertex 9.84642779e+01 1.70269109e+01 1.50000000e+02
    endloop
  endfacet
  facet normal 1.12814512e-01 9.88414877e-01 -1.01532832e-01
    outer loop
      vertex 9.21588259e+01 1.62369032e+01 1.35000000e+02
      vertex 8.96574958e+01 1.65223970e+01 1.35000000e+02
      vertex 9.36480087e+01 1.76077760e+01 1.50000000e+02
    endloop
  endfacet
  facet normal 1.15399093e-01 9.88093087e-01 -1.01760018e-01
    outer loop
      vertex 9.21588259e+01 1.62369032e+01 1.35000000e+02
      vertex 9.36480087e+01 1.76077760e+01 1.50000000e+02
      vertex 9.60571997e+01 1.73264073e+01 1.50000000e+02
    endloop
  endfacet
  facet normal 1.04922881e-01 9.89446978e-01 -9.99293046e-02
    outer loop
      vertex 8.96574958e+01 1.65223970e+01 1.35000000e+02
      vertex 8.71538870e+01 1.67878846e+01 1.35000000e+02
      vertex 9.12365718e+01 1.78698754e+01 1.50000000e+02
    endloop
  endfacet
  facet normal 1.07510221e-01 9.89144389e-01 -1.00174496e-01
    outer loop
      vertex 8.96574958e+01 1.65223970e+01 1.35000000e+02
      vertex 9.12365718e+01 1.78698754e+01 1.50000000e+02
      vertex 9.36480087e+01 1.76077760e+01 1.50000000e+02
    endloop
  endfacet
  facet normal 8.95393412e-02 9.91316955e-01 -9.62984956e-02
    outer loop
      vertex 8.71538870e+01 1.67878846e+01 1.35000000e+02
      vertex 8.46464787e+01 1.70143628e+01 1.35000000e+02
      vertex 8.88213759e+01 1.80944007e+01 1.50000000e+02
    endloop
  endfacet
  facet normal 9.21319143e-02 9.91053556e-01 -9.65637590e-02
    outer loop
      vertex 8.71538870e+01 1.67878846e+01 1.35000000e+02
      vertex 8.88213759e+01 1.80944007e+01 1.50000000e+02
      vertex 9.12365718e+01 1.78698754e+01 1.50000000e+02
    endloop
  endfacet
  facet normal 8.15457023e-02 9.92174032e-01 -9.45568046e-02
    outer loop
      vertex 8.46464787e+01 1.70143628e+01 1.35000000e+02
      vertex 8.21373994e+01 1.72205813e+01 1.35000000e+02
      vertex 8.64045190e+01 1.82994110e+01 1.50000000e+02
    endloop
  endfacet
  facet normal 8.41406480e-02 9.91930297e-01 -9.48400585e-02
    outer loop
      vertex 8.46464787e+01 1.70143628e+01 1.35000000e+02
      vertex 8.64045190e+01 1.82994110e+01 1.50000000e+02
      vertex 8.88213759e+01 1.80944007e+01 1.50000000e+02
    endloop
  endfacet
  facet normal 6.87284429e-02 9.93437578e-01 -9.14230766e-02
    outer loop
      vertex 8.21373994e+01 1.72205813e+01 1.35000000e+02
      vertex 7.96257570e+01 1.73943428e+01 1.35000000e+02
      vertex 8.39851108e+01 1.84731570e+01 1.50000000e+02
    endloop
  endfacet
  facet normal 7.13270256e-02 9.93226500e-01 -9.17255458e-02
    outer loop
      vertex 8.21373994e+01 1.72205813e+01 1.35000000e+02
      vertex 8.39851108e+01 1.84731570e+01 1.50000000e+02
      vertex 8.64045190e+01 1.82994110e+01 1.50000000e+02
    endloop
  endfacet
  facet normal 4.90609721e-02 9.95065143e-01 -8.62460541e-02
    outer loop
      vertex 7.96257570e+01 1.73943428e+01 1.35000000e+02
      vertex 7.71113060e+01 1.75183160e+01 1.35000000e+02
      vertex 8.15628709e+01 1.85989415e+01 1.50000000e+02
    endloop
  endfacet
  facet normal 5.16644209e-02 9.94905283e-01 -8.65694281e-02
    outer loop
      vertex 7.96257570e+01 1.73943428e+01 1.35000000e+02
      vertex 8.15628709e+01 1.85989415e+01 1.50000000e+02
      vertex 8.39851108e+01 1.84731570e+01 1.50000000e+02
    endloop
  endfacet
  facet normal 3.59260647e-02 9.95915820e-01 -8.28311399e-02
    outer loop
      vertex 7.71113060e+01 1.75183160e+01 1.35000000e+02
      vertex 7.45955195e+01 1.76090690e+01 1.35000000e+02
      vertex 7.91392607e+01 1.86927232e+01 1.50000000e+02
    endloop
  endfacet
  facet normal 3.85321372e-02 9.95789850e-01 -8.31736104e-02
    outer loop
      vertex 7.71113060e+01 1.75183160e+01 1.35000000e+02
      vertex 7.91392607e+01 1.86927232e+01 1.50000000e+02
      vertex 8.15628709e+01 1.85989415e+01 1.50000000e+02
    endloop
  endfacet
  facet normal 1.26380118e-02 9.97006514e-01 -7.62777299e-02
    outer loop
      vertex 7.45955195e+01 1.76090690e+01 1.35000000e+02
      vertex 7.20780759e+01 1.76409800e+01 1.35000000e+02
      vertex 7.67139055e+01 1.87298177e+01 1.50000000e+02
    endloop
  endfacet
  facet normal 1.52476959e-02 9.96942121e-01 -7.66414732e-02
    outer loop
      vertex 7.45955195e+01 1.76090690e+01 1.35000000e+02
      vertex 7.67139055e+01 1.87298177e+01 1.50000000e+02
      vertex 7.91392607e+01 1.86927232e+01 1.50000000e+02
    endloop
  endfacet
  facet normal -1.28048897e-02 9.97543067e-01 -6.88757192e-02
    outer loop
      vertex 7.20780759e+01 1.76409800e+01 1.35000000e+02
      vertex 6.95608931e+01 1.76086684e+01 1.35000000e+02
      vertex 7.42886395e+01 1.87050361e+01 1.50000000e+02
    endloop
  endfacet
  facet normal -1.01930147e-02 9.97546507e-01 -6.92608776e-02
    outer loop
      vertex 7.20780759e+01 1.76409800e+01 1.35000000e+02
      vertex 7.42886395e+01 1.87050361e+01 1.50000000e+02
      vertex 7.67139055e+01 1.87298177e+01 1.50000000e+02
    endloop
  endfacet
  facet normal -3.34337777e-02 9.97466546e-01 -6.27907030e-02
    outer loop
      vertex 6.95608931e+01 1.76086684e+01 1.35000000e+02
      vertex 6.70450433e+01 1.75243404e+01 1.35000000e+02
      vertex 7.18645267e+01 1.86301359e+01 1.50000000e+02
    endloop
  endfacet
  facet normal -3.08215150e-02 9.97525096e-01 -6.31958699e-02
    outer loop
      vertex 6.95608931e+01 1.76086684e+01 1.35000000e+02
      vertex 7.18645267e+01 1.86301359e+01 1.50000000e+02
      vertex 7.42886395e+01 1.87050361e+01 1.50000000e+02
    endloop
  endfacet
  facet normal -5.78810071e-02 9.96790218e-01 -5.53086772e-02
    outer loop
      vertex 6.70450433e+01 1.75243404e+01 1.35000000e+02
      vertex 6.45316587e+01 1.73783947e+01 1.35000000e+02
      vertex 6.94426336e+01 1.84958638e+01 1.50000000e+02
    endloop
  endfacet
  facet normal -5.52699115e-02 9.96914714e-01 -5.57340964e-02
    outer loop
      vertex 6.70450433e+01 1.75243404e+01 1.35000000e+02
      vertex 6.94426336e+01 1.84958638e+01 1.50000000e+02
      vertex 7.18645267e+01 1.86301359e+01 1.50000000e+02
    endloop
  endfacet
  facet normal -9.77612685e-02 9.94302454e-01 -4.24895841e-02
    outer loop
      vertex 6.45316587e+01 1.73783947e+01 1.35000000e+02
      vertex 6.20260945e+01 1.71320439e+01 1.35000000e+02
      vertex 6.70280217e+01 1.82648366e+01 1.50000000e+02
    endloop
  endfacet
  facet normal -9.51560370e-02 9.94535945e-01 -4.29369561e-02
    outer loop
      vertex 6.45316587e+01 1.73783947e+01 1.35000000e+02
      vertex 6.70280217e+01 1.82648366e+01 1.50000000e+02
      vertex 6.94426336e+01 1.84958638e+01 1.50000000e+02
    endloop
  endfacet
  facet normal -1.32627670e-01 9.90680637e-01 -3.10125272e-02
    outer loop
      vertex 6.20260945e+01 1.71320439e+01 1.35000000e+02
      vertex 5.95311538e+01 1.67980330e+01 1.35000000e+02
      vertex 6.46234241e+01 1.79493262e+01 1.50000000e+02
    endloop
  endfacet
  facet normal -1.30031722e-01 9.91009971e-01 -3.14799734e-02
    outer loop
      vertex 6.20260945e+01 1.71320439e+01 1.35000000e+02
      vertex 6.46234241e+01 1.79493262e+01 1.50000000e+02
      vertex 6.70280217e+01 1.82648366e+01 1.50000000e+02
    endloop
  endfacet
  facet normal -1.75910900e-01 9.84271964e-01 -1.62498163e-02
    outer loop
      vertex 5.95311538e+01 1.67980330e+01 1.35000000e+02
      vertex 5.70535436e+01 1.63552299e+01 1.35000000e+02
      vertex 6.22352491e+01 1.75289561e+01 1.50000000e+02
    endloop
  endfacet
  facet normal -1.73332090e-01 9.84721216e-01 -1.67365973e-02
    outer loop
      vertex 5.95311538e+01 1.67980330e+01 1.35000000e+02
      vertex 6.22352491e+01 1.75289561e+01 1.50000000e+02
      vertex 6.46234241e+01 1.79493262e+01 1.50000000e+02
    endloop
  endfacet
  facet normal -2.32936477e-01 9.72483936e-01 3.94873538e-03
    outer loop
      vertex 5.70535436e+01 1.63552299e+01 1.35000000e+02
      vertex 5.46062614e+01 1.57690390e+01 1.35000000e+02
      vertex 5.98759319e+01 1.69703621e+01 1.50000000e+02
    endloop
  endfacet
  facet normal -2.30390154e-01 9.73092242e-01 3.44467532e-03
    outer loop
      vertex 5.70535436e+01 1.63552299e+01 1.35000000e+02
      vertex 5.98759319e+01 1.69703621e+01 1.50000000e+02
      vertex 6.22352491e+01 1.75289561e+01 1.50000000e+02
    endloop
  endfacet
  facet normal -3.12203378e-01 9.49434322e-01 3.32192485e-02
    outer loop
      vertex 5.46062614e+01 1.57690390e+01 1.35000000e+02
      vertex 5.22161104e+01 1.49830834e+01 1.35000000e+02
      vertex 5.75711541e+01 1.62191605e+01 1.50000000e+02
    endloop
  endfacet
  facet normal -3.09721965e-01 9.50264575e-01 3.27038593e-02
    outer loop
      vertex 5.46062614e+01 1.57690390e+01 1.35000000e+02
      vertex 5.75711541e+01 1.62191605e+01 1.50000000e+02
      vertex 5.98759319e+01 1.69703621e+01 1.50000000e+02
    endloop
  endfacet
  facet normal -4.85235773e-01 8.68502368e-01 1.01241699e-01
    outer loop
      vertex 5.22161104e+01 1.49830834e+01 1.35000000e+02
      vertex 5.00252865e+01 1.37590613e+01 1.35000000e+02
      vertex 5.54573134e+01 1.50454000e+01 1.50000000e+02
    endloop
  endfacet
  facet normal -4.82984619e-01 8.69813389e-01 1.00749823e-01
    outer loop
      vertex 5.22161104e+01 1.49830834e+01 1.35000000e+02
      vertex 5.54573134e+01 1.50454000e+01 1.50000000e+02
      vertex 5.75711541e+01 1.62191605e+01 1.50000000e+02
    endloop
  endfacet
  facet normal -9.13747362e-01 2.65191449e-01 3.07797424e-01
    outer loop
      vertex 5.00252865e+01 1.37590613e+01 1.35000000e+02
      vertex 4.93966347e+01 1.15929699e+01 1.35000000e+02
      vertex 5.48461741e+01 1.29600610e+01 1.50000000e+02
    endloop
  endfacet
  facet normal -9.13077153e-01 2.67590691e-01 3.07709824e-01
    outer loop
      vertex 5.00252865e+01 1.37590613e+01 1.35000000e+02
      vertex 5.48461741e+01 1.29600610e+01 1.50000000e+02
      vertex 5.54573134e+01 1.50454000e+01 1.50000000e+02
    endloop
  endfacet
  facet normal -4.97505510e-01 -8.28861922e-01 2.55883139e-01
    outer loop
      vertex 4.93966347e+01 1.15929699e+01 1.35000000e+02
      vertex 5.15270194e+01 1.03142550e+01 1.35000000e+02
      vertex 5.68954718e+01 1.17227072e+01 1.50000000e+02
    endloop
  endfacet
  facet normal -4.99536378e-01 -8.27329089e-01 2.56885158e-01
    outer loop
      vertex 4.93966347e+01 1.15929699e+01 1.35000000e+02
      vertex 5.68954718e+01 1.17227072e+01 1.50000000e+02
      vertex 5.48461741e+01 1.29600610e+01 1.50000000e+02
    endloop
  endfacet
  facet normal -2.51250206e-01 -9.51259507e-01 1.78825849e-01
    outer loop
      vertex 5.15270194e+01 1.03142550e+01 1.35000000e+02
      vertex 5.39583415e+01 9.67208514e+00 1.35000000e+02
      vertex 5.92363138e+01 1.10978749e+01 1.50000000e+02
    endloop
  endfacet
  facet normal -2.53683066e-01 -9.50386177e-01 1.80030600e-01
    outer loop
      vertex 5.15270194e+01 1.03142550e+01 1.35000000e+02
      vertex 5.92363138e+01 1.10978749e+01 1.50000000e+02
      vertex 5.68954718e+01 1.17227072e+01 1.50000000e+02
    endloop
  endfacet
  facet normal -1.58478193e-01 -9.76187033e-01 1.48133514e-01
    outer loop
      vertex 5.39583415e+01 9.67208514e+00 1.35000000e+02
      vertex 5.64426940e+01 9.26876519e+00 1.35000000e+02
      vertex 6.16288505e+01 1.07030293e+01 1.50000000e+02
    endloop
  endfacet
  facet normal -1.61002694e-01 -9.75583344e-01 1.49382969e-01
    outer loop
      vertex 5.39583415e+01 9.67208514e+00 1.35000000e+02
      vertex 6.16288505e+01 1.07030293e+01 1.50000000e+02
      vertex 5.92363138e+01 1.10978749e+01 1.50000000e+02
    endloop
  endfacet
  facet normal -1.02604216e-01 -9.86274964e-01 1.29360236e-01
    outer loop
      vertex 5.64426940e+01 9.26876519e+00 1.35000000e+02
      vertex 5.89467382e+01 9.00826432e+00 1.35000000e+02
      vertex 6.40407194e+01 1.04457332e+01 1.50000000e+02
    endloop
  endfacet
  facet normal -1.05168337e-01 -9.85838115e-01 1.30624776e-01
    outer loop
      vertex 5.64426940e+01 9.26876519e+00 1.35000000e+02
      vertex 6.40407194e+01 1.04457332e+01 1.50000000e+02
      vertex 6.16288505e+01 1.07030293e+01 1.50000000e+02
    endloop
  endfacet
  facet normal -6.68907572e-02 -9.90847178e-01 1.17249723e-01
    outer loop
      vertex 5.89467382e+01 9.00826432e+00 1.35000000e+02
      vertex 6.14586391e+01 8.83868927e+00 1.35000000e+02
      vertex 6.64603873e+01 1.02760200e+01 1.50000000e+02
    endloop
  endfacet
  facet normal -6.94740397e-02 -9.90518716e-01 1.18515954e-01
    outer loop
      vertex 5.89467382e+01 9.00826432e+00 1.35000000e+02
      vertex 6.64603873e+01 1.02760200e+01 1.50000000e+02
      vertex 6.40407194e+01 1.04457332e+01 1.50000000e+02
    endloop
  endfacet
  facet normal -4.28480031e-02 -9.93114645e-01 1.09029129e-01
    outer loop
      vertex 6.14586391e+01 8.83868927e+00 1.35000000e+02
      vertex 6.39738508e+01 8.73017028e+00 1.35000000e+02
      vertex 6.88833990e+01 1.01651230e+01 1.50000000e+02
    endloop
  endfacet
  facet normal -4.54414597e-02 -9.92860068e-01 1.10290336e-01
    outer loop
      vertex 6.14586391e+01 8.83868927e+00 1.35000000e+02
      vertex 6.88833990e+01 1.01651230e+01 1.50000000e+02
      vertex 6.64603873e+01 1.02760200e+01 1.50000000e+02
    endloop
  endfacet
  facet normal -2.60192281e-02 -9.94318680e-01 1.03215125e-01
    outer loop
      vertex 6.39738508e+01 8.73017028e+00 1.35000000e+02
      vertex 6.64905219e+01 8.66431429e+00 1.35000000e+02
      vertex 7.13079243e+01 1.00953261e+01 1.50000000e+02
    endloop
  endfacet
  facet normal -2.86184933e-02 -9.94116443e-01 1.04467600e-01
    outer loop
      vertex 6.39738508e+01 8.73017028e+00 1.35000000e+02
      vertex 7.13079243e+01 1.00953261e+01 1.50000000e+02
      vertex 6.88833990e+01 1.01651230e+01 1.50000000e+02
    endloop
  endfacet
  facet normal -1.39753227e-02 -9.94990295e-01 9.89899120e-02
    outer loop
      vertex 6.64905219e+01 8.66431429e+00 1.35000000e+02
      vertex 6.90078562e+01 8.62895660e+00 1.35000000e+02
      vertex 7.37331655e+01 1.00549112e+01 1.50000000e+02
    endloop
  endfacet
  facet normal -1.65780796e-02 -9.94826031e-01 1.00231406e-01
    outer loop
      vertex 6.64905219e+01 8.66431429e+00 1.35000000e+02
      vertex 7.37331655e+01 1.00549112e+01 1.50000000e+02
      vertex 7.13079243e+01 1.00953261e+01 1.50000000e+02
    endloop
  endfacet
  facet normal -4.93680599e-03 -9.95392267e-01 9.57593982e-02
    outer loop
      vertex 6.90078562e+01 8.62895660e+00 1.35000000e+02
      vertex 7.15254697e+01 8.61647010e+00 1.35000000e+02
      vertex 7.61587334e+01 1.00365308e+01 1.50000000e+02
    endloop
  endfacet
  facet normal -7.54181512e-03 -9.95256921e-01 9.69885708e-02
    outer loop
      vertex 6.90078562e+01 8.62895660e+00 1.35000000e+02
      vertex 7.61587334e+01 1.00365308e+01 1.50000000e+02
      vertex 7.37331655e+01 1.00549112e+01 1.50000000e+02
    endloop
  endfacet
  facet normal 5.29346925e-03 -9.95725565e-01 9.22094311e-02
    outer loop
      vertex 7.15254697e+01 8.61647010e+00 1.35000000e+02
      vertex 7.40430800e+01 8.62985420e+00 1.35000000e+02
      vertex 7.85843634e+01 1.00430755e+01 1.50000000e+02
    endloop
  endfacet
  facet normal 2.68634452e-03 -9.95622553e-01 9.34265284e-02
    outer loop
      vertex 7.15254697e+01 8.61647010e+00 1.35000000e+02
      vertex 7.85843634e+01 1.00430755e+01 1.50000000e+02
      vertex 7.61587334e+01 1.00365308e+01 1.50000000e+02
    endloop
  endfacet
  facet normal 8.96337226e-03 -9.95839066e-01 9.06874465e-02
    outer loop
      vertex 7.40430800e+01 8.62985420e+00 1.35000000e+02
      vertex 7.65606110e+01 8.65251405e+00 1.35000000e+02
      vertex 8.10099405e+01 1.00585572e+01 1.50000000e+02
    endloop
  endfacet
  facet normal 6.35554028e-03 -9.95748874e-01 9.18900828e-02
    outer loop
      vertex 7.40430800e+01 8.62985420e+00 1.35000000e+02
      vertex 8.10099405e+01 1.00585572e+01 1.50000000e+02
      vertex 7.85843634e+01 1.00430755e+01 1.50000000e+02
    endloop
  endfacet
  facet normal 1.22183916e-02 -9.95929046e-01 8.93087097e-02
    outer loop
      vertex 7.65606110e+01 8.65251405e+00 1.35000000e+02
      vertex 7.90780639e+01 8.68339901e+00 1.35000000e+02
      vertex 8.34354630e+01 1.00819636e+01 1.50000000e+02
    endloop
  endfacet
  facet normal 9.60998174e-03 -9.95850387e-01 9.04967092e-02
    outer loop
      vertex 7.65606110e+01 8.65251405e+00 1.35000000e+02
      vertex 8.34354630e+01 1.00819636e+01 1.50000000e+02
      vertex 8.10099405e+01 1.00585572e+01 1.50000000e+02
    endloop
  endfacet
  facet normal 1.78331463e-02 -9.96025508e-01 8.72649168e-02
    outer loop
      vertex 7.90780639e+01 8.68339901e+00 1.35000000e+02
      vertex 8.15953063e+01 8.72846849e+00 1.35000000e+02
      vertex 8.58608185e+01 1.01190365e+01 1.50000000e+02
    endloop
  endfacet
  facet normal 1.52239170e-02 -9.95965248e-01 8.84390002e-02
    outer loop
      vertex 7.90780639e+01 8.68339901e+00 1.35000000e+02
      vertex 8.58608185e+01 1.01190365e+01 1.50000000e+02
      vertex 8.34354630e+01 1.00819636e+01 1.50000000e+02
    endloop
  endfacet
  facet normal 2.20545269e-02 -9.96081342e-01 8.56478748e-02
    outer loop
      vertex 8.15953063e+01 8.72846849e+00 1.35000000e+02
      vertex 8.41123164e+01 8.78419835e+00 1.35000000e+02
      vertex 8.82859772e+01 1.01663809e+01 1.50000000e+02
    endloop
  endfacet
  facet normal 1.94447604e-02 -9.96035317e-01 8.68075355e-02
    outer loop
      vertex 8.15953063e+01 8.72846849e+00 1.35000000e+02
      vertex 8.82859772e+01 1.01663809e+01 1.50000000e+02
      vertex 8.58608185e+01 1.01190365e+01 1.50000000e+02
    endloop
  endfacet
  facet normal 2.55634264e-02 -9.96116436e-01 8.42529301e-02
    outer loop
      vertex 8.41123164e+01 8.78419835e+00 1.35000000e+02
      vertex 8.66291336e+01 8.84878765e+00 1.35000000e+02
      vertex 9.07109723e+01 1.02222614e+01 1.50000000e+02
    endloop
  endfacet
  facet normal 2.29532695e-02 -9.96082499e-01 8.53979116e-02
    outer loop
      vertex 8.41123164e+01 8.78419835e+00 1.35000000e+02
      vertex 9.07109723e+01 1.02222614e+01 1.50000000e+02
      vertex 8.82859772e+01 1.01663809e+01 1.50000000e+02
    endloop
  endfacet
  facet normal 3.10091690e-02 -9.96120971e-01 8.23495204e-02
    outer loop
      vertex 8.66291336e+01 8.84878765e+00 1.35000000e+02
      vertex 8.91455601e+01 8.92712382e+00 1.35000000e+02
      vertex 9.31356256e+01 1.02913873e+01 1.50000000e+02
    endloop
  endfacet
  facet normal 2.83985458e-02 -9.96104690e-01 8.34803546e-02
    outer loop
      vertex 8.66291336e+01 8.84878765e+00 1.35000000e+02
      vertex 9.31356256e+01 1.02913873e+01 1.50000000e+02
      vertex 9.07109723e+01 1.02222614e+01 1.50000000e+02
    endloop
  endfacet
  facet normal 3.28049804e-02 -9.96137294e-01 8.14513655e-02
    outer loop
      vertex 8.91455601e+01 8.92712382e+00 1.35000000e+02
      vertex 9.16618368e+01 9.00999031e+00 1.35000000e+02
      vertex 9.55601461e+01 1.03648783e+01 1.50000000e+02
    endloop
  endfacet
  facet normal 3.01942084e-02 -9.96128009e-01 8.25669436e-02
    outer loop
      vertex 8.91455601e+01 8.92712382e+00 1.35000000e+02
      vertex 9.55601461e+01 1.03648783e+01 1.50000000e+02
      vertex 9.31356256e+01 1.02913873e+01 1.50000000e+02
    endloop
  endfacet
  facet normal 3.50839349e-02 -9.96142018e-01 8.04375394e-02
    outer loop
      vertex 9.16618368e+01 9.00999031e+00 1.35000000e+02
      vertex 9.41779226e+01 9.09860638e+00 1.35000000e+02
      vertex 9.79844971e+01 1.04439092e+01 1.50000000e+02
    endloop
  endfacet
  facet normal 3.24730106e-02 -9.96141085e-01 8.15379827e-02
    outer loop
      vertex 9.16618368e+01 9.00999031e+00 1.35000000e+02
      vertex 9.79844971e+01 1.04439092e+01 1.50000000e+02
      vertex 9.55601461e+01 1.03648783e+01 1.50000000e+02
    endloop
  endfacet
  facet normal 3.76069940e-02 -9.96135223e-01 7.93746317e-02
    outer loop
      vertex 9.41779226e+01 9.09860638e+00 1.35000000e+02
      vertex 9.66937752e+01 9.19358712e+00 1.35000000e+02
      vertex 1.00408640e+02 1.05290728e+01 1.50000000e+02
    endloop
  endfacet
  facet normal 3.49959371e-02 -9.96143300e-01 8.04599858e-02
    outer loop
      vertex 9.41779226e+01 9.09860638e+00 1.35000000e+02
      vertex 1.00408640e+02 1.05290728e+01 1.50000000e+02
      vertex 9.79844971e+01 1.04439092e+01 1.50000000e+02
    endloop
  endfacet
  facet normal 3.86130936e-02 -9.96149886e-01 7.87047290e-02
    outer loop
      vertex 9.66937752e+01 9.19358712e+00 1.35000000e+02
      vertex 9.92095308e+01 9.29110367e+00 1.35000000e+02
      vertex 1.02832695e+02 1.06166798e+01 1.50000000e+02
    endloop
  endfacet
  facet normal 3.60019786e-02 -9.96162576e-01 7.97745612e-02
    outer loop
      vertex 9.66937752e+01 9.19358712e+00 1.35000000e+02
      vertex 1.02832695e+02 1.06166798e+01 1.50000000e+02
      vertex 1.00408640e+02 1.05290728e+01 1.50000000e+02
    endloop
  endfacet
  facet normal 3.97453437e-02 -9.96159995e-01 7.80100706e-02
    outer loop
      vertex 9.92095308e+01 9.29110367e+00 1.35000000e+02
      vertex 1.01725175e+02 9.39147424e+00 1.35000000e+02
      vertex 1.05256650e+02 1.07070368e+01 1.50000000e+02
    endloop
  endfacet
  facet normal 3.71341756e-02 -9.96177631e-01 7.90644051e-02
    outer loop
      vertex 9.92095308e+01 9.29110367e+00 1.35000000e+02
      vertex 1.05256650e+02 1.07070368e+01 1.50000000e+02
      vertex 1.02832695e+02 1.06166798e+01 1.50000000e+02
    endloop
  endfacet
  facet normal 4.08930147e-02 -9.96167466e-01 7.73184417e-02
    outer loop
      vertex 1.01725175e+02 9.39147424e+00 1.35000000e+02
      vertex 1.04240702e+02 9.49473749e+00 1.35000000e+02
      vertex 1.07680500e+02 1.08001810e+01 1.50000000e+02
    endloop
  endfacet
  facet normal 3.82818027e-02 -9.96190063e-01 7.83572716e-02
    outer loop
      vertex 1.01725175e+02 9.39147424e+00 1.35000000e+02
      vertex 1.07680500e+02 1.08001810e+01 1.50000000e+02
      vertex 1.05256650e+02 1.07070368e+01 1.50000000e+02
    endloop
  endfacet
  facet normal 4.13836273e-02 -9.96188415e-01 7.67856543e-02
    outer loop
      vertex 1.04240702e+02 9.49473749e+00 1.35000000e+02
      vertex 1.06756178e+02 9.59923531e+00 1.35000000e+02
      vertex 1.10104304e+02 1.08945148e+01 1.50000000e+02
    endloop
  endfacet
  facet normal 3.87723884e-02 -9.96214080e-01 7.78088002e-02
    outer loop
      vertex 1.04240702e+02 9.49473749e+00 1.35000000e+02
      vertex 1.10104304e+02 1.08945148e+01 1.50000000e+02
      vertex 1.07680500e+02 1.08001810e+01 1.50000000e+02
    endloop
  endfacet
  facet normal 4.19333114e-02 -9.96207150e-01 7.62424569e-02
    outer loop
      vertex 1.06756178e+02 9.59923531e+00 1.35000000e+02
      vertex 1.09271597e+02 9.70511672e+00 1.35000000e+02
      vertex 1.12528055e+02 1.09901817e+01 1.50000000e+02
    endloop
  endfacet
  facet normal 3.93220480e-02 -9.96236029e-01 7.72499275e-02
    outer loop
      vertex 1.06756178e+02 9.59923531e+00 1.35000000e+02
      vertex 1.12528055e+02 1.09901817e+01 1.50000000e+02
      vertex 1.10104304e+02 1.08945148e+01 1.50000000e+02
    endloop
  endfacet
  facet normal 4.26751124e-02 -9.96220027e-01 7.56603773e-02
    outer loop
      vertex 1.09271597e+02 9.70511672e+00 1.35000000e+02
      vertex 1.11786936e+02 9.81286639e+00 1.35000000e+02
      vertex 1.14951735e+02 1.10876489e+01 1.50000000e+02
    endloop
  endfacet
  facet normal 4.00638272e-02 -9.96252643e-01 7.66522142e-02
    outer loop
      vertex 1.09271597e+02 9.70511672e+00 1.35000000e+02
      vertex 1.14951735e+02 1.10876489e+01 1.50000000e+02
      vertex 1.12528055e+02 1.09901817e+01 1.50000000e+02
    endloop
  endfacet
  facet normal 4.35011697e-02 -9.96229359e-01 7.50647244e-02
    outer loop
      vertex 1.11786936e+02 9.81286639e+00 1.35000000e+02
      vertex 1.14302185e+02 9.92269680e+00 1.35000000e+02
      vertex 1.17375333e+02 1.11871209e+01 1.50000000e+02
    endloop
  endfacet
  facet normal 4.08898680e-02 -9.96265925e-01 7.60409407e-02
    outer loop
      vertex 1.11786936e+02 9.81286639e+00 1.35000000e+02
      vertex 1.17375333e+02 1.11871209e+01 1.50000000e+02
      vertex 1.14951735e+02 1.10876489e+01 1.50000000e+02
    endloop
  endfacet
  facet normal 4.43507666e-02 -9.96236600e-01 7.44690945e-02
    outer loop
      vertex 1.14302185e+02 9.92269680e+00 1.35000000e+02
      vertex 1.16817339e+02 1.00346672e+01 1.35000000e+02
      vertex 1.19798846e+02 1.12886550e+01 1.50000000e+02
    endloop
  endfacet
  facet normal 4.17394541e-02 -9.96277160e-01 7.54296881e-02
    outer loop
      vertex 1.14302185e+02 9.92269680e+00 1.35000000e+02
      vertex 1.19798846e+02 1.12886550e+01 1.50000000e+02
      vertex 1.17375333e+02 1.11871209e+01 1.50000000e+02
    endloop
  endfacet
  facet normal 4.51757763e-02 -9.96243135e-01 7.38834597e-02
    outer loop
      vertex 1.16817339e+02 1.00346672e+01 1.35000000e+02
      vertex 1.19332400e+02 1.01487155e+01 1.35000000e+02
      vertex 1.22222274e+02 1.13921913e+01 1.50000000e+02
    endloop
  endfacet
  facet normal 4.25644585e-02 -9.96287596e-01 7.48284170e-02
    outer loop
      vertex 1.16817339e+02 1.00346672e+01 1.35000000e+02
      vertex 1.22222274e+02 1.13921913e+01 1.50000000e+02
      vertex 1.19798846e+02 1.12886550e+01 1.50000000e+02
    endloop
  endfacet
  facet normal 4.64702408e-02 -9.96233236e-01 7.32110328e-02
    outer loop
      vertex 1.19332400e+02 1.01487155e+01 1.35000000e+02
      vertex 1.21847311e+02 1.02660259e+01 1.35000000e+02
      vertex 1.24645565e+02 1.14988708e+01 1.50000000e+02
    endloop
  endfacet
  facet normal 4.38589322e-02 -9.96282885e-01 7.41404558e-02
    outer loop
      vertex 1.19332400e+02 1.01487155e+01 1.35000000e+02
      vertex 1.24645565e+02 1.14988708e+01 1.50000000e+02
      vertex 1.22222274e+02 1.13921913e+01 1.50000000e+02
    endloop
  endfacet
  facet normal 1.21328656e-01 -9.90894151e-01 5.83792679e-02
    outer loop
      vertex 1.21847311e+02 1.02660259e+01 1.35000000e+02
      vertex 1.24378568e+02 1.05759622e+01 1.35000000e+02
      vertex 1.27085091e+02 1.17910948e+01 1.50000000e+02
    endloop
  endfacet
  facet normal 1.18727535e-01 -9.91153687e-01 5.93139285e-02
    outer loop
      vertex 1.21847311e+02 1.02660259e+01 1.35000000e+02
      vertex 1.27085091e+02 1.17910948e+01 1.50000000e+02
      vertex 1.24645565e+02 1.14988708e+01 1.50000000e+02
    endloop
  endfacet
  facet normal 2.23209153e-01 9.67388069e-01 -1.19741381e-01
    outer loop
      vertex 1.27085091e+02 1.17910948e+01 1.50000000e+02
      vertex 1.24721562e+02 1.23364409e+01 1.50000000e+02
      vertex 1.27519010e+02 1.35476455e+01 1.65000000e+02
    endloop
  endfacet
  facet normal 2.25740882e-01 9.66799882e-01 -1.19745740e-01
    outer loop
      vertex 1.27085091e+02 1.17910948e+01 1.50000000e+02
      vertex 1.27519010e+02 1.35476455e+01 1.65000000e+02
      vertex 1.29791506e+02 1.30170337e+01 1.65000000e+02
    endloop
  endfacet
  facet normal 2.15183275e-01 9.69320138e-01 -1.18805001e-01
    outer loop
      vertex 1.24721562e+02 1.23364409e+01 1.50000000e+02
      vertex 1.22353580e+02 1.28621190e+01 1.50000000e+02
      vertex 1.25242179e+02 1.40593465e+01 1.65000000e+02
    endloop
  endfacet
  facet normal 2.17719615e-01 9.68750825e-01 -1.18827640e-01
    outer loop
      vertex 1.24721562e+02 1.23364409e+01 1.50000000e+02
      vertex 1.25242179e+02 1.40593465e+01 1.65000000e+02
      vertex 1.27519010e+02 1.35476455e+01 1.65000000e+02
    endloop
  endfacet
  facet normal 2.06398691e-01 9.71365408e-01 -1.17681031e-01
    outer loop
      vertex 1.22353580e+02 1.28621190e+01 1.50000000e+02
      vertex 1.19980920e+02 1.33662689e+01 1.50000000e+02
      vertex 1.22960795e+02 1.45503478e+01 1.65000000e+02
    endloop
  endfacet
  facet normal 2.08939983e-01 9.70816961e-01 -1.17722178e-01
    outer loop
      vertex 1.22353580e+02 1.28621190e+01 1.50000000e+02
      vertex 1.22960795e+02 1.45503478e+01 1.65000000e+02
      vertex 1.25242179e+02 1.40593465e+01 1.65000000e+02
    endloop
  endfacet
  facet normal 1.98454487e-01 9.73143935e-01 -1.16647757e-01
    outer loop
      vertex 1.19980920e+02 1.33662689e+01 1.50000000e+02
      vertex 1.17604209e+02 1.38509547e+01 1.50000000e+02
      vertex 1.20675463e+02 1.50226336e+01 1.65000000e+02
    endloop
  endfacet
  facet normal 2.01000077e-01 9.72614217e-01 -1.16707131e-01
    outer loop
      vertex 1.19980920e+02 1.33662689e+01 1.50000000e+02
      vertex 1.20675463e+02 1.50226336e+01 1.65000000e+02
      vertex 1.22960795e+02 1.45503478e+01 1.65000000e+02
    endloop
  endfacet
  facet normal 1.91067695e-01 9.74738364e-01 -1.15664415e-01
    outer loop
      vertex 1.17604209e+02 1.38509547e+01 1.50000000e+02
      vertex 1.15223870e+02 1.43175475e+01 1.50000000e+02
      vertex 1.18386595e+02 1.54775218e+01 1.65000000e+02
    endloop
  endfacet
  facet normal 1.93617139e-01 9.74225966e-01 -1.15741828e-01
    outer loop
      vertex 1.17604209e+02 1.38509547e+01 1.50000000e+02
      vertex 1.18386595e+02 1.54775218e+01 1.65000000e+02
      vertex 1.20675463e+02 1.50226336e+01 1.65000000e+02
    endloop
  endfacet
  facet normal 1.81614397e-01 9.76712883e-01 -1.14228524e-01
    outer loop
      vertex 1.15223870e+02 1.43175475e+01 1.50000000e+02
      vertex 1.12839107e+02 1.47609809e+01 1.50000000e+02
      vertex 1.16093415e+02 1.59101404e+01 1.65000000e+02
    endloop
  endfacet
  facet normal 1.84168751e-01 9.76223210e-01 -1.14324609e-01
    outer loop
      vertex 1.15223870e+02 1.43175475e+01 1.50000000e+02
      vertex 1.16093415e+02 1.59101404e+01 1.65000000e+02
      vertex 1.18386595e+02 1.54775218e+01 1.65000000e+02
    endloop
  endfacet
  facet normal 1.73897326e-01 9.78250159e-01 -1.13076727e-01
    outer loop
      vertex 1.12839107e+02 1.47609809e+01 1.50000000e+02
      vertex 1.10450931e+02 1.51855120e+01 1.50000000e+02
      vertex 1.13796901e+02 1.63245822e+01 1.65000000e+02
    endloop
  endfacet
  facet normal 1.76455470e-01 9.77778748e-01 -1.13190932e-01
    outer loop
      vertex 1.12839107e+02 1.47609809e+01 1.50000000e+02
      vertex 1.13796901e+02 1.63245822e+01 1.65000000e+02
      vertex 1.16093415e+02 1.59101404e+01 1.65000000e+02
    endloop
  endfacet
  facet normal 1.66884925e-01 9.79592329e-01 -1.12019155e-01
    outer loop
      vertex 1.10450931e+02 1.51855120e+01 1.50000000e+02
      vertex 1.08059778e+02 1.55928726e+01 1.50000000e+02
      vertex 1.11497481e+02 1.67225124e+01 1.65000000e+02
    endloop
  endfacet
  facet normal 1.69446376e-01 9.79137387e-01 -1.12151251e-01
    outer loop
      vertex 1.10450931e+02 1.51855120e+01 1.50000000e+02
      vertex 1.11497481e+02 1.67225124e+01 1.65000000e+02
      vertex 1.13796901e+02 1.63245822e+01 1.65000000e+02
    endloop
  endfacet
  facet normal 1.60553282e-01 9.80758974e-01 -1.11060701e-01
    outer loop
      vertex 1.08059778e+02 1.55928726e+01 1.50000000e+02
      vertex 1.05666009e+02 1.59847400e+01 1.50000000e+02
      vertex 1.09195505e+02 1.71055437e+01 1.65000000e+02
    endloop
  endfacet
  facet normal 1.63117601e-01 9.80318765e-01 -1.11210467e-01
    outer loop
      vertex 1.08059778e+02 1.55928726e+01 1.50000000e+02
      vertex 1.09195505e+02 1.71055437e+01 1.65000000e+02
      vertex 1.11497481e+02 1.67225124e+01 1.65000000e+02
    endloop
  endfacet
  facet normal 1.49173390e-01 9.82791650e-01 -1.08939769e-01
    outer loop
      vertex 1.05666009e+02 1.59847400e+01 1.50000000e+02
      vertex 1.03267838e+02 1.63487472e+01 1.50000000e+02
      vertex 1.06889224e+02 1.74617828e+01 1.65000000e+02
    endloop
  endfacet
  facet normal 1.51742989e-01 9.82379434e-01 -1.09108723e-01
    outer loop
      vertex 1.05666009e+02 1.59847400e+01 1.50000000e+02
      vertex 1.06889224e+02 1.74617828e+01 1.65000000e+02
      vertex 1.09195505e+02 1.71055437e+01 1.65000000e+02
    endloop
  endfacet
  facet normal 1.42013927e-01 9.83987646e-01 -1.07704954e-01
    outer loop
      vertex 1.03267838e+02 1.63487472e+01 1.50000000e+02
      vertex 1.00867123e+02 1.66952302e+01 1.50000000e+02
      vertex 1.04580451e+02 1.78011689e+01 1.65000000e+02
    endloop
  endfacet
  facet normal 1.44586564e-01 9.83592437e-01 -1.07891811e-01
    outer loop
      vertex 1.03267838e+02 1.63487472e+01 1.50000000e+02
      vertex 1.04580451e+02 1.78011689e+01 1.65000000e+02
      vertex 1.06889224e+02 1.74617828e+01 1.65000000e+02
    endloop
  endfacet
  facet normal 1.35959696e-01 9.84953719e-01 -1.06682394e-01
    outer loop
      vertex 1.00867123e+02 1.66952302e+01 1.50000000e+02
      vertex 9.84642779e+01 1.70269109e+01 1.50000000e+02
      vertex 1.02269592e+02 1.81263195e+01 1.65000000e+02
    endloop
  endfacet
  facet normal 1.38534771e-01 9.84572663e-01 -1.06886803e-01
    outer loop
      vertex 1.00867123e+02 1.66952302e+01 1.50000000e+02
      vertex 1.02269592e+02 1.81263195e+01 1.65000000e+02
      vertex 1.04580451e+02 1.78011689e+01 1.65000000e+02
    endloop
  endfacet
  facet normal 1.22802927e-01 9.86977520e-01 -1.03898108e-01
    outer loop
      vertex 9.84642779e+01 1.70269109e+01 1.50000000e+02
      vertex 9.60571997e+01 1.73264073e+01 1.50000000e+02
      vertex 9.99545787e+01 1.84205174e+01 1.65000000e+02
    endloop
  endfacet
  facet normal 1.25383450e-01 9.86629398e-01 -1.04122149e-01
    outer loop
      vertex 9.84642779e+01 1.70269109e+01 1.50000000e+02
      vertex 9.99545787e+01 1.84205174e+01 1.65000000e+02
      vertex 1.02269592e+02 1.81263195e+01 1.65000000e+02
    endloop
  endfacet
  facet normal 1.15390835e-01 9.88022375e-01 -1.02453612e-01
    outer loop
      vertex 9.60571997e+01 1.73264073e+01 1.50000000e+02
      vertex 9.36480087e+01 1.76077760e+01 1.50000000e+02
      vertex 9.76374874e+01 1.86972806e+01 1.65000000e+02
    endloop
  endfacet
  facet normal 1.17974114e-01 9.87692121e-01 -1.02695584e-01
    outer loop
      vertex 9.60571997e+01 1.73264073e+01 1.50000000e+02
      vertex 9.76374874e+01 1.86972806e+01 1.65000000e+02
      vertex 9.99545787e+01 1.84205174e+01 1.65000000e+02
    endloop
  endfacet
  facet normal 1.07502983e-01 9.89077797e-01 -1.00837595e-01
    outer loop
      vertex 9.36480087e+01 1.76077760e+01 1.50000000e+02
      vertex 9.12365718e+01 1.78698754e+01 1.50000000e+02
      vertex 9.53181870e+01 1.89555110e+01 1.65000000e+02
    endloop
  endfacet
  facet normal 1.10089091e-01 9.88766741e-01 -1.01097598e-01
    outer loop
      vertex 9.36480087e+01 1.76077760e+01 1.50000000e+02
      vertex 9.53181870e+01 1.89555110e+01 1.65000000e+02
      vertex 9.76374874e+01 1.86972806e+01 1.65000000e+02
    endloop
  endfacet
  facet normal 9.21262054e-02 9.90992146e-01 -9.71973703e-02
    outer loop
      vertex 9.12365718e+01 1.78698754e+01 1.50000000e+02
      vertex 8.88213759e+01 1.80944007e+01 1.50000000e+02
      vertex 9.29951754e+01 1.91776022e+01 1.65000000e+02
    endloop
  endfacet
  facet normal 9.47176907e-02 9.90720292e-01 -9.74774960e-02
    outer loop
      vertex 9.12365718e+01 1.78698754e+01 1.50000000e+02
      vertex 9.29951754e+01 1.91776022e+01 1.65000000e+02
      vertex 9.53181870e+01 1.89555110e+01 1.65000000e+02
    endloop
  endfacet
  facet normal 8.41357771e-02 9.91872875e-01 -9.54430264e-02
    outer loop
      vertex 8.88213759e+01 1.80944007e+01 1.50000000e+02
      vertex 8.64045190e+01 1.82994110e+01 1.50000000e+02
      vertex 9.06705167e+01 1.93809229e+01 1.65000000e+02
    endloop
  endfacet
  facet normal 8.67297083e-02 9.91620687e-01 -9.57411663e-02
    outer loop
      vertex 8.88213759e+01 1.80944007e+01 1.50000000e+02
      vertex 9.06705167e+01 1.93809229e+01 1.65000000e+02
      vertex 9.29951754e+01 1.91776022e+01 1.65000000e+02
    endloop
  endfacet
  facet normal 7.13232334e-02 9.93173694e-01 -9.22984875e-02
    outer loop
      vertex 8.64045190e+01 1.82994110e+01 1.50000000e+02
      vertex 8.39851108e+01 1.84731570e+01 1.50000000e+02
      vertex 8.83433247e+01 1.95541718e+01 1.65000000e+02
    endloop
  endfacet
  facet normal 7.39209206e-02 9.92954176e-01 -9.26158854e-02
    outer loop
      vertex 8.64045190e+01 1.82994110e+01 1.50000000e+02
      vertex 8.83433247e+01 1.95541718e+01 1.65000000e+02
      vertex 9.06705167e+01 1.93809229e+01 1.65000000e+02
    endloop
  endfacet
  facet normal 5.16619634e-02 9.94857958e-01 -8.71130578e-02
    outer loop
      vertex 8.39851108e+01 1.84731570e+01 1.50000000e+02
      vertex 8.15628709e+01 1.85989415e+01 1.50000000e+02
      vertex 8.60132878e+01 1.96812855e+01 1.65000000e+02
    endloop
  endfacet
  facet normal 5.42647005e-02 9.94689695e-01 -8.74514264e-02
    outer loop
      vertex 8.39851108e+01 1.84731570e+01 1.50000000e+02
      vertex 8.60132878e+01 1.96812855e+01 1.65000000e+02
      vertex 8.83433247e+01 1.95541718e+01 1.65000000e+02
    endloop
  endfacet
  facet normal 3.85304753e-02 9.95746901e-01 -8.36869913e-02
    outer loop
      vertex 8.15628709e+01 1.85989415e+01 1.50000000e+02
      vertex 7.91392607e+01 1.86927232e+01 1.50000000e+02
      vertex 8.36818518e+01 1.97776140e+01 1.65000000e+02
    endloop
  endfacet
  facet normal 4.11359574e-02 9.95612553e-01 -8.40444989e-02
    outer loop
      vertex 8.15628709e+01 1.85989415e+01 1.50000000e+02
      vertex 8.36818518e+01 1.97776140e+01 1.65000000e+02
      vertex 8.60132878e+01 1.96812855e+01 1.65000000e+02
    endloop
  endfacet
  facet normal 1.52471249e-02 9.96904785e-01 -7.71257025e-02
    outer loop
      vertex 7.91392607e+01 1.86927232e+01 1.50000000e+02
      vertex 7.67139055e+01 1.87298177e+01 1.50000000e+02
      vertex 8.13485942e+01 1.98194101e+01 1.65000000e+02
    endloop
  endfacet
  facet normal 1.78564341e-02 9.96832077e-01 -7.75045635e-02
    outer loop
      vertex 7.91392607e+01 1.86927232e+01 1.50000000e+02
      vertex 8.13485942e+01 1.98194101e+01 1.65000000e+02
      vertex 8.36818518e+01 1.97776140e+01 1.65000000e+02
    endloop
  endfacet
  facet normal -1.01926908e-02 9.97514813e-01 -6.97159023e-02
    outer loop
      vertex 7.67139055e+01 1.87298177e+01 1.50000000e+02
      vertex 7.42886395e+01 1.87050361e+01 1.50000000e+02
      vertex 7.90152667e+01 1.98016771e+01 1.65000000e+02
    endloop
  endfacet
  facet normal -7.58095793e-03 9.97510019e-01 -7.01162625e-02
    outer loop
      vertex 7.67139055e+01 1.87298177e+01 1.50000000e+02
      vertex 7.90152667e+01 1.98016771e+01 1.65000000e+02
      vertex 8.13485942e+01 1.98194101e+01 1.65000000e+02
    endloop
  endfacet
  facet normal -3.08206807e-02 9.97498095e-01 -6.36210337e-02
    outer loop
      vertex 7.42886395e+01 1.87050361e+01 1.50000000e+02
      vertex 7.18645267e+01 1.86301359e+01 1.50000000e+02
      vertex 7.66829223e+01 1.97357237e+01 1.65000000e+02
    endloop
  endfacet
  facet normal -2.82083740e-02 9.97548484e-01 -6.40414694e-02
    outer loop
      vertex 7.42886395e+01 1.87050361e+01 1.50000000e+02
      vertex 7.66829223e+01 1.97357237e+01 1.65000000e+02
      vertex 7.90152667e+01 1.98016771e+01 1.65000000e+02
    endloop
  endfacet
  facet normal -5.52686847e-02 9.96892586e-01 -5.61297090e-02
    outer loop
      vertex 7.18645267e+01 1.86301359e+01 1.50000000e+02
      vertex 6.94426336e+01 1.84958638e+01 1.50000000e+02
      vertex 7.43525639e+01 1.96126452e+01 1.65000000e+02
    endloop
  endfacet
  facet normal -5.26573275e-02 9.97009020e-01 -5.65704791e-02
    outer loop
      vertex 7.18645267e+01 1.86301359e+01 1.50000000e+02
      vertex 7.43525639e+01 1.96126452e+01 1.65000000e+02
      vertex 7.66829223e+01 1.97357237e+01 1.65000000e+02
    endloop
  endfacet
  facet normal -9.51545273e-02 9.94520166e-01 -4.33042099e-02
    outer loop
      vertex 6.94426336e+01 1.84958638e+01 1.50000000e+02
      vertex 6.70280217e+01 1.82648366e+01 1.50000000e+02
      vertex 7.20289669e+01 1.93964634e+01 1.65000000e+02
    endloop
  endfacet
  facet normal -9.25486880e-02 9.94745789e-01 -4.37670609e-02
    outer loop
      vertex 6.94426336e+01 1.84958638e+01 1.50000000e+02
      vertex 7.20289669e+01 1.93964634e+01 1.65000000e+02
      vertex 7.43525639e+01 1.96126452e+01 1.65000000e+02
    endloop
  endfacet
  facet normal -1.30030329e-01 9.90999354e-01 -3.18181456e-02
    outer loop
      vertex 6.70280217e+01 1.82648366e+01 1.50000000e+02
      vertex 6.46234241e+01 1.79493262e+01 1.50000000e+02
      vertex 6.97147913e+01 1.90989781e+01 1.65000000e+02
    endloop
  endfacet
  facet normal -1.27433480e-01 9.91321009e-01 -3.23011749e-02
    outer loop
      vertex 6.70280217e+01 1.82648366e+01 1.50000000e+02
      vertex 6.97147913e+01 1.90989781e+01 1.65000000e+02
      vertex 7.20289669e+01 1.93964634e+01 1.65000000e+02
    endloop
  endfacet
  facet normal -1.73331183e-01 9.84716063e-01 -1.70463123e-02
    outer loop
      vertex 6.46234241e+01 1.79493262e+01 1.50000000e+02
      vertex 6.22352491e+01 1.75289561e+01 1.50000000e+02
      vertex 6.74161514e+01 1.87005695e+01 1.65000000e+02
    endloop
  endfacet
  facet normal -1.70751127e-01 9.85157902e-01 -1.75488005e-02
    outer loop
      vertex 6.46234241e+01 1.79493262e+01 1.50000000e+02
      vertex 6.74161514e+01 1.87005695e+01 1.65000000e+02
      vertex 6.97147913e+01 1.90989781e+01 1.65000000e+02
    endloop
  endfacet
  facet normal -2.30390368e-01 9.73093150e-01 3.16228704e-03
    outer loop
      vertex 6.22352491e+01 1.75289561e+01 1.50000000e+02
      vertex 5.98759319e+01 1.69703621e+01 1.50000000e+02
      vertex 6.51449264e+01 1.81691079e+01 1.65000000e+02
    endloop
  endfacet
  facet normal -2.27842374e-01 9.73694444e-01 2.64236957e-03
    outer loop
      vertex 6.22352491e+01 1.75289561e+01 1.50000000e+02
      vertex 6.51449264e+01 1.81691079e+01 1.65000000e+02
      vertex 6.74161514e+01 1.87005695e+01 1.65000000e+02
    endloop
  endfacet
  facet normal -3.09724563e-01 9.50272546e-01 3.24466323e-02
    outer loop
      vertex 5.98759319e+01 1.69703621e+01 1.50000000e+02
      vertex 5.75711541e+01 1.62191605e+01 1.50000000e+02
      vertex 6.29256868e+01 1.74522076e+01 1.65000000e+02
    endloop
  endfacet
  facet normal -3.07240957e-01 9.51096427e-01 3.19152073e-02
    outer loop
      vertex 5.98759319e+01 1.69703621e+01 1.50000000e+02
      vertex 6.29256868e+01 1.74522076e+01 1.65000000e+02
      vertex 6.51449264e+01 1.81691079e+01 1.65000000e+02
    endloop
  endfacet
  facet normal -4.82996511e-01 8.69834805e-01 1.00507621e-01
    outer loop
      vertex 5.75711541e+01 1.62191605e+01 1.50000000e+02
      vertex 5.54573134e+01 1.50454000e+01 1.50000000e+02
      vertex 6.08890769e+01 1.63282971e+01 1.65000000e+02
    endloop
  endfacet
  facet normal -4.80742373e-01 8.71141130e-01 9.99995130e-02
    outer loop
      vertex 5.75711541e+01 1.62191605e+01 1.50000000e+02
      vertex 6.08890769e+01 1.63282971e+01 1.65000000e+02
      vertex 6.29256868e+01 1.74522076e+01 1.65000000e+02
    endloop
  endfacet
  facet normal -9.13161921e-01 2.67615534e-01 3.07436549e-01
    outer loop
      vertex 5.54573134e+01 1.50454000e+01 1.50000000e+02
      vertex 5.48461741e+01 1.29600610e+01 1.50000000e+02
      vertex 6.02958684e+01 1.43236032e+01 1.65000000e+02
    endloop
  endfacet
  facet normal -9.12489595e-01 2.70014563e-01 3.07335117e-01
    outer loop
      vertex 5.54573134e+01 1.50454000e+01 1.50000000e+02
      vertex 6.02958684e+01 1.43236032e+01 1.65000000e+02
      vertex 6.08890769e+01 1.63282971e+01 1.65000000e+02
    endloop
  endfacet
  facet normal -4.99610617e-01 -8.27452043e-01 2.56344198e-01
    outer loop
      vertex 5.48461741e+01 1.29600610e+01 1.50000000e+02
      vertex 5.68954718e+01 1.17227072e+01 1.50000000e+02
      vertex 6.22643109e+01 1.31280261e+01 1.65000000e+02
    endloop
  endfacet
  facet normal -5.01639140e-01 -8.25917272e-01 2.57330203e-01
    outer loop
      vertex 5.48461741e+01 1.29600610e+01 1.50000000e+02
      vertex 6.22643109e+01 1.31280261e+01 1.65000000e+02
      vertex 6.02958684e+01 1.43236032e+01 1.65000000e+02
    endloop
  endfacet
  facet normal -2.53710070e-01 -9.50487344e-01 1.79457542e-01
    outer loop
      vertex 5.68954718e+01 1.17227072e+01 1.50000000e+02
      vertex 5.92363138e+01 1.10978749e+01 1.50000000e+02
      vertex 6.45147808e+01 1.25210006e+01 1.65000000e+02
    endloop
  endfacet
  facet normal -2.56140934e-01 -9.49609912e-01 1.80645612e-01
    outer loop
      vertex 5.68954718e+01 1.17227072e+01 1.50000000e+02
      vertex 6.45147808e+01 1.25210006e+01 1.65000000e+02
      vertex 6.22643109e+01 1.31280261e+01 1.65000000e+02
    endloop
  endfacet
  facet normal -1.61016392e-01 -9.75666348e-01 1.48825063e-01
    outer loop
      vertex 5.92363138e+01 1.10978749e+01 1.50000000e+02
      vertex 6.16288505e+01 1.07030293e+01 1.50000000e+02
      vertex 6.68155638e+01 1.21351070e+01 1.65000000e+02
    endloop
  endfacet
  facet normal -1.63539308e-01 -9.75057722e-01 1.50057765e-01
    outer loop
      vertex 5.92363138e+01 1.10978749e+01 1.50000000e+02
      vertex 6.68155638e+01 1.21351070e+01 1.65000000e+02
      vertex 6.45147808e+01 1.25210006e+01 1.65000000e+02
    endloop
  endfacet
  facet normal -1.05175789e-01 -9.85907976e-01 1.30090418e-01
    outer loop
      vertex 6.16288505e+01 1.07030293e+01 1.50000000e+02
      vertex 6.40407194e+01 1.04457332e+01 1.50000000e+02
      vertex 6.91352920e+01 1.18814966e+01 1.65000000e+02
    endloop
  endfacet
  facet normal -1.07738648e-01 -9.85465708e-01 1.31338201e-01
    outer loop
      vertex 6.16288505e+01 1.07030293e+01 1.50000000e+02
      vertex 6.91352920e+01 1.18814966e+01 1.65000000e+02
      vertex 6.68155638e+01 1.21351070e+01 1.65000000e+02
    endloop
  endfacet
  facet normal -6.94782656e-02 -9.90578966e-01 1.18008827e-01
    outer loop
      vertex 6.40407194e+01 1.04457332e+01 1.50000000e+02
      vertex 6.64603873e+01 1.02760200e+01 1.50000000e+02
      vertex 7.14627439e+01 1.17121270e+01 1.65000000e+02
    endloop
  endfacet
  facet normal -7.20605193e-02 -9.90244786e-01 1.19258317e-01
    outer loop
      vertex 6.40407194e+01 1.04457332e+01 1.50000000e+02
      vertex 7.14627439e+01 1.17121270e+01 1.65000000e+02
      vertex 6.91352920e+01 1.18814966e+01 1.65000000e+02
    endloop
  endfacet
  facet normal -4.54438800e-02 -9.92912951e-01 1.09812229e-01
    outer loop
      vertex 6.64603873e+01 1.02760200e+01 1.50000000e+02
      vertex 6.88833990e+01 1.01651230e+01 1.50000000e+02
      vertex 7.37935610e+01 1.15993340e+01 1.65000000e+02
    endloop
  endfacet
  facet normal -4.80364775e-02 -9.92652459e-01 1.11056713e-01
    outer loop
      vertex 6.64603873e+01 1.02760200e+01 1.50000000e+02
      vertex 7.37935610e+01 1.15993340e+01 1.65000000e+02
      vertex 7.14627439e+01 1.17121270e+01 1.65000000e+02
    endloop
  endfacet
  facet normal -2.86198449e-02 -9.94163394e-01 1.04019472e-01
    outer loop
      vertex 6.88833990e+01 1.01651230e+01 1.50000000e+02
      vertex 7.13079243e+01 1.00953261e+01 1.50000000e+02
      vertex 7.61259377e+01 1.15260781e+01 1.65000000e+02
    endloop
  endfacet
  facet normal -3.12183758e-02 -9.93955104e-01 1.05255238e-01
    outer loop
      vertex 6.88833990e+01 1.01651230e+01 1.50000000e+02
      vertex 7.61259377e+01 1.15260781e+01 1.65000000e+02
      vertex 7.37935610e+01 1.15993340e+01 1.65000000e+02
    endloop
  endfacet
  facet normal -1.65787790e-02 -9.94868003e-01 9.98138284e-02
    outer loop
      vertex 7.13079243e+01 1.00953261e+01 1.50000000e+02
      vertex 7.37331655e+01 1.00549112e+01 1.50000000e+02
      vertex 7.84590772e+01 1.14810879e+01 1.65000000e+02
    endloop
  endfacet
  facet normal -1.91808941e-02 -9.94697587e-01 1.01038626e-01
    outer loop
      vertex 7.13079243e+01 1.00953261e+01 1.50000000e+02
      vertex 7.84590772e+01 1.14810879e+01 1.65000000e+02
      vertex 7.61259377e+01 1.15260781e+01 1.65000000e+02
    endloop
  endfacet
  facet normal -7.54210008e-03 -9.95294525e-01 9.66018883e-02
    outer loop
      vertex 7.37331655e+01 1.00549112e+01 1.50000000e+02
      vertex 7.61587334e+01 1.00365308e+01 1.50000000e+02
      vertex 8.07925865e+01 1.14572955e+01 1.65000000e+02
    endloop
  endfacet
  facet normal -1.01465388e-02 -9.95152951e-01 9.78143742e-02
    outer loop
      vertex 7.37331655e+01 1.00549112e+01 1.50000000e+02
      vertex 8.07925865e+01 1.14572955e+01 1.65000000e+02
      vertex 7.84590772e+01 1.14810879e+01 1.65000000e+02
    endloop
  endfacet
  facet normal 2.68643443e-03 -9.95655873e-01 9.30707520e-02
    outer loop
      vertex 7.61587334e+01 1.00365308e+01 1.50000000e+02
      vertex 7.85843634e+01 1.00430755e+01 1.50000000e+02
      vertex 8.31262184e+01 1.14574826e+01 1.65000000e+02
    endloop
  endfacet
  facet normal 7.97981662e-05 -9.95546553e-01 9.42711760e-02
    outer loop
      vertex 7.61587334e+01 1.00365308e+01 1.50000000e+02
      vertex 8.31262184e+01 1.14574826e+01 1.65000000e+02
      vertex 8.07925865e+01 1.14572955e+01 1.65000000e+02
    endloop
  endfacet
  facet normal 6.35573098e-03 -9.95778752e-01 9.15657290e-02
    outer loop
      vertex 7.85843634e+01 1.00430755e+01 1.50000000e+02
      vertex 8.10099405e+01 1.00585572e+01 1.50000000e+02
      vertex 8.54598218e+01 1.14662677e+01 1.65000000e+02
    endloop
  endfacet
  facet normal 3.74835628e-03 -9.95682215e-01 9.27516961e-02
    outer loop
      vertex 7.85843634e+01 1.00430755e+01 1.50000000e+02
      vertex 8.54598218e+01 1.14662677e+01 1.65000000e+02
      vertex 8.31262184e+01 1.14574826e+01 1.65000000e+02
    endloop
  endfacet
  facet normal 9.61023813e-03 -9.95876956e-01 9.02038331e-02
    outer loop
      vertex 8.10099405e+01 1.00585572e+01 1.50000000e+02
      vertex 8.34354630e+01 1.00819636e+01 1.50000000e+02
      vertex 8.77933927e+01 1.14826770e+01 1.65000000e+02
    endloop
  endfacet
  facet normal 7.00225751e-03 -9.95791920e-01 9.13751671e-02
    outer loop
      vertex 8.10099405e+01 1.00585572e+01 1.50000000e+02
      vertex 8.77933927e+01 1.14826770e+01 1.65000000e+02
      vertex 8.54598218e+01 1.14662677e+01 1.65000000e+02
    endloop
  endfacet
  facet normal 1.52242713e-02 -9.95988429e-01 8.81774965e-02
    outer loop
      vertex 8.34354630e+01 1.00819636e+01 1.50000000e+02
      vertex 8.58608185e+01 1.01190365e+01 1.50000000e+02
      vertex 9.01268374e+01 1.15122349e+01 1.65000000e+02
    endloop
  endfacet
  facet normal 1.26154242e-02 -9.95921745e-01 8.93349229e-02
    outer loop
      vertex 8.34354630e+01 1.00819636e+01 1.50000000e+02
      vertex 9.01268374e+01 1.15122349e+01 1.65000000e+02
      vertex 8.77933927e+01 1.14826770e+01 1.65000000e+02
    endloop
  endfacet
  facet normal 1.94451511e-02 -9.96055329e-01 8.65775239e-02
    outer loop
      vertex 8.58608185e+01 1.01190365e+01 1.50000000e+02
      vertex 8.82859772e+01 1.01663809e+01 1.50000000e+02
      vertex 9.24601185e+01 1.15516751e+01 1.65000000e+02
    endloop
  endfacet
  facet normal 1.68357307e-02 -9.96002844e-01 8.77205343e-02
    outer loop
      vertex 8.58608185e+01 1.01190365e+01 1.50000000e+02
      vertex 9.24601185e+01 1.15516751e+01 1.65000000e+02
      vertex 9.01268374e+01 1.15122349e+01 1.65000000e+02
    endloop
  endfacet
  facet normal 2.29536609e-02 -9.96099484e-01 8.51994532e-02
    outer loop
      vertex 8.82859772e+01 1.01663809e+01 1.50000000e+02
      vertex 9.07109723e+01 1.02222614e+01 1.50000000e+02
      vertex 9.47932638e+01 1.15993280e+01 1.65000000e+02
    endloop
  endfacet
  facet normal 2.03438195e-02 -9.96059055e-01 8.63277900e-02
    outer loop
      vertex 8.82859772e+01 1.01663809e+01 1.50000000e+02
      vertex 9.47932638e+01 1.15993280e+01 1.65000000e+02
      vertex 9.24601185e+01 1.15516751e+01 1.65000000e+02
    endloop
  endfacet
  facet normal 2.83989440e-02 -9.96118657e-01 8.33133854e-02
    outer loop
      vertex 9.07109723e+01 1.02222614e+01 1.50000000e+02
      vertex 9.31356256e+01 1.02913873e+01 1.50000000e+02
      vertex 9.71261136e+01 1.16597247e+01 1.65000000e+02
    endloop
  endfacet
  facet normal 2.57885901e-02 -9.96095845e-01 8.44275852e-02
    outer loop
      vertex 9.07109723e+01 1.02222614e+01 1.50000000e+02
      vertex 9.71261136e+01 1.16597247e+01 1.65000000e+02
      vertex 9.47932638e+01 1.15993280e+01 1.65000000e+02
    endloop
  endfacet
  facet normal 3.01945477e-02 -9.96139202e-01 8.24316624e-02
    outer loop
      vertex 9.31356256e+01 1.02913873e+01 1.50000000e+02
      vertex 9.55601461e+01 1.03648783e+01 1.50000000e+02
      vertex 9.94588466e+01 1.17243213e+01 1.65000000e+02
    endloop
  endfacet
  facet normal 2.75840279e-02 -9.96123365e-01 8.35306091e-02
    outer loop
      vertex 9.31356256e+01 1.02913873e+01 1.50000000e+02
      vertex 9.94588466e+01 1.17243213e+01 1.65000000e+02
      vertex 9.71261136e+01 1.16597247e+01 1.65000000e+02
    endloop
  endfacet
  facet normal 3.24732866e-02 -9.96149550e-01 8.14343832e-02
    outer loop
      vertex 9.55601461e+01 1.03648783e+01 1.50000000e+02
      vertex 9.79844971e+01 1.04439092e+01 1.50000000e+02
      vertex 1.01791431e+02 1.17942480e+01 1.65000000e+02
    endloop
  endfacet
  facet normal 2.98625936e-02 -9.96142044e-01 8.25181993e-02
    outer loop
      vertex 9.55601461e+01 1.03648783e+01 1.50000000e+02
      vertex 1.01791431e+02 1.17942480e+01 1.65000000e+02
      vertex 9.94588466e+01 1.17243213e+01 1.65000000e+02
    endloop
  endfacet
  facet normal 3.49961408e-02 -9.96149099e-01 8.03880765e-02
    outer loop
      vertex 9.79844971e+01 1.04439092e+01 1.50000000e+02
      vertex 1.00408640e+02 1.05290728e+01 1.50000000e+02
      vertex 1.04123829e+02 1.18700753e+01 1.65000000e+02
    endloop
  endfacet
  facet normal 3.23852922e-02 -9.96150582e-01 8.14568086e-02
    outer loop
      vertex 9.79844971e+01 1.04439092e+01 1.50000000e+02
      vertex 1.04123829e+02 1.18700753e+01 1.65000000e+02
      vertex 1.01791431e+02 1.17942480e+01 1.65000000e+02
    endloop
  endfacet
  facet normal 3.60020946e-02 -9.96165785e-01 7.97344161e-02
    outer loop
      vertex 1.00408640e+02 1.05290728e+01 1.50000000e+02
      vertex 1.02832695e+02 1.06166798e+01 1.50000000e+02
      vertex 1.06456150e+02 1.19482536e+01 1.65000000e+02
    endloop
  endfacet
  facet normal 3.33911772e-02 -9.96171867e-01 8.07876282e-02
    outer loop
      vertex 1.00408640e+02 1.05290728e+01 1.50000000e+02
      vertex 1.06456150e+02 1.19482536e+01 1.65000000e+02
      vertex 1.04123829e+02 1.18700753e+01 1.65000000e+02
    endloop
  endfacet
  facet normal 3.71342003e-02 -9.96178295e-01 7.90560306e-02
    outer loop
      vertex 1.02832695e+02 1.06166798e+01 1.50000000e+02
      vertex 1.05256650e+02 1.07070368e+01 1.50000000e+02
      vertex 1.08788382e+02 1.20290777e+01 1.65000000e+02
    endloop
  endfacet
  facet normal 3.45232183e-02 -9.96189309e-01 8.00937471e-02
    outer loop
      vertex 1.02832695e+02 1.06166798e+01 1.50000000e+02
      vertex 1.08788382e+02 1.20290777e+01 1.65000000e+02
      vertex 1.06456150e+02 1.19482536e+01 1.65000000e+02
    endloop
  endfacet
  facet normal 3.82817320e-02 -9.96188224e-01 7.83806787e-02
    outer loop
      vertex 1.05256650e+02 1.07070368e+01 1.50000000e+02
      vertex 1.07680500e+02 1.08001810e+01 1.50000000e+02
      vertex 1.11120519e+02 1.21125836e+01 1.65000000e+02
    endloop
  endfacet
  facet normal 3.56706944e-02 -9.96204187e-01 7.94028933e-02
    outer loop
      vertex 1.05256650e+02 1.07070368e+01 1.50000000e+02
      vertex 1.11120519e+02 1.21125836e+01 1.65000000e+02
      vertex 1.08788382e+02 1.20290777e+01 1.65000000e+02
    endloop
  endfacet
  facet normal 3.87722207e-02 -9.96209772e-01 7.78640194e-02
    outer loop
      vertex 1.07680500e+02 1.08001810e+01 1.50000000e+02
      vertex 1.10104304e+02 1.08945148e+01 1.50000000e+02
      vertex 1.13452615e+02 1.21972341e+01 1.65000000e+02
    endloop
  endfacet
  facet normal 3.61611496e-02 -9.96228793e-01 7.88705511e-02
    outer loop
      vertex 1.07680500e+02 1.08001810e+01 1.50000000e+02
      vertex 1.13452615e+02 1.21972341e+01 1.65000000e+02
      vertex 1.11120519e+02 1.21125836e+01 1.65000000e+02
    endloop
  endfacet
  facet normal 3.93217819e-02 -9.96229286e-01 7.73369655e-02
    outer loop
      vertex 1.10104304e+02 1.08945148e+01 1.50000000e+02
      vertex 1.12528055e+02 1.09901817e+01 1.50000000e+02
      vertex 1.15784664e+02 1.22831674e+01 1.65000000e+02
    endloop
  endfacet
  facet normal 3.67106794e-02 -9.96251513e-01 7.83278234e-02
    outer loop
      vertex 1.10104304e+02 1.08945148e+01 1.50000000e+02
      vertex 1.15784664e+02 1.22831674e+01 1.65000000e+02
      vertex 1.13452615e+02 1.21972341e+01 1.65000000e+02
    endloop
  endfacet
  facet normal 4.00634597e-02 -9.96243505e-01 7.67710743e-02
    outer loop
      vertex 1.12528055e+02 1.09901817e+01 1.50000000e+02
      vertex 1.14951735e+02 1.10876489e+01 1.50000000e+02
      vertex 1.18116649e+02 1.23708326e+01 1.65000000e+02
    endloop
  endfacet
  facet normal 3.74523271e-02 -9.96269460e-01 7.77463006e-02
    outer loop
      vertex 1.12528055e+02 1.09901817e+01 1.50000000e+02
      vertex 1.18116649e+02 1.23708326e+01 1.65000000e+02
      vertex 1.15784664e+02 1.22831674e+01 1.65000000e+02
    endloop
  endfacet
  facet normal 4.08893962e-02 -9.96254432e-01 7.61916300e-02
    outer loop
      vertex 1.14951735e+02 1.10876489e+01 1.50000000e+02
      vertex 1.17375333e+02 1.11871209e+01 1.50000000e+02
      vertex 1.20448560e+02 1.24604270e+01 1.65000000e+02
    endloop
  endfacet
  facet normal 3.82782380e-02 -9.96284328e-01 7.71512381e-02
    outer loop
      vertex 1.14951735e+02 1.10876489e+01 1.50000000e+02
      vertex 1.20448560e+02 1.24604270e+01 1.65000000e+02
      vertex 1.18116649e+02 1.23708326e+01 1.65000000e+02
    endloop
  endfacet
  facet normal 4.17388755e-02 -9.96263348e-01 7.56122149e-02
    outer loop
      vertex 1.17375333e+02 1.11871209e+01 1.50000000e+02
      vertex 1.19798846e+02 1.12886550e+01 1.50000000e+02
      vertex 1.22780394e+02 1.25520054e+01 1.65000000e+02
    endloop
  endfacet
  facet normal 3.91276974e-02 -9.96297230e-01 7.65562031e-02
    outer loop
      vertex 1.17375333e+02 1.11871209e+01 1.50000000e+02
      vertex 1.22780394e+02 1.25520054e+01 1.65000000e+02
      vertex 1.20448560e+02 1.24604270e+01 1.65000000e+02
    endloop
  endfacet
  facet normal 4.25637709e-02 -9.96271502e-01 7.50427906e-02
    outer loop
      vertex 1.19798846e+02 1.12886550e+01 1.50000000e+02
      vertex 1.22222274e+02 1.13921913e+01 1.50000000e+02
      vertex 1.25112152e+02 1.26455102e+01 1.65000000e+02
    endloop
  endfacet
  facet normal 3.99525786e-02 -9.96309278e-01 7.59711453e-02
    outer loop
      vertex 1.19798846e+02 1.12886550e+01 1.50000000e+02
      vertex 1.25112152e+02 1.26455102e+01 1.65000000e+02
      vertex 1.22780394e+02 1.25520054e+01 1.65000000e+02
    endloop
  endfacet
  facet normal 4.38581258e-02 -9.96264567e-01 7.43866760e-02
    outer loop
      vertex 1.22222274e+02 1.13921913e+01 1.50000000e+02
      vertex 1.24645565e+02 1.14988708e+01 1.50000000e+02
      vertex 1.27443786e+02 1.27420394e+01 1.65000000e+02
    endloop
  endfacet
  facet normal 4.12469300e-02 -9.96307521e-01 7.52995008e-02
    outer loop
      vertex 1.22222274e+02 1.13921913e+01 1.50000000e+02
      vertex 1.27443786e+02 1.27420394e+01 1.65000000e+02
      vertex 1.25112152e+02 1.26455102e+01 1.65000000e+02
    endloop
  endfacet
  facet normal 1.18725625e-01 -9.91137742e-01 5.95835669e-02
    outer loop
      vertex 1.24645565e+02 1.14988708e+01 1.50000000e+02
      vertex 1.27085091e+02 1.17910948e+01 1.50000000e+02
      vertex 1.29791506e+02 1.30170337e+01 1.65000000e+02
    endloop
  endfacet
  facet normal 1.16124004e-01 -9.91390320e-01 6.05016497e-02
    outer loop
      vertex 1.24645565e+02 1.14988708e+01 1.50000000e+02
      vertex 1.29791506e+02 1.30170337e+01 1.65000000e+02
      vertex 1.27443786e+02 1.27420394e+01 1.65000000e+02
    endloop
  endfacet
  facet normal 2.25711455e-01 9.66673853e-01 -1.20813913e-01
    outer loop
      vertex 1.29791506e+02 1.30170337e+01 1.65000000e+02
      vertex 1.27519010e+02 1.35476455e+01 1.65000000e+02
      vertex 1.30316298e+02 1.47691834e+01 1.80000000e+02
    endloop
  endfacet
  facet normal 2.28240898e-01 9.66077400e-01 -1.20832736e-01
    outer loop
      vertex 1.29791506e+02 1.30170337e+01 1.65000000e+02
      vertex 1.30316298e+02 1.47691834e+01 1.80000000e+02
      vertex 1.32497856e+02 1.42537788e+01 1.80000000e+02
    endloop
  endfacet
  facet normal 2.17692244e-01 9.68629036e-01 -1.19866080e-01
    outer loop
      vertex 1.27519010e+02 1.35476455e+01 1.65000000e+02
      vertex 1.25242179e+02 1.40593465e+01 1.65000000e+02
      vertex 1.28130529e+02 1.52664339e+01 1.80000000e+02
    endloop
  endfacet
  facet normal 2.20226366e-01 9.68051429e-01 -1.19903205e-01
    outer loop
      vertex 1.27519010e+02 1.35476455e+01 1.65000000e+02
      vertex 1.28130529e+02 1.52664339e+01 1.80000000e+02
      vertex 1.30316298e+02 1.47691834e+01 1.80000000e+02
    endloop
  endfacet
  facet normal 2.08914711e-01 9.70699539e-01 -1.18730994e-01
    outer loop
      vertex 1.25242179e+02 1.40593465e+01 1.65000000e+02
      vertex 1.22960795e+02 1.45503478e+01 1.65000000e+02
      vertex 1.25940334e+02 1.57438122e+01 1.80000000e+02
    endloop
  endfacet
  facet normal 2.11453860e-01 9.70142771e-01 -1.18786652e-01
    outer loop
      vertex 1.25242179e+02 1.40593465e+01 1.65000000e+02
      vertex 1.25940334e+02 1.57438122e+01 1.80000000e+02
      vertex 1.28130529e+02 1.52664339e+01 1.80000000e+02
    endloop
  endfacet
  facet normal 2.00976697e-01 9.72501082e-01 -1.17686075e-01
    outer loop
      vertex 1.22960795e+02 1.45503478e+01 1.65000000e+02
      vertex 1.20675463e+02 1.50226336e+01 1.65000000e+02
      vertex 1.23746300e+02 1.62032230e+01 1.80000000e+02
    endloop
  endfacet
  facet normal 2.03520212e-01 9.71963019e-01 -1.17759981e-01
    outer loop
      vertex 1.22960795e+02 1.45503478e+01 1.65000000e+02
      vertex 1.23746300e+02 1.62032230e+01 1.80000000e+02
      vertex 1.25940334e+02 1.57438122e+01 1.80000000e+02
    endloop
  endfacet
  facet normal 1.93595496e-01 9.74117066e-01 -1.16690728e-01
    outer loop
      vertex 1.20675463e+02 1.50226336e+01 1.65000000e+02
      vertex 1.18386595e+02 1.54775218e+01 1.65000000e+02
      vertex 1.21548826e+02 1.66459310e+01 1.80000000e+02
    endloop
  endfacet
  facet normal 1.96142927e-01 9.73596300e-01 -1.16782693e-01
    outer loop
      vertex 1.20675463e+02 1.50226336e+01 1.65000000e+02
      vertex 1.21548826e+02 1.66459310e+01 1.80000000e+02
      vertex 1.23746300e+02 1.62032230e+01 1.80000000e+02
    endloop
  endfacet
  facet normal 1.84149061e-01 9.76118836e-01 -1.15243831e-01
    outer loop
      vertex 1.18386595e+02 1.54775218e+01 1.65000000e+02
      vertex 1.16093415e+02 1.59101404e+01 1.65000000e+02
      vertex 1.19347153e+02 1.70672583e+01 1.80000000e+02
    endloop
  endfacet
  facet normal 1.86701485e-01 9.75620775e-01 -1.15354495e-01
    outer loop
      vertex 1.18386595e+02 1.54775218e+01 1.65000000e+02
      vertex 1.19347153e+02 1.70672583e+01 1.80000000e+02
      vertex 1.21548826e+02 1.66459310e+01 1.80000000e+02
    endloop
  endfacet
  facet normal 1.76437410e-01 9.77678670e-01 -1.14080058e-01
    outer loop
      vertex 1.16093415e+02 1.59101404e+01 1.65000000e+02
      vertex 1.13796901e+02 1.63245822e+01 1.65000000e+02
      vertex 1.17142232e+02 1.74711340e+01 1.80000000e+02
    endloop
  endfacet
  facet normal 1.78993692e-01 9.77198851e-01 -1.14208863e-01
    outer loop
      vertex 1.16093415e+02 1.59101404e+01 1.65000000e+02
      vertex 1.17142232e+02 1.74711340e+01 1.80000000e+02
      vertex 1.19347153e+02 1.70672583e+01 1.80000000e+02
    endloop
  endfacet
  facet normal 1.69429783e-01 9.79041504e-01 -1.13010098e-01
    outer loop
      vertex 1.13796901e+02 1.63245822e+01 1.65000000e+02
      vertex 1.11497481e+02 1.67225124e+01 1.65000000e+02
      vertex 1.14934479e+02 1.78591564e+01 1.80000000e+02
    endloop
  endfacet
  facet normal 1.71989434e-01 9.78578137e-01 -1.13156813e-01
    outer loop
      vertex 1.13796901e+02 1.63245822e+01 1.65000000e+02
      vertex 1.14934479e+02 1.78591564e+01 1.80000000e+02
      vertex 1.17142232e+02 1.74711340e+01 1.80000000e+02
    endloop
  endfacet
  facet normal 1.63102328e-01 9.80226975e-01 -1.12038871e-01
    outer loop
      vertex 1.11497481e+02 1.67225124e+01 1.65000000e+02
      vertex 1.09195505e+02 1.71055437e+01 1.65000000e+02
      vertex 1.12724233e+02 1.82328738e+01 1.80000000e+02
    endloop
  endfacet
  facet normal 1.65664902e-01 9.79778325e-01 -1.12203272e-01
    outer loop
      vertex 1.11497481e+02 1.67225124e+01 1.65000000e+02
      vertex 1.12724233e+02 1.82328738e+01 1.80000000e+02
      vertex 1.14934479e+02 1.78591564e+01 1.80000000e+02
    endloop
  endfacet
  facet normal 1.51729555e-01 9.82292459e-01 -1.09907542e-01
    outer loop
      vertex 1.09195505e+02 1.71055437e+01 1.65000000e+02
      vertex 1.06889224e+02 1.74617828e+01 1.65000000e+02
      vertex 1.10509784e+02 1.85808663e+01 1.80000000e+02
    endloop
  endfacet
  facet normal 1.54297513e-01 9.81871790e-01 -1.10091168e-01
    outer loop
      vertex 1.09195505e+02 1.71055437e+01 1.65000000e+02
      vertex 1.10509784e+02 1.85808663e+01 1.80000000e+02
      vertex 1.12724233e+02 1.82328738e+01 1.80000000e+02
    endloop
  endfacet
  facet normal 1.44574392e-01 9.83509635e-01 -1.08660216e-01
    outer loop
      vertex 1.06889224e+02 1.74617828e+01 1.65000000e+02
      vertex 1.04580451e+02 1.78011689e+01 1.65000000e+02
      vertex 1.08292899e+02 1.89126764e+01 1.80000000e+02
    endloop
  endfacet
  facet normal 1.47145452e-01 9.83105962e-01 -1.08861766e-01
    outer loop
      vertex 1.06889224e+02 1.74617828e+01 1.65000000e+02
      vertex 1.08292899e+02 1.89126764e+01 1.80000000e+02
      vertex 1.10509784e+02 1.85808663e+01 1.80000000e+02
    endloop
  endfacet
  facet normal 1.38523681e-01 9.84493849e-01 -1.07624580e-01
    outer loop
      vertex 1.04580451e+02 1.78011689e+01 1.65000000e+02
      vertex 1.02269592e+02 1.81263195e+01 1.65000000e+02
      vertex 1.06073974e+02 1.92308177e+01 1.80000000e+02
    endloop
  endfacet
  facet normal 1.41097233e-01 9.84104318e-01 -1.07843698e-01
    outer loop
      vertex 1.04580451e+02 1.78011689e+01 1.65000000e+02
      vertex 1.06073974e+02 1.92308177e+01 1.80000000e+02
      vertex 1.08292899e+02 1.89126764e+01 1.80000000e+02
    endloop
  endfacet
  facet normal 1.25374070e-01 9.86555589e-01 -1.04830397e-01
    outer loop
      vertex 1.02269592e+02 1.81263195e+01 1.65000000e+02
      vertex 9.99545787e+01 1.84205174e+01 1.65000000e+02
      vertex 1.03850981e+02 1.95192372e+01 1.80000000e+02
    endloop
  endfacet
  facet normal 1.27953192e-01 9.86198989e-01 -1.05069189e-01
    outer loop
      vertex 1.02269592e+02 1.81263195e+01 1.65000000e+02
      vertex 1.03850981e+02 1.95192372e+01 1.80000000e+02
      vertex 1.06073974e+02 1.92308177e+01 1.80000000e+02
    endloop
  endfacet
  facet normal 1.17965788e-01 9.87622415e-01 -1.03373293e-01
    outer loop
      vertex 9.99545787e+01 1.84205174e+01 1.65000000e+02
      vertex 9.76374874e+01 1.86972806e+01 1.65000000e+02
      vertex 1.01625948e+02 1.97909146e+01 1.80000000e+02
    endloop
  endfacet
  facet normal 1.20547732e-01 9.87283677e-01 -1.03630038e-01
    outer loop
      vertex 9.99545787e+01 1.84205174e+01 1.65000000e+02
      vertex 1.01625948e+02 1.97909146e+01 1.80000000e+02
      vertex 1.03850981e+02 1.95192372e+01 1.80000000e+02
    endloop
  endfacet
  facet normal 1.10081790e-01 9.88701164e-01 -1.01744815e-01
    outer loop
      vertex 9.76374874e+01 1.86972806e+01 1.65000000e+02
      vertex 9.53181870e+01 1.89555110e+01 1.65000000e+02
      vertex 9.93987469e+01 2.00447955e+01 1.80000000e+02
    endloop
  endfacet
  facet normal 1.12666636e-01 9.88381620e-01 -1.02019615e-01
    outer loop
      vertex 9.76374874e+01 1.86972806e+01 1.65000000e+02
      vertex 9.93987469e+01 2.00447955e+01 1.80000000e+02
      vertex 1.01625948e+02 1.97909146e+01 1.80000000e+02
    endloop
  endfacet
  facet normal 9.47119142e-02 9.90659872e-01 -9.80952199e-02
    outer loop
      vertex 9.53181870e+01 1.89555110e+01 1.65000000e+02
      vertex 9.29951754e+01 1.91776022e+01 1.65000000e+02
      vertex 9.71678898e+01 2.02639716e+01 1.80000000e+02
    endloop
  endfacet
  facet normal 9.73022809e-02 9.90379541e-01 -9.83901938e-02
    outer loop
      vertex 9.53181870e+01 1.89555110e+01 1.65000000e+02
      vertex 9.71678898e+01 2.02639716e+01 1.80000000e+02
      vertex 9.93987469e+01 2.00447955e+01 1.80000000e+02
    endloop
  endfacet
  facet normal 8.67247731e-02 9.91564260e-01 -9.63282504e-02
    outer loop
      vertex 9.29951754e+01 1.91776022e+01 1.65000000e+02
      vertex 9.06705167e+01 1.93809229e+01 1.65000000e+02
      vertex 9.49354033e+01 2.04651214e+01 1.80000000e+02
    endloop
  endfacet
  facet normal 8.93176592e-02 9.91303597e-01 -9.66412625e-02
    outer loop
      vertex 9.29951754e+01 1.91776022e+01 1.65000000e+02
      vertex 9.49354033e+01 2.04651214e+01 1.80000000e+02
      vertex 9.71678898e+01 2.02639716e+01 1.80000000e+02
    endloop
  endfacet
  facet normal 7.39170622e-02 9.92902347e-01 -9.31729400e-02
    outer loop
      vertex 9.06705167e+01 1.93809229e+01 1.65000000e+02
      vertex 8.83433247e+01 1.95541718e+01 1.65000000e+02
      vertex 9.27004077e+01 2.06373914e+01 1.80000000e+02
    endloop
  endfacet
  facet normal 7.65138240e-02 9.92674369e-01 -9.35052530e-02
    outer loop
      vertex 9.06705167e+01 1.93809229e+01 1.65000000e+02
      vertex 9.27004077e+01 2.06373914e+01 1.80000000e+02
      vertex 9.49354033e+01 2.04651214e+01 1.80000000e+02
    endloop
  endfacet
  facet normal 5.42621691e-02 9.94643295e-01 -8.79791600e-02
    outer loop
      vertex 8.83433247e+01 1.95541718e+01 1.65000000e+02
      vertex 8.60132878e+01 1.96812855e+01 1.65000000e+02
      vertex 9.04625633e+01 2.07653526e+01 1.80000000e+02
    endloop
  endfacet
  facet normal 5.68641651e-02 9.94466608e-01 -8.83325100e-02
    outer loop
      vertex 8.83433247e+01 1.95541718e+01 1.65000000e+02
      vertex 9.04625633e+01 2.07653526e+01 1.80000000e+02
      vertex 9.27004077e+01 2.06373914e+01 1.80000000e+02
    endloop
  endfacet
  facet normal 4.11342201e-02 9.95570504e-01 -8.45419813e-02
    outer loop
      vertex 8.60132878e+01 1.96812855e+01 1.65000000e+02
      vertex 8.36818518e+01 1.97776140e+01 1.65000000e+02
      vertex 8.82232976e+01 2.08637459e+01 1.80000000e+02
    endloop
  endfacet
  facet normal 4.37390831e-02 9.95427756e-01 -8.49145132e-02
    outer loop
      vertex 8.60132878e+01 1.96812855e+01 1.65000000e+02
      vertex 8.82232976e+01 2.08637459e+01 1.80000000e+02
      vertex 9.04625633e+01 2.07653526e+01 1.80000000e+02
    endloop
  endfacet
  facet normal 1.78557800e-02 9.96795566e-01 -7.79728806e-02
    outer loop
      vertex 8.36818518e+01 1.97776140e+01 1.65000000e+02
      vertex 8.13485942e+01 1.98194101e+01 1.65000000e+02
      vertex 8.59821451e+01 2.09097616e+01 1.80000000e+02
    endloop
  endfacet
  facet normal 2.04646864e-02 9.96714520e-01 -7.83668468e-02
    outer loop
      vertex 8.36818518e+01 1.97776140e+01 1.65000000e+02
      vertex 8.59821451e+01 2.09097616e+01 1.80000000e+02
      vertex 8.82232976e+01 2.08637459e+01 1.80000000e+02
    endloop
  endfacet
  facet normal -7.58072264e-03 9.97479059e-01 -7.05553640e-02
    outer loop
      vertex 8.13485942e+01 1.98194101e+01 1.65000000e+02
      vertex 7.90152667e+01 1.98016771e+01 1.65000000e+02
      vertex 8.37407757e+01 2.08985956e+01 1.80000000e+02
    endloop
  endfacet
  facet normal -4.96915871e-03 9.97466008e-01 -7.09709140e-02
    outer loop
      vertex 8.13485942e+01 1.98194101e+01 1.65000000e+02
      vertex 8.37407757e+01 2.08985956e+01 1.80000000e+02
      vertex 8.59821451e+01 2.09097616e+01 1.80000000e+02
    endloop
  endfacet
  facet normal -2.82076293e-02 9.97522148e-01 -6.44507035e-02
    outer loop
      vertex 7.90152667e+01 1.98016771e+01 1.65000000e+02
      vertex 7.66829223e+01 1.97357237e+01 1.65000000e+02
      vertex 8.15002294e+01 2.08411081e+01 1.80000000e+02
    endloop
  endfacet
  facet normal -2.55953046e-02 9.97564352e-01 -6.48863967e-02
    outer loop
      vertex 7.90152667e+01 1.98016771e+01 1.65000000e+02
      vertex 8.15002294e+01 2.08411081e+01 1.80000000e+02
      vertex 8.37407757e+01 2.08985956e+01 1.80000000e+02
    endloop
  endfacet
  facet normal -5.26561891e-02 9.96987465e-01 -5.69501513e-02
    outer loop
      vertex 7.66829223e+01 1.97357237e+01 1.65000000e+02
      vertex 7.43525639e+01 1.96126452e+01 1.65000000e+02
      vertex 7.92614470e+01 2.07287428e+01 1.80000000e+02
    endloop
  endfacet
  facet normal -5.00445951e-02 9.97095813e-01 -5.74062613e-02
    outer loop
      vertex 7.66829223e+01 1.97357237e+01 1.65000000e+02
      vertex 7.92614470e+01 2.07287428e+01 1.80000000e+02
      vertex 8.15002294e+01 2.08411081e+01 1.80000000e+02
    endloop
  endfacet
  facet normal -9.25472566e-02 9.94730403e-01 -4.41183612e-02
    outer loop
      vertex 7.43525639e+01 1.96126452e+01 1.65000000e+02
      vertex 7.20289669e+01 1.93964634e+01 1.65000000e+02
      vertex 7.70289254e+01 2.05269284e+01 1.80000000e+02
    endloop
  endfacet
  facet normal -8.99408322e-02 9.94948131e-01 -4.45966811e-02
    outer loop
      vertex 7.43525639e+01 1.96126452e+01 1.65000000e+02
      vertex 7.70289254e+01 2.05269284e+01 1.80000000e+02
      vertex 7.92614470e+01 2.07287428e+01 1.80000000e+02
    endloop
  endfacet
  facet normal -1.27432146e-01 9.91310629e-01 -3.26233916e-02
    outer loop
      vertex 7.20289669e+01 1.93964634e+01 1.65000000e+02
      vertex 6.97147913e+01 1.90989781e+01 1.65000000e+02
      vertex 7.48052492e+01 2.02469925e+01 1.80000000e+02
    endloop
  endfacet
  facet normal -1.24834419e-01 9.91624577e-01 -3.31219947e-02
    outer loop
      vertex 7.20289669e+01 1.93964634e+01 1.65000000e+02
      vertex 7.48052492e+01 2.02469925e+01 1.80000000e+02
      vertex 7.70289254e+01 2.05269284e+01 1.80000000e+02
    endloop
  endfacet
  facet normal -1.70750239e-01 9.85152779e-01 -1.78425635e-02
    outer loop
      vertex 6.97147913e+01 1.90989781e+01 1.65000000e+02
      vertex 6.74161514e+01 1.87005695e+01 1.65000000e+02
      vertex 7.25962423e+01 1.98700737e+01 1.80000000e+02
    endloop
  endfacet
  facet normal -1.68168955e-01 9.85587178e-01 -1.83607506e-02
    outer loop
      vertex 6.97147913e+01 1.90989781e+01 1.65000000e+02
      vertex 7.25962423e+01 1.98700737e+01 1.80000000e+02
      vertex 7.48052492e+01 2.02469925e+01 1.80000000e+02
    endloop
  endfacet
  facet normal -2.27842526e-01 9.73695095e-01 2.37591398e-03
    outer loop
      vertex 6.74161514e+01 1.87005695e+01 1.65000000e+02
      vertex 6.51449264e+01 1.81691079e+01 1.65000000e+02
      vertex 7.04132348e+01 1.93652790e+01 1.80000000e+02
    endloop
  endfacet
  facet normal -2.25292875e-01 9.74289348e-01 1.84014577e-03
    outer loop
      vertex 6.74161514e+01 1.87005695e+01 1.65000000e+02
      vertex 7.04132348e+01 1.93652790e+01 1.80000000e+02
      vertex 7.25962423e+01 1.98700737e+01 1.80000000e+02
    endloop
  endfacet
  facet normal -3.07243317e-01 9.51103733e-01 3.16738526e-02
    outer loop
      vertex 6.51449264e+01 1.81691079e+01 1.65000000e+02
      vertex 6.29256868e+01 1.74522076e+01 1.65000000e+02
      vertex 6.82796965e+01 1.86822269e+01 1.80000000e+02
    endloop
  endfacet
  facet normal -3.04757527e-01 9.51921214e-01 3.11263963e-02
    outer loop
      vertex 6.51449264e+01 1.81691079e+01 1.65000000e+02
      vertex 6.82796965e+01 1.86822269e+01 1.80000000e+02
      vertex 7.04132348e+01 1.93652790e+01 1.80000000e+02
    endloop
  endfacet
  facet normal -4.80753367e-01 8.71161052e-01 9.97728529e-02
    outer loop
      vertex 6.29256868e+01 1.74522076e+01 1.65000000e+02
      vertex 6.08890769e+01 1.63282971e+01 1.65000000e+02
      vertex 6.63205634e+01 1.76077535e+01 1.80000000e+02
    endloop
  endfacet
  facet normal -4.78496244e-01 8.72462651e-01 9.92485119e-02
    outer loop
      vertex 6.29256868e+01 1.74522076e+01 1.65000000e+02
      vertex 6.63205634e+01 1.76077535e+01 1.80000000e+02
      vertex 6.82796965e+01 1.86822269e+01 1.80000000e+02
    endloop
  endfacet
  facet normal -9.12570459e-01 2.70038492e-01 3.07073883e-01
    outer loop
      vertex 6.08890769e+01 1.63282971e+01 1.65000000e+02
      vertex 6.02958684e+01 1.43236032e+01 1.65000000e+02
      vertex 6.57457037e+01 1.56835962e+01 1.80000000e+02
    endloop
  endfacet
  facet normal -9.11896003e-01 2.72437312e-01 3.06958613e-01
    outer loop
      vertex 6.08890769e+01 1.63282971e+01 1.65000000e+02
      vertex 6.57457037e+01 1.56835962e+01 1.80000000e+02
      vertex 6.63205634e+01 1.76077535e+01 1.80000000e+02
    endloop
  endfacet
  facet normal -5.01711858e-01 -8.26036998e-01 2.56803601e-01
    outer loop
      vertex 6.02958684e+01 1.43236032e+01 1.65000000e+02
      vertex 6.22643109e+01 1.31280261e+01 1.65000000e+02
      vertex 6.76335242e+01 1.45302103e+01 1.80000000e+02
    endloop
  endfacet
  facet normal -5.03738048e-01 -8.24500303e-01 2.57773601e-01
    outer loop
      vertex 6.02958684e+01 1.43236032e+01 1.65000000e+02
      vertex 6.76335242e+01 1.45302103e+01 1.80000000e+02
      vertex 6.57457037e+01 1.56835962e+01 1.80000000e+02
    endloop
  endfacet
  facet normal -2.56167566e-01 -9.49708648e-01 1.80087927e-01
    outer loop
      vertex 6.22643109e+01 1.31280261e+01 1.65000000e+02
      vertex 6.45147808e+01 1.25210006e+01 1.65000000e+02
      vertex 6.97937320e+01 1.39414602e+01 1.80000000e+02
    endloop
  endfacet
  facet normal -2.58596434e-01 -9.48827140e-01 1.81259322e-01
    outer loop
      vertex 6.22643109e+01 1.31280261e+01 1.65000000e+02
      vertex 6.97937320e+01 1.39414602e+01 1.80000000e+02
      vertex 6.76335242e+01 1.45302103e+01 1.80000000e+02
    endloop
  endfacet
  facet normal -1.63552897e-01 -9.75138745e-01 1.49515480e-01
    outer loop
      vertex 6.45147808e+01 1.25210006e+01 1.65000000e+02
      vertex 6.68155638e+01 1.21351070e+01 1.65000000e+02
      vertex 7.20028251e+01 1.35649965e+01 1.80000000e+02
    endloop
  endfacet
  facet normal -1.66074224e-01 -9.74525211e-01 1.50731431e-01
    outer loop
      vertex 6.45147808e+01 1.25210006e+01 1.65000000e+02
      vertex 7.20028251e+01 1.35649965e+01 1.80000000e+02
      vertex 6.97937320e+01 1.39414602e+01 1.80000000e+02
    endloop
  endfacet
  facet normal -1.07746100e-01 -9.85533873e-01 1.30819581e-01
    outer loop
      vertex 6.68155638e+01 1.21351070e+01 1.65000000e+02
      vertex 6.91352920e+01 1.18814966e+01 1.65000000e+02
      vertex 7.42304491e+01 1.33155522e+01 1.80000000e+02
    endloop
  endfacet
  facet normal -1.10307686e-01 -9.85086215e-01 1.32050610e-01
    outer loop
      vertex 6.68155638e+01 1.21351070e+01 1.65000000e+02
      vertex 7.42304491e+01 1.33155522e+01 1.80000000e+02
      vertex 7.20028251e+01 1.35649965e+01 1.80000000e+02
    endloop
  endfacet
  facet normal -7.20647936e-02 -9.90303523e-01 1.18766990e-01
    outer loop
      vertex 6.91352920e+01 1.18814966e+01 1.65000000e+02
      vertex 7.14627439e+01 1.17121270e+01 1.65000000e+02
      vertex 7.64657041e+01 1.31470078e+01 1.80000000e+02
    endloop
  endfacet
  facet normal -7.46460069e-02 -9.89963654e-01 1.19999740e-01
    outer loop
      vertex 6.91352920e+01 1.18814966e+01 1.65000000e+02
      vertex 7.64657041e+01 1.31470078e+01 1.80000000e+02
      vertex 7.42304491e+01 1.33155522e+01 1.80000000e+02
    endloop
  endfacet
  facet normal -4.80389692e-02 -9.92703948e-01 1.10594439e-01
    outer loop
      vertex 7.14627439e+01 1.17121270e+01 1.65000000e+02
      vertex 7.37935610e+01 1.15993340e+01 1.65000000e+02
      vertex 7.87043339e+01 1.30328008e+01 1.80000000e+02
    endloop
  endfacet
  facet normal -5.06306944e-02 -9.92437569e-01 1.11822200e-01
    outer loop
      vertex 7.14627439e+01 1.17121270e+01 1.65000000e+02
      vertex 7.87043339e+01 1.30328008e+01 1.80000000e+02
      vertex 7.64657041e+01 1.31470078e+01 1.80000000e+02
    endloop
  endfacet
  facet normal -3.12198092e-02 -9.94000739e-01 1.04822964e-01
    outer loop
      vertex 7.37935610e+01 1.15993340e+01 1.65000000e+02
      vertex 7.61259377e+01 1.15260781e+01 1.65000000e+02
      vertex 8.09445612e+01 1.29565680e+01 1.80000000e+02
    endloop
  endfacet
  facet normal -3.38175914e-02 -9.93786426e-01 1.06042022e-01
    outer loop
      vertex 7.37935610e+01 1.15993340e+01 1.65000000e+02
      vertex 8.09445612e+01 1.29565680e+01 1.80000000e+02
      vertex 7.87043339e+01 1.30328008e+01 1.80000000e+02
    endloop
  endfacet
  facet normal -1.91816790e-02 -9.94738295e-01 1.00636913e-01
    outer loop
      vertex 7.61259377e+01 1.15260781e+01 1.65000000e+02
      vertex 7.84590772e+01 1.14810879e+01 1.65000000e+02
      vertex 8.31855923e+01 1.29074844e+01 1.80000000e+02
    endloop
  endfacet
  facet normal -2.17831371e-02 -9.94561757e-01 1.01845015e-01
    outer loop
      vertex 7.61259377e+01 1.15260781e+01 1.65000000e+02
      vertex 8.31855923e+01 1.29074844e+01 1.80000000e+02
      vertex 8.09445612e+01 1.29565680e+01 1.80000000e+02
    endloop
  endfacet
  facet normal -1.01469097e-02 -9.95189325e-01 9.74435635e-02
    outer loop
      vertex 7.84590772e+01 1.14810879e+01 1.65000000e+02
      vertex 8.07925865e+01 1.14572955e+01 1.65000000e+02
      vertex 8.54270319e+01 1.28787619e+01 1.80000000e+02
    endloop
  endfacet
  facet normal -1.27507620e-02 -9.95041554e-01 9.86393628e-02
    outer loop
      vertex 7.84590772e+01 1.14810879e+01 1.65000000e+02
      vertex 8.54270319e+01 1.28787619e+01 1.80000000e+02
      vertex 8.31855923e+01 1.29074844e+01 1.80000000e+02
    endloop
  endfacet
  facet normal 7.98007414e-05 -9.95578680e-01 9.39312780e-02
    outer loop
      vertex 8.07925865e+01 1.14572955e+01 1.65000000e+02
      vertex 8.31262184e+01 1.14574826e+01 1.65000000e+02
      vertex 8.76686496e+01 1.28730730e+01 1.80000000e+02
    endloop
  endfacet
  facet normal -2.52633020e-03 -9.95463083e-01 9.51150287e-02
    outer loop
      vertex 8.07925865e+01 1.14572955e+01 1.65000000e+02
      vertex 8.76686496e+01 1.28730730e+01 1.80000000e+02
      vertex 8.54270319e+01 1.28787619e+01 1.80000000e+02
    endloop
  endfacet
  facet normal 3.74846428e-03 -9.95710902e-01 9.24432197e-02
    outer loop
      vertex 8.31262184e+01 1.14574826e+01 1.65000000e+02
      vertex 8.54598218e+01 1.14662677e+01 1.65000000e+02
      vertex 8.99102615e+01 1.28756432e+01 1.80000000e+02
    endloop
  endfacet
  facet normal 1.14156410e-03 -9.95608052e-01 9.36125174e-02
    outer loop
      vertex 8.31262184e+01 1.14574826e+01 1.65000000e+02
      vertex 8.99102615e+01 1.28756432e+01 1.80000000e+02
      vertex 8.76686496e+01 1.28730730e+01 1.80000000e+02
    endloop
  endfacet
  facet normal 7.00243597e-03 -9.95817297e-01 9.10981666e-02
    outer loop
      vertex 8.54598218e+01 1.14662677e+01 1.65000000e+02
      vertex 8.77933927e+01 1.14826770e+01 1.65000000e+02
      vertex 9.21518614e+01 1.28855371e+01 1.80000000e+02
    endloop
  endfacet
  facet normal 4.39490217e-03 -9.95725916e-01 9.22528349e-02
    outer loop
      vertex 8.54598218e+01 1.14662677e+01 1.65000000e+02
      vertex 9.21518614e+01 1.28855371e+01 1.80000000e+02
      vertex 8.99102615e+01 1.28756432e+01 1.80000000e+02
    endloop
  endfacet
  facet normal 1.26157028e-02 -9.95943744e-01 8.90892947e-02
    outer loop
      vertex 8.77933927e+01 1.14826770e+01 1.65000000e+02
      vertex 9.01268374e+01 1.15122349e+01 1.65000000e+02
      vertex 9.43933731e+01 1.29080615e+01 1.80000000e+02
    endloop
  endfacet
  facet normal 1.00072560e-02 -9.95870670e-01 9.02300639e-02
    outer loop
      vertex 8.77933927e+01 1.14826770e+01 1.65000000e+02
      vertex 9.43933731e+01 1.29080615e+01 1.80000000e+02
      vertex 9.21518614e+01 1.28855371e+01 1.80000000e+02
    endloop
  endfacet
  facet normal 1.68360490e-02 -9.96021676e-01 8.75063962e-02
    outer loop
      vertex 9.01268374e+01 1.15122349e+01 1.65000000e+02
      vertex 9.24601185e+01 1.15516751e+01 1.65000000e+02
      vertex 9.66347526e+01 1.29400789e+01 1.80000000e+02
    endloop
  endfacet
  facet normal 1.42269932e-02 -9.95962764e-01 8.86327560e-02
    outer loop
      vertex 9.01268374e+01 1.15122349e+01 1.65000000e+02
      vertex 9.66347526e+01 1.29400789e+01 1.80000000e+02
      vertex 9.43933731e+01 1.29080615e+01 1.80000000e+02
    endloop
  endfacet
  facet normal 2.03441423e-02 -9.96074857e-01 8.61452024e-02
    outer loop
      vertex 9.24601185e+01 1.15516751e+01 1.65000000e+02
      vertex 9.47932638e+01 1.15993280e+01 1.65000000e+02
      vertex 9.88760222e+01 1.29799855e+01 1.80000000e+02
    endloop
  endfacet
  facet normal 1.77346353e-02 -9.96027970e-01 8.72568942e-02
    outer loop
      vertex 9.24601185e+01 1.15516751e+01 1.65000000e+02
      vertex 9.88760222e+01 1.29799855e+01 1.80000000e+02
      vertex 9.66347526e+01 1.29400789e+01 1.80000000e+02
    endloop
  endfacet
  facet normal 2.57889211e-02 -9.96108631e-01 8.42764851e-02
    outer loop
      vertex 9.47932638e+01 1.15993280e+01 1.65000000e+02
      vertex 9.71261136e+01 1.16597247e+01 1.65000000e+02
      vertex 1.01117040e+02 1.30321342e+01 1.80000000e+02
    endloop
  endfacet
  facet normal 2.31788557e-02 -9.96079320e-01 8.53740499e-02
    outer loop
      vertex 9.47932638e+01 1.15993280e+01 1.65000000e+02
      vertex 1.01117040e+02 1.30321342e+01 1.80000000e+02
      vertex 9.88760222e+01 1.29799855e+01 1.80000000e+02
    endloop
  endfacet
  facet normal 2.75843048e-02 -9.96133364e-01 8.34111923e-02
    outer loop
      vertex 9.71261136e+01 1.16597247e+01 1.65000000e+02
      vertex 9.94588466e+01 1.17243213e+01 1.65000000e+02
      vertex 1.03357956e+02 1.30883174e+01 1.80000000e+02
    endloop
  endfacet
  facet normal 2.49740568e-02 -9.96111010e-01 8.44935069e-02
    outer loop
      vertex 9.71261136e+01 1.16597247e+01 1.65000000e+02
      vertex 1.03357956e+02 1.30883174e+01 1.80000000e+02
      vertex 1.01117040e+02 1.30321342e+01 1.80000000e+02
    endloop
  endfacet
  facet normal 2.98628111e-02 -9.96149302e-01 8.24304597e-02
    outer loop
      vertex 9.94588466e+01 1.17243213e+01 1.65000000e+02
      vertex 1.01791431e+02 1.17942480e+01 1.65000000e+02
      vertex 1.05598743e+02 1.31496211e+01 1.80000000e+02
    endloop
  endfacet
  facet normal 2.72523693e-02 -9.96135257e-01 8.34976480e-02
    outer loop
      vertex 9.94588466e+01 1.17243213e+01 1.65000000e+02
      vertex 1.05598743e+02 1.31496211e+01 1.80000000e+02
      vertex 1.03357956e+02 1.30883174e+01 1.80000000e+02
    endloop
  endfacet
  facet normal 3.23854410e-02 -9.96155159e-01 8.14007545e-02
    outer loop
      vertex 1.01791431e+02 1.17942480e+01 1.65000000e+02
      vertex 1.04123829e+02 1.18700753e+01 1.65000000e+02
      vertex 1.07839366e+02 1.32165931e+01 1.80000000e+02
    endloop
  endfacet
  facet normal 2.97748209e-02 -9.96150082e-01 8.24528639e-02
    outer loop
      vertex 1.01791431e+02 1.17942480e+01 1.65000000e+02
      vertex 1.07839366e+02 1.32165931e+01 1.80000000e+02
      vertex 1.05598743e+02 1.31496211e+01 1.80000000e+02
    endloop
  endfacet
  facet normal 3.33912432e-02 -9.96173835e-01 8.07633327e-02
    outer loop
      vertex 1.04123829e+02 1.18700753e+01 1.65000000e+02
      vertex 1.06456150e+02 1.19482536e+01 1.65000000e+02
      vertex 1.10079921e+02 1.32858235e+01 1.80000000e+02
    endloop
  endfacet
  facet normal 3.07805439e-02 -9.96173344e-01 8.17999239e-02
    outer loop
      vertex 1.04123829e+02 1.18700753e+01 1.65000000e+02
      vertex 1.10079921e+02 1.32858235e+01 1.80000000e+02
      vertex 1.07839366e+02 1.32165931e+01 1.80000000e+02
    endloop
  endfacet
  facet normal 3.45231975e-02 -9.96188709e-01 8.01012164e-02
    outer loop
      vertex 1.06456150e+02 1.19482536e+01 1.65000000e+02
      vertex 1.08788382e+02 1.20290777e+01 1.65000000e+02
      vertex 1.12320396e+02 1.33575957e+01 1.80000000e+02
    endloop
  endfacet
  facet normal 3.19124222e-02 -9.96193138e-01 8.11223145e-02
    outer loop
      vertex 1.06456150e+02 1.19482536e+01 1.65000000e+02
      vertex 1.12320396e+02 1.33575957e+01 1.80000000e+02
      vertex 1.10079921e+02 1.32858235e+01 1.80000000e+02
    endloop
  endfacet
  facet normal 3.56705825e-02 -9.96201062e-01 7.94421382e-02
    outer loop
      vertex 1.08788382e+02 1.20290777e+01 1.65000000e+02
      vertex 1.11120519e+02 1.21125836e+01 1.65000000e+02
      vertex 1.14560788e+02 1.34319443e+01 1.80000000e+02
    endloop
  endfacet
  facet normal 3.30597400e-02 -9.96210427e-01 8.04477368e-02
    outer loop
      vertex 1.08788382e+02 1.20290777e+01 1.65000000e+02
      vertex 1.14560788e+02 1.34319443e+01 1.80000000e+02
      vertex 1.12320396e+02 1.33575957e+01 1.80000000e+02
    endloop
  endfacet
  facet normal 3.61609456e-02 -9.96223173e-01 7.89416016e-02
    outer loop
      vertex 1.11120519e+02 1.21125836e+01 1.65000000e+02
      vertex 1.13452615e+02 1.21972341e+01 1.65000000e+02
      vertex 1.16801142e+02 1.35073923e+01 1.80000000e+02
    endloop
  endfacet
  facet normal 3.35500634e-02 -9.96235587e-01 7.99315186e-02
    outer loop
      vertex 1.11120519e+02 1.21125836e+01 1.65000000e+02
      vertex 1.16801142e+02 1.35073923e+01 1.80000000e+02
      vertex 1.14560788e+02 1.34319443e+01 1.80000000e+02
    endloop
  endfacet
  facet normal 3.67103816e-02 -9.96243432e-01 7.84306860e-02
    outer loop
      vertex 1.13452615e+02 1.21972341e+01 1.65000000e+02
      vertex 1.15784664e+02 1.22831674e+01 1.65000000e+02
      vertex 1.19041455e+02 1.35840726e+01 1.80000000e+02
    endloop
  endfacet
  facet normal 3.40994613e-02 -9.96259044e-01 7.94049306e-02
    outer loop
      vertex 1.13452615e+02 1.21972341e+01 1.65000000e+02
      vertex 1.19041455e+02 1.35840726e+01 1.80000000e+02
      vertex 1.16801142e+02 1.35073923e+01 1.80000000e+02
    endloop
  endfacet
  facet normal 3.74519322e-02 -9.96258955e-01 7.78809787e-02
    outer loop
      vertex 1.15784664e+02 1.22831674e+01 1.65000000e+02
      vertex 1.18116649e+02 1.23708326e+01 1.65000000e+02
      vertex 1.21281711e+02 1.36624169e+01 1.80000000e+02
    endloop
  endfacet
  facet normal 3.48409736e-02 -9.96278287e-01 7.88395937e-02
    outer loop
      vertex 1.15784664e+02 1.22831674e+01 1.65000000e+02
      vertex 1.21281711e+02 1.36624169e+01 1.80000000e+02
      vertex 1.19041455e+02 1.35840726e+01 1.80000000e+02
    endloop
  endfacet
  facet normal 3.82777428e-02 -9.96271440e-01 7.73177385e-02
    outer loop
      vertex 1.18116649e+02 1.23708326e+01 1.65000000e+02
      vertex 1.20448560e+02 1.24604270e+01 1.65000000e+02
      vertex 1.23521900e+02 1.37426143e+01 1.80000000e+02
    endloop
  endfacet
  facet normal 3.56667497e-02 -9.96294705e-01 7.82607379e-02
    outer loop
      vertex 1.18116649e+02 1.23708326e+01 1.65000000e+02
      vertex 1.23521900e+02 1.37426143e+01 1.80000000e+02
      vertex 1.21281711e+02 1.36624169e+01 1.80000000e+02
    endloop
  endfacet
  facet normal 3.91270990e-02 -9.96281994e-01 7.67545339e-02
    outer loop
      vertex 1.20448560e+02 1.24604270e+01 1.65000000e+02
      vertex 1.22780394e+02 1.25520054e+01 1.65000000e+02
      vertex 1.25762021e+02 1.38247178e+01 1.80000000e+02
    endloop
  endfacet
  facet normal 3.65160770e-02 -9.96309237e-01 7.76819160e-02
    outer loop
      vertex 1.20448560e+02 1.24604270e+01 1.65000000e+02
      vertex 1.25762021e+02 1.38247178e+01 1.80000000e+02
      vertex 1.23521900e+02 1.37426143e+01 1.80000000e+02
    endloop
  endfacet
  facet normal 3.99518749e-02 -9.96291728e-01 7.62013156e-02
    outer loop
      vertex 1.22780394e+02 1.25520054e+01 1.65000000e+02
      vertex 1.25112152e+02 1.26455102e+01 1.65000000e+02
      vertex 1.28002073e+02 1.39086719e+01 1.80000000e+02
    endloop
  endfacet
  facet normal 3.73408299e-02 -9.96322858e-01 7.71130670e-02
    outer loop
      vertex 1.22780394e+02 1.25520054e+01 1.65000000e+02
      vertex 1.28002073e+02 1.39086719e+01 1.80000000e+02
      vertex 1.25762021e+02 1.38247178e+01 1.80000000e+02
    endloop
  endfacet
  facet normal 4.12461102e-02 -9.96287718e-01 7.55615104e-02
    outer loop
      vertex 1.25112152e+02 1.26455102e+01 1.65000000e+02
      vertex 1.27443786e+02 1.27420394e+01 1.65000000e+02
      vertex 1.30242014e+02 1.39955314e+01 1.80000000e+02
    endloop
  endfacet
  facet normal 3.86350494e-02 -9.96324017e-01 7.64577361e-02
    outer loop
      vertex 1.25112152e+02 1.26455102e+01 1.65000000e+02
      vertex 1.30242014e+02 1.39955314e+01 1.80000000e+02
      vertex 1.28002073e+02 1.39086719e+01 1.80000000e+02
    endloop
  endfacet
  facet normal 1.16121985e-01 -9.91373084e-01 6.07872715e-02
    outer loop
      vertex 1.27443786e+02 1.27420394e+01 1.65000000e+02
      vertex 1.29791506e+02 1.30170337e+01 1.65000000e+02
      vertex 1.32497856e+02 1.42537788e+01 1.80000000e+02
    endloop
  endfacet
  facet normal 1.13519891e-01 -9.91618742e-01 6.16887741e-02
    outer loop
      vertex 1.27443786e+02 1.27420394e+01 1.65000000e+02
      vertex 1.32497856e+02 1.42537788e+01 1.80000000e+02
      vertex 1.30242014e+02 1.39955314e+01 1.80000000e+02
    endloop
  endfacet
  facet normal 2.28211318e-01 9.65952198e-01 -1.21884966e-01
    outer loop
      vertex 1.32497856e+02 1.42537788e+01 1.80000000e+02
      vertex 1.30316298e+02 1.47691834e+01 1.80000000e+02
      vertex 1.33113467e+02 1.60010548e+01 1.95000000e+02
    endloop
  endfacet
  facet normal 2.30738440e-01 9.65347458e-01 -1.21918238e-01
    outer loop
      vertex 1.32497856e+02 1.42537788e+01 1.80000000e+02
      vertex 1.33113467e+02 1.60010548e+01 1.95000000e+02
      vertex 1.35204182e+02 1.55013297e+01 1.95000000e+02
    endloop
  endfacet
  facet normal 2.20198853e-01 9.67930492e-01 -1.20925709e-01
    outer loop
      vertex 1.30316298e+02 1.47691834e+01 1.80000000e+02
      vertex 1.28130529e+02 1.52664339e+01 1.80000000e+02
      vertex 1.31018667e+02 1.64833815e+01 1.95000000e+02
    endloop
  endfacet
  facet normal 2.22730721e-01 9.67344570e-01 -1.20977304e-01
    outer loop
      vertex 1.30316298e+02 1.47691834e+01 1.80000000e+02
      vertex 1.31018667e+02 1.64833815e+01 1.95000000e+02
      vertex 1.33113467e+02 1.60010548e+01 1.95000000e+02
    endloop
  endfacet
  facet normal 2.11428457e-01 9.70026221e-01 -1.19779536e-01
    outer loop
      vertex 1.28130529e+02 1.52664339e+01 1.80000000e+02
      vertex 1.25940334e+02 1.57438122e+01 1.80000000e+02
      vertex 1.28919574e+02 1.69466630e+01 1.95000000e+02
    endloop
  endfacet
  facet normal 2.13965427e-01 9.69461112e-01 -1.19849688e-01
    outer loop
      vertex 1.28130529e+02 1.52664339e+01 1.80000000e+02
      vertex 1.28919574e+02 1.69466630e+01 1.95000000e+02
      vertex 1.31018667e+02 1.64833815e+01 1.95000000e+02
    endloop
  endfacet
  facet normal 2.03496710e-01 9.71850780e-01 -1.18723000e-01
    outer loop
      vertex 1.25940334e+02 1.57438122e+01 1.80000000e+02
      vertex 1.23746300e+02 1.62032230e+01 1.80000000e+02
      vertex 1.26816755e+02 1.73927240e+01 1.95000000e+02
    endloop
  endfacet
  facet normal 2.06038114e-01 9.71304351e-01 -1.18811421e-01
    outer loop
      vertex 1.25940334e+02 1.57438122e+01 1.80000000e+02
      vertex 1.26816755e+02 1.73927240e+01 1.95000000e+02
      vertex 1.28919574e+02 1.69466630e+01 1.95000000e+02
    endloop
  endfacet
  facet normal 1.96121173e-01 9.73488318e-01 -1.17715676e-01
    outer loop
      vertex 1.23746300e+02 1.62032230e+01 1.80000000e+02
      vertex 1.21548826e+02 1.66459310e+01 1.80000000e+02
      vertex 1.24710594e+02 1.78227766e+01 1.95000000e+02
    endloop
  endfacet
  facet normal 1.98666558e-01 9.72959163e-01 -1.17822177e-01
    outer loop
      vertex 1.23746300e+02 1.62032230e+01 1.80000000e+02
      vertex 1.24710594e+02 1.78227766e+01 1.95000000e+02
      vertex 1.26816755e+02 1.73927240e+01 1.95000000e+02
    endloop
  endfacet
  facet normal 1.86681690e-01 9.75517334e-01 -1.16257803e-01
    outer loop
      vertex 1.21548826e+02 1.66459310e+01 1.80000000e+02
      vertex 1.19347153e+02 1.70672583e+01 1.80000000e+02
      vertex 1.22600353e+02 1.82323367e+01 1.95000000e+02
    endloop
  endfacet
  facet normal 1.89232152e-01 9.75010863e-01 -1.16383031e-01
    outer loop
      vertex 1.21548826e+02 1.66459310e+01 1.80000000e+02
      vertex 1.22600353e+02 1.82323367e+01 1.95000000e+02
      vertex 1.24710594e+02 1.78227766e+01 1.95000000e+02
    endloop
  endfacet
  facet normal 1.78975535e-01 9.77099725e-01 -1.15082082e-01
    outer loop
      vertex 1.19347153e+02 1.70672583e+01 1.80000000e+02
      vertex 1.17142232e+02 1.74711340e+01 1.80000000e+02
      vertex 1.20486954e+02 1.86251695e+01 1.95000000e+02
    endloop
  endfacet
  facet normal 1.81529923e-01 9.76611477e-01 -1.15225472e-01
    outer loop
      vertex 1.19347153e+02 1.70672583e+01 1.80000000e+02
      vertex 1.20486954e+02 1.86251695e+01 1.95000000e+02
      vertex 1.22600353e+02 1.82323367e+01 1.95000000e+02
    endloop
  endfacet
  facet normal 1.71972753e-01 9.78483228e-01 -1.13999759e-01
    outer loop
      vertex 1.17142232e+02 1.74711340e+01 1.80000000e+02
      vertex 1.14934479e+02 1.78591564e+01 1.80000000e+02
      vertex 1.18370799e+02 1.90028070e+01 1.95000000e+02
    endloop
  endfacet
  facet normal 1.74530569e-01 9.78011415e-01 -1.14161078e-01
    outer loop
      vertex 1.17142232e+02 1.74711340e+01 1.80000000e+02
      vertex 1.18370799e+02 1.90028070e+01 1.95000000e+02
      vertex 1.20486954e+02 1.86251695e+01 1.95000000e+02
    endloop
  endfacet
  facet normal 1.65649550e-01 9.79687531e-01 -1.13015783e-01
    outer loop
      vertex 1.14934479e+02 1.78591564e+01 1.80000000e+02
      vertex 1.12724233e+02 1.82328738e+01 1.80000000e+02
      vertex 1.16252218e+02 1.93667330e+01 1.95000000e+02
    endloop
  endfacet
  facet normal 1.68210345e-01 9.79230420e-01 -1.13194805e-01
    outer loop
      vertex 1.14934479e+02 1.78591564e+01 1.80000000e+02
      vertex 1.16252218e+02 1.93667330e+01 1.95000000e+02
      vertex 1.18370799e+02 1.90028070e+01 1.95000000e+02
    endloop
  endfacet
  facet normal 1.54284002e-01 9.81785813e-01 -1.10874094e-01
    outer loop
      vertex 1.12724233e+02 1.82328738e+01 1.80000000e+02
      vertex 1.10509784e+02 1.85808663e+01 1.80000000e+02
      vertex 1.14129541e+02 1.97060004e+01 1.95000000e+02
    endloop
  endfacet
  facet normal 1.56850285e-01 9.81356671e-01 -1.11072376e-01
    outer loop
      vertex 1.12724233e+02 1.82328738e+01 1.80000000e+02
      vertex 1.14129541e+02 1.97060004e+01 1.95000000e+02
      vertex 1.16252218e+02 1.93667330e+01 1.95000000e+02
    endloop
  endfacet
  facet normal 1.47133210e-01 9.83024174e-01 -1.09614284e-01
    outer loop
      vertex 1.10509784e+02 1.85808663e+01 1.80000000e+02
      vertex 1.08292899e+02 1.89126764e+01 1.80000000e+02
      vertex 1.12004488e+02 2.00297560e+01 1.95000000e+02
    endloop
  endfacet
  facet normal 1.49702659e-01 9.82612015e-01 -1.09830510e-01
    outer loop
      vertex 1.10509784e+02 1.85808663e+01 1.80000000e+02
      vertex 1.12004488e+02 2.00297560e+01 1.95000000e+02
      vertex 1.14129541e+02 1.97060004e+01 1.95000000e+02
    endloop
  endfacet
  facet normal 1.41086081e-01 9.84026539e-01 -1.08565594e-01
    outer loop
      vertex 1.08292899e+02 1.89126764e+01 1.80000000e+02
      vertex 1.06073974e+02 1.92308177e+01 1.80000000e+02
      vertex 1.09877444e+02 2.03404089e+01 1.95000000e+02
    endloop
  endfacet
  facet normal 1.43658076e-01 9.83628511e-01 -1.08799405e-01
    outer loop
      vertex 1.08292899e+02 1.89126764e+01 1.80000000e+02
      vertex 1.09877444e+02 2.03404089e+01 1.95000000e+02
      vertex 1.12004488e+02 2.00297560e+01 1.95000000e+02
    endloop
  endfacet
  facet normal 1.27943748e-01 9.86126204e-01 -1.05761555e-01
    outer loop
      vertex 1.06073974e+02 1.92308177e+01 1.80000000e+02
      vertex 1.03850981e+02 1.95192372e+01 1.80000000e+02
      vertex 1.07746425e+02 2.06225702e+01 1.95000000e+02
    endloop
  endfacet
  facet normal 1.30521436e-01 9.85761105e-01 -1.06015084e-01
    outer loop
      vertex 1.06073974e+02 1.92308177e+01 1.80000000e+02
      vertex 1.07746425e+02 2.06225702e+01 1.95000000e+02
      vertex 1.09877444e+02 2.03404089e+01 1.95000000e+02
    endloop
  endfacet
  facet normal 1.20539347e-01 9.87215008e-01 -1.04291869e-01
    outer loop
      vertex 1.03850981e+02 1.95192372e+01 1.80000000e+02
      vertex 1.01625948e+02 1.97909146e+01 1.80000000e+02
      vertex 1.05613408e+02 2.08886818e+01 1.95000000e+02
    endloop
  endfacet
  facet normal 1.23119925e-01 9.86867765e-01 -1.04563372e-01
    outer loop
      vertex 1.03850981e+02 1.95192372e+01 1.80000000e+02
      vertex 1.05613408e+02 2.08886818e+01 1.95000000e+02
      vertex 1.07746425e+02 2.06225702e+01 1.95000000e+02
    endloop
  endfacet
  facet normal 1.12659280e-01 9.88317089e-01 -1.02650957e-01
    outer loop
      vertex 1.01625948e+02 1.97909146e+01 1.80000000e+02
      vertex 9.93987469e+01 2.00447955e+01 1.80000000e+02
      vertex 1.03478266e+02 2.11377329e+01 1.95000000e+02
    endloop
  endfacet
  facet normal 1.15242832e-01 9.87989036e-01 -1.02940539e-01
    outer loop
      vertex 1.01625948e+02 1.97909146e+01 1.80000000e+02
      vertex 1.03478266e+02 2.11377329e+01 1.95000000e+02
      vertex 1.05613408e+02 2.08886818e+01 1.95000000e+02
    endloop
  endfacet
  facet normal 9.72964448e-02 9.90320139e-01 -9.89920374e-02
    outer loop
      vertex 9.93987469e+01 2.00447955e+01 1.80000000e+02
      vertex 9.71678898e+01 2.02639716e+01 1.80000000e+02
      vertex 1.01339531e+02 2.13535129e+01 1.95000000e+02
    endloop
  endfacet
  facet normal 9.98856618e-02 9.90031312e-01 -9.93018453e-02
    outer loop
      vertex 9.93987469e+01 2.00447955e+01 1.80000000e+02
      vertex 1.01339531e+02 2.13535129e+01 1.95000000e+02
      vertex 1.03478266e+02 2.11377329e+01 1.95000000e+02
    endloop
  endfacet
  facet normal 8.93126674e-02 9.91248195e-01 -9.72124697e-02
    outer loop
      vertex 9.71678898e+01 2.02639716e+01 1.80000000e+02
      vertex 9.49354033e+01 2.04651214e+01 1.80000000e+02
      vertex 9.91991892e+01 2.15520105e+01 1.95000000e+02
    endloop
  endfacet
  facet normal 9.19044777e-02 9.90979036e-01 -9.75403400e-02
    outer loop
      vertex 9.71678898e+01 2.02639716e+01 1.80000000e+02
      vertex 9.91991892e+01 2.15520105e+01 1.95000000e+02
      vertex 1.01339531e+02 2.13535129e+01 1.95000000e+02
    endloop
  endfacet
  facet normal 7.65099067e-02 9.92623546e-01 -9.40464271e-02
    outer loop
      vertex 9.49354033e+01 2.04651214e+01 1.80000000e+02
      vertex 9.27004077e+01 2.06373914e+01 1.80000000e+02
      vertex 9.70563684e+01 2.17228203e+01 1.95000000e+02
    endloop
  endfacet
  facet normal 7.91057127e-02 9.92387085e-01 -9.43936416e-02
    outer loop
      vertex 9.49354033e+01 2.04651214e+01 1.80000000e+02
      vertex 9.70563684e+01 2.17228203e+01 1.95000000e+02
      vertex 9.91991892e+01 2.15520105e+01 1.95000000e+02
    endloop
  endfacet
  facet normal 5.68615663e-02 9.94421160e-01 -8.88443535e-02
    outer loop
      vertex 9.27004077e+01 2.06373914e+01 1.80000000e+02
      vertex 9.04625633e+01 2.07653526e+01 1.80000000e+02
      vertex 9.49107044e+01 2.18511471e+01 1.95000000e+02
    endloop
  endfacet
  facet normal 5.94627915e-02 9.94236026e-01 -8.92126717e-02
    outer loop
      vertex 9.27004077e+01 2.06373914e+01 1.80000000e+02
      vertex 9.49107044e+01 2.18511471e+01 1.95000000e+02
      vertex 9.70563684e+01 2.17228203e+01 1.95000000e+02
    endloop
  endfacet
  facet normal 4.37372763e-02 9.95386637e-01 -8.53961030e-02
    outer loop
      vertex 9.04625633e+01 2.07653526e+01 1.80000000e+02
      vertex 8.82232976e+01 2.08637459e+01 1.80000000e+02
      vertex 9.27636033e+01 2.19511233e+01 1.95000000e+02
    endloop
  endfacet
  facet normal 4.63414910e-02 9.95235466e-01 -8.57836462e-02
    outer loop
      vertex 9.04625633e+01 2.07653526e+01 1.80000000e+02
      vertex 9.27636033e+01 2.19511233e+01 1.95000000e+02
      vertex 9.49107044e+01 2.18511471e+01 1.95000000e+02
    endloop
  endfacet
  facet normal 2.04639543e-02 9.96678861e-01 -7.88192572e-02
    outer loop
      vertex 8.82232976e+01 2.08637459e+01 1.80000000e+02
      vertex 8.59821451e+01 2.09097616e+01 1.80000000e+02
      vertex 9.06145612e+01 2.20008766e+01 1.95000000e+02
    endloop
  endfacet
  facet normal 2.30724298e-02 9.96589453e-01 -7.92283161e-02
    outer loop
      vertex 8.82232976e+01 2.08637459e+01 1.80000000e+02
      vertex 9.06145612e+01 2.20008766e+01 1.95000000e+02
      vertex 9.27636033e+01 2.19511233e+01 1.95000000e+02
    endloop
  endfacet
  facet normal -4.96900826e-03 9.97435808e-01 -7.13940972e-02
    outer loop
      vertex 8.59821451e+01 2.09097616e+01 1.80000000e+02
      vertex 8.37407757e+01 2.08985956e+01 1.80000000e+02
      vertex 8.84651677e+01 2.19957960e+01 1.95000000e+02
    endloop
  endfacet
  facet normal -2.35764028e-03 9.97414476e-01 -7.18248250e-02
    outer loop
      vertex 8.59821451e+01 2.09097616e+01 1.80000000e+02
      vertex 8.84651677e+01 2.19957960e+01 1.95000000e+02
      vertex 9.06145612e+01 2.20008766e+01 1.95000000e+02
    endloop
  endfacet
  facet normal -2.55946466e-02 9.97538708e-01 -6.52797054e-02
    outer loop
      vertex 8.37407757e+01 2.08985956e+01 1.80000000e+02
      vertex 8.15002294e+01 2.08411081e+01 1.80000000e+02
      vertex 8.63164471e+01 2.19462932e+01 1.95000000e+02
    endloop
  endfacet
  facet normal -2.29823299e-02 9.97572702e-01 -6.57306444e-02
    outer loop
      vertex 8.37407757e+01 2.08985956e+01 1.80000000e+02
      vertex 8.63164471e+01 2.19462932e+01 1.95000000e+02
      vertex 8.84651677e+01 2.19957960e+01 1.95000000e+02
    endloop
  endfacet
  facet normal -5.00435433e-02 9.97074857e-01 -5.77699968e-02
    outer loop
      vertex 8.15002294e+01 2.08411081e+01 1.80000000e+02
      vertex 7.92614470e+01 2.07287428e+01 1.80000000e+02
      vertex 8.41692803e+01 2.18441609e+01 1.95000000e+02
    endloop
  endfacet
  facet normal -4.74317375e-02 9.97175093e-01 -5.82414357e-02
    outer loop
      vertex 8.15002294e+01 2.08411081e+01 1.80000000e+02
      vertex 8.41692803e+01 2.18441609e+01 1.95000000e+02
      vertex 8.63164471e+01 2.19462932e+01 1.95000000e+02
    endloop
  endfacet
  facet normal -8.99394794e-02 9.94933165e-01 -4.49320308e-02
    outer loop
      vertex 7.92614470e+01 2.07287428e+01 1.80000000e+02
      vertex 7.70289254e+01 2.05269284e+01 1.80000000e+02
      vertex 8.20278927e+01 2.16562354e+01 1.95000000e+02
    endloop
  endfacet
  facet normal -8.73324930e-02 9.95142970e-01 -4.54258094e-02
    outer loop
      vertex 7.92614470e+01 2.07287428e+01 1.80000000e+02
      vertex 8.20278927e+01 2.16562354e+01 1.95000000e+02
      vertex 8.41692803e+01 2.18441609e+01 1.95000000e+02
    endloop
  endfacet
  facet normal -1.24833145e-01 9.91614460e-01 -3.34282578e-02
    outer loop
      vertex 7.70289254e+01 2.05269284e+01 1.80000000e+02
      vertex 7.48052492e+01 2.02469925e+01 1.80000000e+02
      vertex 7.98947913e+01 2.13933729e+01 1.95000000e+02
    endloop
  endfacet
  facet normal -1.22234560e-01 9.91920674e-01 -3.39424254e-02
    outer loop
      vertex 7.70289254e+01 2.05269284e+01 1.80000000e+02
      vertex 7.98947913e+01 2.13933729e+01 1.95000000e+02
      vertex 8.20278927e+01 2.16562354e+01 1.95000000e+02
    endloop
  endfacet
  facet normal -1.68168091e-01 9.85582111e-01 -1.86385624e-02
    outer loop
      vertex 7.48052492e+01 2.02469925e+01 1.80000000e+02
      vertex 7.25962423e+01 1.98700737e+01 1.80000000e+02
      vertex 7.77755136e+01 2.10374717e+01 1.95000000e+02
    endloop
  endfacet
  facet normal -1.65585597e-01 9.86009040e-01 -1.91724401e-02
    outer loop
      vertex 7.48052492e+01 2.02469925e+01 1.80000000e+02
      vertex 7.77755136e+01 2.10374717e+01 1.95000000e+02
      vertex 7.98947913e+01 2.13933729e+01 1.95000000e+02
    endloop
  endfacet
  facet normal -2.25292972e-01 9.74289767e-01 1.58962357e-03
    outer loop
      vertex 7.25962423e+01 1.98700737e+01 1.80000000e+02
      vertex 7.04132348e+01 1.93652790e+01 1.80000000e+02
      vertex 7.56808470e+01 2.05588784e+01 1.95000000e+02
    endloop
  endfacet
  facet normal -2.22741679e-01 9.74876950e-01 1.03801139e-03
    outer loop
      vertex 7.25962423e+01 1.98700737e+01 1.80000000e+02
      vertex 7.56808470e+01 2.05588784e+01 1.95000000e+02
      vertex 7.77755136e+01 2.10374717e+01 1.95000000e+02
    endloop
  endfacet
  facet normal -3.04759660e-01 9.51927877e-01 3.09009165e-02
    outer loop
      vertex 7.04132348e+01 1.93652790e+01 1.80000000e+02
      vertex 6.82796965e+01 1.86822269e+01 1.80000000e+02
      vertex 7.36331716e+01 1.99092205e+01 1.95000000e+02
    endloop
  endfacet
  facet normal -3.02271697e-01 9.52738926e-01 3.03374334e-02
    outer loop
      vertex 7.04132348e+01 1.93652790e+01 1.80000000e+02
      vertex 7.36331716e+01 1.99092205e+01 1.95000000e+02
      vertex 7.56808470e+01 2.05588784e+01 1.95000000e+02
    endloop
  endfacet
  facet normal -4.78506358e-01 8.72481094e-01 9.90374004e-02
    outer loop
      vertex 6.82796965e+01 1.86822269e+01 1.80000000e+02
      vertex 6.63205634e+01 1.76077535e+01 1.80000000e+02
      vertex 7.17517595e+01 1.88837707e+01 1.95000000e+02
    endloop
  endfacet
  facet normal -4.76246248e-01 8.73777939e-01 9.84968260e-02
    outer loop
      vertex 6.82796965e+01 1.86822269e+01 1.80000000e+02
      vertex 7.17517595e+01 1.88837707e+01 1.95000000e+02
      vertex 7.36331716e+01 1.99092205e+01 1.95000000e+02
    endloop
  endfacet
  facet normal -9.11972975e-01 2.72460308e-01 3.06709427e-01
    outer loop
      vertex 6.63205634e+01 1.76077535e+01 1.80000000e+02
      vertex 6.57457037e+01 1.56835962e+01 1.80000000e+02
      vertex 7.11956661e+01 1.70400395e+01 1.95000000e+02
    endloop
  endfacet
  facet normal -9.11296377e-01 2.74858923e-01 3.06580310e-01
    outer loop
      vertex 6.63205634e+01 1.76077535e+01 1.80000000e+02
      vertex 7.11956661e+01 1.70400395e+01 1.95000000e+02
      vertex 7.17517595e+01 1.88837707e+01 1.95000000e+02
    endloop
  endfacet
  facet normal -5.03809223e-01 -8.24616800e-01 2.57261346e-01
    outer loop
      vertex 6.57457037e+01 1.56835962e+01 1.80000000e+02
      vertex 6.76335242e+01 1.45302103e+01 1.80000000e+02
      vertex 7.30030996e+01 1.59292584e+01 1.95000000e+02
    endloop
  endfacet
  facet normal -5.05833092e-01 -8.23078196e-01 2.58215349e-01
    outer loop
      vertex 6.57457037e+01 1.56835962e+01 1.80000000e+02
      vertex 7.30030996e+01 1.59292584e+01 1.95000000e+02
      vertex 7.11956661e+01 1.70400395e+01 1.95000000e+02
    endloop
  endfacet
  facet normal -2.58622677e-01 -9.48923431e-01 1.80716999e-01
    outer loop
      vertex 6.76335242e+01 1.45302103e+01 1.80000000e+02
      vertex 6.97937320e+01 1.39414602e+01 1.80000000e+02
      vertex 7.50731570e+01 1.53592521e+01 1.95000000e+02
    endloop
  endfacet
  facet normal -2.61049551e-01 -9.48037873e-01 1.81871724e-01
    outer loop
      vertex 6.76335242e+01 1.45302103e+01 1.80000000e+02
      vertex 7.50731570e+01 1.53592521e+01 1.95000000e+02
      vertex 7.30030996e+01 1.59292584e+01 1.95000000e+02
    endloop
  endfacet
  facet normal -1.66087690e-01 -9.74604233e-01 1.50204757e-01
    outer loop
      vertex 6.97937320e+01 1.39414602e+01 1.80000000e+02
      vertex 7.20028251e+01 1.35649965e+01 1.80000000e+02
      vertex 7.71906259e+01 1.49926955e+01 1.95000000e+02
    endloop
  endfacet
  facet normal -1.68607422e-01 -9.73985820e-01 1.51403963e-01
    outer loop
      vertex 6.97937320e+01 1.39414602e+01 1.80000000e+02
      vertex 7.71906259e+01 1.49926955e+01 1.95000000e+02
      vertex 7.50731570e+01 1.53592521e+01 1.95000000e+02
    endloop
  endfacet
  facet normal -1.10315127e-01 -9.85152663e-01 1.31547721e-01
    outer loop
      vertex 7.20028251e+01 1.35649965e+01 1.80000000e+02
      vertex 7.42304491e+01 1.33155522e+01 1.80000000e+02
      vertex 7.93261840e+01 1.47478979e+01 1.95000000e+02
    endloop
  endfacet
  facet normal -1.12875433e-01 -9.84699644e-01 1.32761998e-01
    outer loop
      vertex 7.20028251e+01 1.35649965e+01 1.80000000e+02
      vertex 7.93261840e+01 1.47478979e+01 1.95000000e+02
      vertex 7.71906259e+01 1.49926955e+01 1.95000000e+02
    endloop
  endfacet
  facet normal -7.46503201e-02 -9.90020855e-01 1.19524205e-01
    outer loop
      vertex 7.42304491e+01 1.33155522e+01 1.80000000e+02
      vertex 7.64657041e+01 1.31470078e+01 1.80000000e+02
      vertex 8.14692630e+01 1.45806602e+01 1.95000000e+02
    endloop
  endfacet
  facet normal -7.72304818e-02 -9.89675327e-01 1.20740217e-01
    outer loop
      vertex 7.42304491e+01 1.33155522e+01 1.80000000e+02
      vertex 8.14692630e+01 1.45806602e+01 1.95000000e+02
      vertex 7.93261840e+01 1.47478979e+01 1.95000000e+02
    endloop
  endfacet
  facet normal -5.06332489e-02 -9.92487640e-01 1.11375753e-01
    outer loop
      vertex 7.64657041e+01 1.31470078e+01 1.80000000e+02
      vertex 7.87043339e+01 1.30328008e+01 1.80000000e+02
      vertex 8.36157146e+01 1.44655210e+01 1.95000000e+02
    endloop
  endfacet
  facet normal -5.32240889e-02 -9.92215405e-01 1.12586792e-01
    outer loop
      vertex 7.64657041e+01 1.31470078e+01 1.80000000e+02
      vertex 8.36157146e+01 1.44655210e+01 1.95000000e+02
      vertex 8.14692630e+01 1.45806602e+01 1.95000000e+02
    endloop
  endfacet
  facet normal -3.38190987e-02 -9.93830721e-01 1.05625594e-01
    outer loop
      vertex 7.87043339e+01 1.30328008e+01 1.80000000e+02
      vertex 8.09445612e+01 1.29565680e+01 1.80000000e+02
      vertex 8.57637936e+01 1.43867933e+01 1.95000000e+02
    endloop
  endfacet
  facet normal -3.64161181e-02 -9.93610415e-01 1.06827945e-01
    outer loop
      vertex 7.87043339e+01 1.30328008e+01 1.80000000e+02
      vertex 8.57637936e+01 1.43867933e+01 1.95000000e+02
      vertex 8.36157146e+01 1.44655210e+01 1.95000000e+02
    endloop
  endfacet
  facet normal -2.17840004e-02 -9.94601174e-01 1.01459160e-01
    outer loop
      vertex 8.09445612e+01 1.29565680e+01 1.80000000e+02
      vertex 8.31855923e+01 1.29074844e+01 1.80000000e+02
      vertex 8.79127115e+01 1.43340982e+01 1.95000000e+02
    endloop
  endfacet
  facet normal -2.43847863e-02 -9.94418545e-01 1.02650566e-01
    outer loop
      vertex 8.09445612e+01 1.29565680e+01 1.80000000e+02
      vertex 8.79127115e+01 1.43340982e+01 1.95000000e+02
      vertex 8.57637936e+01 1.43867933e+01 1.95000000e+02
    endloop
  endfacet
  facet normal -1.27512120e-02 -9.95076670e-01 9.82844167e-02
    outer loop
      vertex 8.31855923e+01 1.29074844e+01 1.80000000e+02
      vertex 8.54270319e+01 1.28787619e+01 1.80000000e+02
      vertex 9.00620722e+01 1.43009275e+01 1.95000000e+02
    endloop
  endfacet
  facet normal -1.53544621e-02 -9.94922734e-01 9.94635298e-02
    outer loop
      vertex 8.31855923e+01 1.29074844e+01 1.80000000e+02
      vertex 9.00620722e+01 1.43009275e+01 1.95000000e+02
      vertex 8.79127115e+01 1.43340982e+01 1.95000000e+02
    endloop
  endfacet
  facet normal -2.52640864e-03 -9.95493990e-01 9.47910022e-02
    outer loop
      vertex 8.54270319e+01 1.28787619e+01 1.80000000e+02
      vertex 8.76686496e+01 1.28730730e+01 1.80000000e+02
      vertex 9.22116615e+01 1.42898445e+01 1.95000000e+02
    endloop
  endfacet
  facet normal -5.13201766e-03 -9.95372146e-01 9.59580796e-02
    outer loop
      vertex 8.54270319e+01 1.28787619e+01 1.80000000e+02
      vertex 9.22116615e+01 1.42898445e+01 1.95000000e+02
      vertex 9.00620722e+01 1.43009275e+01 1.95000000e+02
    endloop
  endfacet
  facet normal 1.14159560e-03 -9.95635521e-01 9.33199113e-02
    outer loop
      vertex 8.76686496e+01 1.28730730e+01 1.80000000e+02
      vertex 8.99102615e+01 1.28756432e+01 1.80000000e+02
      vertex 9.43612661e+01 1.42866816e+01 1.95000000e+02
    endloop
  endfacet
  facet normal -1.46481309e-03 -9.95526390e-01 9.44725397e-02
    outer loop
      vertex 8.76686496e+01 1.28730730e+01 1.80000000e+02
      vertex 9.43612661e+01 1.42866816e+01 1.95000000e+02
      vertex 9.22116615e+01 1.42898445e+01 1.95000000e+02
    endloop
  endfacet
  facet normal 4.39500880e-03 -9.95750074e-01 9.19917028e-02
    outer loop
      vertex 8.99102615e+01 1.28756432e+01 1.80000000e+02
      vertex 9.21518614e+01 1.28855371e+01 1.80000000e+02
      vertex 9.65108775e+01 1.42905418e+01 1.95000000e+02
    endloop
  endfacet
  facet normal 1.78793915e-03 -9.95652380e-01 9.31297053e-02
    outer loop
      vertex 8.99102615e+01 1.28756432e+01 1.80000000e+02
      vertex 9.65108775e+01 1.42905418e+01 1.95000000e+02
      vertex 9.43612661e+01 1.42866816e+01 1.95000000e+02
    endloop
  endfacet
  facet normal 1.00074649e-02 -9.95891458e-01 9.00003039e-02
    outer loop
      vertex 9.21518614e+01 1.28855371e+01 1.80000000e+02
      vertex 9.43933731e+01 1.29080615e+01 1.80000000e+02
      vertex 9.86604360e+01 1.43065142e+01 1.95000000e+02
    endloop
  endfacet
  facet normal 7.39943634e-03 -9.95812025e-01 9.11244157e-02
    outer loop
      vertex 9.21518614e+01 1.28855371e+01 1.80000000e+02
      vertex 9.86604360e+01 1.43065142e+01 1.95000000e+02
      vertex 9.65108775e+01 1.42905418e+01 1.95000000e+02
    endloop
  endfacet
  facet normal 1.42272449e-02 -9.95980385e-01 8.84344842e-02
    outer loop
      vertex 9.43933731e+01 1.29080615e+01 1.80000000e+02
      vertex 9.66347526e+01 1.29400789e+01 1.80000000e+02
      vertex 1.00809892e+02 1.43315902e+01 1.95000000e+02
    endloop
  endfacet
  facet normal 1.16185720e-02 -9.95915080e-01 8.95441932e-02
    outer loop
      vertex 9.43933731e+01 1.29080615e+01 1.80000000e+02
      vertex 1.00809892e+02 1.43315902e+01 1.95000000e+02
      vertex 9.86604360e+01 1.43065142e+01 1.95000000e+02
    endloop
  endfacet
  facet normal 1.77348950e-02 -9.96042557e-01 8.70901702e-02
    outer loop
      vertex 9.66347526e+01 1.29400789e+01 1.80000000e+02
      vertex 9.88760222e+01 1.29799855e+01 1.80000000e+02
      vertex 1.02959262e+02 1.43642319e+01 1.95000000e+02
    endloop
  endfacet
  facet normal 1.51257410e-02 -9.95989247e-01 8.81852166e-02
    outer loop
      vertex 9.66347526e+01 1.29400789e+01 1.80000000e+02
      vertex 1.02959262e+02 1.43642319e+01 1.95000000e+02
      vertex 1.00809892e+02 1.43315902e+01 1.95000000e+02
    endloop
  endfacet
  facet normal 2.31791251e-02 -9.96090896e-01 8.52388115e-02
    outer loop
      vertex 9.88760222e+01 1.29799855e+01 1.80000000e+02
      vertex 1.01117040e+02 1.30321342e+01 1.80000000e+02
      vertex 1.05108421e+02 1.44086139e+01 1.95000000e+02
    endloop
  endfacet
  facet normal 2.05693673e-02 -9.96055121e-01 8.63197410e-02
    outer loop
      vertex 9.88760222e+01 1.29799855e+01 1.80000000e+02
      vertex 1.05108421e+02 1.44086139e+01 1.95000000e+02
      vertex 1.02959262e+02 1.43642319e+01 1.95000000e+02
    endloop
  endfacet
  facet normal 2.49742767e-02 -9.96119783e-01 8.43899472e-02
    outer loop
      vertex 1.01117040e+02 1.30321342e+01 1.80000000e+02
      vertex 1.03357956e+02 1.30883174e+01 1.80000000e+02
      vertex 1.07257493e+02 1.44568650e+01 1.95000000e+02
    endloop
  endfacet
  facet normal 2.23643198e-02 -9.96090946e-01 8.54556293e-02
    outer loop
      vertex 1.01117040e+02 1.30321342e+01 1.80000000e+02
      vertex 1.07257493e+02 1.44568650e+01 1.95000000e+02
      vertex 1.05108421e+02 1.44086139e+01 1.95000000e+02
    endloop
  endfacet
  facet normal 2.72525339e-02 -9.96141276e-01 8.34257608e-02
    outer loop
      vertex 1.03357956e+02 1.30883174e+01 1.80000000e+02
      vertex 1.05598743e+02 1.31496211e+01 1.80000000e+02
      vertex 1.09406453e+02 1.45100267e+01 1.95000000e+02
    endloop
  endfacet
  facet normal 2.46423629e-02 -9.96120728e-01 8.44763207e-02
    outer loop
      vertex 1.03357956e+02 1.30883174e+01 1.80000000e+02
      vertex 1.09406453e+02 1.45100267e+01 1.95000000e+02
      vertex 1.07257493e+02 1.44568650e+01 1.95000000e+02
    endloop
  endfacet
  facet normal 2.97749203e-02 -9.96153406e-01 8.24126575e-02
    outer loop
      vertex 1.05598743e+02 1.31496211e+01 1.80000000e+02
      vertex 1.07839366e+02 1.32165931e+01 1.80000000e+02
      vertex 1.11555272e+02 1.45686245e+01 1.95000000e+02
    endloop
  endfacet
  facet normal 2.71645488e-02 -9.96141804e-01 8.34481435e-02
    outer loop
      vertex 1.05598743e+02 1.31496211e+01 1.80000000e+02
      vertex 1.11555272e+02 1.45686245e+01 1.95000000e+02
      vertex 1.09406453e+02 1.45100267e+01 1.95000000e+02
    endloop
  endfacet
  facet normal 3.07805654e-02 -9.96174037e-01 8.17914701e-02
    outer loop
      vertex 1.07839366e+02 1.32165931e+01 1.80000000e+02
      vertex 1.10079921e+02 1.32858235e+01 1.80000000e+02
      vertex 1.13704030e+02 1.46293881e+01 1.95000000e+02
    endloop
  endfacet
  facet normal 2.81701044e-02 -9.96167009e-01 8.28114399e-02
    outer loop
      vertex 1.07839366e+02 1.32165931e+01 1.80000000e+02
      vertex 1.13704030e+02 1.46293881e+01 1.95000000e+02
      vertex 1.11555272e+02 1.45686245e+01 1.95000000e+02
    endloop
  endfacet
  facet normal 3.19123614e-02 -9.96191241e-01 8.11456196e-02
    outer loop
      vertex 1.10079921e+02 1.32858235e+01 1.80000000e+02
      vertex 1.12320396e+02 1.33575957e+01 1.80000000e+02
      vertex 1.15852718e+02 1.46925894e+01 1.95000000e+02
    endloop
  endfacet
  facet normal 2.93018131e-02 -9.96189121e-01 8.21500985e-02
    outer loop
      vertex 1.10079921e+02 1.32858235e+01 1.80000000e+02
      vertex 1.15852718e+02 1.46925894e+01 1.95000000e+02
      vertex 1.13704030e+02 1.46293881e+01 1.95000000e+02
    endloop
  endfacet
  facet normal 3.30595925e-02 -9.96205983e-01 8.05028113e-02
    outer loop
      vertex 1.12320396e+02 1.33575957e+01 1.80000000e+02
      vertex 1.14560788e+02 1.34319443e+01 1.80000000e+02
      vertex 1.18001333e+02 1.47582615e+01 1.95000000e+02
    endloop
  endfacet
  facet normal 3.04489657e-02 -9.96208787e-01 8.14917935e-02
    outer loop
      vertex 1.12320396e+02 1.33575957e+01 1.80000000e+02
      vertex 1.18001333e+02 1.47582615e+01 1.95000000e+02
      vertex 1.15852718e+02 1.46925894e+01 1.95000000e+02
    endloop
  endfacet
  facet normal 3.35498288e-02 -9.96228621e-01 8.00183921e-02
    outer loop
      vertex 1.14560788e+02 1.34319443e+01 1.80000000e+02
      vertex 1.16801142e+02 1.35073923e+01 1.80000000e+02
      vertex 1.20149914e+02 1.48249881e+01 1.95000000e+02
    endloop
  endfacet
  facet normal 3.09391562e-02 -9.96234467e-01 8.09916937e-02
    outer loop
      vertex 1.14560788e+02 1.34319443e+01 1.80000000e+02
      vertex 1.20149914e+02 1.48249881e+01 1.95000000e+02
      vertex 1.18001333e+02 1.47582615e+01 1.95000000e+02
    endloop
  endfacet
  facet normal 3.40991377e-02 -9.96249589e-01 7.95236095e-02
    outer loop
      vertex 1.16801142e+02 1.35073923e+01 1.80000000e+02
      vertex 1.19041455e+02 1.35840726e+01 1.80000000e+02
      vertex 1.22298459e+02 1.48928964e+01 1.95000000e+02
    endloop
  endfacet
  facet normal 3.14884204e-02 -9.96258626e-01 8.04812401e-02
    outer loop
      vertex 1.16801142e+02 1.35073923e+01 1.80000000e+02
      vertex 1.22298459e+02 1.48928964e+01 1.95000000e+02
      vertex 1.20149914e+02 1.48249881e+01 1.95000000e+02
    endloop
  endfacet
  facet normal 3.48405573e-02 -9.96266381e-01 7.89900811e-02
    outer loop
      vertex 1.19041455e+02 1.35840726e+01 1.80000000e+02
      vertex 1.21281711e+02 1.36624169e+01 1.80000000e+02
      vertex 1.24446953e+02 1.49624006e+01 1.95000000e+02
    endloop
  endfacet
  facet normal 3.22297936e-02 -9.96279129e-01 7.99320843e-02
    outer loop
      vertex 1.19041455e+02 1.35840726e+01 1.80000000e+02
      vertex 1.24446953e+02 1.49624006e+01 1.95000000e+02
      vertex 1.22298459e+02 1.48928964e+01 1.95000000e+02
    endloop
  endfacet
  facet normal 3.56662371e-02 -9.96280387e-01 7.84430405e-02
    outer loop
      vertex 1.21281711e+02 1.36624169e+01 1.80000000e+02
      vertex 1.23521900e+02 1.37426143e+01 1.80000000e+02
      vertex 1.26595389e+02 1.50336820e+01 1.95000000e+02
    endloop
  endfacet
  facet normal 3.30554304e-02 -9.96297060e-01 7.93694306e-02
    outer loop
      vertex 1.21281711e+02 1.36624169e+01 1.80000000e+02
      vertex 1.26595389e+02 1.50336820e+01 1.95000000e+02
      vertex 1.24446953e+02 1.49624006e+01 1.95000000e+02
    endloop
  endfacet
  facet normal 3.65154651e-02 -9.96292541e-01 7.78960419e-02
    outer loop
      vertex 1.23521900e+02 1.37426143e+01 1.80000000e+02
      vertex 1.25762021e+02 1.38247178e+01 1.80000000e+02
      vertex 1.28743763e+02 1.51067913e+01 1.95000000e+02
    endloop
  endfacet
  facet normal 3.39046206e-02 -9.96313185e-01 7.88068174e-02
    outer loop
      vertex 1.23521900e+02 1.37426143e+01 1.80000000e+02
      vertex 1.28743763e+02 1.51067913e+01 1.95000000e+02
      vertex 1.26595389e+02 1.50336820e+01 1.95000000e+02
    endloop
  endfacet
  facet normal 3.73401163e-02 -9.96303818e-01 7.73590248e-02
    outer loop
      vertex 1.25762021e+02 1.38247178e+01 1.80000000e+02
      vertex 1.28002073e+02 1.39086719e+01 1.80000000e+02
      vertex 1.30892076e+02 1.51816756e+01 1.95000000e+02
    endloop
  endfacet
  facet normal 3.47292404e-02 -9.96328342e-01 7.82541725e-02
    outer loop
      vertex 1.25762021e+02 1.38247178e+01 1.80000000e+02
      vertex 1.30892076e+02 1.51816756e+01 1.95000000e+02
      vertex 1.28743763e+02 1.51067913e+01 1.95000000e+02
    endloop
  endfacet
  facet normal 3.86342225e-02 -9.96302693e-01 7.67355257e-02
    outer loop
      vertex 1.28002073e+02 1.39086719e+01 1.80000000e+02
      vertex 1.30242014e+02 1.39955314e+01 1.80000000e+02
      vertex 1.33040290e+02 1.52593462e+01 1.95000000e+02
    endloop
  endfacet
  facet normal 3.60233185e-02 -9.96332379e-01 7.76151520e-02
    outer loop
      vertex 1.28002073e+02 1.39086719e+01 1.80000000e+02
      vertex 1.33040290e+02 1.52593462e+01 1.95000000e+02
      vertex 1.30892076e+02 1.51816756e+01 1.95000000e+02
    endloop
  endfacet
  facet normal 1.13517766e-01 -9.91600177e-01 6.19903711e-02
    outer loop
      vertex 1.30242014e+02 1.39955314e+01 1.80000000e+02
      vertex 1.32497856e+02 1.42537788e+01 1.80000000e+02
      vertex 1.35204182e+02 1.55013297e+01 1.95000000e+02
    endloop
  endfacet
  facet normal 1.10915224e-01 -9.91838954e-01 6.28752910e-02
    outer loop
      vertex 1.30242014e+02 1.39955314e+01 1.80000000e+02
      vertex 1.35204182e+02 1.55013297e+01 1.95000000e+02
      vertex 1.33040290e+02 1.52593462e+01 1.95000000e+02
    endloop
  endfacet
  facet normal 2.30708721e-01 9.65223119e-01 -1.22954533e-01
    outer loop
      vertex 1.35204182e+02 1.55013297e+01 1.95000000e+02
      vertex 1.33113467e+02 1.60010548e+01 1.95000000e+02
      vertex 1.35910557e+02 1.72432597e+01 2.10000000e+02
    endloop
  endfacet
  facet normal 2.33233486e-01 9.64610072e-01 -1.23002236e-01
    outer loop
      vertex 1.35204182e+02 1.55013297e+01 1.95000000e+02
      vertex 1.35910557e+02 1.72432597e+01 2.10000000e+02
      vertex 1.37910528e+02 1.67596859e+01 2.10000000e+02
    endloop
  endfacet
  facet normal 2.22703080e-01 9.67224520e-01 -1.21983880e-01
    outer loop
      vertex 1.33113467e+02 1.60010548e+01 1.95000000e+02
      vertex 1.31018667e+02 1.64833815e+01 1.95000000e+02
      vertex 1.33906634e+02 1.77101899e+01 2.10000000e+02
    endloop
  endfacet
  facet normal 2.25232659e-01 9.66630263e-01 -1.22049928e-01
    outer loop
      vertex 1.33113467e+02 1.60010548e+01 1.95000000e+02
      vertex 1.33906634e+02 1.77101899e+01 2.10000000e+02
      vertex 1.35910557e+02 1.72432597e+01 2.10000000e+02
    endloop
  endfacet
  facet normal 2.13939904e-01 9.69345469e-01 -1.20826651e-01
    outer loop
      vertex 1.31018667e+02 1.64833815e+01 1.95000000e+02
      vertex 1.28919574e+02 1.69466630e+01 1.95000000e+02
      vertex 1.31898553e+02 1.81589009e+01 2.10000000e+02
    endloop
  endfacet
  facet normal 2.16474661e-01 9.68771998e-01 -1.20911280e-01
    outer loop
      vertex 1.31018667e+02 1.64833815e+01 1.95000000e+02
      vertex 1.31898553e+02 1.81589009e+01 2.10000000e+02
      vertex 1.33906634e+02 1.77101899e+01 2.10000000e+02
    endloop
  endfacet
  facet normal 2.06014502e-01 9.71193040e-01 -1.19758525e-01
    outer loop
      vertex 1.28919574e+02 1.69466630e+01 1.95000000e+02
      vertex 1.26816755e+02 1.73927240e+01 1.95000000e+02
      vertex 1.29886862e+02 1.85911379e+01 2.10000000e+02
    endloop
  endfacet
  facet normal 2.08553762e-01 9.70638224e-01 -1.19861446e-01
    outer loop
      vertex 1.28919574e+02 1.69466630e+01 1.95000000e+02
      vertex 1.29886862e+02 1.85911379e+01 2.10000000e+02
      vertex 1.31898553e+02 1.81589009e+01 2.10000000e+02
    endloop
  endfacet
  facet normal 1.98644703e-01 9.72852133e-01 -1.18739251e-01
    outer loop
      vertex 1.26816755e+02 1.73927240e+01 1.95000000e+02
      vertex 1.24710594e+02 1.78227766e+01 1.95000000e+02
      vertex 1.27871933e+02 1.90080600e+01 2.10000000e+02
    endloop
  endfacet
  facet normal 2.01188007e-01 9.72314569e-01 -1.18860271e-01
    outer loop
      vertex 1.26816755e+02 1.73927240e+01 1.95000000e+02
      vertex 1.27871933e+02 1.90080600e+01 2.10000000e+02
      vertex 1.29886862e+02 1.85911379e+01 2.10000000e+02
    endloop
  endfacet
  facet normal 1.89212263e-01 9.74908388e-01 -1.17270434e-01
    outer loop
      vertex 1.24710594e+02 1.78227766e+01 1.95000000e+02
      vertex 1.22600353e+02 1.82323367e+01 1.95000000e+02
      vertex 1.25853047e+02 1.94053770e+01 2.10000000e+02
    endloop
  endfacet
  facet normal 1.91760727e-01 9.74393486e-01 -1.17410208e-01
    outer loop
      vertex 1.24710594e+02 1.78227766e+01 1.95000000e+02
      vertex 1.25853047e+02 1.94053770e+01 2.10000000e+02
      vertex 1.27871933e+02 1.90080600e+01 2.10000000e+02
    endloop
  endfacet
  facet normal 1.81511680e-01 9.76513336e-01 -1.16082792e-01
    outer loop
      vertex 1.22600353e+02 1.82323367e+01 1.95000000e+02
      vertex 1.20486954e+02 1.86251695e+01 1.95000000e+02
      vertex 1.23831097e+02 1.97866908e+01 2.10000000e+02
    endloop
  endfacet
  facet normal 1.84064138e-01 9.76016640e-01 -1.16240750e-01
    outer loop
      vertex 1.22600353e+02 1.82323367e+01 1.95000000e+02
      vertex 1.23831097e+02 1.97866908e+01 2.10000000e+02
      vertex 1.25853047e+02 1.94053770e+01 2.10000000e+02
    endloop
  endfacet
  facet normal 1.74513812e-01 9.77917511e-01 -1.14988133e-01
    outer loop
      vertex 1.20486954e+02 1.86251695e+01 1.95000000e+02
      vertex 1.18370799e+02 1.90028070e+01 1.95000000e+02
      vertex 1.21806469e+02 2.01534665e+01 2.10000000e+02
    endloop
  endfacet
  facet normal 1.77069760e-01 9.77437233e-01 -1.15164040e-01
    outer loop
      vertex 1.20486954e+02 1.86251695e+01 1.95000000e+02
      vertex 1.21806469e+02 2.01534665e+01 2.10000000e+02
      vertex 1.23831097e+02 1.97866908e+01 2.10000000e+02
    endloop
  endfacet
  facet normal 1.68194925e-01 9.79140654e-01 -1.13991432e-01
    outer loop
      vertex 1.18370799e+02 1.90028070e+01 1.95000000e+02
      vertex 1.16252218e+02 1.93667330e+01 1.95000000e+02
      vertex 1.19779485e+02 2.05071237e+01 2.10000000e+02
    endloop
  endfacet
  facet normal 1.70753908e-01 9.78675061e-01 -1.14185059e-01
    outer loop
      vertex 1.18370799e+02 1.90028070e+01 1.95000000e+02
      vertex 1.19779485e+02 2.05071237e+01 2.10000000e+02
      vertex 1.21806469e+02 2.01534665e+01 2.10000000e+02
    endloop
  endfacet
  facet normal 1.56836707e-01 9.81271722e-01 -1.11839418e-01
    outer loop
      vertex 1.16252218e+02 1.93667330e+01 1.95000000e+02
      vertex 1.14129541e+02 1.97060004e+01 1.95000000e+02
      vertex 1.17748520e+02 2.08371882e+01 2.10000000e+02
    endloop
  endfacet
  facet normal 1.59401283e-01 9.80834086e-01 -1.12052341e-01
    outer loop
      vertex 1.16252218e+02 1.93667330e+01 1.95000000e+02
      vertex 1.17748520e+02 2.08371882e+01 2.10000000e+02
      vertex 1.19779485e+02 2.05071237e+01 2.10000000e+02
    endloop
  endfacet
  facet normal 1.49690358e-01 9.82531273e-01 -1.10567149e-01
    outer loop
      vertex 1.14129541e+02 1.97060004e+01 1.95000000e+02
      vertex 1.12004488e+02 2.00297560e+01 1.95000000e+02
      vertex 1.15715241e+02 2.11524107e+01 2.10000000e+02
    endloop
  endfacet
  facet normal 1.52258164e-01 9.82110608e-01 -1.10798037e-01
    outer loop
      vertex 1.14129541e+02 1.97060004e+01 1.95000000e+02
      vertex 1.15715241e+02 2.11524107e+01 2.10000000e+02
      vertex 1.17748520e+02 2.08371882e+01 2.10000000e+02
    endloop
  endfacet
  facet normal 1.43646872e-01 9.83551797e-01 -1.09505429e-01
    outer loop
      vertex 1.12004488e+02 2.00297560e+01 1.95000000e+02
      vertex 1.09877444e+02 2.03404089e+01 1.95000000e+02
      vertex 1.13680023e+02 2.14550964e+01 2.10000000e+02
    endloop
  endfacet
  facet normal 1.46217277e-01 9.83145251e-01 -1.09753919e-01
    outer loop
      vertex 1.12004488e+02 2.00297560e+01 1.95000000e+02
      vertex 1.13680023e+02 2.14550964e+01 2.10000000e+02
      vertex 1.15715241e+02 2.11524107e+01 2.10000000e+02
    endloop
  endfacet
  facet normal 1.30511938e-01 9.85689374e-01 -1.06691574e-01
    outer loop
      vertex 1.09877444e+02 2.03404089e+01 1.95000000e+02
      vertex 1.07746425e+02 2.06225702e+01 1.95000000e+02
      vertex 1.11640929e+02 2.17305200e+01 2.10000000e+02
    endloop
  endfacet
  facet normal 1.33088159e-01 9.85315755e-01 -1.06959824e-01
    outer loop
      vertex 1.09877444e+02 2.03404089e+01 1.95000000e+02
      vertex 1.11640929e+02 2.17305200e+01 2.10000000e+02
      vertex 1.13680023e+02 2.14550964e+01 2.10000000e+02
    endloop
  endfacet
  facet normal 1.23111491e-01 9.86800161e-01 -1.05209332e-01
    outer loop
      vertex 1.07746425e+02 2.06225702e+01 1.95000000e+02
      vertex 1.05613408e+02 2.08886818e+01 1.95000000e+02
      vertex 1.09599882e+02 2.19905860e+01 2.10000000e+02
    endloop
  endfacet
  facet normal 1.25690670e-01 9.86444392e-01 -1.05495579e-01
    outer loop
      vertex 1.07746425e+02 2.06225702e+01 1.95000000e+02
      vertex 1.09599882e+02 2.19905860e+01 2.10000000e+02
      vertex 1.11640929e+02 2.17305200e+01 2.10000000e+02
    endloop
  endfacet
  facet normal 1.15235430e-01 9.87925578e-01 -1.03556015e-01
    outer loop
      vertex 1.05613408e+02 2.08886818e+01 1.95000000e+02
      vertex 1.03478266e+02 2.11377329e+01 1.95000000e+02
      vertex 1.07556759e+02 2.22343270e+01 2.10000000e+02
    endloop
  endfacet
  facet normal 1.17817656e-01 9.87588996e-01 -1.03860365e-01
    outer loop
      vertex 1.05613408e+02 2.08886818e+01 1.95000000e+02
      vertex 1.07556759e+02 2.22343270e+01 2.10000000e+02
      vertex 1.09599882e+02 2.19905860e+01 2.10000000e+02
    endloop
  endfacet
  facet normal 9.98797743e-02 9.89972957e-01 -9.98878158e-02
    outer loop
      vertex 1.03478266e+02 2.11377329e+01 1.95000000e+02
      vertex 1.01339531e+02 2.13535129e+01 1.95000000e+02
      vertex 1.05510113e+02 2.24462301e+01 2.10000000e+02
    endloop
  endfacet
  facet normal 1.02467810e-01 9.89675610e-01 -1.00212444e-01
    outer loop
      vertex 1.03478266e+02 2.11377329e+01 1.95000000e+02
      vertex 1.05510113e+02 2.24462301e+01 2.10000000e+02
      vertex 1.07556759e+02 2.22343270e+01 2.10000000e+02
    endloop
  endfacet
  facet normal 9.18994372e-02 9.90924685e-01 -9.80956774e-02
    outer loop
      vertex 1.01339531e+02 2.13535129e+01 1.95000000e+02
      vertex 9.91991892e+01 2.15520105e+01 1.95000000e+02
      vertex 1.03461885e+02 2.26415947e+01 2.10000000e+02
    endloop
  endfacet
  facet normal 9.44901407e-02 9.90647009e-01 -9.84383920e-02
    outer loop
      vertex 1.01339531e+02 2.13535129e+01 1.95000000e+02
      vertex 1.03461885e+02 2.26415947e+01 2.10000000e+02
      vertex 1.05510113e+02 2.24462301e+01 2.10000000e+02
    endloop
  endfacet
  facet normal 7.91017439e-02 9.92337296e-01 -9.49189419e-02
    outer loop
      vertex 9.91991892e+01 2.15520105e+01 1.95000000e+02
      vertex 9.70563684e+01 2.17228203e+01 1.95000000e+02
      vertex 1.01411215e+02 2.28104627e+01 2.10000000e+02
    endloop
  endfacet
  facet normal 8.16965638e-02 9.92092331e-01 -9.52810442e-02
    outer loop
      vertex 9.91991892e+01 2.15520105e+01 1.95000000e+02
      vertex 1.01411215e+02 2.28104627e+01 2.10000000e+02
      vertex 1.03461885e+02 2.26415947e+01 2.10000000e+02
    endloop
  endfacet
  facet normal 5.94601320e-02 9.94191558e-01 -8.97086317e-02
    outer loop
      vertex 9.70563684e+01 2.17228203e+01 1.95000000e+02
      vertex 9.49107044e+01 2.18511471e+01 1.95000000e+02
      vertex 9.93577178e+01 2.29386734e+01 2.10000000e+02
    endloop
  endfacet
  facet normal 6.20605568e-02 9.93997956e-01 -9.00919046e-02
    outer loop
      vertex 9.70563684e+01 2.17228203e+01 1.95000000e+02
      vertex 9.93577178e+01 2.29386734e+01 2.10000000e+02
      vertex 1.01411215e+02 2.28104627e+01 2.10000000e+02
    endloop
  endfacet
  facet normal 4.63396209e-02 9.95195302e-01 -8.62493494e-02
    outer loop
      vertex 9.49107044e+01 2.18511471e+01 1.95000000e+02
      vertex 9.27636033e+01 2.19511233e+01 1.95000000e+02
      vertex 9.73027736e+01 2.30397507e+01 2.10000000e+02
    endloop
  endfacet
  facet normal 4.89431582e-02 9.95035686e-01 -8.66518908e-02
    outer loop
      vertex 9.49107044e+01 2.18511471e+01 1.95000000e+02
      vertex 9.73027736e+01 2.30397507e+01 2.10000000e+02
      vertex 9.93577178e+01 2.29386734e+01 2.10000000e+02
    endloop
  endfacet
  facet normal 2.30716246e-02 9.96554673e-01 -7.96648252e-02
    outer loop
      vertex 9.27636033e+01 2.19511233e+01 1.95000000e+02
      vertex 9.06145612e+01 2.20008766e+01 1.95000000e+02
      vertex 9.52458456e+01 2.30927597e+01 2.10000000e+02
    endloop
  endfacet
  facet normal 2.56796410e-02 9.96456880e-01 -8.00889642e-02
    outer loop
      vertex 9.27636033e+01 2.19511233e+01 1.95000000e+02
      vertex 9.52458456e+01 2.30927597e+01 2.10000000e+02
      vertex 9.73027736e+01 2.30397507e+01 2.10000000e+02
    endloop
  endfacet
  facet normal -2.35757076e-03 9.97385064e-01 -7.22320949e-02
    outer loop
      vertex 9.06145612e+01 2.20008766e+01 1.95000000e+02
      vertex 8.84651677e+01 2.19957960e+01 1.95000000e+02
      vertex 9.31884437e+01 2.30932827e+01 2.10000000e+02
    endloop
  endfacet
  facet normal 2.53574090e-04 9.97355426e-01 -7.26779884e-02
    outer loop
      vertex 9.06145612e+01 2.20008766e+01 1.95000000e+02
      vertex 9.31884437e+01 2.30932827e+01 2.10000000e+02
      vertex 9.52458456e+01 2.30927597e+01 2.10000000e+02
    endloop
  endfacet
  facet normal -2.29817556e-02 9.97547777e-01 -6.61080322e-02
    outer loop
      vertex 8.84651677e+01 2.19957960e+01 1.95000000e+02
      vertex 8.63164471e+01 2.19462932e+01 1.95000000e+02
      vertex 9.11315747e+01 2.30512835e+01 2.10000000e+02
    endloop
  endfacet
  facet normal -2.03694731e-02 9.97573536e-01 -6.65742054e-02
    outer loop
      vertex 8.84651677e+01 2.19957960e+01 1.95000000e+02
      vertex 9.11315747e+01 2.30512835e+01 2.10000000e+02
      vertex 9.31884437e+01 2.30932827e+01 2.10000000e+02
    endloop
  endfacet
  facet normal -4.74307705e-02 9.97154764e-01 -5.85892383e-02
    outer loop
      vertex 8.63164471e+01 2.19462932e+01 1.95000000e+02
      vertex 8.41692803e+01 2.18441609e+01 1.95000000e+02
      vertex 8.90760612e+01 2.29589035e+01 2.10000000e+02
    endloop
  endfacet
  facet normal -4.48187779e-02 9.97246862e-01 -5.90759951e-02
    outer loop
      vertex 8.63164471e+01 2.19462932e+01 1.95000000e+02
      vertex 8.90760612e+01 2.29589035e+01 2.10000000e+02
      vertex 9.11315747e+01 2.30512835e+01 2.10000000e+02
    endloop
  endfacet
  facet normal -8.73312187e-02 9.95128451e-01 -4.57452113e-02
    outer loop
      vertex 8.41692803e+01 2.18441609e+01 1.95000000e+02
      vertex 8.20278927e+01 2.16562354e+01 1.95000000e+02
      vertex 8.70258643e+01 2.27843884e+01 2.10000000e+02
    endloop
  endfacet
  facet normal -8.47236934e-02 9.95330308e-01 -4.62544385e-02
    outer loop
      vertex 8.41692803e+01 2.18441609e+01 1.95000000e+02
      vertex 8.70258643e+01 2.27843884e+01 2.10000000e+02
      vertex 8.90760612e+01 2.29589035e+01 2.10000000e+02
    endloop
  endfacet
  facet normal -1.22233349e-01 9.91910847e-01 -3.42327370e-02
    outer loop
      vertex 8.20278927e+01 2.16562354e+01 1.95000000e+02
      vertex 7.98947913e+01 2.13933729e+01 1.95000000e+02
      vertex 8.49834113e+01 2.25381231e+01 2.10000000e+02
    endloop
  endfacet
  facet normal -1.19633928e-01 9.92209300e-01 -3.47624597e-02
    outer loop
      vertex 8.20278927e+01 2.16562354e+01 1.95000000e+02
      vertex 8.49834113e+01 2.25381231e+01 2.10000000e+02
      vertex 8.70258643e+01 2.27843884e+01 2.10000000e+02
    endloop
  endfacet
  facet normal -1.65584760e-01 9.86004054e-01 -1.94343016e-02
    outer loop
      vertex 7.98947913e+01 2.13933729e+01 1.95000000e+02
      vertex 7.77755136e+01 2.10374717e+01 1.95000000e+02
      vertex 8.29539571e+01 2.22027669e+01 2.10000000e+02
    endloop
  endfacet
  facet normal -1.63001077e-01 9.86423486e-01 -1.99838617e-02
    outer loop
      vertex 7.98947913e+01 2.13933729e+01 1.95000000e+02
      vertex 8.29539571e+01 2.22027669e+01 2.10000000e+02
      vertex 8.49834113e+01 2.25381231e+01 2.10000000e+02
    endloop
  endfacet
  facet normal -2.22741727e-01 9.74877160e-01 8.03423181e-04
    outer loop
      vertex 7.77755136e+01 2.10374717e+01 1.95000000e+02
      vertex 7.56808470e+01 2.05588784e+01 1.95000000e+02
      vertex 8.09477530e+01 2.17499089e+01 2.10000000e+02
    endloop
  endfacet
  facet normal -2.20188809e-01 9.75457243e-01 2.35973899e-04
    outer loop
      vertex 7.77755136e+01 2.10374717e+01 1.95000000e+02
      vertex 8.09477530e+01 2.17499089e+01 2.10000000e+02
      vertex 8.29539571e+01 2.22027669e+01 2.10000000e+02
    endloop
  endfacet
  facet normal -3.02273615e-01 9.52744969e-01 3.01278314e-02
    outer loop
      vertex 7.56808470e+01 2.05588784e+01 1.95000000e+02
      vertex 7.36331716e+01 1.99092205e+01 1.95000000e+02
      vertex 7.89861000e+01 2.11331908e+01 2.10000000e+02
    endloop
  endfacet
  facet normal -2.99783489e-01 9.53549556e-01 2.95483261e-02
    outer loop
      vertex 7.56808470e+01 2.05588784e+01 1.95000000e+02
      vertex 7.89861000e+01 2.11331908e+01 2.10000000e+02
      vertex 8.09477530e+01 2.17499089e+01 2.10000000e+02
    endloop
  endfacet
  facet normal -4.76255502e-01 8.73794917e-01 9.83012704e-02
    outer loop
      vertex 7.36331716e+01 1.99092205e+01 1.95000000e+02
      vertex 7.17517595e+01 1.88837707e+01 1.95000000e+02
      vertex 7.71826518e+01 2.01563499e+01 2.10000000e+02
    endloop
  endfacet
  facet normal -4.73992403e-01 8.75086980e-01 9.77444618e-02
    outer loop
      vertex 7.36331716e+01 1.99092205e+01 1.95000000e+02
      vertex 7.71826518e+01 2.01563499e+01 2.10000000e+02
      vertex 7.89861000e+01 2.11331908e+01 2.10000000e+02
    endloop
  endfacet
  facet normal -9.11369468e-01 2.74880969e-01 3.06343182e-01
    outer loop
      vertex 7.17517595e+01 1.88837707e+01 1.95000000e+02
      vertex 7.11956661e+01 1.70400395e+01 1.95000000e+02
      vertex 7.66457415e+01 1.83929329e+01 2.10000000e+02
    endloop
  endfacet
  facet normal -9.10690714e-01 2.77279382e-01 3.06200210e-01
    outer loop
      vertex 7.17517595e+01 1.88837707e+01 1.95000000e+02
      vertex 7.66457415e+01 1.83929329e+01 2.10000000e+02
      vertex 7.71826518e+01 2.01563499e+01 2.10000000e+02
    endloop
  endfacet
  facet normal -5.05902701e-01 -8.23191462e-01 2.57717431e-01
    outer loop
      vertex 7.11956661e+01 1.70400395e+01 1.95000000e+02
      vertex 7.30030996e+01 1.59292584e+01 1.95000000e+02
      vertex 7.83730246e+01 1.73251693e+01 2.10000000e+02
    endloop
  endfacet
  facet normal -5.07924262e-01 -8.21650962e-01 2.58655446e-01
    outer loop
      vertex 7.11956661e+01 1.70400395e+01 1.95000000e+02
      vertex 7.83730246e+01 1.73251693e+01 2.10000000e+02
      vertex 7.66457415e+01 1.83929329e+01 2.10000000e+02
    endloop
  endfacet
  facet normal -2.61075388e-01 -9.48131701e-01 1.81344753e-01
    outer loop
      vertex 7.30030996e+01 1.59292584e+01 1.95000000e+02
      vertex 7.50731570e+01 1.53592521e+01 1.95000000e+02
      vertex 8.03530451e+01 1.67743746e+01 2.10000000e+02
    endloop
  endfacet
  facet normal -2.63500268e-01 -9.47242118e-01 1.82482816e-01
    outer loop
      vertex 7.30030996e+01 1.59292584e+01 1.95000000e+02
      vertex 8.03530451e+01 1.67743746e+01 2.10000000e+02
      vertex 7.83730246e+01 1.73251693e+01 2.10000000e+02
    endloop
  endfacet
  facet normal -1.68620751e-01 -9.74062820e-01 1.50892891e-01
    outer loop
      vertex 7.50731570e+01 1.53592521e+01 1.95000000e+02
      vertex 7.71906259e+01 1.49926955e+01 1.95000000e+02
      vertex 8.23789576e+01 1.64182021e+01 2.10000000e+02
    endloop
  endfacet
  facet normal -1.71138883e-01 -9.73439556e-01 1.52075355e-01
    outer loop
      vertex 7.50731570e+01 1.53592521e+01 1.95000000e+02
      vertex 8.23789576e+01 1.64182021e+01 2.10000000e+02
      vertex 8.03530451e+01 1.67743746e+01 2.10000000e+02
    endloop
  endfacet
  facet normal -1.12882850e-01 -9.84764353e-01 1.32274831e-01
    outer loop
      vertex 7.71906259e+01 1.49926955e+01 1.95000000e+02
      vertex 7.93261840e+01 1.47478979e+01 1.95000000e+02
      vertex 8.44224900e+01 1.61785315e+01 2.10000000e+02
    endloop
  endfacet
  facet normal -1.15441867e-01 -9.84306001e-01 1.33472360e-01
    outer loop
      vertex 7.71906259e+01 1.49926955e+01 1.95000000e+02
      vertex 8.44224900e+01 1.61785315e+01 2.10000000e+02
      vertex 8.23789576e+01 1.64182021e+01 2.10000000e+02
    endloop
  endfacet
  facet normal -7.72348239e-02 -9.89730969e-01 1.20280466e-01
    outer loop
      vertex 7.93261840e+01 1.47478979e+01 1.95000000e+02
      vertex 8.14692630e+01 1.45806602e+01 1.95000000e+02
      vertex 8.64734158e+01 1.60130819e+01 2.10000000e+02
    endloop
  endfacet
  facet normal -7.98139229e-02 -9.89379811e-01 1.21479741e-01
    outer loop
      vertex 7.93261840e+01 1.47478979e+01 1.95000000e+02
      vertex 8.64734158e+01 1.60130819e+01 2.10000000e+02
      vertex 8.44224900e+01 1.61785315e+01 2.10000000e+02
    endloop
  endfacet
  facet normal -5.32266974e-02 -9.92264034e-01 1.12156163e-01
    outer loop
      vertex 8.14692630e+01 1.45806602e+01 1.95000000e+02
      vertex 8.36157146e+01 1.44655210e+01 1.95000000e+02
      vertex 8.85277003e+01 1.58974923e+01 2.10000000e+02
    endloop
  endfacet
  facet normal -5.58166394e-02 -9.91985973e-01 1.13350482e-01
    outer loop
      vertex 8.14692630e+01 1.45806602e+01 1.95000000e+02
      vertex 8.85277003e+01 1.58974923e+01 2.10000000e+02
      vertex 8.64734158e+01 1.60130819e+01 2.10000000e+02
    endloop
  endfacet
  facet normal -3.64176915e-02 -9.93653345e-01 1.06427356e-01
    outer loop
      vertex 8.36157146e+01 1.44655210e+01 1.95000000e+02
      vertex 8.57637936e+01 1.43867933e+01 1.95000000e+02
      vertex 9.05836338e+01 1.58167516e+01 2.10000000e+02
    endloop
  endfacet
  facet normal -3.90139340e-02 -9.93427076e-01 1.07613000e-01
    outer loop
      vertex 8.36157146e+01 1.44655210e+01 1.95000000e+02
      vertex 9.05836338e+01 1.58167516e+01 2.10000000e+02
      vertex 8.85277003e+01 1.58974923e+01 2.10000000e+02
    endloop
  endfacet
  facet normal -2.43857206e-02 -9.94456647e-01 1.02280562e-01
    outer loop
      vertex 8.57637936e+01 1.43867933e+01 1.95000000e+02
      vertex 8.79127115e+01 1.43340982e+01 1.95000000e+02
      vertex 9.26404356e+01 1.57609271e+01 2.10000000e+02
    endloop
  endfacet
  facet normal -2.69858194e-02 -9.94267958e-01 1.03455273e-01
    outer loop
      vertex 8.57637936e+01 1.43867933e+01 1.95000000e+02
      vertex 9.26404356e+01 1.57609271e+01 2.10000000e+02
      vertex 9.05836338e+01 1.58167516e+01 2.10000000e+02
    endloop
  endfacet
  facet normal -1.53549843e-02 -9.94956567e-01 9.91244413e-02
    outer loop
      vertex 8.79127115e+01 1.43340982e+01 1.95000000e+02
      vertex 9.00620722e+01 1.43009275e+01 1.95000000e+02
      vertex 9.46977102e+01 1.57237901e+01 2.10000000e+02
    endloop
  endfacet
  facet normal -1.79576166e-02 -9.94796496e-01 1.00286868e-01
    outer loop
      vertex 8.79127115e+01 1.43340982e+01 1.95000000e+02
      vertex 9.46977102e+01 1.57237901e+01 2.10000000e+02
      vertex 9.26404356e+01 1.57609271e+01 2.10000000e+02
    endloop
  endfacet
  facet normal -5.13217058e-03 -9.95401805e-01 9.56499174e-02
    outer loop
      vertex 9.00620722e+01 1.43009275e+01 1.95000000e+02
      vertex 9.22116615e+01 1.42898445e+01 1.95000000e+02
      vertex 9.67552589e+01 1.57077948e+01 2.10000000e+02
    endloop
  endfacet
  facet normal -7.73724130e-03 -9.95273748e-01 9.68003217e-02
    outer loop
      vertex 9.00620722e+01 1.43009275e+01 1.95000000e+02
      vertex 9.67552589e+01 1.57077948e+01 2.10000000e+02
      vertex 9.46977102e+01 1.57237901e+01 2.10000000e+02
    endloop
  endfacet
  facet normal -1.46485167e-03 -9.95552613e-01 9.41957967e-02
    outer loop
      vertex 9.22116615e+01 1.42898445e+01 1.95000000e+02
      vertex 9.43612661e+01 1.42866816e+01 1.95000000e+02
      vertex 9.88128421e+01 1.56993805e+01 2.10000000e+02
    endloop
  endfacet
  facet normal -4.07075212e-03 -9.95437233e-01 9.53317559e-02
    outer loop
      vertex 9.22116615e+01 1.42898445e+01 1.95000000e+02
      vertex 9.88128421e+01 1.56993805e+01 2.10000000e+02
      vertex 9.67552589e+01 1.57077948e+01 2.10000000e+02
    endloop
  endfacet
  facet normal 1.78798029e-03 -9.95675291e-01 9.28844345e-02
    outer loop
      vertex 9.43612661e+01 1.42866816e+01 1.95000000e+02
      vertex 9.65108775e+01 1.42905418e+01 1.95000000e+02
      vertex 1.00870449e+02 1.56976886e+01 2.10000000e+02
    endloop
  endfacet
  facet normal -8.18608136e-04 -9.95571316e-01 9.40057713e-02
    outer loop
      vertex 9.43612661e+01 1.42866816e+01 1.95000000e+02
      vertex 1.00870449e+02 1.56976886e+01 2.10000000e+02
      vertex 9.88128421e+01 1.56993805e+01 2.10000000e+02
    endloop
  endfacet
  facet normal 7.39958160e-03 -9.95831574e-01 9.09105168e-02
    outer loop
      vertex 9.65108775e+01 1.42905418e+01 1.95000000e+02
      vertex 9.86604360e+01 1.43065142e+01 1.95000000e+02
      vertex 1.02928036e+02 1.57075907e+01 2.10000000e+02
    endloop
  endfacet
  facet normal 4.79198874e-03 -9.95745816e-01 9.20179710e-02
    outer loop
      vertex 9.65108775e+01 1.42905418e+01 1.95000000e+02
      vertex 1.02928036e+02 1.57075907e+01 2.10000000e+02
      vertex 1.00870449e+02 1.56976886e+01 2.10000000e+02
    endloop
  endfacet
  facet normal 1.16187631e-02 -9.95931462e-01 8.93617804e-02
    outer loop
      vertex 9.86604360e+01 1.43065142e+01 1.95000000e+02
      vertex 1.00809892e+02 1.43315902e+01 1.95000000e+02
      vertex 1.04985548e+02 1.57262069e+01 2.10000000e+02
    endloop
  endfacet
  facet normal 9.01049107e-03 -9.95859796e-01 9.04548383e-02
    outer loop
      vertex 9.86604360e+01 1.43065142e+01 1.95000000e+02
      vertex 1.04985548e+02 1.57262069e+01 2.10000000e+02
      vertex 1.02928036e+02 1.57075907e+01 2.10000000e+02
    endloop
  endfacet
  facet normal 1.51259436e-02 -9.96002590e-01 8.80343487e-02
    outer loop
      vertex 1.00809892e+02 1.43315902e+01 1.95000000e+02
      vertex 1.02959262e+02 1.43642319e+01 1.95000000e+02
      vertex 1.07042996e+02 1.57520653e+01 2.10000000e+02
    endloop
  endfacet
  facet normal 1.25171610e-02 -9.95942889e-01 8.91127495e-02
    outer loop
      vertex 1.00809892e+02 1.43315902e+01 1.95000000e+02
      vertex 1.07042996e+02 1.57520653e+01 2.10000000e+02
      vertex 1.04985548e+02 1.57262069e+01 2.10000000e+02
    endloop
  endfacet
  facet normal 2.05695807e-02 -9.96065455e-01 8.62003568e-02
    outer loop
      vertex 1.02959262e+02 1.43642319e+01 1.95000000e+02
      vertex 1.05108421e+02 1.44086139e+01 1.95000000e+02
      vertex 1.09100272e+02 1.57891618e+01 2.10000000e+02
    endloop
  endfacet
  facet normal 1.79601494e-02 -9.96023250e-01 8.72646506e-02
    outer loop
      vertex 1.02959262e+02 1.43642319e+01 1.95000000e+02
      vertex 1.09100272e+02 1.57891618e+01 2.10000000e+02
      vertex 1.07042996e+02 1.57520653e+01 2.10000000e+02
    endloop
  endfacet
  facet normal 2.23644886e-02 -9.96098463e-01 8.53679190e-02
    outer loop
      vertex 1.05108421e+02 1.44086139e+01 1.95000000e+02
      vertex 1.07257493e+02 1.44568650e+01 1.95000000e+02
      vertex 1.11157475e+02 1.58299621e+01 2.10000000e+02
    endloop
  endfacet
  facet normal 1.97548419e-02 -9.96063178e-01 8.64169683e-02
    outer loop
      vertex 1.05108421e+02 1.44086139e+01 1.95000000e+02
      vertex 1.11157475e+02 1.58299621e+01 2.10000000e+02
      vertex 1.09100272e+02 1.57891618e+01 2.10000000e+02
    endloop
  endfacet
  facet normal 2.46424804e-02 -9.96125476e-01 8.44202783e-02
    outer loop
      vertex 1.07257493e+02 1.44568650e+01 1.95000000e+02
      vertex 1.09406453e+02 1.45100267e+01 1.95000000e+02
      vertex 1.13214582e+02 1.58754630e+01 2.10000000e+02
    endloop
  endfacet
  facet normal 2.20325995e-02 -9.96098460e-01 8.54542095e-02
    outer loop
      vertex 1.07257493e+02 1.44568650e+01 1.95000000e+02
      vertex 1.13214582e+02 1.58754630e+01 2.10000000e+02
      vertex 1.11157475e+02 1.58299621e+01 2.10000000e+02
    endloop
  endfacet
  facet normal 2.71646044e-02 -9.96143844e-01 8.34237769e-02
    outer loop
      vertex 1.09406453e+02 1.45100267e+01 1.95000000e+02
      vertex 1.11555272e+02 1.45686245e+01 1.95000000e+02
      vertex 1.15271568e+02 1.59261677e+01 2.10000000e+02
    endloop
  endfacet
  facet normal 2.45545010e-02 -9.96125754e-01 8.44426393e-02
    outer loop
      vertex 1.09406453e+02 1.45100267e+01 1.95000000e+02
      vertex 1.15271568e+02 1.59261677e+01 2.10000000e+02
      vertex 1.13214582e+02 1.58754630e+01 2.10000000e+02
    endloop
  endfacet
  facet normal 2.81700870e-02 -9.96166396e-01 8.28188200e-02
    outer loop
      vertex 1.11555272e+02 1.45686245e+01 1.95000000e+02
      vertex 1.13704030e+02 1.46293881e+01 1.95000000e+02
      vertex 1.17328501e+02 1.59789458e+01 2.10000000e+02
    endloop
  endfacet
  facet normal 2.55598841e-02 -9.96152868e-01 8.38221680e-02
    outer loop
      vertex 1.11555272e+02 1.45686245e+01 1.95000000e+02
      vertex 1.17328501e+02 1.59789458e+01 2.10000000e+02
      vertex 1.15271568e+02 1.59261677e+01 2.10000000e+02
    endloop
  endfacet
  facet normal 2.93017182e-02 -9.96185896e-01 8.21892313e-02
    outer loop
      vertex 1.13704030e+02 1.46293881e+01 1.95000000e+02
      vertex 1.15852718e+02 1.46925894e+01 1.95000000e+02
      vertex 1.19385373e+02 1.60340573e+01 2.10000000e+02
    endloop
  endfacet
  facet normal 2.66914170e-02 -9.96177263e-01 8.31770908e-02
    outer loop
      vertex 1.13704030e+02 1.46293881e+01 1.95000000e+02
      vertex 1.19385373e+02 1.60340573e+01 2.10000000e+02
      vertex 1.17328501e+02 1.59789458e+01 2.10000000e+02
    endloop
  endfacet
  facet normal 3.04487885e-02 -9.96202991e-01 8.15626893e-02
    outer loop
      vertex 1.15852718e+02 1.46925894e+01 1.95000000e+02
      vertex 1.18001333e+02 1.47582615e+01 1.95000000e+02
      vertex 1.21442181e+02 1.60915340e+01 2.10000000e+02
    endloop
  endfacet
  facet normal 2.78383977e-02 -9.96199271e-01 8.25350546e-02
    outer loop
      vertex 1.15852718e+02 1.46925894e+01 1.95000000e+02
      vertex 1.21442181e+02 1.60915340e+01 2.10000000e+02
      vertex 1.19385373e+02 1.60340573e+01 2.10000000e+02
    endloop
  endfacet
  facet normal 3.09388970e-02 -9.96226122e-01 8.10943817e-02
    outer loop
      vertex 1.18001333e+02 1.47582615e+01 1.95000000e+02
      vertex 1.20149914e+02 1.48249881e+01 1.95000000e+02
      vertex 1.23498961e+02 1.61500201e+01 2.10000000e+02
    endloop
  endfacet
  facet normal 2.83284545e-02 -9.96225437e-01 8.20510676e-02
    outer loop
      vertex 1.18001333e+02 1.47582615e+01 1.95000000e+02
      vertex 1.23498961e+02 1.61500201e+01 2.10000000e+02
      vertex 1.21442181e+02 1.60915340e+01 2.10000000e+02
    endloop
  endfacet
  facet normal 3.14880771e-02 -9.96247763e-01 8.06157266e-02
    outer loop
      vertex 1.20149914e+02 1.48249881e+01 1.95000000e+02
      vertex 1.22298459e+02 1.48928964e+01 1.95000000e+02
      vertex 1.25555707e+02 1.62096375e+01 2.10000000e+02
    endloop
  endfacet
  facet normal 2.88775835e-02 -9.96250261e-01 8.15567430e-02
    outer loop
      vertex 1.20149914e+02 1.48249881e+01 1.95000000e+02
      vertex 1.25555707e+02 1.62096375e+01 2.10000000e+02
      vertex 1.23498961e+02 1.61500201e+01 2.10000000e+02
    endloop
  endfacet
  facet normal 3.22293620e-02 -9.96265787e-01 8.00983723e-02
    outer loop
      vertex 1.22298459e+02 1.48928964e+01 1.95000000e+02
      vertex 1.24446953e+02 1.49624006e+01 1.95000000e+02
      vertex 1.27612410e+02 1.62707826e+01 2.10000000e+02
    endloop
  endfacet
  facet normal 2.96188142e-02 -9.96271989e-01 8.10237634e-02
    outer loop
      vertex 1.22298459e+02 1.48928964e+01 1.95000000e+02
      vertex 1.27612410e+02 1.62707826e+01 2.10000000e+02
      vertex 1.25555707e+02 1.62096375e+01 2.10000000e+02
    endloop
  endfacet
  facet normal 3.30549068e-02 -9.96281276e-01 7.95675264e-02
    outer loop
      vertex 1.24446953e+02 1.49624006e+01 1.95000000e+02
      vertex 1.26595389e+02 1.50336820e+01 1.95000000e+02
      vertex 1.29669060e+02 1.63336289e+01 2.10000000e+02
    endloop
  endfacet
  facet normal 3.04443074e-02 -9.96291397e-01 8.04773069e-02
    outer loop
      vertex 1.24446953e+02 1.49624006e+01 1.95000000e+02
      vertex 1.29669060e+02 1.63336289e+01 2.10000000e+02
      vertex 1.27612410e+02 1.62707826e+01 2.10000000e+02
    endloop
  endfacet
  facet normal 3.39040016e-02 -9.96294994e-01 7.90367290e-02
    outer loop
      vertex 1.26595389e+02 1.50336820e+01 1.95000000e+02
      vertex 1.28743763e+02 1.51067913e+01 1.95000000e+02
      vertex 1.31725657e+02 1.63982252e+01 2.10000000e+02
    endloop
  endfacet
  facet normal 3.12933559e-02 -9.96309077e-01 7.99308977e-02
    outer loop
      vertex 1.26595389e+02 1.50336820e+01 1.95000000e+02
      vertex 1.31725657e+02 1.63982252e+01 2.10000000e+02
      vertex 1.29669060e+02 1.63336289e+01 2.10000000e+02
    endloop
  endfacet
  facet normal 3.47285235e-02 -9.96307775e-01 7.85159085e-02
    outer loop
      vertex 1.28743763e+02 1.51067913e+01 1.95000000e+02
      vertex 1.30892076e+02 1.51816756e+01 1.95000000e+02
      vertex 1.33782200e+02 1.64645205e+01 2.10000000e+02
    endloop
  endfacet
  facet normal 3.21178379e-02 -9.96325733e-01 7.93944522e-02
    outer loop
      vertex 1.28743763e+02 1.51067913e+01 1.95000000e+02
      vertex 1.33782200e+02 1.64645205e+01 2.10000000e+02
      vertex 1.31725657e+02 1.63982252e+01 2.10000000e+02
    endloop
  endfacet
  facet normal 3.60224912e-02 -9.96309496e-01 7.79087119e-02
    outer loop
      vertex 1.30892076e+02 1.51816756e+01 1.95000000e+02
      vertex 1.33040290e+02 1.52593462e+01 1.95000000e+02
      vertex 1.35838654e+02 1.65334831e+01 2.10000000e+02
    endloop
  endfacet
  facet normal 3.34117656e-02 -9.96332609e-01 7.87717386e-02
    outer loop
      vertex 1.30892076e+02 1.51816756e+01 1.95000000e+02
      vertex 1.35838654e+02 1.65334831e+01 2.10000000e+02
      vertex 1.33782200e+02 1.64645205e+01 2.10000000e+02
    endloop
  endfacet
  facet normal 1.10912995e-01 -9.91819021e-01 6.31928549e-02
    outer loop
      vertex 1.33040290e+02 1.52593462e+01 1.95000000e+02
      vertex 1.35204182e+02 1.55013297e+01 1.95000000e+02
      vertex 1.37910528e+02 1.67596859e+01 2.10000000e+02
    endloop
  endfacet
  facet normal 1.08310034e-01 -9.92050957e-01 6.40611899e-02
    outer loop
      vertex 1.33040290e+02 1.52593462e+01 1.95000000e+02
      vertex 1.37910528e+02 1.67596859e+01 2.10000000e+02
      vertex 1.35838654e+02 1.65334831e+01 2.10000000e+02
    endloop
  endfacet
  facet normal 2.33203639e-01 9.64486628e-01 -1.24022607e-01
    outer loop
      vertex 1.37910528e+02 1.67596859e+01 2.10000000e+02
      vertex 1.35910557e+02 1.72432597e+01 2.10000000e+02
      vertex 1.38707610e+02 1.84957978e+01 2.25000000e+02
    endloop
  endfacet
  facet normal 2.35726012e-01 9.63865254e-01 -1.24084724e-01
    outer loop
      vertex 1.37910528e+02 1.67596859e+01 2.10000000e+02
      vertex 1.38707610e+02 1.84957978e+01 2.25000000e+02
      vertex 1.40616935e+02 1.80288471e+01 2.25000000e+02
    endloop
  endfacet
  facet normal 2.25204900e-01 9.66511131e-01 -1.23040586e-01
    outer loop
      vertex 1.35910557e+02 1.72432597e+01 2.10000000e+02
      vertex 1.33906634e+02 1.77101899e+01 2.10000000e+02
      vertex 1.36794467e+02 1.89468591e+01 2.25000000e+02
    endloop
  endfacet
  facet normal 2.27732155e-01 9.65908519e-01 -1.23121070e-01
    outer loop
      vertex 1.35910557e+02 1.72432597e+01 2.10000000e+02
      vertex 1.36794467e+02 1.89468591e+01 2.25000000e+02
      vertex 1.38707610e+02 1.84957978e+01 2.25000000e+02
    endloop
  endfacet
  facet normal 2.16449031e-01 9.68657294e-01 -1.21872330e-01
    outer loop
      vertex 1.33906634e+02 1.77101899e+01 2.10000000e+02
      vertex 1.31898553e+02 1.81589009e+01 2.10000000e+02
      vertex 1.34877308e+02 1.93805264e+01 2.25000000e+02
    endloop
  endfacet
  facet normal 2.18981539e-01 9.68075440e-01 -1.21971420e-01
    outer loop
      vertex 1.33906634e+02 1.77101899e+01 2.10000000e+02
      vertex 1.34877308e+02 1.93805264e+01 2.25000000e+02
      vertex 1.36794467e+02 1.89468591e+01 2.25000000e+02
    endloop
  endfacet
  facet normal 2.08530052e-01 9.70527874e-01 -1.20792643e-01
    outer loop
      vertex 1.31898553e+02 1.81589009e+01 2.10000000e+02
      vertex 1.29886862e+02 1.85911379e+01 2.10000000e+02
      vertex 1.32956658e+02 1.97984654e+01 2.25000000e+02
    endloop
  endfacet
  facet normal 2.11067131e-01 9.69964652e-01 -1.20910046e-01
    outer loop
      vertex 1.31898553e+02 1.81589009e+01 2.10000000e+02
      vertex 1.32956658e+02 1.97984654e+01 2.25000000e+02
      vertex 1.34877308e+02 1.93805264e+01 2.25000000e+02
    endloop
  endfacet
  facet normal 2.01166064e-01 9.72208522e-01 -1.19761446e-01
    outer loop
      vertex 1.29886862e+02 1.85911379e+01 2.10000000e+02
      vertex 1.27871933e+02 1.90080600e+01 2.10000000e+02
      vertex 1.31032877e+02 2.02017825e+01 2.25000000e+02
    endloop
  endfacet
  facet normal 2.03707251e-01 9.71662530e-01 -1.19896969e-01
    outer loop
      vertex 1.29886862e+02 1.85911379e+01 2.10000000e+02
      vertex 1.31032877e+02 2.02017825e+01 2.25000000e+02
      vertex 1.32956658e+02 1.97984654e+01 2.25000000e+02
    endloop
  endfacet
  facet normal 1.91740756e-01 9.74292009e-01 -1.18281716e-01
    outer loop
      vertex 1.27871933e+02 1.90080600e+01 2.10000000e+02
      vertex 1.25853047e+02 1.94053770e+01 2.10000000e+02
      vertex 1.29105266e+02 2.05863811e+01 2.25000000e+02
    endloop
  endfacet
  facet normal 1.94287188e-01 9.73768657e-01 -1.18436021e-01
    outer loop
      vertex 1.27871933e+02 1.90080600e+01 2.10000000e+02
      vertex 1.29105266e+02 2.05863811e+01 2.25000000e+02
      vertex 1.31032877e+02 2.02017825e+01 2.25000000e+02
    endloop
  endfacet
  facet normal 1.84045821e-01 9.75919514e-01 -1.17082181e-01
    outer loop
      vertex 1.25853047e+02 1.94053770e+01 2.10000000e+02
      vertex 1.23831097e+02 1.97866908e+01 2.10000000e+02
      vertex 1.27174688e+02 2.09556998e+01 2.25000000e+02
    endloop
  endfacet
  facet normal 1.86596315e-01 9.75414349e-01 -1.17254692e-01
    outer loop
      vertex 1.25853047e+02 1.94053770e+01 2.10000000e+02
      vertex 1.27174688e+02 2.09556998e+01 2.25000000e+02
      vertex 1.29105266e+02 2.05863811e+01 2.25000000e+02
    endloop
  endfacet
  facet normal 1.77052937e-01 9.77344365e-01 -1.15975211e-01
    outer loop
      vertex 1.23831097e+02 1.97866908e+01 2.10000000e+02
      vertex 1.21806469e+02 2.01534665e+01 2.10000000e+02
      vertex 1.25241517e+02 2.13111372e+01 2.25000000e+02
    endloop
  endfacet
  facet normal 1.79606983e-01 9.76855600e-01 -1.16165690e-01
    outer loop
      vertex 1.23831097e+02 1.97866908e+01 2.10000000e+02
      vertex 1.25241517e+02 2.13111372e+01 2.25000000e+02
      vertex 1.27174688e+02 2.09556998e+01 2.25000000e+02
    endloop
  endfacet
  facet normal 1.70738431e-01 9.78586353e-01 -1.14965810e-01
    outer loop
      vertex 1.21806469e+02 2.01534665e+01 2.10000000e+02
      vertex 1.19779485e+02 2.05071237e+01 2.10000000e+02
      vertex 1.23306061e+02 2.16540486e+01 2.25000000e+02
    endloop
  endfacet
  facet normal 1.73295568e-01 9.78112258e-01 -1.15174026e-01
    outer loop
      vertex 1.21806469e+02 2.01534665e+01 2.10000000e+02
      vertex 1.23306061e+02 2.16540486e+01 2.25000000e+02
      vertex 1.25241517e+02 2.13111372e+01 2.25000000e+02
    endloop
  endfacet
  facet normal 1.59387649e-01 9.80750196e-01 -1.12803507e-01
    outer loop
      vertex 1.19779485e+02 2.05071237e+01 2.10000000e+02
      vertex 1.17748520e+02 2.08371882e+01 2.10000000e+02
      vertex 1.21366744e+02 2.19744323e+01 2.25000000e+02
    endloop
  endfacet
  facet normal 1.61950483e-01 9.80304045e-01 -1.13031056e-01
    outer loop
      vertex 1.19779485e+02 2.05071237e+01 2.10000000e+02
      vertex 1.21366744e+02 2.19744323e+01 2.25000000e+02
      vertex 1.23306061e+02 2.16540486e+01 2.25000000e+02
    endloop
  endfacet
  facet normal 1.52245813e-01 9.82030941e-01 -1.11518806e-01
    outer loop
      vertex 1.17748520e+02 2.08371882e+01 2.10000000e+02
      vertex 1.15715241e+02 2.11524107e+01 2.10000000e+02
      vertex 1.19425178e+02 2.22806436e+01 2.25000000e+02
    endloop
  endfacet
  facet normal 1.54811942e-01 9.81601750e-01 -1.11764339e-01
    outer loop
      vertex 1.17748520e+02 2.08371882e+01 2.10000000e+02
      vertex 1.19425178e+02 2.22806436e+01 2.25000000e+02
      vertex 1.21366744e+02 2.19744323e+01 2.25000000e+02
    endloop
  endfacet
  facet normal 1.46206031e-01 9.83069632e-01 -1.10444079e-01
    outer loop
      vertex 1.15715241e+02 2.11524107e+01 2.10000000e+02
      vertex 1.13680023e+02 2.14550964e+01 2.10000000e+02
      vertex 1.17481730e+02 2.25748834e+01 2.25000000e+02
    endloop
  endfacet
  facet normal 1.48774815e-01 9.82654549e-01 -1.10707232e-01
    outer loop
      vertex 1.15715241e+02 2.11524107e+01 2.10000000e+02
      vertex 1.17481730e+02 2.25748834e+01 2.25000000e+02
      vertex 1.19425178e+02 2.22806436e+01 2.25000000e+02
    endloop
  endfacet
  facet normal 1.33078616e-01 9.85245107e-01 -1.07620448e-01
    outer loop
      vertex 1.13680023e+02 2.14550964e+01 2.10000000e+02
      vertex 1.11640929e+02 2.17305200e+01 2.10000000e+02
      vertex 1.15534511e+02 2.28430901e+01 2.25000000e+02
    endloop
  endfacet
  facet normal 1.35653338e-01 9.84862948e-01 -1.07903405e-01
    outer loop
      vertex 1.13680023e+02 2.14550964e+01 2.10000000e+02
      vertex 1.15534511e+02 2.28430901e+01 2.25000000e+02
      vertex 1.17481730e+02 2.25748834e+01 2.25000000e+02
    endloop
  endfacet
  facet normal 1.25682195e-01 9.86377882e-01 -1.06125677e-01
    outer loop
      vertex 1.11640929e+02 2.17305200e+01 2.10000000e+02
      vertex 1.09599882e+02 2.19905860e+01 2.10000000e+02
      vertex 1.13585387e+02 2.30966308e+01 2.25000000e+02
    endloop
  endfacet
  facet normal 1.28259943e-01 9.86013567e-01 -1.06426652e-01
    outer loop
      vertex 1.11640929e+02 2.17305200e+01 2.10000000e+02
      vertex 1.13585387e+02 2.30966308e+01 2.25000000e+02
      vertex 1.15534511e+02 2.28430901e+01 2.25000000e+02
    endloop
  endfacet
  facet normal 1.17810217e-01 9.87526640e-01 -1.04459980e-01
    outer loop
      vertex 1.09599882e+02 2.19905860e+01 2.10000000e+02
      vertex 1.07556759e+02 2.22343270e+01 2.10000000e+02
      vertex 1.11634239e+02 2.33345817e+01 2.25000000e+02
    endloop
  endfacet
  facet normal 1.20391085e-01 9.87181508e-01 -1.04779084e-01
    outer loop
      vertex 1.09599882e+02 2.19905860e+01 2.10000000e+02
      vertex 1.11634239e+02 2.33345817e+01 2.25000000e+02
      vertex 1.13585387e+02 2.30966308e+01 2.25000000e+02
    endloop
  endfacet
  facet normal 1.02461880e-01 9.89618331e-01 -1.00782548e-01
    outer loop
      vertex 1.07556759e+02 2.22343270e+01 2.10000000e+02
      vertex 1.05510113e+02 2.24462301e+01 2.10000000e+02
      vertex 1.09679647e+02 2.35421273e+01 2.25000000e+02
    endloop
  endfacet
  facet normal 1.05048704e-01 9.89312445e-01 -1.01121982e-01
    outer loop
      vertex 1.07556759e+02 2.22343270e+01 2.10000000e+02
      vertex 1.09679647e+02 2.35421273e+01 2.25000000e+02
      vertex 1.11634239e+02 2.33345817e+01 2.25000000e+02
    endloop
  endfacet
  facet normal 9.44850597e-02 9.90593739e-01 -9.89778666e-02
    outer loop
      vertex 1.05510113e+02 2.24462301e+01 2.10000000e+02
      vertex 1.03461885e+02 2.26415947e+01 2.10000000e+02
      vertex 1.07723502e+02 2.37338779e+01 2.25000000e+02
    endloop
  endfacet
  facet normal 9.70746255e-02 9.90307525e-01 -9.93354114e-02
    outer loop
      vertex 1.05510113e+02 2.24462301e+01 2.10000000e+02
      vertex 1.07723502e+02 2.37338779e+01 2.25000000e+02
      vertex 1.09679647e+02 2.35421273e+01 2.25000000e+02
    endloop
  endfacet
  facet normal 8.16925512e-02 9.92043604e-01 -9.57904777e-02
    outer loop
      vertex 1.03461885e+02 2.26415947e+01 2.10000000e+02
      vertex 1.01411215e+02 2.28104627e+01 2.10000000e+02
      vertex 1.05764958e+02 2.39003229e+01 2.25000000e+02
    endloop
  endfacet
  facet normal 8.42863543e-02 9.91790115e-01 -9.61674538e-02
    outer loop
      vertex 1.03461885e+02 2.26415947e+01 2.10000000e+02
      vertex 1.05764958e+02 2.39003229e+01 2.25000000e+02
      vertex 1.07723502e+02 2.37338779e+01 2.25000000e+02
    endloop
  endfacet
  facet normal 6.20578434e-02 9.93954496e-01 -9.05719874e-02
    outer loop
      vertex 1.01411215e+02 2.28104627e+01 2.10000000e+02
      vertex 9.93577178e+01 2.29386734e+01 2.10000000e+02
      vertex 1.03803610e+02 2.40279359e+01 2.25000000e+02
    endloop
  endfacet
  facet normal 6.46574379e-02 9.93752403e-01 -9.09702017e-02
    outer loop
      vertex 1.01411215e+02 2.28104627e+01 2.10000000e+02
      vertex 1.03803610e+02 2.40279359e+01 2.25000000e+02
      vertex 1.05764958e+02 2.39003229e+01 2.25000000e+02
    endloop
  endfacet
  facet normal 4.89412310e-02 9.94996506e-01 -8.71017136e-02
    outer loop
      vertex 9.93577178e+01 2.29386734e+01 2.10000000e+02
      vertex 9.73027736e+01 2.30397507e+01 2.10000000e+02
      vertex 1.01840813e+02 2.41296323e+01 2.25000000e+02
    endloop
  endfacet
  facet normal 5.15440616e-02 9.94828424e-01 -8.75192402e-02
    outer loop
      vertex 9.93577178e+01 2.29386734e+01 2.10000000e+02
      vertex 1.01840813e+02 2.41296323e+01 2.25000000e+02
      vertex 1.03803610e+02 2.40279359e+01 2.25000000e+02
    endloop
  endfacet
  facet normal 2.56787680e-02 9.96423007e-01 -8.05095776e-02
    outer loop
      vertex 9.73027736e+01 2.30397507e+01 2.10000000e+02
      vertex 9.52458456e+01 2.30927597e+01 2.10000000e+02
      vertex 9.98760013e+01 2.41854150e+01 2.25000000e+02
    endloop
  endfacet
  facet normal 2.82862969e-02 9.96316807e-01 -8.09487840e-02
    outer loop
      vertex 9.73027736e+01 2.30397507e+01 2.10000000e+02
      vertex 9.98760013e+01 2.41854150e+01 2.25000000e+02
      vertex 1.01840813e+02 2.41296323e+01 2.25000000e+02
    endloop
  endfacet
  facet normal 2.53566820e-04 9.97326830e-01 -7.30693498e-02
    outer loop
      vertex 9.52458456e+01 2.30927597e+01 2.10000000e+02
      vertex 9.31884437e+01 2.30932827e+01 2.10000000e+02
      vertex 9.79106051e+01 2.41910601e+01 2.25000000e+02
    endloop
  endfacet
  facet normal 2.86446118e-03 9.97288863e-01 -7.35303969e-02
    outer loop
      vertex 9.52458456e+01 2.30927597e+01 2.10000000e+02
      vertex 9.79106051e+01 2.41910601e+01 2.25000000e+02
      vertex 9.98760013e+01 2.41854150e+01 2.25000000e+02
    endloop
  endfacet
  facet normal -2.03689794e-02 9.97549357e-01 -6.69356768e-02
    outer loop
      vertex 9.31884437e+01 2.30932827e+01 2.10000000e+02
      vertex 9.11315747e+01 2.30512835e+01 2.10000000e+02
      vertex 9.59456116e+01 2.41560831e+01 2.25000000e+02
    endloop
  endfacet
  facet normal -1.77567577e-02 9.97566858e-01 -6.74170724e-02
    outer loop
      vertex 9.31884437e+01 2.30932827e+01 2.10000000e+02
      vertex 9.59456116e+01 2.41560831e+01 2.25000000e+02
      vertex 9.79106051e+01 2.41910601e+01 2.25000000e+02
    endloop
  endfacet
  facet normal -4.48178937e-02 9.97227187e-01 -5.94078688e-02
    outer loop
      vertex 9.11315747e+01 2.30512835e+01 2.10000000e+02
      vertex 8.90760612e+01 2.29589035e+01 2.10000000e+02
      vertex 9.39817869e+01 2.40729750e+01 2.25000000e+02
    endloop
  endfacet
  facet normal -4.22057397e-02 9.97311123e-01 -5.99099321e-02
    outer loop
      vertex 9.11315747e+01 2.30512835e+01 2.10000000e+02
      vertex 9.39817869e+01 2.40729750e+01 2.25000000e+02
      vertex 9.59456116e+01 2.41560831e+01 2.25000000e+02
    endloop
  endfacet
  facet normal -8.47224977e-02 9.95316262e-01 -4.65578955e-02
    outer loop
      vertex 8.90760612e+01 2.29589035e+01 2.10000000e+02
      vertex 8.70258643e+01 2.27843884e+01 2.10000000e+02
      vertex 9.20228358e+01 2.39113913e+01 2.25000000e+02
    endloop
  endfacet
  facet normal -8.21144569e-02 9.95510145e-01 -4.70825608e-02
    outer loop
      vertex 8.90760612e+01 2.29589035e+01 2.10000000e+02
      vertex 9.20228358e+01 2.39113913e+01 2.25000000e+02
      vertex 9.39817869e+01 2.40729750e+01 2.25000000e+02
    endloop
  endfacet
  facet normal -1.19632781e-01 9.92199788e-01 -3.50368218e-02
    outer loop
      vertex 8.70258643e+01 2.27843884e+01 2.10000000e+02
      vertex 8.49834113e+01 2.25381231e+01 2.10000000e+02
      vertex 9.00711029e+01 2.36812467e+01 2.25000000e+02
    endloop
  endfacet
  facet normal -1.17032545e-01 9.92490452e-01 -3.55820901e-02
    outer loop
      vertex 8.70258643e+01 2.27843884e+01 2.10000000e+02
      vertex 9.00711029e+01 2.36812467e+01 2.25000000e+02
      vertex 9.20228358e+01 2.39113913e+01 2.25000000e+02
    endloop
  endfacet
  facet normal -1.63000270e-01 9.86418607e-01 -2.02297738e-02
    outer loop
      vertex 8.49834113e+01 2.25381231e+01 2.10000000e+02
      vertex 8.29539571e+01 2.22027669e+01 2.10000000e+02
      vertex 8.81315645e+01 2.33659628e+01 2.25000000e+02
    endloop
  endfacet
  facet normal -1.60415416e-01 9.86830513e-01 -2.07950078e-02
    outer loop
      vertex 8.49834113e+01 2.25381231e+01 2.10000000e+02
      vertex 8.81315645e+01 2.33659628e+01 2.25000000e+02
      vertex 9.00711029e+01 2.36812467e+01 2.25000000e+02
    endloop
  endfacet
  facet normal -2.20188816e-01 9.75457270e-01 1.73201958e-05
    outer loop
      vertex 8.29539571e+01 2.22027669e+01 2.10000000e+02
      vertex 8.09477530e+01 2.17499089e+01 2.10000000e+02
      vertex 8.62139427e+01 2.29383733e+01 2.25000000e+02
    endloop
  endfacet
  facet normal -2.17634288e-01 9.76030223e-01 -5.65959242e-04
    outer loop
      vertex 8.29539571e+01 2.22027669e+01 2.10000000e+02
      vertex 8.62139427e+01 2.29383733e+01 2.25000000e+02
      vertex 8.81315645e+01 2.33659628e+01 2.25000000e+02
    endloop
  endfacet
  facet normal -2.99785201e-01 9.53555001e-01 2.93546044e-02
    outer loop
      vertex 8.09477530e+01 2.17499089e+01 2.10000000e+02
      vertex 7.89861000e+01 2.11331908e+01 2.10000000e+02
      vertex 8.43384699e+01 2.23541401e+01 2.25000000e+02
    endloop
  endfacet
  facet normal -2.97292924e-01 9.54353096e-01 2.87590818e-02
    outer loop
      vertex 8.09477530e+01 2.17499089e+01 2.10000000e+02
      vertex 8.43384699e+01 2.23541401e+01 2.25000000e+02
      vertex 8.62139427e+01 2.29383733e+01 2.25000000e+02
    endloop
  endfacet
  facet normal -4.74000815e-01 8.75102509e-01 9.75644694e-02
    outer loop
      vertex 7.89861000e+01 2.11331908e+01 2.10000000e+02
      vertex 7.71826518e+01 2.01563499e+01 2.10000000e+02
      vertex 8.26132266e+01 2.14254925e+01 2.25000000e+02
    endloop
  endfacet
  facet normal -4.71734727e-01 8.76389759e-01 9.69914259e-02
    outer loop
      vertex 7.89861000e+01 2.11331908e+01 2.10000000e+02
      vertex 8.26132266e+01 2.14254925e+01 2.25000000e+02
      vertex 8.43384699e+01 2.23541401e+01 2.25000000e+02
    endloop
  endfacet
  facet normal -9.10759938e-01 2.77300458e-01 3.05975149e-01
    outer loop
      vertex 7.71826518e+01 2.01563499e+01 2.10000000e+02
      vertex 7.66457415e+01 1.83929329e+01 2.10000000e+02
      vertex 8.20959161e+01 1.97422760e+01 2.25000000e+02
    endloop
  endfacet
  facet normal -9.10079014e-01 2.79698673e-01 3.05818314e-01
    outer loop
      vertex 7.71826518e+01 2.01563499e+01 2.10000000e+02
      vertex 8.20959161e+01 1.97422760e+01 2.25000000e+02
      vertex 8.26132266e+01 2.14254925e+01 2.25000000e+02
    endloop
  endfacet
  facet normal -5.07992283e-01 -8.21760996e-01 2.58171854e-01
    outer loop
      vertex 7.66457415e+01 1.83929329e+01 2.10000000e+02
      vertex 7.83730246e+01 1.73251693e+01 2.10000000e+02
      vertex 8.37432869e+01 1.87179416e+01 2.25000000e+02
    endloop
  endfacet
  facet normal -5.10011547e-01 -8.20218616e-01 2.59093889e-01
    outer loop
      vertex 7.66457415e+01 1.83929329e+01 2.10000000e+02
      vertex 8.37432869e+01 1.87179416e+01 2.25000000e+02
      vertex 8.20959161e+01 1.97422760e+01 2.25000000e+02
    endloop
  endfacet
  facet normal -2.63525680e-01 -9.47333470e-01 1.81971186e-01
    outer loop
      vertex 7.83730246e+01 1.73251693e+01 2.10000000e+02
      vertex 8.03530451e+01 1.67743746e+01 2.10000000e+02
      vertex 8.56333860e+01 1.81868259e+01 2.25000000e+02
    endloop
  endfacet
  facet normal -2.65948567e-01 -9.46439889e-01 1.83092591e-01
    outer loop
      vertex 7.83730246e+01 1.73251693e+01 2.10000000e+02
      vertex 8.56333860e+01 1.81868259e+01 2.25000000e+02
      vertex 8.37432869e+01 1.87179416e+01 2.25000000e+02
    endloop
  endfacet
  facet normal -1.71152062e-01 -9.73514516e-01 1.51579876e-01
    outer loop
      vertex 8.03530451e+01 1.67743746e+01 2.10000000e+02
      vertex 8.23789576e+01 1.64182021e+01 2.10000000e+02
      vertex 8.75678115e+01 1.78415143e+01 2.25000000e+02
    endloop
  endfacet
  facet normal -1.73668589e-01 -9.72886428e-01 1.52745602e-01
    outer loop
      vertex 8.03530451e+01 1.67743746e+01 2.10000000e+02
      vertex 8.75678115e+01 1.78415143e+01 2.25000000e+02
      vertex 8.56333860e+01 1.81868259e+01 2.25000000e+02
    endloop
  endfacet
  facet normal -1.15449250e-01 -9.84368950e-01 1.33000906e-01
    outer loop
      vertex 8.23789576e+01 1.64182021e+01 2.10000000e+02
      vertex 8.44224900e+01 1.61785315e+01 2.10000000e+02
      vertex 8.95193604e+01 1.76074507e+01 2.25000000e+02
    endloop
  endfacet
  facet normal -1.18006968e-01 -9.83905295e-01 1.34181689e-01
    outer loop
      vertex 8.23789576e+01 1.64182021e+01 2.10000000e+02
      vertex 8.95193604e+01 1.76074507e+01 2.25000000e+02
      vertex 8.75678115e+01 1.78415143e+01 2.25000000e+02
    endloop
  endfacet
  facet normal -7.98182840e-02 -9.89433871e-01 1.21035766e-01
    outer loop
      vertex 8.44224900e+01 1.61785315e+01 2.10000000e+02
      vertex 8.64734158e+01 1.60130819e+01 2.10000000e+02
      vertex 9.14781576e+01 1.74442707e+01 2.25000000e+02
    endloop
  endfacet
  facet normal -8.23963095e-02 -9.89077112e-01 1.22218308e-01
    outer loop
      vertex 8.44224900e+01 1.61785315e+01 2.10000000e+02
      vertex 9.14781576e+01 1.74442707e+01 2.25000000e+02
      vertex 8.95193604e+01 1.76074507e+01 2.25000000e+02
    endloop
  endfacet
  facet normal -5.58192931e-02 -9.92033136e-01 1.12935664e-01
    outer loop
      vertex 8.64734158e+01 1.60130819e+01 2.10000000e+02
      vertex 8.85277003e+01 1.58974923e+01 2.10000000e+02
      vertex 9.34402881e+01 1.73287125e+01 2.25000000e+02
    endloop
  endfacet
  facet normal -5.84083247e-02 -9.91749278e-01 1.14113264e-01
    outer loop
      vertex 8.64734158e+01 1.60130819e+01 2.10000000e+02
      vertex 9.34402881e+01 1.73287125e+01 2.25000000e+02
      vertex 9.14781576e+01 1.74442707e+01 2.25000000e+02
    endloop
  endfacet
  facet normal -3.90155653e-02 -9.93468615e-01 1.07228242e-01
    outer loop
      vertex 8.85277003e+01 1.58974923e+01 2.10000000e+02
      vertex 9.05836338e+01 1.58167516e+01 2.10000000e+02
      vertex 9.54040809e+01 1.72464406e+01 2.25000000e+02
    endloop
  endfacet
  facet normal -4.16110173e-02 -9.93236414e-01 1.08397181e-01
    outer loop
      vertex 8.85277003e+01 1.58974923e+01 2.10000000e+02
      vertex 9.54040809e+01 1.72464406e+01 2.25000000e+02
      vertex 9.34402881e+01 1.73287125e+01 2.25000000e+02
    endloop
  endfacet
  facet normal -2.69868171e-02 -9.94304718e-01 1.03101112e-01
    outer loop
      vertex 9.05836338e+01 1.58167516e+01 2.10000000e+02
      vertex 9.26404356e+01 1.57609271e+01 2.10000000e+02
      vertex 9.73687655e+01 1.71879686e+01 2.25000000e+02
    endloop
  endfacet
  facet normal -2.95862143e-02 -9.94109999e-01 1.04259128e-01
    outer loop
      vertex 9.05836338e+01 1.58167516e+01 2.10000000e+02
      vertex 9.73687655e+01 1.71879686e+01 2.25000000e+02
      vertex 9.54040809e+01 1.72464406e+01 2.25000000e+02
    endloop
  endfacet
  facet normal -1.79582036e-02 -9.94829018e-01 9.99636302e-02
    outer loop
      vertex 9.26404356e+01 1.57609271e+01 2.10000000e+02
      vertex 9.46977102e+01 1.57237901e+01 2.10000000e+02
      vertex 9.93339486e+01 1.71473473e+01 2.25000000e+02
    endloop
  endfacet
  facet normal -2.05602028e-02 -9.94662844e-01 1.01109372e-01
    outer loop
      vertex 9.26404356e+01 1.57609271e+01 2.10000000e+02
      vertex 9.93339486e+01 1.71473473e+01 2.25000000e+02
      vertex 9.73687655e+01 1.71879686e+01 2.25000000e+02
    endloop
  endfacet
  facet normal -7.73746196e-03 -9.95302132e-01 9.65080167e-02
    outer loop
      vertex 9.46977102e+01 1.57237901e+01 2.10000000e+02
      vertex 9.67552589e+01 1.57077948e+01 2.10000000e+02
      vertex 1.01299446e+02 1.71269214e+01 2.25000000e+02
    endloop
  endfacet
  facet normal -1.03419783e-02 -9.95167892e-01 9.76417482e-02
    outer loop
      vertex 9.46977102e+01 1.57237901e+01 2.10000000e+02
      vertex 1.01299446e+02 1.71269214e+01 2.25000000e+02
      vertex 9.93339486e+01 1.71473473e+01 2.25000000e+02
    endloop
  endfacet
  facet normal -4.07085415e-03 -9.95462183e-01 9.50708688e-02
    outer loop
      vertex 9.67552589e+01 1.57077948e+01 2.10000000e+02
      vertex 9.88128421e+01 1.56993805e+01 2.10000000e+02
      vertex 1.03264996e+02 1.71137375e+01 2.25000000e+02
    endloop
  endfacet
  facet normal -6.67622988e-03 -9.95340586e-01 9.61901589e-02
    outer loop
      vertex 9.67552589e+01 1.57077948e+01 2.10000000e+02
      vertex 1.03264996e+02 1.71137375e+01 2.25000000e+02
      vertex 1.01299446e+02 1.71269214e+01 2.25000000e+02
    endloop
  endfacet
  facet normal -8.18625926e-04 -9.95592952e-01 9.37763543e-02
    outer loop
      vertex 9.88128421e+01 1.56993805e+01 2.10000000e+02
      vertex 1.00870449e+02 1.56976886e+01 2.10000000e+02
      vertex 1.05230585e+02 1.71069754e+01 2.25000000e+02
    endloop
  endfacet
  facet normal -3.42471631e-03 -9.95482728e-01 9.48810256e-02
    outer loop
      vertex 9.88128421e+01 1.56993805e+01 2.10000000e+02
      vertex 1.05230585e+02 1.71069754e+01 2.25000000e+02
      vertex 1.03264996e+02 1.71137375e+01 2.25000000e+02
    endloop
  endfacet
  facet normal 4.79207672e-03 -9.95764097e-01 9.18199258e-02
    outer loop
      vertex 1.00870449e+02 1.56976886e+01 2.10000000e+02
      vertex 1.02928036e+02 1.57075907e+01 2.10000000e+02
      vertex 1.07196185e+02 1.71112888e+01 2.25000000e+02
    endloop
  endfacet
  facet normal 2.18493692e-03 -9.95672046e-01 9.29107226e-02
    outer loop
      vertex 1.00870449e+02 1.56976886e+01 2.10000000e+02
      vertex 1.07196185e+02 1.71112888e+01 2.25000000e+02
      vertex 1.05230585e+02 1.71069754e+01 2.25000000e+02
    endloop
  endfacet
  facet normal 9.01062782e-03 -9.95874910e-01 9.02882770e-02
    outer loop
      vertex 1.02928036e+02 1.57075907e+01 2.10000000e+02
      vertex 1.04985548e+02 1.57262069e+01 2.10000000e+02
      vertex 1.09161733e+02 1.71239269e+01 2.25000000e+02
    endloop
  endfacet
  facet normal 6.40277429e-03 -9.95796917e-01 9.13646839e-02
    outer loop
      vertex 1.02928036e+02 1.57075907e+01 2.10000000e+02
      vertex 1.09161733e+02 1.71239269e+01 2.25000000e+02
      vertex 1.07196185e+02 1.71112888e+01 2.25000000e+02
    endloop
  endfacet
  facet normal 1.25173127e-02 -9.95954959e-01 8.89777302e-02
    outer loop
      vertex 1.04985548e+02 1.57262069e+01 2.10000000e+02
      vertex 1.07042996e+02 1.57520653e+01 2.10000000e+02
      vertex 1.11127240e+02 1.71434833e+01 2.25000000e+02
    endloop
  endfacet
  facet normal 9.90891940e-03 -9.95888902e-01 9.00394853e-02
    outer loop
      vertex 1.04985548e+02 1.57262069e+01 2.10000000e+02
      vertex 1.11127240e+02 1.71434833e+01 2.25000000e+02
      vertex 1.09161733e+02 1.71239269e+01 2.25000000e+02
    endloop
  endfacet
  facet normal 1.79603128e-02 -9.96032312e-01 8.71611132e-02
    outer loop
      vertex 1.07042996e+02 1.57520653e+01 2.10000000e+02
      vertex 1.09100272e+02 1.57891618e+01 2.10000000e+02
      vertex 1.13092610e+02 1.71737758e+01 2.25000000e+02
    endloop
  endfacet
  facet normal 1.53512265e-02 -9.95983711e-01 8.82087710e-02
    outer loop
      vertex 1.07042996e+02 1.57520653e+01 2.10000000e+02
      vertex 1.13092610e+02 1.71737758e+01 2.25000000e+02
      vertex 1.11127240e+02 1.71434833e+01 2.25000000e+02
    endloop
  endfacet
  facet normal 1.97549655e-02 -9.96069408e-01 8.63450997e-02
    outer loop
      vertex 1.09100272e+02 1.57891618e+01 2.10000000e+02
      vertex 1.11157475e+02 1.58299621e+01 2.10000000e+02
      vertex 1.15057919e+02 1.72076067e+01 2.25000000e+02
    endloop
  endfacet
  facet normal 1.71456478e-02 -9.96027709e-01 8.73775160e-02
    outer loop
      vertex 1.09100272e+02 1.57891618e+01 2.10000000e+02
      vertex 1.15057919e+02 1.72076067e+01 2.25000000e+02
      vertex 1.13092610e+02 1.71737758e+01 2.25000000e+02
    endloop
  endfacet
  facet normal 2.20326757e-02 -9.96101907e-01 8.54140040e-02
    outer loop
      vertex 1.11157475e+02 1.58299621e+01 2.10000000e+02
      vertex 1.13214582e+02 1.58754630e+01 2.10000000e+02
      vertex 1.17023149e+02 1.72459282e+01 2.25000000e+02
    endloop
  endfacet
  facet normal 1.94231040e-02 -9.96068458e-01 8.64313063e-02
    outer loop
      vertex 1.11157475e+02 1.58299621e+01 2.10000000e+02
      vertex 1.17023149e+02 1.72459282e+01 2.25000000e+02
      vertex 1.15057919e+02 1.72076067e+01 2.25000000e+02
    endloop
  endfacet
  facet normal 2.45545188e-02 -9.96126477e-01 8.44341045e-02
    outer loop
      vertex 1.13214582e+02 1.58754630e+01 2.10000000e+02
      vertex 1.15271568e+02 1.59261677e+01 2.10000000e+02
      vertex 1.18988275e+02 1.72892211e+01 2.25000000e+02
    endloop
  endfacet
  facet normal 2.19447029e-02 -9.96101933e-01 8.54363430e-02
    outer loop
      vertex 1.13214582e+02 1.58754630e+01 2.10000000e+02
      vertex 1.18988275e+02 1.72892211e+01 2.25000000e+02
      vertex 1.17023149e+02 1.72459282e+01 2.25000000e+02
    endloop
  endfacet
  facet normal 2.55598340e-02 -9.96150916e-01 8.38453738e-02
    outer loop
      vertex 1.15271568e+02 1.59261677e+01 2.10000000e+02
      vertex 1.17328501e+02 1.59789458e+01 2.10000000e+02
      vertex 1.20953357e+02 1.73344947e+01 2.25000000e+02
    endloop
  endfacet
  facet normal 2.29499088e-02 -9.96130923e-01 8.48320997e-02
    outer loop
      vertex 1.15271568e+02 1.59261677e+01 2.10000000e+02
      vertex 1.20953357e+02 1.73344947e+01 2.25000000e+02
      vertex 1.18988275e+02 1.72892211e+01 2.25000000e+02
    endloop
  endfacet
  facet normal 2.66912941e-02 -9.96172677e-01 8.32320430e-02
    outer loop
      vertex 1.17328501e+02 1.59789458e+01 2.10000000e+02
      vertex 1.19385373e+02 1.60340573e+01 2.10000000e+02
      vertex 1.22918387e+02 1.73819976e+01 2.25000000e+02
    endloop
  endfacet
  facet normal 2.40812597e-02 -9.96157568e-01 8.42032829e-02
    outer loop
      vertex 1.17328501e+02 1.59789458e+01 2.10000000e+02
      vertex 1.22918387e+02 1.73819976e+01 2.25000000e+02
      vertex 1.20953357e+02 1.73344947e+01 2.25000000e+02
    endloop
  endfacet
  facet normal 2.78381970e-02 -9.96192089e-01 8.26217634e-02
    outer loop
      vertex 1.19385373e+02 1.60340573e+01 2.10000000e+02
      vertex 1.21442181e+02 1.60915340e+01 2.10000000e+02
      vertex 1.24883361e+02 1.74317601e+01 2.25000000e+02
    endloop
  endfacet
  facet normal 2.52280621e-02 -9.96181883e-01 8.35775116e-02
    outer loop
      vertex 1.19385373e+02 1.60340573e+01 2.10000000e+02
      vertex 1.24883361e+02 1.74317601e+01 2.25000000e+02
      vertex 1.22918387e+02 1.73819976e+01 2.25000000e+02
    endloop
  endfacet
  facet normal 2.83281770e-02 -9.96215678e-01 8.21695616e-02
    outer loop
      vertex 1.21442181e+02 1.60915340e+01 2.10000000e+02
      vertex 1.23498961e+02 1.61500201e+01 2.10000000e+02
      vertex 1.26848310e+02 1.74824870e+01 2.25000000e+02
    endloop
  endfacet
  facet normal 2.57179846e-02 -9.96208499e-01 8.31096317e-02
    outer loop
      vertex 1.21442181e+02 1.60915340e+01 2.10000000e+02
      vertex 1.26848310e+02 1.74824870e+01 2.25000000e+02
      vertex 1.24883361e+02 1.74317601e+01 2.25000000e+02
    endloop
  endfacet
  facet normal 2.88772268e-02 -9.96237957e-01 8.17070283e-02
    outer loop
      vertex 1.23498961e+02 1.61500201e+01 2.10000000e+02
      vertex 1.25555707e+02 1.62096375e+01 2.10000000e+02
      vertex 1.28813231e+02 1.75342946e+01 2.25000000e+02
    endloop
  endfacet
  facet normal 2.62669772e-02 -9.96233955e-01 8.26314304e-02
    outer loop
      vertex 1.23498961e+02 1.61500201e+01 2.10000000e+02
      vertex 1.28813231e+02 1.75342946e+01 2.25000000e+02
      vertex 1.26848310e+02 1.74824870e+01 2.25000000e+02
    endloop
  endfacet
  facet normal 2.96183739e-02 -9.96257177e-01 8.12058428e-02
    outer loop
      vertex 1.25555707e+02 1.62096375e+01 2.10000000e+02
      vertex 1.27612410e+02 1.62707826e+01 2.10000000e+02
      vertex 1.30778113e+02 1.75875617e+01 2.25000000e+02
    endloop
  endfacet
  facet normal 2.70080624e-02 -9.96256871e-01 8.21146217e-02
    outer loop
      vertex 1.25555707e+02 1.62096375e+01 2.10000000e+02
      vertex 1.30778113e+02 1.75875617e+01 2.25000000e+02
      vertex 1.28813231e+02 1.75342946e+01 2.25000000e+02
    endloop
  endfacet
  facet normal 3.04437792e-02 -9.96274113e-01 8.06911868e-02
    outer loop
      vertex 1.27612410e+02 1.62707826e+01 2.10000000e+02
      vertex 1.29669060e+02 1.63336289e+01 2.10000000e+02
      vertex 1.32742950e+02 1.76424541e+01 2.25000000e+02
    endloop
  endfacet
  facet normal 2.78334078e-02 -9.96277719e-01 8.15843576e-02
    outer loop
      vertex 1.27612410e+02 1.62707826e+01 2.10000000e+02
      vertex 1.32742950e+02 1.76424541e+01 2.25000000e+02
      vertex 1.30778113e+02 1.75875617e+01 2.25000000e+02
    endloop
  endfacet
  facet normal 3.12927364e-02 -9.96289355e-01 8.01765857e-02
    outer loop
      vertex 1.29669060e+02 1.63336289e+01 2.10000000e+02
      vertex 1.31725657e+02 1.63982252e+01 2.10000000e+02
      vertex 1.34707740e+02 1.76990183e+01 2.25000000e+02
    endloop
  endfacet
  facet normal 2.86823103e-02 -9.96296919e-01 8.10541474e-02
    outer loop
      vertex 1.29669060e+02 1.63336289e+01 2.10000000e+02
      vertex 1.34707740e+02 1.76990183e+01 2.25000000e+02
      vertex 1.32742950e+02 1.76424541e+01 2.25000000e+02
    endloop
  endfacet
  facet normal 3.21171245e-02 -9.96303603e-01 7.96719567e-02
    outer loop
      vertex 1.31725657e+02 1.63982252e+01 2.10000000e+02
      vertex 1.33782200e+02 1.64645205e+01 2.10000000e+02
      vertex 1.36672482e+02 1.77572056e+01 2.25000000e+02
    endloop
  endfacet
  facet normal 2.95066502e-02 -9.96315035e-01 8.05338964e-02
    outer loop
      vertex 1.31725657e+02 1.63982252e+01 2.10000000e+02
      vertex 1.36672482e+02 1.77572056e+01 2.25000000e+02
      vertex 1.34707740e+02 1.76990183e+01 2.25000000e+02
    endloop
  endfacet
  facet normal 3.34109448e-02 -9.96308133e-01 7.90810589e-02
    outer loop
      vertex 1.33782200e+02 1.64645205e+01 2.10000000e+02
      vertex 1.35838654e+02 1.65334831e+01 2.10000000e+02
      vertex 1.38637147e+02 1.78179414e+01 2.25000000e+02
    endloop
  endfacet
  facet normal 3.08004187e-02 -9.96324712e-01 7.99274859e-02
    outer loop
      vertex 1.33782200e+02 1.64645205e+01 2.10000000e+02
      vertex 1.38637147e+02 1.78179414e+01 2.25000000e+02
      vertex 1.36672482e+02 1.77572056e+01 2.25000000e+02
    endloop
  endfacet
  facet normal 1.08307704e-01 -9.92029618e-01 6.43947121e-02
    outer loop
      vertex 1.35838654e+02 1.65334831e+01 2.10000000e+02
      vertex 1.37910528e+02 1.67596859e+01 2.10000000e+02
      vertex 1.40616935e+02 1.80288471e+01 2.25000000e+02
    endloop
  endfacet
  facet normal 1.05704347e-01 -9.92254751e-01 6.52464604e-02
    outer loop
      vertex 1.35838654e+02 1.65334831e+01 2.10000000e+02
      vertex 1.40616935e+02 1.80288471e+01 2.25000000e+02
      vertex 1.38637147e+02 1.78179414e+01 2.25000000e+02
    endloop
  endfacet
  facet normal 2.35696049e-01 9.63742740e-01 -1.25089180e-01
    outer loop
      vertex 1.40616935e+02 1.80288471e+01 2.25000000e+02
      vertex 1.38707610e+02 1.84957978e+01 2.25000000e+02
      vertex 1.41504665e+02 1.97586688e+01 2.40000000e+02
    endloop
  endfacet
  facet normal 2.38215994e-01 9.63113020e-01 -1.25165695e-01
    outer loop
      vertex 1.40616935e+02 1.80288471e+01 2.25000000e+02
      vertex 1.41504665e+02 1.97586688e+01 2.40000000e+02
      vertex 1.43323446e+02 1.93088123e+01 2.40000000e+02
    endloop
  endfacet
  facet normal 2.27704292e-01 9.65790341e-01 -1.24095820e-01
    outer loop
      vertex 1.38707610e+02 1.84957978e+01 2.25000000e+02
      vertex 1.36794467e+02 1.89468591e+01 2.25000000e+02
      vertex 1.39682206e+02 2.01933894e+01 2.40000000e+02
    endloop
  endfacet
  facet normal 2.30229187e-01 9.65179354e-01 -1.24190723e-01
    outer loop
      vertex 1.38707610e+02 1.84957978e+01 2.25000000e+02
      vertex 1.39682206e+02 2.01933894e+01 2.40000000e+02
      vertex 1.41504665e+02 1.97586688e+01 2.40000000e+02
    endloop
  endfacet
  facet normal 2.18955813e-01 9.67961709e-01 -1.22916566e-01
    outer loop
      vertex 1.36794467e+02 1.89468591e+01 2.25000000e+02
      vertex 1.34877308e+02 1.93805264e+01 2.25000000e+02
      vertex 1.37855874e+02 2.06115400e+01 2.40000000e+02
    endloop
  endfacet
  facet normal 2.21486038e-01 9.67371454e-01 -1.23030101e-01
    outer loop
      vertex 1.36794467e+02 1.89468591e+01 2.25000000e+02
      vertex 1.37855874e+02 2.06115400e+01 2.40000000e+02
      vertex 1.39682206e+02 2.01933894e+01 2.40000000e+02
    endloop
  endfacet
  facet normal 2.11043335e-01 9.69855296e-01 -1.21825346e-01
    outer loop
      vertex 1.34877308e+02 1.93805264e+01 2.25000000e+02
      vertex 1.32956658e+02 1.97984654e+01 2.25000000e+02
      vertex 1.36026176e+02 2.10147074e+01 2.40000000e+02
    endloop
  endfacet
  facet normal 2.13578199e-01 9.69283648e-01 -1.21957216e-01
    outer loop
      vertex 1.34877308e+02 1.93805264e+01 2.25000000e+02
      vertex 1.36026176e+02 2.10147074e+01 2.40000000e+02
      vertex 1.37855874e+02 2.06115400e+01 2.40000000e+02
    endloop
  endfacet
  facet normal 2.03685231e-01 9.71557499e-01 -1.20782253e-01
    outer loop
      vertex 1.32956658e+02 1.97984654e+01 2.25000000e+02
      vertex 1.31032877e+02 2.02017825e+01 2.25000000e+02
      vertex 1.34193457e+02 2.14039453e+01 2.40000000e+02
    endloop
  endfacet
  facet normal 2.06224268e-01 9.71003058e-01 -1.20932262e-01
    outer loop
      vertex 1.32956658e+02 1.97984654e+01 2.25000000e+02
      vertex 1.34193457e+02 2.14039453e+01 2.40000000e+02
      vertex 1.36026176e+02 2.10147074e+01 2.40000000e+02
    endloop
  endfacet
  facet normal 1.94267146e-01 9.73668208e-01 -1.19291642e-01
    outer loop
      vertex 1.31032877e+02 2.02017825e+01 2.25000000e+02
      vertex 1.29105266e+02 2.05863811e+01 2.25000000e+02
      vertex 1.32357041e+02 2.17753504e+01 2.40000000e+02
    endloop
  endfacet
  facet normal 1.96811511e-01 9.73136387e-01 -1.19460462e-01
    outer loop
      vertex 1.31032877e+02 2.02017825e+01 2.25000000e+02
      vertex 1.32357041e+02 2.17753504e+01 2.40000000e+02
      vertex 1.34193457e+02 2.14039453e+01 2.40000000e+02
    endloop
  endfacet
  facet normal 1.86577935e-01 9.75318272e-01 -1.18080242e-01
    outer loop
      vertex 1.29105266e+02 2.05863811e+01 2.25000000e+02
      vertex 1.27174688e+02 2.09556998e+01 2.25000000e+02
      vertex 1.30517759e+02 2.21321982e+01 2.40000000e+02
    endloop
  endfacet
  facet normal 1.89126430e-01 9.74804617e-01 -1.18267289e-01
    outer loop
      vertex 1.29105266e+02 2.05863811e+01 2.25000000e+02
      vertex 1.30517759e+02 2.21321982e+01 2.40000000e+02
      vertex 1.32357041e+02 2.17753504e+01 2.40000000e+02
    endloop
  endfacet
  facet normal 1.79590105e-01 9.76763800e-01 -1.16960987e-01
    outer loop
      vertex 1.27174688e+02 2.09556998e+01 2.25000000e+02
      vertex 1.25241517e+02 2.13111372e+01 2.25000000e+02
      vertex 1.28675970e+02 2.24758211e+01 2.40000000e+02
    endloop
  endfacet
  facet normal 1.82142216e-01 9.76266530e-01 -1.17166022e-01
    outer loop
      vertex 1.27174688e+02 2.09556998e+01 2.25000000e+02
      vertex 1.28675970e+02 2.24758211e+01 2.40000000e+02
      vertex 1.30517759e+02 2.21321982e+01 2.40000000e+02
    endloop
  endfacet
  facet normal 1.73280045e-01 9.78024639e-01 -1.15938910e-01
    outer loop
      vertex 1.25241517e+02 2.13111372e+01 2.25000000e+02
      vertex 1.23306061e+02 2.16540486e+01 2.25000000e+02
      vertex 1.26831972e+02 2.28075101e+01 2.40000000e+02
    endloop
  endfacet
  facet normal 1.75835302e-01 9.77542023e-01 -1.16161699e-01
    outer loop
      vertex 1.25241517e+02 2.13111372e+01 2.25000000e+02
      vertex 1.26831972e+02 2.28075101e+01 2.40000000e+02
      vertex 1.28675970e+02 2.24758211e+01 2.40000000e+02
    endloop
  endfacet
  facet normal 1.61936804e-01 9.80221245e-01 -1.13766354e-01
    outer loop
      vertex 1.23306061e+02 2.16540486e+01 2.25000000e+02
      vertex 1.21366744e+02 2.19744323e+01 2.25000000e+02
      vertex 1.24984237e+02 2.31177355e+01 2.40000000e+02
    endloop
  endfacet
  facet normal 1.64497863e-01 9.79766560e-01 -1.14008513e-01
    outer loop
      vertex 1.23306061e+02 2.16540486e+01 2.25000000e+02
      vertex 1.24984237e+02 2.31177355e+01 2.40000000e+02
      vertex 1.26831972e+02 2.28075101e+01 2.40000000e+02
    endloop
  endfacet
  facet normal 1.54799552e-01 9.81523187e-01 -1.12469247e-01
    outer loop
      vertex 1.21366744e+02 2.19744323e+01 2.25000000e+02
      vertex 1.19425178e+02 2.22806436e+01 2.25000000e+02
      vertex 1.23134323e+02 2.34144576e+01 2.40000000e+02
    endloop
  endfacet
  facet normal 1.57363971e-01 9.81085450e-01 -1.12729411e-01
    outer loop
      vertex 1.21366744e+02 2.19744323e+01 2.25000000e+02
      vertex 1.23134323e+02 2.34144576e+01 2.40000000e+02
      vertex 1.24984237e+02 2.31177355e+01 2.40000000e+02
    endloop
  endfacet
  facet normal 1.48763536e-01 9.82580055e-01 -1.11381537e-01
    outer loop
      vertex 1.19425178e+02 2.22806436e+01 2.25000000e+02
      vertex 1.17481730e+02 2.25748834e+01 2.25000000e+02
      vertex 1.21282586e+02 2.36997733e+01 2.40000000e+02
    endloop
  endfacet
  facet normal 1.51330664e-01 9.82156414e-01 -1.11659337e-01
    outer loop
      vertex 1.19425178e+02 2.22806436e+01 2.25000000e+02
      vertex 1.21282586e+02 2.36997733e+01 2.40000000e+02
      vertex 1.23134323e+02 2.34144576e+01 2.40000000e+02
    endloop
  endfacet
  facet normal 1.35643760e-01 9.84793413e-01 -1.08548169e-01
    outer loop
      vertex 1.17481730e+02 2.25748834e+01 2.25000000e+02
      vertex 1.15534511e+02 2.28430901e+01 2.25000000e+02
      vertex 1.19427188e+02 2.39602839e+01 2.40000000e+02
    endloop
  endfacet
  facet normal 1.38216950e-01 9.84402693e-01 -1.08845818e-01
    outer loop
      vertex 1.17481730e+02 2.25748834e+01 2.25000000e+02
      vertex 1.19427188e+02 2.39602839e+01 2.40000000e+02
      vertex 1.21282586e+02 2.36997733e+01 2.40000000e+02
    endloop
  endfacet
  facet normal 1.28251438e-01 9.85948181e-01 -1.07040896e-01
    outer loop
      vertex 1.15534511e+02 2.28430901e+01 2.25000000e+02
      vertex 1.13585387e+02 2.30966308e+01 2.25000000e+02
      vertex 1.17569939e+02 2.42068198e+01 2.40000000e+02
    endloop
  endfacet
  facet normal 1.30827723e-01 9.85575299e-01 -1.07356585e-01
    outer loop
      vertex 1.15534511e+02 2.28430901e+01 2.25000000e+02
      vertex 1.17569939e+02 2.42068198e+01 2.40000000e+02
      vertex 1.19427188e+02 2.39602839e+01 2.40000000e+02
    endloop
  endfacet
  facet normal 1.20383618e-01 9.87120284e-01 -1.05362848e-01
    outer loop
      vertex 1.13585387e+02 2.30966308e+01 2.25000000e+02
      vertex 1.11634239e+02 2.33345817e+01 2.25000000e+02
      vertex 1.15710722e+02 2.44385009e+01 2.40000000e+02
    endloop
  endfacet
  facet normal 1.22963097e-01 9.86766582e-01 -1.05696690e-01
    outer loop
      vertex 1.13585387e+02 2.30966308e+01 2.25000000e+02
      vertex 1.15710722e+02 2.44385009e+01 2.40000000e+02
      vertex 1.17569939e+02 2.42068198e+01 2.40000000e+02
    endloop
  endfacet
  facet normal 1.05042739e-01 9.89256270e-01 -1.01676228e-01
    outer loop
      vertex 1.11634239e+02 2.33345817e+01 2.25000000e+02
      vertex 1.09679647e+02 2.35421273e+01 2.25000000e+02
      vertex 1.13848146e+02 2.46412084e+01 2.40000000e+02
    endloop
  endfacet
  facet normal 1.07628319e-01 9.88941824e-01 -1.02030453e-01
    outer loop
      vertex 1.11634239e+02 2.33345817e+01 2.25000000e+02
      vertex 1.13848146e+02 2.46412084e+01 2.40000000e+02
      vertex 1.15710722e+02 2.44385009e+01 2.40000000e+02
    endloop
  endfacet
  facet normal 9.70695124e-02 9.90255363e-01 -9.98590305e-02
    outer loop
      vertex 1.09679647e+02 2.35421273e+01 2.25000000e+02
      vertex 1.07723502e+02 2.37338779e+01 2.25000000e+02
      vertex 1.11984050e+02 2.48288643e+01 2.40000000e+02
    endloop
  endfacet
  facet normal 9.96579091e-02 9.89960590e-01 -1.00231391e-01
    outer loop
      vertex 1.09679647e+02 2.35421273e+01 2.25000000e+02
      vertex 1.11984050e+02 2.48288643e+01 2.40000000e+02
      vertex 1.13848146e+02 2.46412084e+01 2.40000000e+02
    endloop
  endfacet
  facet normal 8.42823058e-02 9.91742476e-01 -9.66610274e-02
    outer loop
      vertex 1.07723502e+02 2.37338779e+01 2.25000000e+02
      vertex 1.05764958e+02 2.39003229e+01 2.25000000e+02
      vertex 1.10117604e+02 2.49924052e+01 2.40000000e+02
    endloop
  endfacet
  facet normal 8.68750613e-02 9.91480441e-01 -9.70528637e-02
    outer loop
      vertex 1.07723502e+02 2.37338779e+01 2.25000000e+02
      vertex 1.10117604e+02 2.49924052e+01 2.40000000e+02
      vertex 1.11984050e+02 2.48288643e+01 2.40000000e+02
    endloop
  endfacet
  facet normal 6.46546776e-02 9.93709978e-01 -9.14344137e-02
    outer loop
      vertex 1.05764958e+02 2.39003229e+01 2.25000000e+02
      vertex 1.03803610e+02 2.40279359e+01 2.25000000e+02
      vertex 1.08248389e+02 2.51189388e+01 2.40000000e+02
    endloop
  endfacet
  facet normal 6.72534118e-02 9.93499373e-01 -9.18475559e-02
    outer loop
      vertex 1.05764958e+02 2.39003229e+01 2.25000000e+02
      vertex 1.08248389e+02 2.51189388e+01 2.40000000e+02
      vertex 1.10117604e+02 2.49924052e+01 2.40000000e+02
    endloop
  endfacet
  facet normal 5.15420840e-02 9.94790254e-01 -8.79531888e-02
    outer loop
      vertex 1.03803610e+02 2.40279359e+01 2.25000000e+02
      vertex 1.01840813e+02 2.41296323e+01 2.25000000e+02
      vertex 1.06377728e+02 2.52207727e+01 2.40000000e+02
    endloop
  endfacet
  facet normal 5.41441783e-02 9.94613683e-01 -8.83856871e-02
    outer loop
      vertex 1.03803610e+02 2.40279359e+01 2.25000000e+02
      vertex 1.06377728e+02 2.52207727e+01 2.40000000e+02
      vertex 1.08248389e+02 2.51189388e+01 2.40000000e+02
    endloop
  endfacet
  facet normal 2.82853617e-02 9.96283868e-01 -8.13535075e-02
    outer loop
      vertex 1.01840813e+02 2.41296323e+01 2.25000000e+02
      vertex 9.98760013e+01 2.41854150e+01 2.25000000e+02
      vertex 1.04505031e+02 2.52788472e+01 2.40000000e+02
    endloop
  endfacet
  facet normal 3.08923743e-02 9.96169238e-01 -8.18077685e-02
    outer loop
      vertex 1.01840813e+02 2.41296323e+01 2.25000000e+02
      vertex 1.04505031e+02 2.52788472e+01 2.40000000e+02
      vertex 1.06377728e+02 2.52207727e+01 2.40000000e+02
    endloop
  endfacet
  facet normal 2.86438146e-03 9.97261109e-01 -7.39058551e-02
    outer loop
      vertex 9.98760013e+01 2.41854150e+01 2.25000000e+02
      vertex 9.79106051e+01 2.41910601e+01 2.25000000e+02
      vertex 1.02631653e+02 2.52891326e+01 2.40000000e+02
    endloop
  endfacet
  facet normal 5.47499777e-03 9.97214789e-01 -7.43820434e-02
    outer loop
      vertex 9.98760013e+01 2.41854150e+01 2.25000000e+02
      vertex 1.02631653e+02 2.52891326e+01 2.40000000e+02
      vertex 1.04505031e+02 2.52788472e+01 2.40000000e+02
    endloop
  endfacet
  facet normal -1.77563410e-02 9.97543452e-01 -6.77626321e-02
    outer loop
      vertex 9.79106051e+01 2.41910601e+01 2.25000000e+02
      vertex 9.59456116e+01 2.41560831e+01 2.25000000e+02
      vertex 1.00758557e+02 2.52606964e+01 2.40000000e+02
    endloop
  endfacet
  facet normal -1.51442066e-02 9.97552670e-01 -6.82592383e-02
    outer loop
      vertex 9.79106051e+01 2.41910601e+01 2.25000000e+02
      vertex 1.00758557e+02 2.52606964e+01 2.40000000e+02
      vertex 1.02631653e+02 2.52891326e+01 2.40000000e+02
    endloop
  endfacet
  facet normal -4.22049358e-02 9.97292127e-01 -6.02258810e-02
    outer loop
      vertex 9.59456116e+01 2.41560831e+01 2.25000000e+02
      vertex 9.39817869e+01 2.40729750e+01 2.25000000e+02
      vertex 9.88864551e+01 2.51863794e+01 2.40000000e+02
    endloop
  endfacet
  facet normal -3.95926459e-02 9.97367877e-01 -6.07432397e-02
    outer loop
      vertex 9.59456116e+01 2.41560831e+01 2.25000000e+02
      vertex 9.88864551e+01 2.51863794e+01 2.40000000e+02
      vertex 1.00758557e+02 2.52606964e+01 2.40000000e+02
    endloop
  endfacet
  facet normal -8.21133395e-02 9.95496597e-01 -4.73700761e-02
    outer loop
      vertex 9.39817869e+01 2.40729750e+01 2.25000000e+02
      vertex 9.20228358e+01 2.39113913e+01 2.25000000e+02
      vertex 9.70188027e+01 2.50372482e+01 2.40000000e+02
    endloop
  endfacet
  facet normal -7.95048067e-02 9.95682480e-01 -4.79101692e-02
    outer loop
      vertex 9.39817869e+01 2.40729750e+01 2.25000000e+02
      vertex 9.70188027e+01 2.50372482e+01 2.40000000e+02
      vertex 9.88864551e+01 2.51863794e+01 2.40000000e+02
    endloop
  endfacet
  facet normal -1.17031464e-01 9.92481282e-01 -3.58405049e-02
    outer loop
      vertex 9.20228358e+01 2.39113913e+01 2.25000000e+02
      vertex 9.00711029e+01 2.36812467e+01 2.25000000e+02
      vertex 9.51578595e+01 2.48227475e+01 2.40000000e+02
    endloop
  endfacet
  facet normal -1.14430435e-01 9.92764131e-01 -3.64013092e-02
    outer loop
      vertex 9.20228358e+01 2.39113913e+01 2.25000000e+02
      vertex 9.51578595e+01 2.48227475e+01 2.40000000e+02
      vertex 9.70188027e+01 2.50372482e+01 2.40000000e+02
    endloop
  endfacet
  facet normal -1.60414645e-01 9.86825766e-01 -2.10249716e-02
    outer loop
      vertex 9.00711029e+01 2.36812467e+01 2.25000000e+02
      vertex 8.81315645e+01 2.33659628e+01 2.25000000e+02
      vertex 9.33083276e+01 2.45270625e+01 2.40000000e+02
    endloop
  endfacet
  facet normal -1.57828639e-01 9.87230119e-01 -2.16058709e-02
    outer loop
      vertex 9.00711029e+01 2.36812467e+01 2.25000000e+02
      vertex 9.33083276e+01 2.45270625e+01 2.40000000e+02
      vertex 9.51578595e+01 2.48227475e+01 2.40000000e+02
    endloop
  endfacet
  facet normal -2.17634258e-01 9.76030091e-01 -7.68678017e-04
    outer loop
      vertex 8.81315645e+01 2.33659628e+01 2.25000000e+02
      vertex 8.62139427e+01 2.29383733e+01 2.25000000e+02
      vertex 9.14794061e+01 2.41242746e+01 2.40000000e+02
    endloop
  endfacet
  facet normal -2.15078137e-01 9.76595886e-01 -1.36778057e-03
    outer loop
      vertex 8.81315645e+01 2.33659628e+01 2.25000000e+02
      vertex 9.14794061e+01 2.41242746e+01 2.40000000e+02
      vertex 9.33083276e+01 2.45270625e+01 2.40000000e+02
    endloop
  endfacet
  facet normal -2.97294441e-01 9.54357966e-01 2.85812430e-02
    outer loop
      vertex 8.62139427e+01 2.29383733e+01 2.25000000e+02
      vertex 8.43384699e+01 2.23541401e+01 2.25000000e+02
      vertex 8.96902696e+01 2.35720705e+01 2.40000000e+02
    endloop
  endfacet
  facet normal -2.94800023e-01 9.55149539e-01 2.79697077e-02
    outer loop
      vertex 8.62139427e+01 2.29383733e+01 2.25000000e+02
      vertex 8.96902696e+01 2.35720705e+01 2.40000000e+02
      vertex 9.14794061e+01 2.41242746e+01 2.40000000e+02
    endloop
  endfacet
  facet normal -4.71742315e-01 8.76403856e-01 9.68270038e-02
    outer loop
      vertex 8.43384699e+01 2.23541401e+01 2.25000000e+02
      vertex 8.26132266e+01 2.14254925e+01 2.25000000e+02
      vertex 8.80434706e+01 2.26911999e+01 2.40000000e+02
    endloop
  endfacet
  facet normal -4.69473237e-01 8.77686265e-01 9.62377249e-02
    outer loop
      vertex 8.43384699e+01 2.23541401e+01 2.25000000e+02
      vertex 8.80434706e+01 2.26911999e+01 2.40000000e+02
      vertex 8.96902696e+01 2.35720705e+01 2.40000000e+02
    endloop
  endfacet
  facet normal -9.10144382e-01 2.79718763e-01 3.05605329e-01
    outer loop
      vertex 8.26132266e+01 2.14254925e+01 2.25000000e+02
      vertex 8.20959161e+01 1.97422760e+01 2.25000000e+02
      vertex 8.75461760e+01 2.10880686e+01 2.40000000e+02
    endloop
  endfacet
  facet normal -9.09461276e-01 2.82116782e-01 3.05434623e-01
    outer loop
      vertex 8.26132266e+01 2.14254925e+01 2.25000000e+02
      vertex 8.75461760e+01 2.10880686e+01 2.40000000e+02
      vertex 8.80434706e+01 2.26911999e+01 2.40000000e+02
    endloop
  endfacet
  facet normal -5.10077956e-01 -8.20325417e-01 2.58624612e-01
    outer loop
      vertex 8.20959161e+01 1.97422760e+01 2.25000000e+02
      vertex 8.37432869e+01 1.87179416e+01 2.25000000e+02
      vertex 8.91138743e+01 2.01075742e+01 2.40000000e+02
    endloop
  endfacet
  facet normal -5.12094937e-01 -8.18781169e-01 2.59530677e-01
    outer loop
      vertex 8.20959161e+01 1.97422760e+01 2.25000000e+02
      vertex 8.91138743e+01 2.01075742e+01 2.40000000e+02
      vertex 8.75461760e+01 2.10880686e+01 2.40000000e+02
    endloop
  endfacet
  facet normal -2.65973537e-01 -9.46528748e-01 1.82596293e-01
    outer loop
      vertex 8.37432869e+01 1.87179416e+01 2.25000000e+02
      vertex 8.56333860e+01 1.81868259e+01 2.25000000e+02
      vertex 9.09141690e+01 1.95966043e+01 2.40000000e+02
    endloop
  endfacet
  facet normal -2.68394433e-01 -9.45631193e-01 1.83701047e-01
    outer loop
      vertex 8.37432869e+01 1.87179416e+01 2.25000000e+02
      vertex 9.09141690e+01 1.95966043e+01 2.40000000e+02
      vertex 8.91138743e+01 2.01075742e+01 2.40000000e+02
    endloop
  endfacet
  facet normal -1.73681602e-01 -9.72959329e-01 1.52265706e-01
    outer loop
      vertex 8.56333860e+01 1.81868259e+01 2.25000000e+02
      vertex 8.75678115e+01 1.78415143e+01 2.25000000e+02
      vertex 9.27571789e+01 1.92626301e+01 2.40000000e+02
    endloop
  endfacet
  facet normal -1.76196520e-01 -9.72326445e-01 1.53414699e-01
    outer loop
      vertex 8.56333860e+01 1.81868259e+01 2.25000000e+02
      vertex 9.27571789e+01 1.92626301e+01 2.40000000e+02
      vertex 9.09141690e+01 1.95966043e+01 2.40000000e+02
    endloop
  endfacet
  facet normal -1.18014305e-01 -9.83966461e-01 1.33725940e-01
    outer loop
      vertex 8.75678115e+01 1.78415143e+01 2.25000000e+02
      vertex 8.95193604e+01 1.76074507e+01 2.25000000e+02
      vertex 9.46167883e+01 1.90346535e+01 2.40000000e+02
    endloop
  endfacet
  facet normal -1.20570718e-01 -9.83497532e-01 1.34889980e-01
    outer loop
      vertex 8.75678115e+01 1.78415143e+01 2.25000000e+02
      vertex 9.46167883e+01 1.90346535e+01 2.40000000e+02
      vertex 9.27571789e+01 1.92626301e+01 2.40000000e+02
    endloop
  endfacet
  facet normal -8.24006793e-02 -9.89129566e-01 1.21790101e-01
    outer loop
      vertex 8.95193604e+01 1.76074507e+01 2.25000000e+02
      vertex 9.14781576e+01 1.74442707e+01 2.25000000e+02
      vertex 9.64834835e+01 1.88742241e+01 2.40000000e+02
    endloop
  endfacet
  facet normal -8.49776207e-02 -9.88767236e-01 1.22955911e-01
    outer loop
      vertex 8.95193604e+01 1.76074507e+01 2.25000000e+02
      vertex 9.64834835e+01 1.88742241e+01 2.40000000e+02
      vertex 9.46167883e+01 1.90346535e+01 2.40000000e+02
    endloop
  endfacet
  facet normal -5.84110145e-02 -9.91794950e-01 1.13714250e-01
    outer loop
      vertex 9.14781576e+01 1.74442707e+01 2.25000000e+02
      vertex 9.34402881e+01 1.73287125e+01 2.25000000e+02
      vertex 9.83534748e+01 1.87591790e+01 2.40000000e+02
    endloop
  endfacet
  facet normal -6.09991233e-02 -9.91505326e-01 1.14875132e-01
    outer loop
      vertex 9.14781576e+01 1.74442707e+01 2.25000000e+02
      vertex 9.83534748e+01 1.87591790e+01 2.40000000e+02
      vertex 9.64834835e+01 1.88742241e+01 2.40000000e+02
    endloop
  endfacet
  facet normal -4.16126983e-02 -9.93276538e-01 1.08028247e-01
    outer loop
      vertex 9.34402881e+01 1.73287125e+01 2.25000000e+02
      vertex 9.54040809e+01 1.72464406e+01 2.25000000e+02
      vertex 1.00225134e+02 1.86758579e+01 2.40000000e+02
    endloop
  endfacet
  facet normal -4.42073462e-02 -9.93038435e-01 1.09180482e-01
    outer loop
      vertex 9.34402881e+01 1.73287125e+01 2.25000000e+02
      vertex 1.00225134e+02 1.86758579e+01 2.40000000e+02
      vertex 9.83534748e+01 1.87591790e+01 2.40000000e+02
    endloop
  endfacet
  facet normal -2.95872676e-02 -9.94145392e-01 1.03920803e-01
    outer loop
      vertex 9.54040809e+01 1.72464406e+01 2.25000000e+02
      vertex 9.73687655e+01 1.71879686e+01 2.25000000e+02
      vertex 1.02097702e+02 1.86152204e+01 2.40000000e+02
    endloop
  endfacet
  facet normal -3.21859488e-02 -9.93944674e-01 1.05062126e-01
    outer loop
      vertex 9.54040809e+01 1.72464406e+01 2.25000000e+02
      vertex 1.02097702e+02 1.86152204e+01 2.40000000e+02
      vertex 1.00225134e+02 1.86758579e+01 2.40000000e+02
    endloop
  endfacet
  facet normal -2.05608474e-02 -9.94694030e-01 1.00801977e-01
    outer loop
      vertex 9.73687655e+01 1.71879686e+01 2.25000000e+02
      vertex 9.93339486e+01 1.71473473e+01 2.25000000e+02
      vertex 1.03970790e+02 1.85715965e+01 2.40000000e+02
    endloop
  endfacet
  facet normal -2.31621983e-02 -9.94521783e-01 1.01931034e-01
    outer loop
      vertex 9.73687655e+01 1.71879686e+01 2.25000000e+02
      vertex 1.03970790e+02 1.85715965e+01 2.40000000e+02
      vertex 1.02097702e+02 1.86152204e+01 2.40000000e+02
    endloop
  endfacet
  facet normal -1.03422597e-02 -9.95194975e-01 9.73652930e-02
    outer loop
      vertex 9.93339486e+01 1.71473473e+01 2.25000000e+02
      vertex 1.01299446e+02 1.71269214e+01 2.25000000e+02
      vertex 1.05844228e+02 1.85472221e+01 2.40000000e+02
    endloop
  endfacet
  facet normal -1.29462057e-02 -9.95054582e-01 9.84823521e-02
    outer loop
      vertex 9.93339486e+01 1.71473473e+01 2.25000000e+02
      vertex 1.05844228e+02 1.85472221e+01 2.40000000e+02
      vertex 1.03970790e+02 1.85715965e+01 2.40000000e+02
    endloop
  endfacet
  facet normal -6.67638850e-03 -9.95364235e-01 9.59451203e-02
    outer loop
      vertex 1.01299446e+02 1.71269214e+01 2.25000000e+02
      vertex 1.03264996e+02 1.71137375e+01 2.25000000e+02
      vertex 1.07717734e+02 1.85297504e+01 2.40000000e+02
    endloop
  endfacet
  facet normal -9.28122327e-03 -9.95236452e-01 9.70477417e-02
    outer loop
      vertex 1.01299446e+02 1.71269214e+01 2.25000000e+02
      vertex 1.07717734e+02 1.85297504e+01 2.40000000e+02
      vertex 1.05844228e+02 1.85472221e+01 2.40000000e+02
    endloop
  endfacet
  facet normal -3.42478626e-03 -9.95503061e-01 9.46674551e-02
    outer loop
      vertex 1.03264996e+02 1.71137375e+01 2.25000000e+02
      vertex 1.05230585e+02 1.71069754e+01 2.25000000e+02
      vertex 1.09591294e+02 1.85183998e+01 2.40000000e+02
    endloop
  endfacet
  facet normal -6.03036203e-03 -9.95386622e-01 9.57554612e-02
    outer loop
      vertex 1.03264996e+02 1.71137375e+01 2.25000000e+02
      vertex 1.09591294e+02 1.85183998e+01 2.40000000e+02
      vertex 1.07717734e+02 1.85297504e+01 2.40000000e+02
    endloop
  endfacet
  facet normal 2.18497419e-03 -9.95689031e-01 9.27285235e-02
    outer loop
      vertex 1.05230585e+02 1.71069754e+01 2.25000000e+02
      vertex 1.07196185e+02 1.71112888e+01 2.25000000e+02
      vertex 1.11464891e+02 1.85176062e+01 2.40000000e+02
    endloop
  endfacet
  facet normal -4.21695486e-04 -9.95590720e-01 9.38026632e-02
    outer loop
      vertex 1.05230585e+02 1.71069754e+01 2.25000000e+02
      vertex 1.11464891e+02 1.85176062e+01 2.40000000e+02
      vertex 1.09591294e+02 1.85183998e+01 2.40000000e+02
    endloop
  endfacet
  facet normal 6.40286312e-03 -9.95810733e-01 9.12139667e-02
    outer loop
      vertex 1.07196185e+02 1.71112888e+01 2.25000000e+02
      vertex 1.09161733e+02 1.71239269e+01 2.25000000e+02
      vertex 1.13338460e+02 1.85247478e+01 2.40000000e+02
    endloop
  endfacet
  facet normal 3.79544559e-03 -9.95726446e-01 9.22737227e-02
    outer loop
      vertex 1.07196185e+02 1.71112888e+01 2.25000000e+02
      vertex 1.13338460e+02 1.85247478e+01 2.40000000e+02
      vertex 1.11464891e+02 1.85176062e+01 2.40000000e+02
    endloop
  endfacet
  facet normal 9.90902653e-03 -9.95899668e-01 8.99203071e-02
    outer loop
      vertex 1.09161733e+02 1.71239269e+01 2.25000000e+02
      vertex 1.11127240e+02 1.71434833e+01 2.25000000e+02
      vertex 1.15212007e+02 1.85384839e+01 2.40000000e+02
    endloop
  endfacet
  facet normal 7.30104048e-03 -9.95827288e-01 9.09654166e-02
    outer loop
      vertex 1.09161733e+02 1.71239269e+01 2.25000000e+02
      vertex 1.15212007e+02 1.85384839e+01 2.40000000e+02
      vertex 1.13338460e+02 1.85247478e+01 2.40000000e+02
    endloop
  endfacet
  facet normal 1.53513462e-02 -9.95991472e-01 8.81210726e-02
    outer loop
      vertex 1.11127240e+02 1.71434833e+01 2.25000000e+02
      vertex 1.13092610e+02 1.71737758e+01 2.25000000e+02
      vertex 1.17085450e+02 1.85624539e+01 2.40000000e+02
    endloop
  endfacet
  facet normal 1.27426232e-02 -9.95936509e-01 8.91520945e-02
    outer loop
      vertex 1.11127240e+02 1.71434833e+01 2.25000000e+02
      vertex 1.17085450e+02 1.85624539e+01 2.40000000e+02
      vertex 1.15212007e+02 1.85384839e+01 2.40000000e+02
    endloop
  endfacet
  facet normal 1.71457324e-02 -9.96032621e-01 8.73214814e-02
    outer loop
      vertex 1.13092610e+02 1.71737758e+01 2.25000000e+02
      vertex 1.15057919e+02 1.72076067e+01 2.25000000e+02
      vertex 1.18958844e+02 1.85897968e+01 2.40000000e+02
    endloop
  endfacet
  facet normal 1.45367623e-02 -9.95984543e-01 8.83372647e-02
    outer loop
      vertex 1.13092610e+02 1.71737758e+01 2.25000000e+02
      vertex 1.18958844e+02 1.85897968e+01 2.40000000e+02
      vertex 1.17085450e+02 1.85624539e+01 2.40000000e+02
    endloop
  endfacet
  facet normal 1.94231452e-02 -9.96070572e-01 8.64069297e-02
    outer loop
      vertex 1.15057919e+02 1.72076067e+01 2.25000000e+02
      vertex 1.17023149e+02 1.72459282e+01 2.25000000e+02
      vertex 1.20832174e+02 1.86214203e+01 2.40000000e+02
    endloop
  endfacet
  facet normal 1.68139016e-02 -9.96030724e-01 8.74076031e-02
    outer loop
      vertex 1.15057919e+02 1.72076067e+01 2.25000000e+02
      vertex 1.20832174e+02 1.86214203e+01 2.40000000e+02
      vertex 1.18958844e+02 1.85897968e+01 2.40000000e+02
    endloop
  endfacet
  facet normal 2.19446891e-02 -9.96101308e-01 8.54436321e-02
    outer loop
      vertex 1.17023149e+02 1.72459282e+01 2.25000000e+02
      vertex 1.18988275e+02 1.72892211e+01 2.25000000e+02
      vertex 1.22705417e+02 1.86577827e+01 2.40000000e+02
    endloop
  endfacet
  facet normal 1.93351798e-02 -9.96070347e-01 8.64292466e-02
    outer loop
      vertex 1.17023149e+02 1.72459282e+01 2.25000000e+02
      vertex 1.22705417e+02 1.86577827e+01 2.40000000e+02
      vertex 1.20832174e+02 1.86214203e+01 2.40000000e+02
    endloop
  endfacet
  facet normal 2.29498322e-02 -9.96127601e-01 8.48711230e-02
    outer loop
      vertex 1.18988275e+02 1.72892211e+01 2.25000000e+02
      vertex 1.20953357e+02 1.73344947e+01 2.25000000e+02
      vertex 1.24578623e+02 1.86960332e+01 2.40000000e+02
    endloop
  endfacet
  facet normal 2.03402039e-02 -9.96101180e-01 8.58412269e-02
    outer loop
      vertex 1.18988275e+02 1.72892211e+01 2.25000000e+02
      vertex 1.24578623e+02 1.86960332e+01 2.40000000e+02
      vertex 1.22705417e+02 1.86577827e+01 2.40000000e+02
    endloop
  endfacet
  facet normal 2.40811151e-02 -9.96151587e-01 8.42740462e-02
    outer loop
      vertex 1.20953357e+02 1.73344947e+01 2.25000000e+02
      vertex 1.22918387e+02 1.73819976e+01 2.25000000e+02
      vertex 1.26451784e+02 1.87364088e+01 2.40000000e+02
    endloop
  endfacet
  facet normal 2.14713670e-02 -9.96130039e-01 8.52286662e-02
    outer loop
      vertex 1.20953357e+02 1.73344947e+01 2.25000000e+02
      vertex 1.26451784e+02 1.87364088e+01 2.40000000e+02
      vertex 1.24578623e+02 1.86960332e+01 2.40000000e+02
    endloop
  endfacet
  facet normal 2.52278443e-02 -9.96173283e-01 8.36800247e-02
    outer loop
      vertex 1.22918387e+02 1.73819976e+01 2.25000000e+02
      vertex 1.24883361e+02 1.74317601e+01 2.25000000e+02
      vertex 1.28324898e+02 1.87789383e+01 2.40000000e+02
    endloop
  endfacet
  facet normal 2.26179850e-02 -9.96156627e-01 8.46191559e-02
    outer loop
      vertex 1.22918387e+02 1.73819976e+01 2.25000000e+02
      vertex 1.28324898e+02 1.87789383e+01 2.40000000e+02
      vertex 1.26451784e+02 1.87364088e+01 2.40000000e+02
    endloop
  endfacet
  facet normal 2.57176953e-02 -9.96197294e-01 8.32439229e-02
    outer loop
      vertex 1.24883361e+02 1.74317601e+01 2.25000000e+02
      vertex 1.26848310e+02 1.74824870e+01 2.25000000e+02
      vertex 1.30197991e+02 1.88223871e+01 2.40000000e+02
    endloop
  endfacet
  facet normal 2.31077729e-02 -9.96183660e-01 8.41673771e-02
    outer loop
      vertex 1.24883361e+02 1.74317601e+01 2.25000000e+02
      vertex 1.30197991e+02 1.88223871e+01 2.40000000e+02
      vertex 1.28324898e+02 1.87789383e+01 2.40000000e+02
    endloop
  endfacet
  facet normal 2.62666139e-02 -9.96220176e-01 8.27975055e-02
    outer loop
      vertex 1.26848310e+02 1.74824870e+01 2.25000000e+02
      vertex 1.28813231e+02 1.75342946e+01 2.25000000e+02
      vertex 1.32071060e+02 1.88668662e+01 2.40000000e+02
    endloop
  endfacet
  facet normal 2.36566281e-02 -9.96209711e-01 8.37052933e-02
    outer loop
      vertex 1.26848310e+02 1.74824870e+01 2.25000000e+02
      vertex 1.32071060e+02 1.88668662e+01 2.40000000e+02
      vertex 1.30197991e+02 1.88223871e+01 2.40000000e+02
    endloop
  endfacet
  facet normal 2.70076200e-02 -9.96240555e-01 8.23124835e-02
    outer loop
      vertex 1.28813231e+02 1.75342946e+01 2.25000000e+02
      vertex 1.30778113e+02 1.75875617e+01 2.25000000e+02
      vertex 1.33944095e+02 1.89127365e+01 2.40000000e+02
    endloop
  endfacet
  facet normal 2.43975649e-02 -9.96233780e-01 8.32046503e-02
    outer loop
      vertex 1.28813231e+02 1.75342946e+01 2.25000000e+02
      vertex 1.33944095e+02 1.89127365e+01 2.40000000e+02
      vertex 1.32071060e+02 1.88668662e+01 2.40000000e+02
    endloop
  endfacet
  facet normal 2.78328821e-02 -9.96258901e-01 8.18140122e-02
    outer loop
      vertex 1.30778113e+02 1.75875617e+01 2.25000000e+02
      vertex 1.32742950e+02 1.76424541e+01 2.25000000e+02
      vertex 1.35817092e+02 1.89601562e+01 2.40000000e+02
    endloop
  endfacet
  facet normal 2.52227590e-02 -9.96256032e-01 8.26905735e-02
    outer loop
      vertex 1.30778113e+02 1.75875617e+01 2.25000000e+02
      vertex 1.35817092e+02 1.89601562e+01 2.40000000e+02
      vertex 1.33944095e+02 1.89127365e+01 2.40000000e+02
    endloop
  endfacet
  facet normal 2.86816974e-02 -9.96275631e-01 8.13156022e-02
    outer loop
      vertex 1.32742950e+02 1.76424541e+01 2.25000000e+02
      vertex 1.34707740e+02 1.76990183e+01 2.25000000e+02
      vertex 1.37690048e+02 1.90091694e+01 2.40000000e+02
    endloop
  endfacet
  facet normal 2.60715113e-02 -9.96276713e-01 8.21765573e-02
    outer loop
      vertex 1.32742950e+02 1.76424541e+01 2.25000000e+02
      vertex 1.37690048e+02 1.90091694e+01 2.40000000e+02
      vertex 1.35817092e+02 1.89601562e+01 2.40000000e+02
    endloop
  endfacet
  facet normal 2.95059475e-02 -9.96291307e-01 8.08271596e-02
    outer loop
      vertex 1.34707740e+02 1.76990183e+01 2.25000000e+02
      vertex 1.36672482e+02 1.77572056e+01 2.25000000e+02
      vertex 1.39562962e+02 1.90597301e+01 2.40000000e+02
    endloop
  endfacet
  facet normal 2.68957052e-02 -9.96296253e-01 8.16724954e-02
    outer loop
      vertex 1.34707740e+02 1.76990183e+01 2.25000000e+02
      vertex 1.39562962e+02 1.90597301e+01 2.40000000e+02
      vertex 1.37690048e+02 1.90091694e+01 2.40000000e+02
    endloop
  endfacet
  facet normal 3.07996117e-02 -9.96298605e-01 8.02525568e-02
    outer loop
      vertex 1.36672482e+02 1.77572056e+01 2.25000000e+02
      vertex 1.38637147e+02 1.78179414e+01 2.25000000e+02
      vertex 1.41435809e+02 1.91127199e+01 2.40000000e+02
    endloop
  endfacet
  facet normal 2.81893060e-02 -9.96308692e-01 8.10823842e-02
    outer loop
      vertex 1.36672482e+02 1.77572056e+01 2.25000000e+02
      vertex 1.41435809e+02 1.91127199e+01 2.40000000e+02
      vertex 1.39562962e+02 1.90597301e+01 2.40000000e+02
    endloop
  endfacet
  facet normal 1.05701920e-01 -9.92231968e-01 6.55959321e-02
    outer loop
      vertex 1.38637147e+02 1.78179414e+01 2.25000000e+02
      vertex 1.40616935e+02 1.80288471e+01 2.25000000e+02
      vertex 1.43323446e+02 1.93088123e+01 2.40000000e+02
    endloop
  endfacet
  facet normal 1.03098195e-01 -9.92450337e-01 6.64310919e-02
    outer loop
      vertex 1.38637147e+02 1.78179414e+01 2.25000000e+02
      vertex 1.43323446e+02 1.93088123e+01 2.40000000e+02
      vertex 1.41435809e+02 1.91127199e+01 2.40000000e+02
    endloop
  endfacet
  facet normal 2.38185930e-01 9.62991469e-01 -1.26154245e-01
    outer loop
      vertex 1.43323446e+02 1.93088123e+01 2.40000000e+02
      vertex 1.41504665e+02 1.97586688e+01 2.40000000e+02
      vertex 1.44301764e+02 2.10318723e+01 2.55000000e+02
    endloop
  endfacet
  facet normal 2.40703411e-01 9.62353382e-01 -1.26245141e-01
    outer loop
      vertex 1.43323446e+02 1.93088123e+01 2.40000000e+02
      vertex 1.44301764e+02 2.10318723e+01 2.55000000e+02
      vertex 1.46030104e+02 2.05995807e+01 2.55000000e+02
    endloop
  endfacet
  facet normal 2.30201233e-01 9.65062162e-01 -1.25149574e-01
    outer loop
      vertex 1.41504665e+02 1.97586688e+01 2.40000000e+02
      vertex 1.39682206e+02 2.01933894e+01 2.40000000e+02
      vertex 1.42569889e+02 2.14497805e+01 2.55000000e+02
    endloop
  endfacet
  facet normal 2.32723732e-01 9.64442781e-01 -1.25258879e-01
    outer loop
      vertex 1.41504665e+02 1.97586688e+01 2.40000000e+02
      vertex 1.42569889e+02 2.14497805e+01 2.55000000e+02
      vertex 1.44301764e+02 2.10318723e+01 2.55000000e+02
    endloop
  endfacet
  facet normal 2.21460228e-01 9.67258728e-01 -1.23959354e-01
    outer loop
      vertex 1.39682206e+02 2.01933894e+01 2.40000000e+02
      vertex 1.37855874e+02 2.06115400e+01 2.40000000e+02
      vertex 1.40834289e+02 2.18519421e+01 2.55000000e+02
    endloop
  endfacet
  facet normal 2.23988133e-01 9.66660051e-01 -1.24087315e-01
    outer loop
      vertex 1.39682206e+02 2.01933894e+01 2.40000000e+02
      vertex 1.40834289e+02 2.18519421e+01 2.55000000e+02
      vertex 1.42569889e+02 2.14497805e+01 2.55000000e+02
    endloop
  endfacet
  facet normal 2.13554329e-01 9.69175318e-01 -1.22856629e-01
    outer loop
      vertex 1.37855874e+02 2.06115400e+01 2.40000000e+02
      vertex 1.36026176e+02 2.10147074e+01 2.40000000e+02
      vertex 1.39095452e+02 2.22398647e+01 2.55000000e+02
    endloop
  endfacet
  facet normal 2.16086943e-01 9.68595224e-01 -1.23002948e-01
    outer loop
      vertex 1.37855874e+02 2.06115400e+01 2.40000000e+02
      vertex 1.39095452e+02 2.22398647e+01 2.55000000e+02
      vertex 1.40834289e+02 2.18519421e+01 2.55000000e+02
    endloop
  endfacet
  facet normal 2.06202184e-01 9.70899075e-01 -1.21801666e-01
    outer loop
      vertex 1.36026176e+02 2.10147074e+01 2.40000000e+02
      vertex 1.34193457e+02 2.14039453e+01 2.40000000e+02
      vertex 1.37353708e+02 2.26145494e+01 2.55000000e+02
    endloop
  endfacet
  facet normal 2.08739034e-01 9.70336166e-01 -1.21966145e-01
    outer loop
      vertex 1.36026176e+02 2.10147074e+01 2.40000000e+02
      vertex 1.37353708e+02 2.26145494e+01 2.55000000e+02
      vertex 1.39095452e+02 2.22398647e+01 2.55000000e+02
    endloop
  endfacet
  facet normal 1.96791411e-01 9.73036999e-01 -1.20300206e-01
    outer loop
      vertex 1.34193457e+02 2.14039453e+01 2.40000000e+02
      vertex 1.32357041e+02 2.17753504e+01 2.40000000e+02
      vertex 1.35608404e+02 2.29722862e+01 2.55000000e+02
    endloop
  endfacet
  facet normal 1.99333674e-01 9.72496687e-01 -1.20483524e-01
    outer loop
      vertex 1.34193457e+02 2.14039453e+01 2.40000000e+02
      vertex 1.35608404e+02 2.29722862e+01 2.55000000e+02
      vertex 1.37353708e+02 2.26145494e+01 2.55000000e+02
    endloop
  endfacet
  facet normal 1.89107999e-01 9.74709619e-01 -1.19076967e-01
    outer loop
      vertex 1.32357041e+02 2.17753504e+01 2.40000000e+02
      vertex 1.30517759e+02 2.21321982e+01 2.40000000e+02
      vertex 1.33860337e+02 2.33161879e+01 2.55000000e+02
    endloop
  endfacet
  facet normal 1.91654462e-01 9.74187456e-01 -1.19278535e-01
    outer loop
      vertex 1.32357041e+02 2.17753504e+01 2.40000000e+02
      vertex 1.33860337e+02 2.33161879e+01 2.55000000e+02
      vertex 1.35608404e+02 2.29722862e+01 2.55000000e+02
    endloop
  endfacet
  facet normal 1.82125293e-01 9.76175828e-01 -1.17945453e-01
    outer loop
      vertex 1.30517759e+02 2.21321982e+01 2.40000000e+02
      vertex 1.28675970e+02 2.24758211e+01 2.40000000e+02
      vertex 1.32109855e+02 2.36475203e+01 2.55000000e+02
    endloop
  endfacet
  facet normal 1.84675434e-01 9.75670031e-01 -1.18165028e-01
    outer loop
      vertex 1.30517759e+02 2.21321982e+01 2.40000000e+02
      vertex 1.32109855e+02 2.36475203e+01 2.55000000e+02
      vertex 1.33860337e+02 2.33161879e+01 2.55000000e+02
    endloop
  endfacet
  facet normal 1.75819743e-01 9.77455523e-01 -1.16910725e-01
    outer loop
      vertex 1.28675970e+02 2.24758211e+01 2.40000000e+02
      vertex 1.26831972e+02 2.28075101e+01 2.40000000e+02
      vertex 1.30357242e+02 2.39675104e+01 2.55000000e+02
    endloop
  endfacet
  facet normal 1.78373087e-01 9.76964365e-01 -1.17148072e-01
    outer loop
      vertex 1.28675970e+02 2.24758211e+01 2.40000000e+02
      vertex 1.30357242e+02 2.39675104e+01 2.55000000e+02
      vertex 1.32109855e+02 2.36475203e+01 2.55000000e+02
    endloop
  endfacet
  facet normal 1.64484149e-01 9.79684879e-01 -1.14727952e-01
    outer loop
      vertex 1.26831972e+02 2.28075101e+01 2.40000000e+02
      vertex 1.24984237e+02 2.31177355e+01 2.40000000e+02
      vertex 1.28601022e+02 2.42671004e+01 2.55000000e+02
    endloop
  endfacet
  facet normal 1.67043399e-01 9.79221640e-01 -1.14984706e-01
    outer loop
      vertex 1.26831972e+02 2.28075101e+01 2.40000000e+02
      vertex 1.28601022e+02 2.42671004e+01 2.55000000e+02
      vertex 1.30357242e+02 2.39675104e+01 2.55000000e+02
    endloop
  endfacet
  facet normal 1.57351551e-01 9.81008023e-01 -1.13418465e-01
    outer loop
      vertex 1.24984237e+02 2.31177355e+01 2.40000000e+02
      vertex 1.23134323e+02 2.34144576e+01 2.40000000e+02
      vertex 1.26842698e+02 2.45538555e+01 2.55000000e+02
    endloop
  endfacet
  facet normal 1.59914227e-01 9.80561720e-01 -1.13693244e-01
    outer loop
      vertex 1.24984237e+02 2.31177355e+01 2.40000000e+02
      vertex 1.26842698e+02 2.45538555e+01 2.55000000e+02
      vertex 1.28601022e+02 2.42671004e+01 2.55000000e+02
    endloop
  endfacet
  facet normal 1.51319364e-01 9.82083073e-01 -1.12317795e-01
    outer loop
      vertex 1.23134323e+02 2.34144576e+01 2.40000000e+02
      vertex 1.21282586e+02 2.36997733e+01 2.40000000e+02
      vertex 1.25082610e+02 2.48297690e+01 2.55000000e+02
    endloop
  endfacet
  facet normal 1.53884804e-01 9.81650856e-01 -1.12610228e-01
    outer loop
      vertex 1.23134323e+02 2.34144576e+01 2.40000000e+02
      vertex 1.25082610e+02 2.48297690e+01 2.55000000e+02
      vertex 1.26842698e+02 2.45538555e+01 2.55000000e+02
    endloop
  endfacet
  facet normal 1.38207347e-01 9.84334299e-01 -1.09474732e-01
    outer loop
      vertex 1.21282586e+02 2.36997733e+01 2.40000000e+02
      vertex 1.19427188e+02 2.39602839e+01 2.40000000e+02
      vertex 1.23318980e+02 2.50821048e+01 2.55000000e+02
    endloop
  endfacet
  facet normal 1.40778973e-01 9.83934999e-01 -1.09787057e-01
    outer loop
      vertex 1.21282586e+02 2.36997733e+01 2.40000000e+02
      vertex 1.23318980e+02 2.50821048e+01 2.55000000e+02
      vertex 1.25082610e+02 2.48297690e+01 2.55000000e+02
    endloop
  endfacet
  facet normal 1.30819196e-01 9.85511065e-01 -1.07954983e-01
    outer loop
      vertex 1.19427188e+02 2.39602839e+01 2.40000000e+02
      vertex 1.17569939e+02 2.42068198e+01 2.40000000e+02
      vertex 1.21553555e+02 2.53211567e+01 2.55000000e+02
    endloop
  endfacet
  facet normal 1.33393985e-01 9.85129597e-01 -1.08285370e-01
    outer loop
      vertex 1.19427188e+02 2.39602839e+01 2.40000000e+02
      vertex 1.21553555e+02 2.53211567e+01 2.55000000e+02
      vertex 1.23318980e+02 2.50821048e+01 2.55000000e+02
    endloop
  endfacet
  facet normal 1.22955612e-01 9.86706517e-01 -1.06264610e-01
    outer loop
      vertex 1.17569939e+02 2.42068198e+01 2.40000000e+02
      vertex 1.15710722e+02 2.44385009e+01 2.40000000e+02
      vertex 1.19786222e+02 2.55460882e+01 2.55000000e+02
    endloop
  endfacet
  facet normal 1.25533669e-01 9.86344224e-01 -1.06613176e-01
    outer loop
      vertex 1.17569939e+02 2.42068198e+01 2.40000000e+02
      vertex 1.19786222e+02 2.55460882e+01 2.55000000e+02
      vertex 1.21553555e+02 2.53211567e+01 2.55000000e+02
    endloop
  endfacet
  facet normal 1.07622328e-01 9.88886781e-01 -1.02568848e-01
    outer loop
      vertex 1.15710722e+02 2.44385009e+01 2.40000000e+02
      vertex 1.13848146e+02 2.46412084e+01 2.40000000e+02
      vertex 1.18015622e+02 2.57434774e+01 2.55000000e+02
    endloop
  endfacet
  facet normal 1.10206633e-01 9.88563755e-01 -1.02937850e-01
    outer loop
      vertex 1.15710722e+02 2.44385009e+01 2.40000000e+02
      vertex 1.18015622e+02 2.57434774e+01 2.55000000e+02
      vertex 1.19786222e+02 2.55460882e+01 2.55000000e+02
    endloop
  endfacet
  facet normal 9.96527724e-02 9.89909565e-01 -1.00739162e-01
    outer loop
      vertex 1.13848146e+02 2.46412084e+01 2.40000000e+02
      vertex 1.11984050e+02 2.48288643e+01 2.40000000e+02
      vertex 1.16243539e+02 2.59265579e+01 2.55000000e+02
    endloop
  endfacet
  facet normal 1.02239969e-01 9.89606212e-01 -1.01126325e-01
    outer loop
      vertex 1.13848146e+02 2.46412084e+01 2.40000000e+02
      vertex 1.16243539e+02 2.59265579e+01 2.55000000e+02
      vertex 1.18015622e+02 2.57434774e+01 2.55000000e+02
    endloop
  endfacet
  facet normal 8.68709851e-02 9.91433920e-01 -9.75305845e-02
    outer loop
      vertex 1.11984050e+02 2.48288643e+01 2.40000000e+02
      vertex 1.10117604e+02 2.49924052e+01 2.40000000e+02
      vertex 1.14469163e+02 2.60867137e+01 2.55000000e+02
    endloop
  endfacet
  facet normal 8.94626621e-02 9.91163318e-01 -9.79372668e-02
    outer loop
      vertex 1.11984050e+02 2.48288643e+01 2.40000000e+02
      vertex 1.14469163e+02 2.60867137e+01 2.55000000e+02
      vertex 1.16243539e+02 2.59265579e+01 2.55000000e+02
    endloop
  endfacet
  facet normal 6.72506119e-02 9.93458012e-01 -9.22959039e-02
    outer loop
      vertex 1.10117604e+02 2.49924052e+01 2.40000000e+02
      vertex 1.08248389e+02 2.51189388e+01 2.40000000e+02
      vertex 1.12692061e+02 2.62116864e+01 2.55000000e+02
    endloop
  endfacet
  facet normal 6.98484556e-02 9.93238874e-01 -9.27239604e-02
    outer loop
      vertex 1.10117604e+02 2.49924052e+01 2.40000000e+02
      vertex 1.12692061e+02 2.62116864e+01 2.55000000e+02
      vertex 1.14469163e+02 2.60867137e+01 2.55000000e+02
    endloop
  endfacet
  facet normal 5.41421570e-02 9.94576552e-01 -8.88037679e-02
    outer loop
      vertex 1.08248389e+02 2.51189388e+01 2.40000000e+02
      vertex 1.06377728e+02 2.52207727e+01 2.40000000e+02
      vertex 1.10913522e+02 2.63131761e+01 2.55000000e+02
    endloop
  endfacet
  facet normal 5.67434852e-02 9.94391470e-01 -8.92512248e-02
    outer loop
      vertex 1.08248389e+02 2.51189388e+01 2.40000000e+02
      vertex 1.10913522e+02 2.63131761e+01 2.55000000e+02
      vertex 1.12692061e+02 2.62116864e+01 2.55000000e+02
    endloop
  endfacet
  facet normal 3.08913826e-02 9.96137260e-01 -8.21966079e-02
    outer loop
      vertex 1.06377728e+02 2.52207727e+01 2.40000000e+02
      vertex 1.04505031e+02 2.52788472e+01 2.40000000e+02
      vertex 1.09132939e+02 2.63730605e+01 2.55000000e+02
    endloop
  endfacet
  facet normal 3.34978503e-02 9.96014177e-01 -8.26659106e-02
    outer loop
      vertex 1.06377728e+02 2.52207727e+01 2.40000000e+02
      vertex 1.09132939e+02 2.63730605e+01 2.55000000e+02
      vertex 1.10913522e+02 2.63131761e+01 2.55000000e+02
    endloop
  endfacet
  facet normal 5.47485017e-03 9.97187905e-01 -7.47416035e-02
    outer loop
      vertex 1.04505031e+02 2.52788472e+01 2.40000000e+02
      vertex 1.02631653e+02 2.52891326e+01 2.40000000e+02
      vertex 1.07351589e+02 2.63875044e+01 2.55000000e+02
    endloop
  endfacet
  facet normal 8.08516069e-03 9.97133210e-01 -7.52329208e-02
    outer loop
      vertex 1.04505031e+02 2.52788472e+01 2.40000000e+02
      vertex 1.07351589e+02 2.63875044e+01 2.55000000e+02
      vertex 1.09132939e+02 2.63730605e+01 2.55000000e+02
    endloop
  endfacet
  facet normal -1.51438634e-02 9.97530063e-01 -6.85888909e-02
    outer loop
      vertex 1.02631653e+02 2.52891326e+01 2.40000000e+02
      vertex 1.00758557e+02 2.52606964e+01 2.40000000e+02
      vertex 1.05570410e+02 2.63651277e+01 2.55000000e+02
    endloop
  endfacet
  facet normal -1.25318432e-02 9.97530975e-01 -6.91006959e-02
    outer loop
      vertex 1.02631653e+02 2.52891326e+01 2.40000000e+02
      vertex 1.05570410e+02 2.63651277e+01 2.55000000e+02
      vertex 1.07351589e+02 2.63875044e+01 2.55000000e+02
    endloop
  endfacet
  facet normal -3.95919199e-02 9.97349587e-01 -6.10432678e-02
    outer loop
      vertex 1.00758557e+02 2.52606964e+01 2.40000000e+02
      vertex 9.88864551e+01 2.51863794e+01 2.40000000e+02
      vertex 1.03790063e+02 2.62991209e+01 2.55000000e+02
    endloop
  endfacet
  facet normal -3.69795199e-02 9.97417126e-01 -6.15759105e-02
    outer loop
      vertex 1.00758557e+02 2.52606964e+01 2.40000000e+02
      vertex 1.03790063e+02 2.62991209e+01 2.55000000e+02
      vertex 1.05570410e+02 2.63651277e+01 2.55000000e+02
    endloop
  endfacet
  facet normal -7.95037669e-02 9.95669458e-01 -4.81817459e-02
    outer loop
      vertex 9.88864551e+01 2.51863794e+01 2.40000000e+02
      vertex 9.70188027e+01 2.50372482e+01 2.40000000e+02
      vertex 1.02013761e+02 2.61619629e+01 2.55000000e+02
    endloop
  endfacet
  facet normal -7.68947660e-02 9.95847315e-01 -4.87372563e-02
    outer loop
      vertex 9.88864551e+01 2.51863794e+01 2.40000000e+02
      vertex 1.02013761e+02 2.61619629e+01 2.55000000e+02
      vertex 1.03790063e+02 2.62991209e+01 2.55000000e+02
    endloop
  endfacet
  facet normal -1.14429420e-01 9.92755328e-01 -3.66437790e-02
    outer loop
      vertex 9.70188027e+01 2.50372482e+01 2.40000000e+02
      vertex 9.51578595e+01 2.48227475e+01 2.40000000e+02
      vertex 1.00243675e+02 2.59626292e+01 2.55000000e+02
    endloop
  endfacet
  facet normal -1.11827620e-01 9.93030335e-01 -3.72201097e-02
    outer loop
      vertex 9.70188027e+01 2.50372482e+01 2.40000000e+02
      vertex 1.00243675e+02 2.59626292e+01 2.55000000e+02
      vertex 1.02013761e+02 2.61619629e+01 2.55000000e+02
    endloop
  endfacet
  facet normal -1.57827905e-01 9.87225529e-01 -2.18198877e-02
    outer loop
      vertex 9.51578595e+01 2.48227475e+01 2.40000000e+02
      vertex 9.33083276e+01 2.45270625e+01 2.40000000e+02
      vertex 9.84842383e+01 2.56860697e+01 2.55000000e+02
    endloop
  endfacet
  facet normal -1.55240767e-01 9.87622300e-01 -2.24164438e-02
    outer loop
      vertex 9.51578595e+01 2.48227475e+01 2.40000000e+02
      vertex 9.84842383e+01 2.56860697e+01 2.55000000e+02
      vertex 1.00243675e+02 2.59626292e+01 2.55000000e+02
    endloop
  endfacet
  facet normal -2.15078078e-01 9.76595619e-01 -1.55456409e-03
    outer loop
      vertex 9.33083276e+01 2.45270625e+01 2.40000000e+02
      vertex 9.14794061e+01 2.41242746e+01 2.40000000e+02
      vertex 9.67441332e+01 2.53076158e+01 2.55000000e+02
    endloop
  endfacet
  facet normal -2.12520380e-01 9.77154226e-01 -2.16948264e-03
    outer loop
      vertex 9.33083276e+01 2.45270625e+01 2.40000000e+02
      vertex 9.67441332e+01 2.53076158e+01 2.55000000e+02
      vertex 9.84842383e+01 2.56860697e+01 2.55000000e+02
    endloop
  endfacet
  facet normal -2.94801356e-01 9.55153856e-01 2.78077543e-02
    outer loop
      vertex 9.14794061e+01 2.41242746e+01 2.40000000e+02
      vertex 8.96902696e+01 2.35720705e+01 2.40000000e+02
      vertex 9.50414872e+01 2.47869846e+01 2.55000000e+02
    endloop
  endfacet
  facet normal -2.92304809e-01 9.55938876e-01 2.71802113e-02
    outer loop
      vertex 9.14794061e+01 2.41242746e+01 2.40000000e+02
      vertex 9.50414872e+01 2.47869846e+01 2.55000000e+02
      vertex 9.67441332e+01 2.53076158e+01 2.55000000e+02
    endloop
  endfacet
  facet normal -4.69480020e-01 8.77698945e-01 9.60888803e-02
    outer loop
      vertex 8.96902696e+01 2.35720705e+01 2.40000000e+02
      vertex 8.80434706e+01 2.26911999e+01 2.40000000e+02
      vertex 9.34733703e+01 2.39534735e+01 2.55000000e+02
    endloop
  endfacet
  facet normal -4.67207951e-01 8.78976483e-01 9.54833655e-02
    outer loop
      vertex 8.96902696e+01 2.35720705e+01 2.40000000e+02
      vertex 9.34733703e+01 2.39534735e+01 2.55000000e+02
      vertex 9.50414872e+01 2.47869846e+01 2.55000000e+02
    endloop
  endfacet
  facet normal -9.09522802e-01 2.82135867e-01 3.05233722e-01
    outer loop
      vertex 8.80434706e+01 2.26911999e+01 2.40000000e+02
      vertex 8.75461760e+01 2.10880686e+01 2.40000000e+02
      vertex 9.29965071e+01 2.24303106e+01 2.55000000e+02
    endloop
  endfacet
  facet normal -9.08837499e-01 2.84533694e-01 3.05049138e-01
    outer loop
      vertex 8.80434706e+01 2.26911999e+01 2.40000000e+02
      vertex 9.29965071e+01 2.24303106e+01 2.55000000e+02
      vertex 9.34733703e+01 2.39534735e+01 2.55000000e+02
    endloop
  endfacet
  facet normal -5.12159711e-01 -8.18884736e-01 2.59075703e-01
    outer loop
      vertex 8.75461760e+01 2.10880686e+01 2.40000000e+02
      vertex 8.91138743e+01 2.01075742e+01 2.40000000e+02
      vertex 9.44847742e+01 2.14940660e+01 2.55000000e+02
    endloop
  endfacet
  facet normal -5.14174421e-01 -8.17338635e-01 2.59965807e-01
    outer loop
      vertex 8.75461760e+01 2.10880686e+01 2.40000000e+02
      vertex 9.44847742e+01 2.14940660e+01 2.55000000e+02
      vertex 9.29965071e+01 2.24303106e+01 2.55000000e+02
    endloop
  endfacet
  facet normal -2.68418942e-01 -9.45717546e-01 1.83220070e-01
    outer loop
      vertex 8.91138743e+01 2.01075742e+01 2.40000000e+02
      vertex 9.09141690e+01 1.95966043e+01 2.40000000e+02
      vertex 9.61953838e+01 2.10037084e+01 2.55000000e+02
    endloop
  endfacet
  facet normal -2.70837848e-01 -9.44816043e-01 1.84308179e-01
    outer loop
      vertex 8.91138743e+01 2.01075742e+01 2.40000000e+02
      vertex 9.61953838e+01 2.10037084e+01 2.55000000e+02
      vertex 9.44847742e+01 2.14940660e+01 2.55000000e+02
    endloop
  endfacet
  facet normal -1.76209354e-01 -9.72397267e-01 1.52950377e-01
    outer loop
      vertex 9.09141690e+01 1.95966043e+01 2.40000000e+02
      vertex 9.27571789e+01 1.92626301e+01 2.40000000e+02
      vertex 9.79470513e+01 2.06815477e+01 2.55000000e+02
    endloop
  endfacet
  facet normal -1.78722659e-01 -9.71759616e-01 1.54082641e-01
    outer loop
      vertex 9.09141690e+01 1.95966043e+01 2.40000000e+02
      vertex 9.79470513e+01 2.06815477e+01 2.55000000e+02
      vertex 9.61953838e+01 2.10037084e+01 2.55000000e+02
    endloop
  endfacet
  facet normal -1.20577995e-01 -9.83556894e-01 1.34449928e-01
    outer loop
      vertex 9.27571789e+01 1.92626301e+01 2.40000000e+02
      vertex 9.46167883e+01 1.90346535e+01 2.40000000e+02
      vertex 9.97147670e+01 2.04601378e+01 2.55000000e+02
    endloop
  endfacet
  facet normal -1.23133094e-01 -9.83082719e-01 1.35597228e-01
    outer loop
      vertex 9.27571789e+01 1.92626301e+01 2.40000000e+02
      vertex 9.97147670e+01 2.04601378e+01 2.55000000e+02
      vertex 9.79470513e+01 2.06815477e+01 2.55000000e+02
    endloop
  endfacet
  facet normal -8.49819888e-02 -9.88818063e-01 1.22543464e-01
    outer loop
      vertex 9.46167883e+01 1.90346535e+01 2.40000000e+02
      vertex 9.64834835e+01 1.88742241e+01 2.40000000e+02
      vertex 1.01489389e+02 2.03029401e+01 2.55000000e+02
    endloop
  endfacet
  facet normal -8.75578357e-02 -9.88450191e-01 1.23692544e-01
    outer loop
      vertex 9.46167883e+01 1.90346535e+01 2.40000000e+02
      vertex 1.01489389e+02 2.03029401e+01 2.55000000e+02
      vertex 9.97147670e+01 2.04601378e+01 2.55000000e+02
    endloop
  endfacet
  facet normal -6.10018399e-02 -9.91549483e-01 1.14491913e-01
    outer loop
      vertex 9.64834835e+01 1.88742241e+01 2.40000000e+02
      vertex 9.83534748e+01 1.87591790e+01 2.40000000e+02
      vertex 1.03267258e+02 2.01888897e+01 2.55000000e+02
    endloop
  endfacet
  facet normal -6.35890138e-02 -9.91254122e-01 1.15636080e-01
    outer loop
      vertex 9.64834835e+01 1.88742241e+01 2.40000000e+02
      vertex 1.03267258e+02 2.01888897e+01 2.55000000e+02
      vertex 1.01489389e+02 2.03029401e+01 2.55000000e+02
    endloop
  endfacet
  facet normal -4.42090683e-02 -9.93077118e-01 1.08827364e-01
    outer loop
      vertex 9.83534748e+01 1.87591790e+01 2.40000000e+02
      vertex 1.00225134e+02 1.86758579e+01 2.40000000e+02
      vertex 1.05046791e+02 2.01050012e+01 2.55000000e+02
    endloop
  endfacet
  facet normal -4.68028989e-02 -9.92833143e-01 1.09962896e-01
    outer loop
      vertex 9.83534748e+01 1.87591790e+01 2.40000000e+02
      vertex 1.05046791e+02 2.01050012e+01 2.55000000e+02
      vertex 1.03267258e+02 2.01888897e+01 2.55000000e+02
    endloop
  endfacet
  facet normal -3.21870498e-02 -9.93978674e-01 1.04739630e-01
    outer loop
      vertex 1.00225134e+02 1.86758579e+01 2.40000000e+02
      vertex 1.02097702e+02 1.86152204e+01 2.40000000e+02
      vertex 1.06827246e+02 2.00426799e+01 2.55000000e+02
    endloop
  endfacet
  facet normal -3.47850007e-02 -9.93771987e-01 1.05864260e-01
    outer loop
      vertex 1.00225134e+02 1.86758579e+01 2.40000000e+02
      vertex 1.06827246e+02 2.00426799e+01 2.55000000e+02
      vertex 1.05046791e+02 2.01050012e+01 2.55000000e+02
    endloop
  endfacet
  facet normal -2.31628929e-02 -9.94551606e-01 1.01639474e-01
    outer loop
      vertex 1.02097702e+02 1.86152204e+01 2.40000000e+02
      vertex 1.03970790e+02 1.85715965e+01 2.40000000e+02
      vertex 1.08608237e+02 1.99965356e+01 2.55000000e+02
    endloop
  endfacet
  facet normal -2.57635807e-02 -9.94373318e-01 1.02751847e-01
    outer loop
      vertex 1.02097702e+02 1.86152204e+01 2.40000000e+02
      vertex 1.08608237e+02 1.99965356e+01 2.55000000e+02
      vertex 1.06827246e+02 2.00426799e+01 2.55000000e+02
    endloop
  endfacet
  facet normal -1.29465408e-02 -9.95080337e-01 9.82217394e-02
    outer loop
      vertex 1.03970790e+02 1.85715965e+01 2.40000000e+02
      vertex 1.05844228e+02 1.85472221e+01 2.40000000e+02
      vertex 1.10389610e+02 1.99686944e+01 2.55000000e+02
    endloop
  endfacet
  facet normal -1.55499009e-02 -9.94933825e-01 9.93221265e-02
    outer loop
      vertex 1.03970790e+02 1.85715965e+01 2.40000000e+02
      vertex 1.10389610e+02 1.99686944e+01 2.55000000e+02
      vertex 1.08608237e+02 1.99965356e+01 2.55000000e+02
    endloop
  endfacet
  facet normal -9.28143143e-03 -9.95258773e-01 9.68185442e-02
    outer loop
      vertex 1.05844228e+02 1.85472221e+01 2.40000000e+02
      vertex 1.07717734e+02 1.85297504e+01 2.40000000e+02
      vertex 1.12171063e+02 1.99474168e+01 2.55000000e+02
    endloop
  endfacet
  facet normal -1.18857092e-02 -9.95124836e-01 9.79044974e-02
    outer loop
      vertex 1.05844228e+02 1.85472221e+01 2.40000000e+02
      vertex 1.12171063e+02 1.99474168e+01 2.55000000e+02
      vertex 1.10389610e+02 1.99686944e+01 2.55000000e+02
    endloop
  endfacet
  facet normal -6.03047714e-03 -9.95405623e-01 9.55577295e-02
    outer loop
      vertex 1.07717734e+02 1.85297504e+01 2.40000000e+02
      vertex 1.09591294e+02 1.85183998e+01 2.40000000e+02
      vertex 1.13952584e+02 1.99319595e+01 2.55000000e+02
    endloop
  endfacet
  facet normal -8.63552197e-03 -9.95283000e-01 9.66290708e-02
    outer loop
      vertex 1.07717734e+02 1.85297504e+01 2.40000000e+02
      vertex 1.13952584e+02 1.99319595e+01 2.55000000e+02
      vertex 1.12171063e+02 1.99474168e+01 2.55000000e+02
    endloop
  endfacet
  facet normal -4.21702120e-04 -9.95606381e-01 9.36363026e-02
    outer loop
      vertex 1.09591294e+02 1.85183998e+01 2.40000000e+02
      vertex 1.11464891e+02 1.85176062e+01 2.40000000e+02
      vertex 1.15734165e+02 1.99265407e+01 2.55000000e+02
    endloop
  endfacet
  facet normal -3.02788488e-03 -9.95501843e-01 9.46937854e-02
    outer loop
      vertex 1.09591294e+02 1.85183998e+01 2.40000000e+02
      vertex 1.15734165e+02 1.99265407e+01 2.55000000e+02
      vertex 1.13952584e+02 1.99319595e+01 2.55000000e+02
    endloop
  endfacet
  facet normal 3.79549320e-03 -9.95738936e-01 9.21388417e-02
    outer loop
      vertex 1.11464891e+02 1.85176062e+01 2.40000000e+02
      vertex 1.13338460e+02 1.85247478e+01 2.40000000e+02
      vertex 1.17515741e+02 1.99286674e+01 2.55000000e+02
    endloop
  endfacet
  facet normal 1.18852886e-03 -9.95648388e-01 9.31819471e-02
    outer loop
      vertex 1.11464891e+02 1.85176062e+01 2.40000000e+02
      vertex 1.17515741e+02 1.99286674e+01 2.55000000e+02
      vertex 1.15734165e+02 1.99265407e+01 2.55000000e+02
    endloop
  endfacet
  facet normal 7.30110965e-03 -9.95836722e-01 9.08620717e-02
    outer loop
      vertex 1.13338460e+02 1.85247478e+01 2.40000000e+02
      vertex 1.15212007e+02 1.85384839e+01 2.40000000e+02
      vertex 1.19297311e+02 1.99370649e+01 2.55000000e+02
    endloop
  endfacet
  facet normal 4.69354834e-03 -9.95758053e-01 9.18905358e-02
    outer loop
      vertex 1.13338460e+02 1.85247478e+01 2.40000000e+02
      vertex 1.19297311e+02 1.99370649e+01 2.55000000e+02
      vertex 1.17515741e+02 1.99286674e+01 2.55000000e+02
    endloop
  endfacet
  facet normal 1.27427055e-02 -9.95942938e-01 8.90802273e-02
    outer loop
      vertex 1.15212007e+02 1.85384839e+01 2.40000000e+02
      vertex 1.17085450e+02 1.85624539e+01 2.40000000e+02
      vertex 1.21078808e+02 1.99551940e+01 2.55000000e+02
    endloop
  endfacet
  facet normal 1.01343638e-02 -9.95881647e-01 9.00946134e-02
    outer loop
      vertex 1.15212007e+02 1.85384839e+01 2.40000000e+02
      vertex 1.21078808e+02 1.99551940e+01 2.55000000e+02
      vertex 1.19297311e+02 1.99370649e+01 2.55000000e+02
    endloop
  endfacet
  facet normal 1.45368143e-02 -9.95988108e-01 8.82970560e-02
    outer loop
      vertex 1.17085450e+02 1.85624539e+01 2.40000000e+02
      vertex 1.18958844e+02 1.85897968e+01 2.40000000e+02
      vertex 1.22860267e+02 1.99765303e+01 2.55000000e+02
    endloop
  endfacet
  facet normal 1.19282100e-02 -9.95933685e-01 8.92962063e-02
    outer loop
      vertex 1.17085450e+02 1.85624539e+01 2.40000000e+02
      vertex 1.22860267e+02 1.99765303e+01 2.55000000e+02
      vertex 1.21078808e+02 1.99551940e+01 2.55000000e+02
    endloop
  endfacet
  facet normal 1.68139142e-02 -9.96031475e-01 8.73990474e-02
    outer loop
      vertex 1.18958844e+02 1.85897968e+01 2.40000000e+02
      vertex 1.20832174e+02 1.86214203e+01 2.40000000e+02
      vertex 1.24641676e+02 2.00019373e+01 2.55000000e+02
    endloop
  endfacet
  facet normal 1.42050171e-02 -9.95985264e-01 8.83830919e-02
    outer loop
      vertex 1.18958844e+02 1.85897968e+01 2.40000000e+02
      vertex 1.24641676e+02 2.00019373e+01 2.55000000e+02
      vertex 1.22860267e+02 1.99765303e+01 2.55000000e+02
    endloop
  endfacet
  facet normal 1.93351409e-02 -9.96068343e-01 8.64523512e-02
    outer loop
      vertex 1.20832174e+02 1.86214203e+01 2.40000000e+02
      vertex 1.22705417e+02 1.86577827e+01 2.40000000e+02
      vertex 1.26423014e+02 2.00318506e+01 2.55000000e+02
    endloop
  endfacet
  facet normal 1.67259570e-02 -9.96030999e-01 8.74213418e-02
    outer loop
      vertex 1.20832174e+02 1.86214203e+01 2.40000000e+02
      vertex 1.26423014e+02 2.00318506e+01 2.55000000e+02
      vertex 1.24641676e+02 2.00019373e+01 2.55000000e+02
    endloop
  endfacet
  facet normal 2.03401074e-02 -9.96096455e-01 8.58960593e-02
    outer loop
      vertex 1.22705417e+02 1.86577827e+01 2.40000000e+02
      vertex 1.24578623e+02 1.86960332e+01 2.40000000e+02
      vertex 1.28204321e+02 2.00635594e+01 2.55000000e+02
    endloop
  endfacet
  facet normal 1.77307950e-02 -9.96063641e-01 8.68495412e-02
    outer loop
      vertex 1.22705417e+02 1.86577827e+01 2.40000000e+02
      vertex 1.28204321e+02 2.00635594e+01 2.55000000e+02
      vertex 1.26423014e+02 2.00318506e+01 2.55000000e+02
    endloop
  endfacet
  facet normal 2.14712074e-02 -9.96122632e-01 8.53152321e-02
    outer loop
      vertex 1.24578623e+02 1.86960332e+01 2.40000000e+02
      vertex 1.26451784e+02 1.87364088e+01 2.40000000e+02
      vertex 1.29985591e+02 2.00972890e+01 2.55000000e+02
    endloop
  endfacet
  facet normal 1.88617648e-02 -9.96094681e-01 8.62532326e-02
    outer loop
      vertex 1.24578623e+02 1.86960332e+01 2.40000000e+02
      vertex 1.29985591e+02 2.00972890e+01 2.55000000e+02
      vertex 1.28204321e+02 2.00635594e+01 2.55000000e+02
    endloop
  endfacet
  facet normal 2.26177568e-02 -9.96146575e-01 8.47374647e-02
    outer loop
      vertex 1.26451784e+02 1.87364088e+01 2.40000000e+02
      vertex 1.28324898e+02 1.87789383e+01 2.40000000e+02
      vertex 1.31766822e+02 2.01330669e+01 2.55000000e+02
    endloop
  endfacet
  facet normal 2.00081925e-02 -9.96123507e-01 8.56599788e-02
    outer loop
      vertex 1.26451784e+02 1.87364088e+01 2.40000000e+02
      vertex 1.31766822e+02 2.01330669e+01 2.55000000e+02
      vertex 1.29985591e+02 2.00972890e+01 2.55000000e+02
    endloop
  endfacet
  facet normal 2.31074786e-02 -9.96170975e-01 8.43174566e-02
    outer loop
      vertex 1.28324898e+02 1.87789383e+01 2.40000000e+02
      vertex 1.30197991e+02 1.88223871e+01 2.40000000e+02
      vertex 1.33548034e+02 2.01697190e+01 2.55000000e+02
    endloop
  endfacet
  facet normal 2.04978457e-02 -9.96150921e-01 8.52242951e-02
    outer loop
      vertex 1.28324898e+02 1.87789383e+01 2.40000000e+02
      vertex 1.33548034e+02 2.01697190e+01 2.55000000e+02
      vertex 1.31766822e+02 2.01330669e+01 2.55000000e+02
    endloop
  endfacet
  facet normal 2.36562651e-02 -9.96194422e-01 8.38871491e-02
    outer loop
      vertex 1.30197991e+02 1.88223871e+01 2.40000000e+02
      vertex 1.32071060e+02 1.88668662e+01 2.40000000e+02
      vertex 1.35329227e+02 2.02073508e+01 2.55000000e+02
    endloop
  endfacet
  facet normal 2.10465629e-02 -9.96177533e-01 8.47783228e-02
    outer loop
      vertex 1.30197991e+02 1.88223871e+01 2.40000000e+02
      vertex 1.35329227e+02 2.02073508e+01 2.55000000e+02
      vertex 1.33548034e+02 2.01697190e+01 2.55000000e+02
    endloop
  endfacet
  facet normal 2.43971276e-02 -9.96215925e-01 8.34182851e-02
    outer loop
      vertex 1.32071060e+02 1.88668662e+01 2.40000000e+02
      vertex 1.33944095e+02 1.89127365e+01 2.40000000e+02
      vertex 1.37110391e+02 2.02463056e+01 2.55000000e+02
    endloop
  endfacet
  facet normal 2.17873488e-02 -9.96202720e-01 8.42938400e-02
    outer loop
      vertex 1.32071060e+02 1.88668662e+01 2.40000000e+02
      vertex 1.37110391e+02 2.02463056e+01 2.55000000e+02
      vertex 1.35329227e+02 2.02073508e+01 2.55000000e+02
    endloop
  endfacet
  facet normal 2.52222428e-02 -9.96235645e-01 8.29359932e-02
    outer loop
      vertex 1.33944095e+02 1.89127365e+01 2.40000000e+02
      vertex 1.35817092e+02 1.89601562e+01 2.40000000e+02
      vertex 1.38891522e+02 2.02867338e+01 2.55000000e+02
    endloop
  endfacet
  facet normal 2.26123881e-02 -9.96226339e-01 8.37959452e-02
    outer loop
      vertex 1.33944095e+02 1.89127365e+01 2.40000000e+02
      vertex 1.38891522e+02 2.02867338e+01 2.55000000e+02
      vertex 1.37110391e+02 2.02463056e+01 2.55000000e+02
    endloop
  endfacet
  facet normal 2.60709123e-02 -9.96253825e-01 8.24537692e-02
    outer loop
      vertex 1.35817092e+02 1.89601562e+01 2.40000000e+02
      vertex 1.37690048e+02 1.90091694e+01 2.40000000e+02
      vertex 1.40672618e+02 2.03286774e+01 2.55000000e+02
    endloop
  endfacet
  facet normal 2.34609864e-02 -9.96248466e-01 8.32981177e-02
    outer loop
      vertex 1.35817092e+02 1.89601562e+01 2.40000000e+02
      vertex 1.40672618e+02 2.03286774e+01 2.55000000e+02
      vertex 1.38891522e+02 2.02867338e+01 2.55000000e+02
    endloop
  endfacet
  facet normal 2.68950205e-02 -9.96270892e-01 8.19815074e-02
    outer loop
      vertex 1.37690048e+02 1.90091694e+01 2.40000000e+02
      vertex 1.39562962e+02 1.90597301e+01 2.40000000e+02
      vertex 1.42453679e+02 2.03720925e+01 2.55000000e+02
    endloop
  endfacet
  facet normal 2.42850306e-02 -9.96269392e-01 8.28102397e-02
    outer loop
      vertex 1.37690048e+02 1.90091694e+01 2.40000000e+02
      vertex 1.42453679e+02 2.03720925e+01 2.55000000e+02
      vertex 1.40672618e+02 2.03286774e+01 2.55000000e+02
    endloop
  endfacet
  facet normal 2.81885202e-02 -9.96280920e-01 8.14231955e-02
    outer loop
      vertex 1.39562962e+02 1.90597301e+01 2.40000000e+02
      vertex 1.41435809e+02 1.91127199e+01 2.40000000e+02
      vertex 1.44234681e+02 2.04178177e+01 2.55000000e+02
    endloop
  endfacet
  facet normal 2.55784556e-02 -9.96284554e-01 8.22364238e-02
    outer loop
      vertex 1.39562962e+02 1.90597301e+01 2.40000000e+02
      vertex 1.44234681e+02 2.04178177e+01 2.55000000e+02
      vertex 1.42453679e+02 2.03720925e+01 2.55000000e+02
    endloop
  endfacet
  facet normal 1.03095674e-01 -9.92426072e-01 6.67965041e-02
    outer loop
      vertex 1.41435809e+02 1.91127199e+01 2.40000000e+02
      vertex 1.43323446e+02 1.93088123e+01 2.40000000e+02
      vertex 1.46030104e+02 2.05995807e+01 2.55000000e+02
    endloop
  endfacet
  facet normal 1.00491605e-01 -9.92637718e-01 6.76150740e-02
    outer loop
      vertex 1.41435809e+02 1.91127199e+01 2.40000000e+02
      vertex 1.46030104e+02 2.05995807e+01 2.55000000e+02
      vertex 1.44234681e+02 2.04178177e+01 2.55000000e+02
    endloop
  endfacet
  facet normal 2.40673258e-01 9.62232828e-01 -1.27217796e-01
    outer loop
      vertex 1.46030104e+02 2.05995807e+01 2.55000000e+02
      vertex 1.44301764e+02 2.10318723e+01 2.55000000e+02
      vertex 1.47098946e+02 2.23154078e+01 2.70000000e+02
    endloop
  endfacet
  facet normal 2.43188238e-01 9.61586356e-01 -1.27323055e-01
    outer loop
      vertex 1.46030104e+02 2.05995807e+01 2.55000000e+02
      vertex 1.47098946e+02 2.23154078e+01 2.70000000e+02
      vertex 1.48736950e+02 2.19011514e+01 2.70000000e+02
    endloop
  endfacet
  facet normal 2.32695699e-01 9.64326608e-01 -1.26201841e-01
    outer loop
      vertex 1.44301764e+02 2.10318723e+01 2.55000000e+02
      vertex 1.42569889e+02 2.14497805e+01 2.55000000e+02
      vertex 1.45457554e+02 2.27160323e+01 2.70000000e+02
    endloop
  endfacet
  facet normal 2.35215767e-01 9.63698813e-01 -1.26325532e-01
    outer loop
      vertex 1.44301764e+02 2.10318723e+01 2.55000000e+02
      vertex 1.45457554e+02 2.27160323e+01 2.70000000e+02
      vertex 1.47098946e+02 2.23154078e+01 2.70000000e+02
    endloop
  endfacet
  facet normal 2.23962254e-01 9.66548363e-01 -1.25000684e-01
    outer loop
      vertex 1.42569889e+02 2.14497805e+01 2.55000000e+02
      vertex 1.40834289e+02 2.18519421e+01 2.55000000e+02
      vertex 1.43812591e+02 2.31017329e+01 2.70000000e+02
    endloop
  endfacet
  facet normal 2.26487804e-01 9.65941246e-01 -1.25143056e-01
    outer loop
      vertex 1.42569889e+02 2.14497805e+01 2.55000000e+02
      vertex 1.43812591e+02 2.31017329e+01 2.70000000e+02
      vertex 1.45457554e+02 2.27160323e+01 2.70000000e+02
    endloop
  endfacet
  facet normal 2.16063011e-01 9.68487953e-01 -1.23886482e-01
    outer loop
      vertex 1.40834289e+02 2.18519421e+01 2.55000000e+02
      vertex 1.39095452e+02 2.22398647e+01 2.55000000e+02
      vertex 1.42164521e+02 2.34739378e+01 2.70000000e+02
    endloop
  endfacet
  facet normal 2.18593340e-01 9.67899393e-01 -1.24047235e-01
    outer loop
      vertex 1.40834289e+02 2.18519421e+01 2.55000000e+02
      vertex 1.42164521e+02 2.34739378e+01 2.70000000e+02
      vertex 1.43812591e+02 2.31017329e+01 2.70000000e+02
    endloop
  endfacet
  facet normal 2.08716897e-01 9.70233262e-01 -1.22819678e-01
    outer loop
      vertex 1.39095452e+02 2.22398647e+01 2.55000000e+02
      vertex 1.37353708e+02 2.26145494e+01 2.55000000e+02
      vertex 1.40513662e+02 2.38335957e+01 2.70000000e+02
    endloop
  endfacet
  facet normal 2.11251527e-01 9.69661866e-01 -1.22998610e-01
    outer loop
      vertex 1.39095452e+02 2.22398647e+01 2.55000000e+02
      vertex 1.40513662e+02 2.38335957e+01 2.70000000e+02
      vertex 1.42164521e+02 2.34739378e+01 2.70000000e+02
    endloop
  endfacet
  facet normal 1.99313527e-01 9.72398392e-01 -1.21307399e-01
    outer loop
      vertex 1.37353708e+02 2.26145494e+01 2.55000000e+02
      vertex 1.35608404e+02 2.29722862e+01 2.55000000e+02
      vertex 1.38859385e+02 2.41771900e+01 2.70000000e+02
    endloop
  endfacet
  facet normal 2.01853654e-01 9.71849571e-01 -1.21505199e-01
    outer loop
      vertex 1.37353708e+02 2.26145494e+01 2.55000000e+02
      vertex 1.38859385e+02 2.41771900e+01 2.70000000e+02
      vertex 1.40513662e+02 2.38335957e+01 2.70000000e+02
    endloop
  endfacet
  facet normal 1.91635991e-01 9.74093567e-01 -1.20072350e-01
    outer loop
      vertex 1.35608404e+02 2.29722862e+01 2.55000000e+02
      vertex 1.33860337e+02 2.33161879e+01 2.55000000e+02
      vertex 1.37202454e+02 2.45076704e+01 2.70000000e+02
    endloop
  endfacet
  facet normal 1.94180386e-01 9.73562876e-01 -1.20288422e-01
    outer loop
      vertex 1.35608404e+02 2.29722862e+01 2.55000000e+02
      vertex 1.37202454e+02 2.45076704e+01 2.70000000e+02
      vertex 1.38859385e+02 2.41771900e+01 2.70000000e+02
    endloop
  endfacet
  facet normal 1.84658480e-01 9.75580460e-01 -1.18928604e-01
    outer loop
      vertex 1.33860337e+02 2.33161879e+01 2.55000000e+02
      vertex 1.32109855e+02 2.36475203e+01 2.55000000e+02
      vertex 1.35543200e+02 2.48262368e+01 2.70000000e+02
    endloop
  endfacet
  facet normal 1.87206615e-01 9.75066117e-01 -1.19162703e-01
    outer loop
      vertex 1.33860337e+02 2.33161879e+01 2.55000000e+02
      vertex 1.35543200e+02 2.48262368e+01 2.70000000e+02
      vertex 1.37202454e+02 2.45076704e+01 2.70000000e+02
    endloop
  endfacet
  facet normal 1.78357504e-01 9.76879016e-01 -1.17881248e-01
    outer loop
      vertex 1.32109855e+02 2.36475203e+01 2.55000000e+02
      vertex 1.30357242e+02 2.39675104e+01 2.55000000e+02
      vertex 1.33881898e+02 2.51340519e+01 2.70000000e+02
    endloop
  endfacet
  facet normal 1.80908899e-01 9.76379297e-01 -1.18133137e-01
    outer loop
      vertex 1.32109855e+02 2.36475203e+01 2.55000000e+02
      vertex 1.33881898e+02 2.51340519e+01 2.70000000e+02
      vertex 1.35543200e+02 2.48262368e+01 2.70000000e+02
    endloop
  endfacet
  facet normal 1.67029662e-01 9.79141109e-01 -1.15688294e-01
    outer loop
      vertex 1.30357242e+02 2.39675104e+01 2.55000000e+02
      vertex 1.28601022e+02 2.42671004e+01 2.55000000e+02
      vertex 1.32217125e+02 2.54225294e+01 2.70000000e+02
    endloop
  endfacet
  facet normal 1.69587070e-01 9.78669296e-01 -1.15959627e-01
    outer loop
      vertex 1.30357242e+02 2.39675104e+01 2.55000000e+02
      vertex 1.32217125e+02 2.54225294e+01 2.70000000e+02
      vertex 1.33881898e+02 2.51340519e+01 2.70000000e+02
    endloop
  endfacet
  facet normal 1.59901790e-01 9.80485457e-01 -1.14366454e-01
    outer loop
      vertex 1.28601022e+02 2.42671004e+01 2.55000000e+02
      vertex 1.26842698e+02 2.45538555e+01 2.55000000e+02
      vertex 1.30550323e+02 2.56988402e+01 2.70000000e+02
    endloop
  endfacet
  facet normal 1.62462689e-01 9.80030568e-01 -1.14655832e-01
    outer loop
      vertex 1.28601022e+02 2.42671004e+01 2.55000000e+02
      vertex 1.30550323e+02 2.56988402e+01 2.70000000e+02
      vertex 1.32217125e+02 2.54225294e+01 2.70000000e+02
    endloop
  endfacet
  facet normal 1.53873493e-01 9.81578698e-01 -1.13252848e-01
    outer loop
      vertex 1.26842698e+02 2.45538555e+01 2.55000000e+02
      vertex 1.25082610e+02 2.48297690e+01 2.55000000e+02
      vertex 1.28881823e+02 2.59648737e+01 2.70000000e+02
    endloop
  endfacet
  facet normal 1.56437211e-01 9.81137885e-01 -1.13559897e-01
    outer loop
      vertex 1.26842698e+02 2.45538555e+01 2.55000000e+02
      vertex 1.28881823e+02 2.59648737e+01 2.70000000e+02
      vertex 1.30550323e+02 2.56988402e+01 2.70000000e+02
    endloop
  endfacet
  facet normal 1.40769354e-01 9.83867776e-01 -1.10400128e-01
    outer loop
      vertex 1.25082610e+02 2.48297690e+01 2.55000000e+02
      vertex 1.23318980e+02 2.50821048e+01 2.55000000e+02
      vertex 1.27209905e+02 2.62085559e+01 2.70000000e+02
    endloop
  endfacet
  facet normal 1.43339382e-01 9.83459876e-01 -1.10727115e-01
    outer loop
      vertex 1.25082610e+02 2.48297690e+01 2.55000000e+02
      vertex 1.27209905e+02 2.62085559e+01 2.70000000e+02
      vertex 1.28881823e+02 2.59648737e+01 2.70000000e+02
    endloop
  endfacet
  facet normal 1.33385447e-01 9.85066544e-01 -1.08867929e-01
    outer loop
      vertex 1.23318980e+02 2.50821048e+01 2.55000000e+02
      vertex 1.21553555e+02 2.53211567e+01 2.55000000e+02
      vertex 1.25536251e+02 2.64396448e+01 2.70000000e+02
    endloop
  endfacet
  facet normal 1.35958708e-01 9.84676470e-01 -1.09213001e-01
    outer loop
      vertex 1.23318980e+02 2.50821048e+01 2.55000000e+02
      vertex 1.25536251e+02 2.64396448e+01 2.70000000e+02
      vertex 1.27209905e+02 2.62085559e+01 2.70000000e+02
    endloop
  endfacet
  facet normal 1.25526175e-01 9.86285347e-01 -1.07165260e-01
    outer loop
      vertex 1.21553555e+02 2.53211567e+01 2.55000000e+02
      vertex 1.19786222e+02 2.55460882e+01 2.55000000e+02
      vertex 1.23860752e+02 2.66573473e+01 2.70000000e+02
    endloop
  endfacet
  facet normal 1.28102777e-01 9.85914445e-01 -1.07528536e-01
    outer loop
      vertex 1.21553555e+02 2.53211567e+01 2.55000000e+02
      vertex 1.23860752e+02 2.66573473e+01 2.70000000e+02
      vertex 1.25536251e+02 2.64396448e+01 2.70000000e+02
    endloop
  endfacet
  facet normal 1.10200626e-01 9.88509872e-01 -1.03460402e-01
    outer loop
      vertex 1.19786222e+02 2.55460882e+01 2.55000000e+02
      vertex 1.18015622e+02 2.57434774e+01 2.55000000e+02
      vertex 1.22182088e+02 2.68489381e+01 2.70000000e+02
    endloop
  endfacet
  facet normal 1.12783623e-01 9.88178245e-01 -1.03844166e-01
    outer loop
      vertex 1.19786222e+02 2.55460882e+01 2.55000000e+02
      vertex 1.22182088e+02 2.68489381e+01 2.70000000e+02
      vertex 1.23860752e+02 2.66573473e+01 2.70000000e+02
    endloop
  endfacet
  facet normal 1.02234817e-01 9.89556351e-01 -1.01618255e-01
    outer loop
      vertex 1.18015622e+02 2.57434774e+01 2.55000000e+02
      vertex 1.16243539e+02 2.59265579e+01 2.55000000e+02
      vertex 1.20501982e+02 2.70269629e+01 2.70000000e+02
    endloop
  endfacet
  facet normal 1.04820782e-01 9.89244399e-01 -1.02020205e-01
    outer loop
      vertex 1.18015622e+02 2.57434774e+01 2.55000000e+02
      vertex 1.20501982e+02 2.70269629e+01 2.70000000e+02
      vertex 1.22182088e+02 2.68489381e+01 2.70000000e+02
    endloop
  endfacet
  facet normal 8.94585664e-02 9.91117941e-01 -9.83991419e-02
    outer loop
      vertex 1.16243539e+02 2.59265579e+01 2.55000000e+02
      vertex 1.14469163e+02 2.60867137e+01 2.55000000e+02
      vertex 1.18819643e+02 2.71832526e+01 2.70000000e+02
    endloop
  endfacet
  facet normal 9.20491338e-02 9.90838753e-01 -9.88206563e-02
    outer loop
      vertex 1.16243539e+02 2.59265579e+01 2.55000000e+02
      vertex 1.18819643e+02 2.71832526e+01 2.70000000e+02
      vertex 1.20501982e+02 2.70269629e+01 2.70000000e+02
    endloop
  endfacet
  facet normal 6.98456236e-02 9.93198603e-01 -9.31564511e-02
    outer loop
      vertex 1.14469163e+02 2.60867137e+01 2.55000000e+02
      vertex 1.12692061e+02 2.62116864e+01 2.55000000e+02
      vertex 1.17134632e+02 2.73061831e+01 2.70000000e+02
    endloop
  endfacet
  facet normal 7.24425463e-02 9.92970910e-01 -9.35994081e-02
    outer loop
      vertex 1.14469163e+02 2.60867137e+01 2.55000000e+02
      vertex 1.17134632e+02 2.73061831e+01 2.70000000e+02
      vertex 1.18819643e+02 2.71832526e+01 2.70000000e+02
    endloop
  endfacet
  facet normal 5.67414272e-02 9.94355404e-01 -8.96534441e-02
    outer loop
      vertex 1.12692061e+02 2.62116864e+01 2.55000000e+02
      vertex 1.10913522e+02 2.63131761e+01 2.55000000e+02
      vertex 1.15448201e+02 2.74068470e+01 2.70000000e+02
    endloop
  endfacet
  facet normal 5.93419596e-02 9.94161791e-01 -9.01158462e-02
    outer loop
      vertex 1.12692061e+02 2.62116864e+01 2.55000000e+02
      vertex 1.15448201e+02 2.74068470e+01 2.70000000e+02
      vertex 1.17134632e+02 2.73061831e+01 2.70000000e+02
    endloop
  endfacet
  facet normal 3.34968080e-02 9.95983187e-01 -8.30388717e-02
    outer loop
      vertex 1.10913522e+02 2.63131761e+01 2.55000000e+02
      vertex 1.09132939e+02 2.63730605e+01 2.55000000e+02
      vertex 1.13759727e+02 2.74680594e+01 2.70000000e+02
    endloop
  endfacet
  facet normal 3.61027017e-02 9.95851630e-01 -8.35232034e-02
    outer loop
      vertex 1.10913522e+02 2.63131761e+01 2.55000000e+02
      vertex 1.13759727e+02 2.74680594e+01 2.70000000e+02
      vertex 1.15448201e+02 2.74068470e+01 2.70000000e+02
    endloop
  endfacet
  facet normal 8.08494997e-03 9.97107222e-01 -7.55765881e-02
    outer loop
      vertex 1.09132939e+02 2.63730605e+01 2.55000000e+02
      vertex 1.07351589e+02 2.63875044e+01 2.55000000e+02
      vertex 1.12070413e+02 2.74861800e+01 2.70000000e+02
    endloop
  endfacet
  facet normal 1.06949268e-02 9.97044128e-01 -7.60830219e-02
    outer loop
      vertex 1.09132939e+02 2.63730605e+01 2.55000000e+02
      vertex 1.12070413e+02 2.74861800e+01 2.70000000e+02
      vertex 1.13759727e+02 2.74680594e+01 2.70000000e+02
    endloop
  endfacet
  facet normal -1.25315696e-02 9.97509195e-01 -6.94144463e-02
    outer loop
      vertex 1.07351589e+02 2.63875044e+01 2.55000000e+02
      vertex 1.05570410e+02 2.63651277e+01 2.55000000e+02
      vertex 1.10381171e+02 2.74693813e+01 2.70000000e+02
    endloop
  endfacet
  facet normal -9.91969067e-03 9.97501777e-01 -6.99414380e-02
    outer loop
      vertex 1.07351589e+02 2.63875044e+01 2.55000000e+02
      vertex 1.10381171e+02 2.74693813e+01 2.70000000e+02
      vertex 1.12070413e+02 2.74861800e+01 2.70000000e+02
    endloop
  endfacet
  facet normal -3.69788690e-02 9.97399569e-01 -6.18600221e-02
    outer loop
      vertex 1.05570410e+02 2.63651277e+01 2.55000000e+02
      vertex 1.03790063e+02 2.62991209e+01 2.55000000e+02
      vertex 1.08692608e+02 2.74112037e+01 2.70000000e+02
    endloop
  endfacet
  facet normal -3.43663848e-02 9.97458872e-01 -6.24079373e-02
    outer loop
      vertex 1.05570410e+02 2.63651277e+01 2.55000000e+02
      vertex 1.08692608e+02 2.74112037e+01 2.70000000e+02
      vertex 1.10381171e+02 2.74693813e+01 2.70000000e+02
    endloop
  endfacet
  facet normal -7.68938031e-02 9.95834845e-01 -4.89928975e-02
    outer loop
      vertex 1.03790063e+02 2.62991209e+01 2.55000000e+02
      vertex 1.02013761e+02 2.61619629e+01 2.55000000e+02
      vertex 1.07007705e+02 2.72855396e+01 2.70000000e+02
    endloop
  endfacet
  facet normal -7.42843580e-02 9.96004650e-01 -4.95638147e-02
    outer loop
      vertex 1.03790063e+02 2.62991209e+01 2.55000000e+02
      vertex 1.07007705e+02 2.72855396e+01 2.70000000e+02
      vertex 1.08692608e+02 2.74112037e+01 2.70000000e+02
    endloop
  endfacet
  facet normal -1.11826673e-01 9.93021926e-01 -3.74466368e-02
    outer loop
      vertex 1.02013761e+02 2.61619629e+01 2.55000000e+02
      vertex 1.00243675e+02 2.59626292e+01 2.55000000e+02
      vertex 1.05328543e+02 2.71008955e+01 2.70000000e+02
    endloop
  endfacet
  facet normal -1.09224124e-01 9.93289064e-01 -3.80384841e-02
    outer loop
      vertex 1.02013761e+02 2.61619629e+01 2.55000000e+02
      vertex 1.05328543e+02 2.71008955e+01 2.70000000e+02
      vertex 1.07007705e+02 2.72855396e+01 2.70000000e+02
    endloop
  endfacet
  facet normal -1.55240075e-01 9.87617893e-01 -2.26145147e-02
    outer loop
      vertex 1.00243675e+02 2.59626292e+01 2.55000000e+02
      vertex 9.84842383e+01 2.56860697e+01 2.55000000e+02
      vertex 1.03659288e+02 2.68429877e+01 2.70000000e+02
    endloop
  endfacet
  facet normal -1.52651825e-01 9.88007055e-01 -2.32267188e-02
    outer loop
      vertex 1.00243675e+02 2.59626292e+01 2.55000000e+02
      vertex 1.03659288e+02 2.68429877e+01 2.70000000e+02
      vertex 1.05328543e+02 2.71008955e+01 2.70000000e+02
    endloop
  endfacet
  facet normal -2.12520298e-01 9.77153850e-01 -2.34033065e-03
    outer loop
      vertex 9.84842383e+01 2.56860697e+01 2.55000000e+02
      vertex 9.67441332e+01 2.53076158e+01 2.55000000e+02
      vertex 1.02008114e+02 2.64883999e+01 2.70000000e+02
    endloop
  endfacet
  facet normal -2.09961038e-01 9.77705240e-01 -2.97105798e-03
    outer loop
      vertex 9.84842383e+01 2.56860697e+01 2.55000000e+02
      vertex 1.02008114e+02 2.64883999e+01 2.70000000e+02
      vertex 1.03659288e+02 2.68429877e+01 2.70000000e+02
    endloop
  endfacet
  facet normal -2.92305967e-01 9.55942664e-01 2.70341456e-02
    outer loop
      vertex 9.67441332e+01 2.53076158e+01 2.55000000e+02
      vertex 9.50414872e+01 2.47869846e+01 2.55000000e+02
      vertex 1.00392111e+02 2.59988848e+01 2.70000000e+02
    endloop
  endfacet
  facet normal -2.89807302e-01 9.56721101e-01 2.63906000e-02
    outer loop
      vertex 9.67441332e+01 2.53076158e+01 2.55000000e+02
      vertex 1.00392111e+02 2.59988848e+01 2.70000000e+02
      vertex 1.02008114e+02 2.64883999e+01 2.70000000e+02
    endloop
  endfacet
  facet normal -4.67213947e-01 8.78987762e-01 9.53501053e-02
    outer loop
      vertex 9.50414872e+01 2.47869846e+01 2.55000000e+02
      vertex 9.34733703e+01 2.39534735e+01 2.55000000e+02
      vertex 9.89029122e+01 2.52123148e+01 2.70000000e+02
    endloop
  endfacet
  facet normal -4.64938887e-01 8.80260399e-01 9.47283543e-02
    outer loop
      vertex 9.50414872e+01 2.47869846e+01 2.55000000e+02
      vertex 9.89029122e+01 2.52123148e+01 2.70000000e+02
      vertex 1.00392111e+02 2.59988848e+01 2.70000000e+02
    endloop
  endfacet
  facet normal -9.08895195e-01 2.84551757e-01 3.04860331e-01
    outer loop
      vertex 9.34733703e+01 2.39534735e+01 2.55000000e+02
      vertex 9.29965071e+01 2.24303106e+01 2.55000000e+02
      vertex 9.84468956e+01 2.37690018e+01 2.70000000e+02
    endloop
  endfacet
  facet normal -9.08207683e-01 2.86949394e-01 3.04661860e-01
    outer loop
      vertex 9.34733703e+01 2.39534735e+01 2.55000000e+02
      vertex 9.84468956e+01 2.37690018e+01 2.70000000e+02
      vertex 9.89029122e+01 2.52123148e+01 2.70000000e+02
    endloop
  endfacet
  facet normal -5.14237538e-01 -8.17438966e-01 2.59525126e-01
    outer loop
      vertex 9.29965071e+01 2.24303106e+01 2.55000000e+02
      vertex 9.44847742e+01 2.14940660e+01 2.55000000e+02
      vertex 9.98559745e+01 2.28774159e+01 2.70000000e+02
    endloop
  endfacet
  facet normal -5.16249990e-01 -8.15891025e-01 2.60399276e-01
    outer loop
      vertex 9.29965071e+01 2.24303106e+01 2.55000000e+02
      vertex 9.98559745e+01 2.28774159e+01 2.70000000e+02
      vertex 9.84468956e+01 2.37690018e+01 2.70000000e+02
    endloop
  endfacet
  facet normal -2.70861879e-01 -9.44899875e-01 1.83842512e-01
    outer loop
      vertex 9.44847742e+01 2.14940660e+01 2.55000000e+02
      vertex 9.61953838e+01 2.10037084e+01 2.55000000e+02
      vertex 1.01477020e+02 2.24081364e+01 2.70000000e+02
    endloop
  endfacet
  facet normal -2.73278796e-01 -9.43994448e-01 1.84913982e-01
    outer loop
      vertex 9.44847742e+01 2.14940660e+01 2.55000000e+02
      vertex 1.01477020e+02 2.24081364e+01 2.70000000e+02
      vertex 9.98559745e+01 2.28774159e+01 2.70000000e+02
    endloop
  endfacet
  facet normal -1.78735299e-01 -9.71828340e-01 1.53633883e-01
    outer loop
      vertex 9.61953838e+01 2.10037084e+01 2.55000000e+02
      vertex 9.79470513e+01 2.06815477e+01 2.55000000e+02
      vertex 1.03137420e+02 2.20982652e+01 2.70000000e+02
    endloop
  endfacet
  facet normal -1.81246986e-01 -9.71185948e-01 1.54749423e-01
    outer loop
      vertex 9.61953838e+01 2.10037084e+01 2.55000000e+02
      vertex 1.03137420e+02 2.20982652e+01 2.70000000e+02
      vertex 1.01477020e+02 2.24081364e+01 2.70000000e+02
    endloop
  endfacet
  facet normal -1.23140301e-01 -9.83140256e-01 1.35172863e-01
    outer loop
      vertex 9.79470513e+01 2.06815477e+01 2.55000000e+02
      vertex 9.97147670e+01 2.04601378e+01 2.55000000e+02
      vertex 1.04813290e+02 2.18839014e+01 2.70000000e+02
    endloop
  endfacet
  facet normal -1.25694078e-01 -9.82660865e-01 1.36303426e-01
    outer loop
      vertex 9.79470513e+01 2.06815477e+01 2.55000000e+02
      vertex 1.04813290e+02 2.18839014e+01 2.70000000e+02
      vertex 1.03137420e+02 2.20982652e+01 2.70000000e+02
    endloop
  endfacet
  facet normal -8.75621917e-02 -9.88499366e-01 1.23295849e-01
    outer loop
      vertex 9.97147670e+01 2.04601378e+01 2.55000000e+02
      vertex 1.01489389e+02 2.03029401e+01 2.55000000e+02
      vertex 1.06495868e+02 2.17304164e+01 2.70000000e+02
    endloop
  endfacet
  facet normal -9.01369338e-02 -9.88125982e-01 1.24428201e-01
    outer loop
      vertex 9.97147670e+01 2.04601378e+01 2.55000000e+02
      vertex 1.06495868e+02 2.17304164e+01 2.70000000e+02
      vertex 1.04813290e+02 2.18839014e+01 2.70000000e+02
    endloop
  endfacet
  facet normal -6.35917478e-02 -9.91296741e-01 1.15268648e-01
    outer loop
      vertex 1.01489389e+02 2.03029401e+01 2.55000000e+02
      vertex 1.03267258e+02 2.01888897e+01 2.55000000e+02
      vertex 1.08181633e+02 2.16178423e+01 2.70000000e+02
    endloop
  endfacet
  facet normal -6.61779751e-02 -9.90995673e-01 1.16396101e-01
    outer loop
      vertex 1.01489389e+02 2.03029401e+01 2.55000000e+02
      vertex 1.08181633e+02 2.16178423e+01 2.70000000e+02
      vertex 1.06495868e+02 2.17304164e+01 2.70000000e+02
    endloop
  endfacet
  facet normal -4.68046534e-02 -9.92870362e-01 1.09625587e-01
    outer loop
      vertex 1.03267258e+02 2.01888897e+01 2.55000000e+02
      vertex 1.05046791e+02 2.01050012e+01 2.55000000e+02
      vertex 1.09869052e+02 2.15338681e+01 2.70000000e+02
    endloop
  endfacet
  facet normal -4.93976537e-02 -9.92620545e-01 1.10744417e-01
    outer loop
      vertex 1.03267258e+02 2.01888897e+01 2.55000000e+02
      vertex 1.09869052e+02 2.15338681e+01 2.70000000e+02
      vertex 1.08181633e+02 2.16178423e+01 2.70000000e+02
    endloop
  endfacet
  facet normal -3.47861411e-02 -9.93804569e-01 1.05557585e-01
    outer loop
      vertex 1.05046791e+02 2.01050012e+01 2.55000000e+02
      vertex 1.06827246e+02 2.00426799e+01 2.55000000e+02
      vertex 1.11557398e+02 2.14703450e+01 2.70000000e+02
    endloop
  endfacet
  facet normal -3.73833479e-02 -9.93591944e-01 1.06665524e-01
    outer loop
      vertex 1.05046791e+02 2.01050012e+01 2.55000000e+02
      vertex 1.11557398e+02 2.14703450e+01 2.70000000e+02
      vertex 1.09869052e+02 2.15338681e+01 2.70000000e+02
    endloop
  endfacet
  facet normal -2.57643174e-02 -9.94401753e-01 1.02476115e-01
    outer loop
      vertex 1.06827246e+02 2.00426799e+01 2.55000000e+02
      vertex 1.08608237e+02 1.99965356e+01 2.55000000e+02
      vertex 1.13246293e+02 2.14221620e+01 2.70000000e+02
    endloop
  endfacet
  facet normal -2.83643274e-02 -9.94217454e-01 1.03571805e-01
    outer loop
      vertex 1.06827246e+02 2.00426799e+01 2.55000000e+02
      vertex 1.13246293e+02 2.14221620e+01 2.70000000e+02
      vertex 1.11557398e+02 2.14703450e+01 2.70000000e+02
    endloop
  endfacet
  facet normal -1.55502822e-02 -9.94958224e-01 9.90773489e-02
    outer loop
      vertex 1.08608237e+02 1.99965356e+01 2.55000000e+02
      vertex 1.10389610e+02 1.99686944e+01 2.55000000e+02
      vertex 1.14935594e+02 2.13913359e+01 2.70000000e+02
    endloop
  endfacet
  facet normal -1.81530409e-02 -9.94805623e-01 1.00161065e-01
    outer loop
      vertex 1.08608237e+02 1.99965356e+01 2.55000000e+02
      vertex 1.14935594e+02 2.13913359e+01 2.70000000e+02
      vertex 1.13246293e+02 2.14221620e+01 2.70000000e+02
    endloop
  endfacet
  facet normal -1.18859597e-02 -9.95145802e-01 9.76911334e-02
    outer loop
      vertex 1.10389610e+02 1.99686944e+01 2.55000000e+02
      vertex 1.12171063e+02 1.99474168e+01 2.55000000e+02
      vertex 1.16624990e+02 2.13667343e+01 2.70000000e+02
    endloop
  endfacet
  facet normal -1.44896648e-02 -9.95005743e-01 9.87604190e-02
    outer loop
      vertex 1.10389610e+02 1.99686944e+01 2.55000000e+02
      vertex 1.16624990e+02 2.13667343e+01 2.70000000e+02
      vertex 1.14935594e+02 2.13913359e+01 2.70000000e+02
    endloop
  endfacet
  facet normal -8.63567505e-03 -9.95300642e-01 9.64471703e-02
    outer loop
      vertex 1.12171063e+02 1.99474168e+01 2.55000000e+02
      vertex 1.13952584e+02 1.99319595e+01 2.55000000e+02
      vertex 1.18314462e+02 2.13476522e+01 2.70000000e+02
    endloop
  endfacet
  facet normal -1.12401729e-02 -9.95171869e-01 9.75018474e-02
    outer loop
      vertex 1.12171063e+02 1.99474168e+01 2.55000000e+02
      vertex 1.18314462e+02 2.13476522e+01 2.70000000e+02
      vertex 1.16624990e+02 2.13667343e+01 2.70000000e+02
    endloop
  endfacet
  facet normal -3.02792840e-03 -9.95516150e-01 9.45432558e-02
    outer loop
      vertex 1.13952584e+02 1.99319595e+01 2.55000000e+02
      vertex 1.15734165e+02 1.99265407e+01 2.55000000e+02
      vertex 1.20004018e+02 2.13380899e+01 2.70000000e+02
    endloop
  endfacet
  facet normal -5.63360770e-03 -9.95405418e-01 9.55840821e-02
    outer loop
      vertex 1.13952584e+02 1.99319595e+01 2.55000000e+02
      vertex 1.20004018e+02 2.13380899e+01 2.70000000e+02
      vertex 1.18314462e+02 2.13476522e+01 2.70000000e+02
    endloop
  endfacet
  facet normal 1.18854215e-03 -9.95659523e-01 9.30628948e-02
    outer loop
      vertex 1.15734165e+02 1.99265407e+01 2.55000000e+02
      vertex 1.17515741e+02 1.99286674e+01 2.55000000e+02
      vertex 1.21693587e+02 2.13356835e+01 2.70000000e+02
    endloop
  endfacet
  facet normal -1.41795208e-03 -9.95562747e-01 9.40893499e-02
    outer loop
      vertex 1.15734165e+02 1.99265407e+01 2.55000000e+02
      vertex 1.21693587e+02 2.13356835e+01 2.70000000e+02
      vertex 1.20004018e+02 2.13380899e+01 2.70000000e+02
    endloop
  endfacet
  facet normal 4.69358639e-03 -9.95766125e-01 9.18030162e-02
    outer loop
      vertex 1.17515741e+02 1.99286674e+01 2.55000000e+02
      vertex 1.19297311e+02 1.99370649e+01 2.55000000e+02
      vertex 1.23383166e+02 2.13392241e+01 2.70000000e+02
    endloop
  endfacet
  facet normal 2.08646710e-03 -9.95681200e-01 9.28148353e-02
    outer loop
      vertex 1.17515741e+02 1.99286674e+01 2.55000000e+02
      vertex 1.23383166e+02 2.13392241e+01 2.70000000e+02
      vertex 1.21693587e+02 2.13356835e+01 2.70000000e+02
    endloop
  endfacet
  facet normal 1.01344154e-02 -9.95886715e-01 9.00385696e-02
    outer loop
      vertex 1.19297311e+02 1.99370649e+01 2.55000000e+02
      vertex 1.21078808e+02 1.99551940e+01 2.55000000e+02
      vertex 1.25072701e+02 2.13519937e+01 2.70000000e+02
    endloop
  endfacet
  facet normal 7.52647273e-03 -9.95819130e-01 9.10363201e-02
    outer loop
      vertex 1.19297311e+02 1.99370649e+01 2.55000000e+02
      vertex 1.25072701e+02 2.13519937e+01 2.70000000e+02
      vertex 1.23383166e+02 2.13392241e+01 2.70000000e+02
    endloop
  endfacet
  facet normal 1.19282361e-02 -9.95935871e-01 8.92718157e-02
    outer loop
      vertex 1.21078808e+02 1.99551940e+01 2.55000000e+02
      vertex 1.22860267e+02 1.99765303e+01 2.55000000e+02
      vertex 1.26762206e+02 2.13678051e+01 2.70000000e+02
    endloop
  endfacet
  facet normal 9.32001555e-03 -9.95875139e-01 9.02543333e-02
    outer loop
      vertex 1.21078808e+02 1.99551940e+01 2.55000000e+02
      vertex 1.26762206e+02 2.13678051e+01 2.70000000e+02
      vertex 1.25072701e+02 2.13519937e+01 2.70000000e+02
    endloop
  endfacet
  facet normal 1.42050079e-02 -9.95984620e-01 8.83903489e-02
    outer loop
      vertex 1.22860267e+02 1.99765303e+01 2.55000000e+02
      vertex 1.24641676e+02 2.00019373e+01 2.55000000e+02
      vertex 1.28451675e+02 2.13874770e+01 2.70000000e+02
    endloop
  endfacet
  facet normal 1.15964755e-02 -9.95932082e-01 8.93577648e-02
    outer loop
      vertex 1.22860267e+02 1.99765303e+01 2.55000000e+02
      vertex 1.28451675e+02 2.13874770e+01 2.70000000e+02
      vertex 1.26762206e+02 2.13678051e+01 2.70000000e+02
    endloop
  endfacet
  facet normal 1.67258997e-02 -9.96027584e-01 8.74602537e-02
    outer loop
      vertex 1.24641676e+02 2.00019373e+01 2.55000000e+02
      vertex 1.26423014e+02 2.00318506e+01 2.55000000e+02
      vertex 1.30141087e+02 2.14114227e+01 2.70000000e+02
    endloop
  endfacet
  facet normal 1.41170597e-02 -9.95983894e-01 8.84126206e-02
    outer loop
      vertex 1.24641676e+02 2.00019373e+01 2.55000000e+02
      vertex 1.30141087e+02 2.14114227e+01 2.70000000e+02
      vertex 1.28451675e+02 2.13874770e+01 2.70000000e+02
    endloop
  endfacet
  facet normal 1.77306854e-02 -9.96057481e-01 8.69201742e-02
    outer loop
      vertex 1.26423014e+02 2.00318506e+01 2.55000000e+02
      vertex 1.28204321e+02 2.00635594e+01 2.55000000e+02
      vertex 1.31830475e+02 2.14370713e+01 2.70000000e+02
    endloop
  endfacet
  facet normal 1.51217076e-02 -9.96018311e-01 8.78570344e-02
    outer loop
      vertex 1.26423014e+02 2.00318506e+01 2.55000000e+02
      vertex 1.31830475e+02 2.14370713e+01 2.70000000e+02
      vertex 1.30141087e+02 2.14114227e+01 2.70000000e+02
    endloop
  endfacet
  facet normal 1.88615969e-02 -9.96085816e-01 8.63555922e-02
    outer loop
      vertex 1.28204321e+02 2.00635594e+01 2.55000000e+02
      vertex 1.29985591e+02 2.00972890e+01 2.55000000e+02
      vertex 1.33519833e+02 2.14646364e+01 2.70000000e+02
    endloop
  endfacet
  facet normal 1.62524787e-02 -9.96051498e-01 8.72769734e-02
    outer loop
      vertex 1.28204321e+02 2.00635594e+01 2.55000000e+02
      vertex 1.33519833e+02 2.14646364e+01 2.70000000e+02
      vertex 1.31830475e+02 2.14370713e+01 2.70000000e+02
    endloop
  endfacet
  facet normal 2.00079608e-02 -9.96111971e-01 8.57940744e-02
    outer loop
      vertex 1.29985591e+02 2.00972890e+01 2.55000000e+02
      vertex 1.31766822e+02 2.01330669e+01 2.55000000e+02
      vertex 1.35209158e+02 2.14941441e+01 2.70000000e+02
    endloop
  endfacet
  facet normal 1.73987105e-02 -9.96082527e-01 8.66999720e-02
    outer loop
      vertex 1.29985591e+02 2.00972890e+01 2.55000000e+02
      vertex 1.35209158e+02 2.14941441e+01 2.70000000e+02
      vertex 1.33519833e+02 2.14646364e+01 2.70000000e+02
    endloop
  endfacet
  facet normal 2.04975535e-02 -9.96136724e-01 8.53901538e-02
    outer loop
      vertex 1.31766822e+02 2.01330669e+01 2.55000000e+02
      vertex 1.33548034e+02 2.01697190e+01 2.55000000e+02
      vertex 1.36898468e+02 2.15244808e+01 2.70000000e+02
    endloop
  endfacet
  facet normal 1.78882294e-02 -9.96110289e-01 8.62803770e-02
    outer loop
      vertex 1.31766822e+02 2.01330669e+01 2.55000000e+02
      vertex 1.36898468e+02 2.15244808e+01 2.70000000e+02
      vertex 1.35209158e+02 2.14941441e+01 2.70000000e+02
    endloop
  endfacet
  facet normal 2.10462073e-02 -9.96160702e-01 8.49759501e-02
    outer loop
      vertex 1.33548034e+02 2.01697190e+01 2.55000000e+02
      vertex 1.35329227e+02 2.02073508e+01 2.55000000e+02
      vertex 1.38587762e+02 2.15557468e+01 2.70000000e+02
    endloop
  endfacet
  facet normal 1.84368082e-02 -9.96137427e-01 8.58505101e-02
    outer loop
      vertex 1.33548034e+02 2.01697190e+01 2.55000000e+02
      vertex 1.38587762e+02 2.15557468e+01 2.70000000e+02
      vertex 1.36898468e+02 2.15244808e+01 2.70000000e+02
    endloop
  endfacet
  facet normal 2.17869239e-02 -9.96183292e-01 8.45232385e-02
    outer loop
      vertex 1.35329227e+02 2.02073508e+01 2.55000000e+02
      vertex 1.37110391e+02 2.02463056e+01 2.55000000e+02
      vertex 1.40277032e+02 2.15882674e+01 2.70000000e+02
    endloop
  endfacet
  facet normal 1.91774409e-02 -9.96163696e-01 8.53821819e-02
    outer loop
      vertex 1.35329227e+02 2.02073508e+01 2.55000000e+02
      vertex 1.40277032e+02 2.15882674e+01 2.70000000e+02
      vertex 1.38587762e+02 2.15557468e+01 2.70000000e+02
    endloop
  endfacet
  facet normal 2.26118889e-02 -9.96204348e-01 8.40571204e-02
    outer loop
      vertex 1.37110391e+02 2.02463056e+01 2.55000000e+02
      vertex 1.38891522e+02 2.02867338e+01 2.55000000e+02
      vertex 1.41966274e+02 2.16221855e+01 2.70000000e+02
    endloop
  endfacet
  facet normal 2.00023221e-02 -9.96188646e-01 8.49004636e-02
    outer loop
      vertex 1.37110391e+02 2.02463056e+01 2.55000000e+02
      vertex 1.41966274e+02 2.16221855e+01 2.70000000e+02
      vertex 1.40277032e+02 2.15882674e+01 2.70000000e+02
    endloop
  endfacet
  facet normal 2.34604089e-02 -9.96223941e-01 8.35910768e-02
    outer loop
      vertex 1.38891522e+02 2.02867338e+01 2.55000000e+02
      vertex 1.40672618e+02 2.03286774e+01 2.55000000e+02
      vertex 1.43655487e+02 2.16575408e+01 2.70000000e+02
    endloop
  endfacet
  facet normal 2.08507631e-02 -9.96212181e-01 8.44188195e-02
    outer loop
      vertex 1.38891522e+02 2.02867338e+01 2.55000000e+02
      vertex 1.43655487e+02 2.16575408e+01 2.70000000e+02
      vertex 1.41966274e+02 2.16221855e+01 2.70000000e+02
    endloop
  endfacet
  facet normal 2.42843717e-02 -9.96242361e-01 8.31349904e-02
    outer loop
      vertex 1.40672618e+02 2.03286774e+01 2.55000000e+02
      vertex 1.42453679e+02 2.03720925e+01 2.55000000e+02
      vertex 1.45344670e+02 2.16942916e+01 2.70000000e+02
    endloop
  endfacet
  facet normal 2.16746541e-02 -9.96234456e-01 8.39471198e-02
    outer loop
      vertex 1.40672618e+02 2.03286774e+01 2.55000000e+02
      vertex 1.45344670e+02 2.16942916e+01 2.70000000e+02
      vertex 1.43655487e+02 2.16575408e+01 2.70000000e+02
    endloop
  endfacet
  facet normal 2.55776988e-02 -9.96255080e-01 8.25929651e-02
    outer loop
      vertex 1.42453679e+02 2.03720925e+01 2.55000000e+02
      vertex 1.44234681e+02 2.04178177e+01 2.55000000e+02
      vertex 1.47033804e+02 2.17332334e+01 2.70000000e+02
    endloop
  endfacet
  facet normal 2.29678954e-02 -9.96252303e-01 8.33895949e-02
    outer loop
      vertex 1.42453679e+02 2.03720925e+01 2.55000000e+02
      vertex 1.47033804e+02 2.17332334e+01 2.70000000e+02
      vertex 1.45344670e+02 2.16942916e+01 2.70000000e+02
    endloop
  endfacet
  facet normal 1.00488994e-01 -9.92611933e-01 6.79964175e-02
    outer loop
      vertex 1.44234681e+02 2.04178177e+01 2.55000000e+02
      vertex 1.46030104e+02 2.05995807e+01 2.55000000e+02
      vertex 1.48736950e+02 2.19011514e+01 2.70000000e+02
    endloop
  endfacet
  facet normal 9.78846063e-02 -9.92816894e-01 6.87983962e-02
    outer loop
      vertex 1.44234681e+02 2.04178177e+01 2.55000000e+02
      vertex 1.48736950e+02 2.19011514e+01 2.70000000e+02
      vertex 1.47033804e+02 2.17332334e+01 2.70000000e+02
    endloop
  endfacet
  facet normal 2.43158010e-01 9.61466832e-01 -1.28279824e-01
    outer loop
      vertex 1.48736950e+02 2.19011514e+01 2.70000000e+02
      vertex 1.47098946e+02 2.23154078e+01 2.70000000e+02
      vertex 1.49896253e+02 2.36092743e+01 2.85000000e+02
    endloop
  endfacet
  facet normal 2.45670454e-01 9.60811956e-01 -1.28399429e-01
    outer loop
      vertex 1.48736950e+02 2.19011514e+01 2.70000000e+02
      vertex 1.49896253e+02 2.36092743e+01 2.85000000e+02
      vertex 1.51444028e+02 2.32135231e+01 2.85000000e+02
    endloop
  endfacet
  facet normal 2.35187669e-01 9.63583692e-01 -1.27252615e-01
    outer loop
      vertex 1.47098946e+02 2.23154078e+01 2.70000000e+02
      vertex 1.45457554e+02 2.27160323e+01 2.70000000e+02
      vertex 1.48345240e+02 2.39921445e+01 2.85000000e+02
    endloop
  endfacet
  facet normal 2.37705269e-01 9.62947465e-01 -1.27390674e-01
    outer loop
      vertex 1.47098946e+02 2.23154078e+01 2.70000000e+02
      vertex 1.48345240e+02 2.39921445e+01 2.85000000e+02
      vertex 1.49896253e+02 2.36092743e+01 2.85000000e+02
    endloop
  endfacet
  facet normal 2.26461867e-01 9.65830628e-01 -1.26040551e-01
    outer loop
      vertex 1.45457554e+02 2.27160323e+01 2.70000000e+02
      vertex 1.43812591e+02 2.31017329e+01 2.70000000e+02
      vertex 1.46790815e+02 2.43609123e+01 2.85000000e+02
    endloop
  endfacet
  facet normal 2.28985026e-01 9.65215051e-01 -1.26197316e-01
    outer loop
      vertex 1.45457554e+02 2.27160323e+01 2.70000000e+02
      vertex 1.46790815e+02 2.43609123e+01 2.85000000e+02
      vertex 1.48345240e+02 2.39921445e+01 2.85000000e+02
    endloop
  endfacet
  facet normal 2.18569359e-01 9.67793213e-01 -1.24914901e-01
    outer loop
      vertex 1.43812591e+02 2.31017329e+01 2.70000000e+02
      vertex 1.42164521e+02 2.34739378e+01 2.70000000e+02
      vertex 1.45233419e+02 2.47169272e+01 2.85000000e+02
    endloop
  endfacet
  facet normal 2.21097366e-01 9.67196169e-01 -1.25090069e-01
    outer loop
      vertex 1.43812591e+02 2.31017329e+01 2.70000000e+02
      vertex 1.45233419e+02 2.47169272e+01 2.85000000e+02
      vertex 1.46790815e+02 2.43609123e+01 2.85000000e+02
    endloop
  endfacet
  facet normal 2.11229350e-01 9.69560074e-01 -1.23836281e-01
    outer loop
      vertex 1.42164521e+02 2.34739378e+01 2.70000000e+02
      vertex 1.40513662e+02 2.38335957e+01 2.70000000e+02
      vertex 1.43673353e+02 2.50610852e+01 2.85000000e+02
    endloop
  endfacet
  facet normal 2.13761723e-01 9.68980171e-01 -1.24029650e-01
    outer loop
      vertex 1.42164521e+02 2.34739378e+01 2.70000000e+02
      vertex 1.43673353e+02 2.50610852e+01 2.85000000e+02
      vertex 1.45233419e+02 2.47169272e+01 2.85000000e+02
    endloop
  endfacet
  facet normal 2.01833471e-01 9.71752400e-01 -1.22313216e-01
    outer loop
      vertex 1.40513662e+02 2.38335957e+01 2.70000000e+02
      vertex 1.38859385e+02 2.41771900e+01 2.70000000e+02
      vertex 1.42110016e+02 2.53900628e+01 2.85000000e+02
    endloop
  endfacet
  facet normal 2.04371427e-01 9.71195051e-01 -1.22525481e-01
    outer loop
      vertex 1.40513662e+02 2.38335957e+01 2.70000000e+02
      vertex 1.42110016e+02 2.53900628e+01 2.85000000e+02
      vertex 1.43673353e+02 2.50610852e+01 2.85000000e+02
    endloop
  endfacet
  facet normal 1.94161887e-01 9.73470129e-01 -1.21066384e-01
    outer loop
      vertex 1.38859385e+02 2.41771900e+01 2.70000000e+02
      vertex 1.37202454e+02 2.45076704e+01 2.70000000e+02
      vertex 1.40544137e+02 2.57066473e+01 2.85000000e+02
    endloop
  endfacet
  facet normal 1.96704180e-01 9.72930890e-01 -1.21296944e-01
    outer loop
      vertex 1.38859385e+02 2.41771900e+01 2.70000000e+02
      vertex 1.40544137e+02 2.57066473e+01 2.85000000e+02
      vertex 1.42110016e+02 2.53900628e+01 2.85000000e+02
    endloop
  endfacet
  facet normal 1.87189641e-01 9.74977706e-01 -1.19910432e-01
    outer loop
      vertex 1.37202454e+02 2.45076704e+01 2.70000000e+02
      vertex 1.35543200e+02 2.48262368e+01 2.70000000e+02
      vertex 1.38976033e+02 2.60119723e+01 2.85000000e+02
    endloop
  endfacet
  facet normal 1.89735737e-01 9.74454799e-01 -1.20159038e-01
    outer loop
      vertex 1.37202454e+02 2.45076704e+01 2.70000000e+02
      vertex 1.38976033e+02 2.60119723e+01 2.85000000e+02
      vertex 1.40544137e+02 2.57066473e+01 2.85000000e+02
    endloop
  endfacet
  facet normal 1.80893304e-01 9.76295128e-01 -1.18850474e-01
    outer loop
      vertex 1.35543200e+02 2.48262368e+01 2.70000000e+02
      vertex 1.33881898e+02 2.51340519e+01 2.70000000e+02
      vertex 1.37405965e+02 2.63071367e+01 2.85000000e+02
    endloop
  endfacet
  facet normal 1.83442717e-01 9.75786829e-01 -1.19116888e-01
    outer loop
      vertex 1.35543200e+02 2.48262368e+01 2.70000000e+02
      vertex 1.37405965e+02 2.63071367e+01 2.85000000e+02
      vertex 1.38976033e+02 2.60119723e+01 2.85000000e+02
    endloop
  endfacet
  facet normal 1.69573319e-01 9.78589944e-01 -1.16647374e-01
    outer loop
      vertex 1.33881898e+02 2.51340519e+01 2.70000000e+02
      vertex 1.32217125e+02 2.54225294e+01 2.70000000e+02
      vertex 1.35832567e+02 2.65840251e+01 2.85000000e+02
    endloop
  endfacet
  facet normal 1.72128851e-01 9.78109538e-01 -1.16933269e-01
    outer loop
      vertex 1.33881898e+02 2.51340519e+01 2.70000000e+02
      vertex 1.35832567e+02 2.65840251e+01 2.85000000e+02
      vertex 1.37405965e+02 2.63071367e+01 2.85000000e+02
    endloop
  endfacet
  facet normal 1.62450245e-01 9.79955500e-01 -1.15313206e-01
    outer loop
      vertex 1.32217125e+02 2.54225294e+01 2.70000000e+02
      vertex 1.30550323e+02 2.56988402e+01 2.70000000e+02
      vertex 1.34257222e+02 2.68494144e+01 2.85000000e+02
    endloop
  endfacet
  facet normal 1.65009333e-01 9.79492006e-01 -1.15617168e-01
    outer loop
      vertex 1.32217125e+02 2.54225294e+01 2.70000000e+02
      vertex 1.34257222e+02 2.68494144e+01 2.85000000e+02
      vertex 1.35832567e+02 2.65840251e+01 2.85000000e+02
    endloop
  endfacet
  facet normal 1.56425899e-01 9.81066939e-01 -1.14186687e-01
    outer loop
      vertex 1.30550323e+02 2.56988402e+01 2.70000000e+02
      vertex 1.28881823e+02 2.59648737e+01 2.70000000e+02
      vertex 1.32680244e+02 2.71050903e+01 2.85000000e+02
    endloop
  endfacet
  facet normal 1.58987862e-01 9.80617510e-01 -1.14508339e-01
    outer loop
      vertex 1.30550323e+02 2.56988402e+01 2.70000000e+02
      vertex 1.32680244e+02 2.71050903e+01 2.85000000e+02
      vertex 1.34257222e+02 2.68494144e+01 2.85000000e+02
    endloop
  endfacet
  facet normal 1.43329760e-01 9.83393852e-01 -1.11324352e-01
    outer loop
      vertex 1.28881823e+02 2.59648737e+01 2.70000000e+02
      vertex 1.27209905e+02 2.62085559e+01 2.70000000e+02
      vertex 1.31099980e+02 2.73396406e+01 2.85000000e+02
    endloop
  endfacet
  facet normal 1.45898157e-01 9.82977332e-01 -1.11665985e-01
    outer loop
      vertex 1.28881823e+02 2.59648737e+01 2.70000000e+02
      vertex 1.31099980e+02 2.73396406e+01 2.85000000e+02
      vertex 1.32680244e+02 2.71050903e+01 2.85000000e+02
    endloop
  endfacet
  facet normal 1.35950169e-01 9.84614626e-01 -1.09779730e-01
    outer loop
      vertex 1.27209905e+02 2.62085559e+01 2.70000000e+02
      vertex 1.25536251e+02 2.64396448e+01 2.70000000e+02
      vertex 1.29518043e+02 2.75622877e+01 2.85000000e+02
    endloop
  endfacet
  facet normal 1.38521869e-01 9.84215926e-01 -1.10139470e-01
    outer loop
      vertex 1.27209905e+02 2.62085559e+01 2.70000000e+02
      vertex 1.29518043e+02 2.75622877e+01 2.85000000e+02
      vertex 1.31099980e+02 2.73396406e+01 2.85000000e+02
    endloop
  endfacet
  facet normal 1.28095285e-01 9.85856784e-01 -1.08064792e-01
    outer loop
      vertex 1.25536251e+02 2.64396448e+01 2.70000000e+02
      vertex 1.23860752e+02 2.66573473e+01 2.70000000e+02
      vertex 1.27934329e+02 2.77722820e+01 2.85000000e+02
    endloop
  endfacet
  facet normal 1.30670400e-01 9.85477252e-01 -1.08442762e-01
    outer loop
      vertex 1.25536251e+02 2.64396448e+01 2.70000000e+02
      vertex 1.27934329e+02 2.77722820e+01 2.85000000e+02
      vertex 1.29518043e+02 2.75622877e+01 2.85000000e+02
    endloop
  endfacet
  facet normal 1.12777609e-01 9.88125551e-01 -1.04350883e-01
    outer loop
      vertex 1.23860752e+02 2.66573473e+01 2.70000000e+02
      vertex 1.22182088e+02 2.68489381e+01 2.70000000e+02
      vertex 1.26347556e+02 2.79575945e+01 2.85000000e+02
    endloop
  endfacet
  facet normal 1.15359267e-01 9.87785303e-01 -1.04749394e-01
    outer loop
      vertex 1.23860752e+02 2.66573473e+01 2.70000000e+02
      vertex 1.26347556e+02 2.79575945e+01 2.85000000e+02
      vertex 1.27934329e+02 2.77722820e+01 2.85000000e+02
    endloop
  endfacet
  facet normal 1.04815625e-01 9.89195730e-01 -1.02496303e-01
    outer loop
      vertex 1.22182088e+02 2.68489381e+01 2.70000000e+02
      vertex 1.20501982e+02 2.70269629e+01 2.70000000e+02
      vertex 1.24759387e+02 2.81300832e+01 2.85000000e+02
    endloop
  endfacet
  facet normal 1.07400325e-01 9.88875159e-01 -1.02913026e-01
    outer loop
      vertex 1.22182088e+02 2.68489381e+01 2.70000000e+02
      vertex 1.24759387e+02 2.81300832e+01 2.85000000e+02
      vertex 1.26347556e+02 2.79575945e+01 2.85000000e+02
    endloop
  endfacet
  facet normal 9.20450272e-02 9.90794548e-01 -9.92666930e-02
    outer loop
      vertex 1.20501982e+02 2.70269629e+01 2.70000000e+02
      vertex 1.18819643e+02 2.71832526e+01 2.70000000e+02
      vertex 1.23169053e+02 2.82820261e+01 2.85000000e+02
    endloop
  endfacet
  facet normal 9.46344537e-02 9.90506753e-01 -9.97030253e-02
    outer loop
      vertex 1.20501982e+02 2.70269629e+01 2.70000000e+02
      vertex 1.23169053e+02 2.82820261e+01 2.85000000e+02
      vertex 1.24759387e+02 2.81300832e+01 2.85000000e+02
    endloop
  endfacet
  facet normal 7.24396899e-02 9.92931757e-01 -9.40160483e-02
    outer loop
      vertex 1.18819643e+02 2.71832526e+01 2.70000000e+02
      vertex 1.17134632e+02 2.73061831e+01 2.70000000e+02
      vertex 1.21576111e+02 2.84024331e+01 2.85000000e+02
    endloop
  endfacet
  facet normal 7.50356611e-02 9.92695489e-01 -9.44738921e-02
    outer loop
      vertex 1.18819643e+02 2.71832526e+01 2.70000000e+02
      vertex 1.21576111e+02 2.84024331e+01 2.85000000e+02
      vertex 1.23169053e+02 2.82820261e+01 2.85000000e+02
    endloop
  endfacet
  facet normal 5.93398720e-02 9.94126818e-01 -9.05022106e-02
    outer loop
      vertex 1.17134632e+02 2.73061831e+01 2.70000000e+02
      vertex 1.15448201e+02 2.74068470e+01 2.70000000e+02
      vertex 1.19981769e+02 2.85017896e+01 2.85000000e+02
    endloop
  endfacet
  facet normal 6.19395785e-02 9.93924651e-01 -9.09795444e-02
    outer loop
      vertex 1.17134632e+02 2.73061831e+01 2.70000000e+02
      vertex 1.19981769e+02 2.85017896e+01 2.85000000e+02
      vertex 1.21576111e+02 2.84024331e+01 2.85000000e+02
    endloop
  endfacet
  facet normal 3.61016150e-02 9.95821656e-01 -8.38802922e-02
    outer loop
      vertex 1.15448201e+02 2.74068470e+01 2.70000000e+02
      vertex 1.13759727e+02 2.74680594e+01 2.70000000e+02
      vertex 1.18385399e+02 2.85638481e+01 2.85000000e+02
    endloop
  endfacet
  facet normal 3.87069056e-02 9.95681602e-01 -8.43796396e-02
    outer loop
      vertex 1.15448201e+02 2.74068470e+01 2.70000000e+02
      vertex 1.18385399e+02 2.85638481e+01 2.85000000e+02
      vertex 1.19981769e+02 2.85017896e+01 2.85000000e+02
    endloop
  endfacet
  facet normal 1.06946579e-02 9.97019064e-01 -7.64108019e-02
    outer loop
      vertex 1.13759727e+02 2.74680594e+01 2.70000000e+02
      vertex 1.12070413e+02 2.74861800e+01 2.70000000e+02
      vertex 1.16788128e+02 2.85851637e+01 2.85000000e+02
    endloop
  endfacet
  facet normal 1.33042730e-02 9.96947547e-01 -7.69323397e-02
    outer loop
      vertex 1.13759727e+02 2.74680594e+01 2.70000000e+02
      vertex 1.16788128e+02 2.85851637e+01 2.85000000e+02
      vertex 1.18385399e+02 2.85638481e+01 2.85000000e+02
    endloop
  endfacet
  facet normal -9.91948256e-03 9.97480850e-01 -7.02392910e-02
    outer loop
      vertex 1.12070413e+02 2.74861800e+01 2.70000000e+02
      vertex 1.10381171e+02 2.74693813e+01 2.70000000e+02
      vertex 1.15190838e+02 2.85734614e+01 2.85000000e+02
    endloop
  endfacet
  facet normal -7.30777202e-03 9.97465078e-01 -7.07814576e-02
    outer loop
      vertex 1.12070413e+02 2.74861800e+01 2.70000000e+02
      vertex 1.15190838e+02 2.85734614e+01 2.85000000e+02
      vertex 1.16788128e+02 2.85851637e+01 2.85000000e+02
    endloop
  endfacet
  facet normal -3.43658061e-02 9.97442075e-01 -6.26761368e-02
    outer loop
      vertex 1.10381171e+02 2.74693813e+01 2.70000000e+02
      vertex 1.08692608e+02 2.74112037e+01 2.70000000e+02
      vertex 1.13594088e+02 2.85226320e+01 2.85000000e+02
    endloop
  endfacet
  facet normal -3.17532637e-02 9.97493118e-01 -6.32393130e-02
    outer loop
      vertex 1.10381171e+02 2.74693813e+01 2.70000000e+02
      vertex 1.13594088e+02 2.85226320e+01 2.85000000e+02
      vertex 1.15190838e+02 2.85734614e+01 2.85000000e+02
    endloop
  endfacet
  facet normal -7.42834712e-02 9.95992758e-01 -4.98035239e-02
    outer loop
      vertex 1.08692608e+02 2.74112037e+01 2.70000000e+02
      vertex 1.07007705e+02 2.72855396e+01 2.70000000e+02
      vertex 1.12000631e+02 2.84079823e+01 2.85000000e+02
    endloop
  endfacet
  facet normal -7.16736061e-02 9.96154485e-01 -5.03898372e-02
    outer loop
      vertex 1.08692608e+02 2.74112037e+01 2.70000000e+02
      vertex 1.12000631e+02 2.84079823e+01 2.85000000e+02
      vertex 1.13594088e+02 2.85226320e+01 2.85000000e+02
    endloop
  endfacet
  facet normal -1.09223245e-01 9.93281074e-01 -3.82490710e-02
    outer loop
      vertex 1.07007705e+02 2.72855396e+01 2.70000000e+02
      vertex 1.05328543e+02 2.71008955e+01 2.70000000e+02
      vertex 1.10412457e+02 2.82375503e+01 2.85000000e+02
    endloop
  endfacet
  facet normal -1.06619970e-01 9.93540316e-01 -3.88564250e-02
    outer loop
      vertex 1.07007705e+02 2.72855396e+01 2.70000000e+02
      vertex 1.10412457e+02 2.82375503e+01 2.85000000e+02
      vertex 1.12000631e+02 2.84079823e+01 2.85000000e+02
    endloop
  endfacet
  facet normal -1.52651176e-01 9.88002856e-01 -2.34088452e-02
    outer loop
      vertex 1.05328543e+02 2.71008955e+01 2.70000000e+02
      vertex 1.03659288e+02 2.68429877e+01 2.70000000e+02
      vertex 1.08833470e+02 2.79978199e+01 2.85000000e+02
    endloop
  endfacet
  facet normal -1.50061834e-01 9.88384380e-01 -2.40366886e-02
    outer loop
      vertex 1.05328543e+02 2.71008955e+01 2.70000000e+02
      vertex 1.08833470e+02 2.79978199e+01 2.85000000e+02
      vertex 1.10412457e+02 2.82375503e+01 2.85000000e+02
    endloop
  endfacet
  facet normal -2.09960939e-01 9.77704778e-01 -3.12597033e-03
    outer loop
      vertex 1.03659288e+02 2.68429877e+01 2.70000000e+02
      vertex 1.02008114e+02 2.64883999e+01 2.70000000e+02
      vertex 1.07271338e+02 2.76666299e+01 2.85000000e+02
    endloop
  endfacet
  facet normal -2.07400134e-01 9.78248922e-01 -3.77249914e-03
    outer loop
      vertex 1.03659288e+02 2.68429877e+01 2.70000000e+02
      vertex 1.07271338e+02 2.76666299e+01 2.85000000e+02
      vertex 1.08833470e+02 2.79978199e+01 2.85000000e+02
    endloop
  endfacet
  facet normal -2.89808295e-01 9.56724381e-01 2.62604243e-02
    outer loop
      vertex 1.02008114e+02 2.64883999e+01 2.70000000e+02
      vertex 1.00392111e+02 2.59988848e+01 2.70000000e+02
      vertex 1.05742129e+02 2.72077734e+01 2.85000000e+02
    endloop
  endfacet
  facet normal -2.87307523e-01 9.57496205e-01 2.56008810e-02
    outer loop
      vertex 1.02008114e+02 2.64883999e+01 2.70000000e+02
      vertex 1.05742129e+02 2.72077734e+01 2.85000000e+02
      vertex 1.07271338e+02 2.76666299e+01 2.85000000e+02
    endloop
  endfacet
  facet normal -4.64944113e-01 8.80270294e-01 9.46106854e-02
    outer loop
      vertex 1.00392111e+02 2.59988848e+01 2.70000000e+02
      vertex 9.89029122e+01 2.52123148e+01 2.70000000e+02
      vertex 1.04332083e+02 2.64677254e+01 2.85000000e+02
    endloop
  endfacet
  facet normal -4.62666061e-01 8.81538001e-01 9.39726979e-02
    outer loop
      vertex 1.00392111e+02 2.59988848e+01 2.70000000e+02
      vertex 1.04332083e+02 2.64677254e+01 2.85000000e+02
      vertex 1.05742129e+02 2.72077734e+01 2.85000000e+02
    endloop
  endfacet
  facet normal -9.08261562e-01 2.86966417e-01 3.04485156e-01
    outer loop
      vertex 9.89029122e+01 2.52123148e+01 2.70000000e+02
      vertex 9.84468956e+01 2.37690018e+01 2.70000000e+02
      vertex 1.03897327e+02 2.51041422e+01 2.85000000e+02
    endloop
  endfacet
  facet normal -9.07571827e-01 2.89363868e-01 3.04272790e-01
    outer loop
      vertex 9.89029122e+01 2.52123148e+01 2.70000000e+02
      vertex 1.03897327e+02 2.51041422e+01 2.85000000e+02
      vertex 1.04332083e+02 2.64677254e+01 2.85000000e+02
    endloop
  endfacet
  facet normal -5.16311426e-01 -8.15988121e-01 2.59972878e-01
    outer loop
      vertex 9.84468956e+01 2.37690018e+01 2.70000000e+02
      vertex 9.98559745e+01 2.28774159e+01 2.70000000e+02
      vertex 1.05227463e+02 2.42576228e+01 2.85000000e+02
    endloop
  endfacet
  facet normal -5.18321632e-01 -8.14438354e-01 2.60831083e-01
    outer loop
      vertex 9.84468956e+01 2.37690018e+01 2.70000000e+02
      vertex 1.05227463e+02 2.42576228e+01 2.85000000e+02
      vertex 1.03897327e+02 2.51041422e+01 2.85000000e+02
    endloop
  endfacet
  facet normal -2.73302331e-01 -9.44075744e-01 1.84463615e-01
    outer loop
      vertex 9.98559745e+01 2.28774159e+01 2.70000000e+02
      vertex 1.01477020e+02 2.24081364e+01 2.70000000e+02
      vertex 1.06759066e+02 2.38098868e+01 2.85000000e+02
    endloop
  endfacet
  facet normal -2.75717262e-01 -9.43166420e-01 1.85518453e-01
    outer loop
      vertex 9.98559745e+01 2.28774159e+01 2.70000000e+02
      vertex 1.06759066e+02 2.38098868e+01 2.85000000e+02
      vertex 1.05227463e+02 2.42576228e+01 2.85000000e+02
    endloop
  endfacet
  facet normal -1.81259417e-01 -9.71252556e-01 1.54316220e-01
    outer loop
      vertex 1.01477020e+02 2.24081364e+01 2.70000000e+02
      vertex 1.03137420e+02 2.20982652e+01 2.70000000e+02
      vertex 1.08328276e+02 2.35127806e+01 2.85000000e+02
    endloop
  endfacet
  facet normal -1.83769483e-01 -9.70605452e-01 1.55415039e-01
    outer loop
      vertex 1.01477020e+02 2.24081364e+01 2.70000000e+02
      vertex 1.08328276e+02 2.35127806e+01 2.85000000e+02
      vertex 1.06759066e+02 2.38098868e+01 2.85000000e+02
    endloop
  endfacet
  facet normal -1.25701202e-01 -9.82716555e-01 1.35894740e-01
    outer loop
      vertex 1.03137420e+02 2.20982652e+01 2.70000000e+02
      vertex 1.04813290e+02 2.18839014e+01 2.70000000e+02
      vertex 1.09912350e+02 2.33059423e+01 2.85000000e+02
    endloop
  endfacet
  facet normal -1.28253650e-01 -9.82231975e-01 1.37008569e-01
    outer loop
      vertex 1.03137420e+02 2.20982652e+01 2.70000000e+02
      vertex 1.09912350e+02 2.33059423e+01 2.85000000e+02
      vertex 1.08328276e+02 2.35127806e+01 2.85000000e+02
    endloop
  endfacet
  facet normal -9.01412669e-02 -9.88173483e-01 1.24047249e-01
    outer loop
      vertex 1.04813290e+02 2.18839014e+01 2.70000000e+02
      vertex 1.06495868e+02 2.17304164e+01 2.70000000e+02
      vertex 1.11502917e+02 2.31566508e+01 2.85000000e+02
    endloop
  endfacet
  facet normal -9.27148944e-02 -9.87794616e-01 1.25162877e-01
    outer loop
      vertex 1.04813290e+02 2.18839014e+01 2.70000000e+02
      vertex 1.11502917e+02 2.31566508e+01 2.85000000e+02
      vertex 1.09912350e+02 2.33059423e+01 2.85000000e+02
    endloop
  endfacet
  facet normal -6.61807168e-02 -9.91036729e-01 1.16044448e-01
    outer loop
      vertex 1.06495868e+02 2.17304164e+01 2.70000000e+02
      vertex 1.08181633e+02 2.16178423e+01 2.70000000e+02
      vertex 1.13096599e+02 2.30460343e+01 2.85000000e+02
    endloop
  endfacet
  facet normal -6.87659857e-02 -9.90729984e-01 1.17155189e-01
    outer loop
      vertex 1.06495868e+02 2.17304164e+01 2.70000000e+02
      vertex 1.13096599e+02 2.30460343e+01 2.85000000e+02
      vertex 1.11502917e+02 2.31566508e+01 2.85000000e+02
    endloop
  endfacet
  facet normal -4.93994318e-02 -9.92656274e-01 1.10422909e-01
    outer loop
      vertex 1.08181633e+02 2.16178423e+01 2.70000000e+02
      vertex 1.09869052e+02 2.15338681e+01 2.70000000e+02
      vertex 1.14691915e+02 2.29624561e+01 2.85000000e+02
    endloop
  endfacet
  facet normal -5.19915889e-02 -9.92400645e-01 1.11525039e-01
    outer loop
      vertex 1.08181633e+02 2.16178423e+01 2.70000000e+02
      vertex 1.14691915e+02 2.29624561e+01 2.85000000e+02
      vertex 1.13096599e+02 2.30460343e+01 2.85000000e+02
    endloop
  endfacet
  facet normal -3.73845195e-02 -9.93623082e-01 1.06374661e-01
    outer loop
      vertex 1.09869052e+02 2.15338681e+01 2.70000000e+02
      vertex 1.11557398e+02 2.14703450e+01 2.70000000e+02
      vertex 1.16288159e+02 2.28982131e+01 2.85000000e+02
    endloop
  endfacet
  facet normal -3.99809685e-02 -9.93404550e-01 1.07465910e-01
    outer loop
      vertex 1.09869052e+02 2.15338681e+01 2.70000000e+02
      vertex 1.16288159e+02 2.28982131e+01 2.85000000e+02
      vertex 1.14691915e+02 2.29624561e+01 2.85000000e+02
    endloop
  endfacet
  facet normal -2.83650983e-02 -9.94244474e-01 1.03311893e-01
    outer loop
      vertex 1.11557398e+02 2.14703450e+01 2.70000000e+02
      vertex 1.13246293e+02 2.14221620e+01 2.70000000e+02
      vertex 1.17884959e+02 2.28484733e+01 2.85000000e+02
    endloop
  endfacet
  facet normal -3.09644163e-02 -9.94054196e-01 1.04390901e-01
    outer loop
      vertex 1.11557398e+02 2.14703450e+01 2.70000000e+02
      vertex 1.17884959e+02 2.28484733e+01 2.85000000e+02
      vertex 1.16288159e+02 2.28982131e+01 2.85000000e+02
    endloop
  endfacet
  facet normal -1.81534609e-02 -9.94828641e-01 9.99321145e-02
    outer loop
      vertex 1.13246293e+02 2.14221620e+01 2.70000000e+02
      vertex 1.14935594e+02 2.13913359e+01 2.70000000e+02
      vertex 1.19482188e+02 2.28151442e+01 2.85000000e+02
    endloop
  endfacet
  facet normal -2.07556032e-02 -9.94669983e-01 1.00999160e-01
    outer loop
      vertex 1.13246293e+02 2.14221620e+01 2.70000000e+02
      vertex 1.19482188e+02 2.28151442e+01 2.85000000e+02
      vertex 1.17884959e+02 2.28484733e+01 2.85000000e+02
    endloop
  endfacet
  facet normal -1.44899500e-02 -9.95025326e-01 9.85628808e-02
    outer loop
      vertex 1.14935594e+02 2.13913359e+01 2.70000000e+02
      vertex 1.16624990e+02 2.13667343e+01 2.70000000e+02
      vertex 1.21079520e+02 2.27877004e+01 2.85000000e+02
    endloop
  endfacet
  facet normal -1.70930669e-02 -9.94879178e-01 9.96154995e-02
    outer loop
      vertex 1.14935594e+02 2.13913359e+01 2.70000000e+02
      vertex 1.21079520e+02 2.27877004e+01 2.85000000e+02
      vertex 1.19482188e+02 2.28151442e+01 2.85000000e+02
    endloop
  endfacet
  facet normal -1.12403565e-02 -9.95188124e-01 9.73357704e-02
    outer loop
      vertex 1.16624990e+02 2.13667343e+01 2.70000000e+02
      vertex 1.18314462e+02 2.13476522e+01 2.70000000e+02
      vertex 1.22676939e+02 2.27654753e+01 2.85000000e+02
    endloop
  endfacet
  facet normal -1.38442915e-02 -9.95053232e-01 9.83737840e-02
    outer loop
      vertex 1.16624990e+02 2.13667343e+01 2.70000000e+02
      vertex 1.22676939e+02 2.27654753e+01 2.85000000e+02
      vertex 1.21079520e+02 2.27877004e+01 2.85000000e+02
    endloop
  endfacet
  facet normal -5.63368086e-03 -9.95418343e-01 9.54493756e-02
    outer loop
      vertex 1.18314462e+02 2.13476522e+01 2.70000000e+02
      vertex 1.20004018e+02 2.13380899e+01 2.70000000e+02
      vertex 1.24274460e+02 2.27522515e+01 2.85000000e+02
    endloop
  endfacet
  facet normal -8.23884042e-03 -9.95301450e-01 9.64735460e-02
    outer loop
      vertex 1.18314462e+02 2.13476522e+01 2.70000000e+02
      vertex 1.24274460e+02 2.27522515e+01 2.85000000e+02
      vertex 1.22676939e+02 2.27654753e+01 2.85000000e+02
    endloop
  endfacet
  facet normal -1.41796596e-03 -9.95572498e-01 9.39861182e-02
    outer loop
      vertex 1.20004018e+02 2.13380899e+01 2.70000000e+02
      vertex 1.21693587e+02 2.13356835e+01 2.70000000e+02
      vertex 1.25872011e+02 2.27457937e+01 2.85000000e+02
    endloop
  endfacet
  facet normal -4.02397340e-03 -9.95469528e-01 9.49959237e-02
    outer loop
      vertex 1.20004018e+02 2.13380899e+01 2.70000000e+02
      vertex 1.25872011e+02 2.27457937e+01 2.85000000e+02
      vertex 1.24274460e+02 2.27522515e+01 2.85000000e+02
    endloop
  endfacet
  facet normal 2.08648110e-03 -9.95687882e-01 9.27431332e-02
    outer loop
      vertex 1.21693587e+02 2.13356835e+01 2.70000000e+02
      vertex 1.23383166e+02 2.13392241e+01 2.70000000e+02
      vertex 1.27469587e+02 2.27449590e+01 2.85000000e+02
    endloop
  endfacet
  facet normal -5.20179156e-04 -9.95596735e-01 9.37383077e-02
    outer loop
      vertex 1.21693587e+02 2.13356835e+01 2.70000000e+02
      vertex 1.27469587e+02 2.27449590e+01 2.85000000e+02
      vertex 1.25872011e+02 2.27457937e+01 2.85000000e+02
    endloop
  endfacet
  facet normal 7.52650052e-03 -9.95822807e-01 9.09960915e-02
    outer loop
      vertex 1.23383166e+02 2.13392241e+01 2.70000000e+02
      vertex 1.25072701e+02 2.13519937e+01 2.70000000e+02
      vertex 1.29067143e+02 2.27528509e+01 2.85000000e+02
    endloop
  endfacet
  facet normal 4.91897442e-03 -9.95748963e-01 9.19772068e-02
    outer loop
      vertex 1.23383166e+02 2.13392241e+01 2.70000000e+02
      vertex 1.29067143e+02 2.27528509e+01 2.85000000e+02
      vertex 1.27469587e+02 2.27449590e+01 2.85000000e+02
    endloop
  endfacet
  facet normal 9.32002282e-03 -9.95875917e-01 9.02457524e-02
    outer loop
      vertex 1.25072701e+02 2.13519937e+01 2.70000000e+02
      vertex 1.26762206e+02 2.13678051e+01 2.70000000e+02
      vertex 1.30664679e+02 2.27636190e+01 2.85000000e+02
    endloop
  endfacet
  facet normal 6.71220369e-03 -9.95808909e-01 9.12116377e-02
    outer loop
      vertex 1.25072701e+02 2.13519937e+01 2.70000000e+02
      vertex 1.30664679e+02 2.27636190e+01 2.85000000e+02
      vertex 1.29067143e+02 2.27528509e+01 2.85000000e+02
    endloop
  endfacet
  facet normal 1.15964515e-02 -9.95930013e-01 8.93808262e-02
    outer loop
      vertex 1.26762206e+02 2.13678051e+01 2.70000000e+02
      vertex 1.28451675e+02 2.13874770e+01 2.70000000e+02
      vertex 1.32262190e+02 2.27780375e+01 2.85000000e+02
    endloop
  endfacet
  facet normal 8.98830182e-03 -9.95871181e-01 9.03316139e-02
    outer loop
      vertex 1.26762206e+02 2.13678051e+01 2.70000000e+02
      vertex 1.32262190e+02 2.27780375e+01 2.85000000e+02
      vertex 1.30664679e+02 2.27636190e+01 2.85000000e+02
    endloop
  endfacet
  facet normal 1.41169908e-02 -9.95979037e-01 8.84673313e-02
    outer loop
      vertex 1.28451675e+02 2.13874770e+01 2.70000000e+02
      vertex 1.30141087e+02 2.14114227e+01 2.70000000e+02
      vertex 1.33859659e+02 2.27964971e+01 2.85000000e+02
    endloop
  endfacet
  facet normal 1.15085130e-02 -9.95929036e-01 8.94030750e-02
    outer loop
      vertex 1.28451675e+02 2.13874770e+01 2.70000000e+02
      vertex 1.33859659e+02 2.27964971e+01 2.85000000e+02
      vertex 1.32262190e+02 2.27780375e+01 2.85000000e+02
    endloop
  endfacet
  facet normal 1.51215919e-02 -9.96010685e-01 8.79434594e-02
    outer loop
      vertex 1.30141087e+02 2.14114227e+01 2.70000000e+02
      vertex 1.31830475e+02 2.14370713e+01 2.70000000e+02
      vertex 1.35457108e+02 2.28165669e+01 2.85000000e+02
    endloop
  endfacet
  facet normal 1.25129671e-02 -9.95965195e-01 8.88636983e-02
    outer loop
      vertex 1.30141087e+02 2.14114227e+01 2.70000000e+02
      vertex 1.35457108e+02 2.28165669e+01 2.85000000e+02
      vertex 1.33859659e+02 2.27964971e+01 2.85000000e+02
    endloop
  endfacet
  facet normal 1.62523097e-02 -9.96041142e-01 8.73951180e-02
    outer loop
      vertex 1.31830475e+02 2.14370713e+01 2.70000000e+02
      vertex 1.33519833e+02 2.14646364e+01 2.70000000e+02
      vertex 1.37054534e+02 2.28384490e+01 2.85000000e+02
    endloop
  endfacet
  facet normal 1.36435345e-02 -9.96000495e-01 8.82998804e-02
    outer loop
      vertex 1.31830475e+02 2.14370713e+01 2.70000000e+02
      vertex 1.37054534e+02 2.28384490e+01 2.85000000e+02
      vertex 1.35457108e+02 2.28165669e+01 2.85000000e+02
    endloop
  endfacet
  facet normal 1.73984825e-02 -9.96069474e-01 8.68498453e-02
    outer loop
      vertex 1.33519833e+02 2.14646364e+01 2.70000000e+02
      vertex 1.35209158e+02 2.14941441e+01 2.70000000e+02
      vertex 1.38651934e+02 2.28621679e+01 2.85000000e+02
    endloop
  endfacet
  facet normal 1.47895651e-02 -9.96033691e-01 8.77391267e-02
    outer loop
      vertex 1.33519833e+02 2.14646364e+01 2.70000000e+02
      vertex 1.38651934e+02 2.28621679e+01 2.85000000e+02
      vertex 1.37054534e+02 2.28384490e+01 2.85000000e+02
    endloop
  endfacet
  facet normal 1.78879466e-02 -9.96094545e-01 8.64620057e-02
    outer loop
      vertex 1.35209158e+02 2.14941441e+01 2.70000000e+02
      vertex 1.36898468e+02 2.15244808e+01 2.70000000e+02
      vertex 1.40249322e+02 2.28866708e+01 2.85000000e+02
    endloop
  endfacet
  facet normal 1.52789501e-02 -9.96061767e-01 8.73356142e-02
    outer loop
      vertex 1.35209158e+02 2.14941441e+01 2.70000000e+02
      vertex 1.40249322e+02 2.28866708e+01 2.85000000e+02
      vertex 1.38651934e+02 2.28621679e+01 2.85000000e+02
    endloop
  endfacet
  facet normal 1.84364675e-02 -9.96119020e-01 8.60638995e-02
    outer loop
      vertex 1.36898468e+02 2.15244808e+01 2.70000000e+02
      vertex 1.38587762e+02 2.15557468e+01 2.70000000e+02
      vertex 1.41846696e+02 2.29120523e+01 2.85000000e+02
    endloop
  endfacet
  facet normal 1.58273904e-02 -9.96089397e-01 8.69218464e-02
    outer loop
      vertex 1.36898468e+02 2.15244808e+01 2.70000000e+02
      vertex 1.41846696e+02 2.29120523e+01 2.85000000e+02
      vertex 1.40249322e+02 2.28866708e+01 2.85000000e+02
    endloop
  endfacet
  facet normal 1.91770359e-02 -9.96142661e-01 8.56273343e-02
    outer loop
      vertex 1.38587762e+02 2.15557468e+01 2.70000000e+02
      vertex 1.40277032e+02 2.15882674e+01 2.70000000e+02
      vertex 1.43444051e+02 2.29386202e+01 2.85000000e+02
    endloop
  endfacet
  facet normal 1.65678679e-02 -9.96116711e-01 8.64696669e-02
    outer loop
      vertex 1.38587762e+02 2.15557468e+01 2.70000000e+02
      vertex 1.43444051e+02 2.29386202e+01 2.85000000e+02
      vertex 1.41846696e+02 2.29120523e+01 2.85000000e+02
    endloop
  endfacet
  facet normal 2.00018477e-02 -9.96165016e-01 8.51773845e-02
    outer loop
      vertex 1.40277032e+02 2.15882674e+01 2.70000000e+02
      vertex 1.41966274e+02 2.16221855e+01 2.70000000e+02
      vertex 1.45041384e+02 2.29665096e+01 2.85000000e+02
    endloop
  endfacet
  facet normal 1.73925884e-02 -9.96142956e-01 8.60041195e-02
    outer loop
      vertex 1.40277032e+02 2.15882674e+01 2.70000000e+02
      vertex 1.45041384e+02 2.29665096e+01 2.85000000e+02
      vertex 1.43444051e+02 2.29386202e+01 2.85000000e+02
    endloop
  endfacet
  facet normal 2.08502148e-02 -9.96185985e-01 8.47275157e-02
    outer loop
      vertex 1.41966274e+02 2.16221855e+01 2.70000000e+02
      vertex 1.43655487e+02 2.16575408e+01 2.70000000e+02
      vertex 1.46638692e+02 2.29957579e+01 2.85000000e+02
    endloop
  endfacet
  facet normal 1.82408687e-02 -9.96167862e-01 8.55386531e-02
    outer loop
      vertex 1.41966274e+02 2.16221855e+01 2.70000000e+02
      vertex 1.46638692e+02 2.29957579e+01 2.85000000e+02
      vertex 1.45041384e+02 2.29665096e+01 2.85000000e+02
    endloop
  endfacet
  facet normal 2.16740289e-02 -9.96205720e-01 8.42875989e-02
    outer loop
      vertex 1.43655487e+02 2.16575408e+01 2.70000000e+02
      vertex 1.45344670e+02 2.16942916e+01 2.70000000e+02
      vertex 1.48235975e+02 2.30263259e+01 2.85000000e+02
    endloop
  endfacet
  facet normal 1.90646035e-02 -9.96191449e-01 8.50831260e-02
    outer loop
      vertex 1.43655487e+02 2.16575408e+01 2.70000000e+02
      vertex 1.48235975e+02 2.30263259e+01 2.85000000e+02
      vertex 1.46638692e+02 2.29957579e+01 2.85000000e+02
    endloop
  endfacet
  facet normal 2.29671758e-02 -9.96221090e-01 8.37618556e-02
    outer loop
      vertex 1.45344670e+02 2.16942916e+01 2.70000000e+02
      vertex 1.47033804e+02 2.17332334e+01 2.70000000e+02
      vertex 1.49833217e+02 2.30589657e+01 2.85000000e+02
    endloop
  endfacet
  facet normal 2.03576535e-02 -9.96211943e-01 8.45418877e-02
    outer loop
      vertex 1.45344670e+02 2.16942916e+01 2.70000000e+02
      vertex 1.49833217e+02 2.30589657e+01 2.85000000e+02
      vertex 1.48235975e+02 2.30263259e+01 2.85000000e+02
    endloop
  endfacet
  facet normal 9.78819105e-02 -9.92789551e-01 6.91956616e-02
    outer loop
      vertex 1.47033804e+02 2.17332334e+01 2.70000000e+02
      vertex 1.48736950e+02 2.19011514e+01 2.70000000e+02
      vertex 1.51444028e+02 2.32135231e+01 2.85000000e+02
    endloop
  endfacet
  facet normal 9.52772283e-02 -9.92987866e-01 6.99810481e-02
    outer loop
      vertex 1.47033804e+02 2.17332334e+01 2.70000000e+02
      vertex 1.51444028e+02 2.32135231e+01 2.85000000e+02
      vertex 1.49833217e+02 2.30589657e+01 2.85000000e+02
    endloop
  endfacet
  facet normal 2.45640165e-01 9.60693494e-01 -1.29340323e-01
    outer loop
      vertex 1.51444028e+02 2.32135231e+01 2.85000000e+02
      vertex 1.49896253e+02 2.36092743e+01 2.85000000e+02
      vertex 1.52693725e+02 2.49134712e+01 3.00000000e+02
    endloop
  endfacet
  facet normal 2.48150035e-01 9.60030196e-01 -1.29474257e-01
    outer loop
      vertex 1.51444028e+02 2.32135231e+01 2.85000000e+02
      vertex 1.52693725e+02 2.49134712e+01 3.00000000e+02
      vertex 1.54151380e+02 2.45366944e+01 3.00000000e+02
    endloop
  endfacet
  facet normal 2.37677119e-01 9.62833429e-01 -1.28301888e-01
    outer loop
      vertex 1.49896253e+02 2.36092743e+01 2.85000000e+02
      vertex 1.48345240e+02 2.39921445e+01 2.85000000e+02
      vertex 1.51232987e+02 2.52781167e+01 3.00000000e+02
    endloop
  endfacet
  facet normal 2.40192215e-01 9.62188751e-01 -1.28454298e-01
    outer loop
      vertex 1.49896253e+02 2.36092743e+01 2.85000000e+02
      vertex 1.51232987e+02 2.52781167e+01 3.00000000e+02
      vertex 1.52693725e+02 2.49134712e+01 3.00000000e+02
    endloop
  endfacet
  facet normal 2.28959045e-01 9.65105537e-01 -1.27078946e-01
    outer loop
      vertex 1.48345240e+02 2.39921445e+01 2.85000000e+02
      vertex 1.46790815e+02 2.43609123e+01 2.85000000e+02
      vertex 1.49768998e+02 2.56294805e+01 3.00000000e+02
    endloop
  endfacet
  facet normal 2.31479778e-01 9.64481481e-01 -1.27250088e-01
    outer loop
      vertex 1.48345240e+02 2.39921445e+01 2.85000000e+02
      vertex 1.49768998e+02 2.56294805e+01 3.00000000e+02
      vertex 1.51232987e+02 2.52781167e+01 3.00000000e+02
    endloop
  endfacet
  facet normal 2.21073350e-01 9.67091111e-01 -1.25941877e-01
    outer loop
      vertex 1.46790815e+02 2.43609123e+01 2.85000000e+02
      vertex 1.45233419e+02 2.47169272e+01 2.85000000e+02
      vertex 1.48302178e+02 2.59688331e+01 3.00000000e+02
    endloop
  endfacet
  facet normal 2.23599000e-01 9.66485564e-01 -1.26131444e-01
    outer loop
      vertex 1.46790815e+02 2.43609123e+01 2.85000000e+02
      vertex 1.48302178e+02 2.59688331e+01 3.00000000e+02
      vertex 1.49768998e+02 2.56294805e+01 3.00000000e+02
    endloop
  endfacet
  facet normal 2.13739520e-01 9.68879522e-01 -1.24851469e-01
    outer loop
      vertex 1.45233419e+02 2.47169272e+01 2.85000000e+02
      vertex 1.43673353e+02 2.50610852e+01 2.85000000e+02
      vertex 1.46832814e+02 2.62970184e+01 3.00000000e+02
    endloop
  endfacet
  facet normal 2.16269600e-01 9.68291094e-01 -1.25059257e-01
    outer loop
      vertex 1.45233419e+02 2.47169272e+01 2.85000000e+02
      vertex 1.46832814e+02 2.62970184e+01 3.00000000e+02
      vertex 1.48302178e+02 2.59688331e+01 3.00000000e+02
    endloop
  endfacet
  facet normal 2.04351222e-01 9.71099035e-01 -1.23317648e-01
    outer loop
      vertex 1.43673353e+02 2.50610852e+01 2.85000000e+02
      vertex 1.42110016e+02 2.53900628e+01 2.85000000e+02
      vertex 1.45360329e+02 2.66109057e+01 3.00000000e+02
    endloop
  endfacet
  facet normal 2.06886971e-01 9.70533138e-01 -1.23544362e-01
    outer loop
      vertex 1.43673353e+02 2.50610852e+01 2.85000000e+02
      vertex 1.45360329e+02 2.66109057e+01 3.00000000e+02
      vertex 1.46832814e+02 2.62970184e+01 3.00000000e+02
    endloop
  endfacet
  facet normal 1.96685665e-01 9.72839316e-01 -1.22059063e-01
    outer loop
      vertex 1.42110016e+02 2.53900628e+01 2.85000000e+02
      vertex 1.40544137e+02 2.57066473e+01 2.85000000e+02
      vertex 1.43885418e+02 2.69131199e+01 3.00000000e+02
    endloop
  endfacet
  facet normal 1.99225821e-01 9.72291510e-01 -1.22304093e-01
    outer loop
      vertex 1.42110016e+02 2.53900628e+01 2.85000000e+02
      vertex 1.43885418e+02 2.69131199e+01 3.00000000e+02
      vertex 1.45360329e+02 2.66109057e+01 3.00000000e+02
    endloop
  endfacet
  facet normal 1.89718754e-01 9.74367578e-01 -1.20890930e-01
    outer loop
      vertex 1.40544137e+02 2.57066473e+01 2.85000000e+02
      vertex 1.38976033e+02 2.60119723e+01 2.85000000e+02
      vertex 1.42408381e+02 2.72047287e+01 3.00000000e+02
    endloop
  endfacet
  facet normal 1.92262777e-01 9.73836088e-01 -1.21154027e-01
    outer loop
      vertex 1.40544137e+02 2.57066473e+01 2.85000000e+02
      vertex 1.42408381e+02 2.72047287e+01 3.00000000e+02
      vertex 1.43885418e+02 2.69131199e+01 3.00000000e+02
    endloop
  endfacet
  facet normal 1.83427122e-01 9.75703871e-01 -1.19818393e-01
    outer loop
      vertex 1.38976033e+02 2.60119723e+01 2.85000000e+02
      vertex 1.37405965e+02 2.63071367e+01 2.85000000e+02
      vertex 1.40929470e+02 2.74867667e+01 3.00000000e+02
    endloop
  endfacet
  facet normal 1.85974518e-01 9.75186973e-01 -1.20099317e-01
    outer loop
      vertex 1.38976033e+02 2.60119723e+01 2.85000000e+02
      vertex 1.40929470e+02 2.74867667e+01 3.00000000e+02
      vertex 1.42408381e+02 2.72047287e+01 3.00000000e+02
    endloop
  endfacet
  facet normal 1.72115099e-01 9.78031397e-01 -1.17605185e-01
    outer loop
      vertex 1.37405965e+02 2.63071367e+01 2.85000000e+02
      vertex 1.35832567e+02 2.65840251e+01 2.85000000e+02
      vertex 1.39447374e+02 2.77515897e+01 3.00000000e+02
    endloop
  endfacet
  facet normal 1.74668720e-01 9.77542378e-01 -1.17905626e-01
    outer loop
      vertex 1.37405965e+02 2.63071367e+01 2.85000000e+02
      vertex 1.39447374e+02 2.77515897e+01 3.00000000e+02
      vertex 1.40929470e+02 2.74867667e+01 3.00000000e+02
    endloop
  endfacet
  facet normal 1.64996893e-01 9.79418162e-01 -1.16258715e-01
    outer loop
      vertex 1.35832567e+02 2.65840251e+01 2.85000000e+02
      vertex 1.34257222e+02 2.68494144e+01 2.85000000e+02
      vertex 1.37963415e+02 2.80055807e+01 3.00000000e+02
    endloop
  endfacet
  facet normal 1.67554136e-01 9.78946044e-01 -1.16577245e-01
    outer loop
      vertex 1.35832567e+02 2.65840251e+01 2.85000000e+02
      vertex 1.37963415e+02 2.80055807e+01 3.00000000e+02
      vertex 1.39447374e+02 2.77515897e+01 3.00000000e+02
    endloop
  endfacet
  facet normal 1.58976561e-01 9.80547805e-01 -1.15119307e-01
    outer loop
      vertex 1.34257222e+02 2.68494144e+01 2.85000000e+02
      vertex 1.32680244e+02 2.71050903e+01 2.85000000e+02
      vertex 1.36477895e+02 2.82504218e+01 3.00000000e+02
    endloop
  endfacet
  facet normal 1.61536735e-01 9.80089741e-01 -1.15455545e-01
    outer loop
      vertex 1.34257222e+02 2.68494144e+01 2.85000000e+02
      vertex 1.36477895e+02 2.82504218e+01 3.00000000e+02
      vertex 1.37963415e+02 2.80055807e+01 3.00000000e+02
    endloop
  endfacet
  facet normal 1.45888540e-01 9.82912537e-01 -1.12247396e-01
    outer loop
      vertex 1.32680244e+02 2.71050903e+01 2.85000000e+02
      vertex 1.31099980e+02 2.73396406e+01 2.85000000e+02
      vertex 1.34989224e+02 2.84753620e+01 3.00000000e+02
    endloop
  endfacet
  facet normal 1.48455274e-01 9.82487378e-01 -1.12603660e-01
    outer loop
      vertex 1.32680244e+02 2.71050903e+01 2.85000000e+02
      vertex 1.34989224e+02 2.84753620e+01 3.00000000e+02
      vertex 1.36477895e+02 2.82504218e+01 3.00000000e+02
    endloop
  endfacet
  facet normal 1.38513339e-01 9.84155321e-01 -1.10690378e-01
    outer loop
      vertex 1.31099980e+02 2.73396406e+01 2.85000000e+02
      vertex 1.29518043e+02 2.75622877e+01 2.85000000e+02
      vertex 1.33498948e+02 2.86890888e+01 3.00000000e+02
    endloop
  endfacet
  facet normal 1.41083444e-01 9.83747975e-01 -1.11064772e-01
    outer loop
      vertex 1.31099980e+02 2.73396406e+01 2.85000000e+02
      vertex 1.33498948e+02 2.86890888e+01 3.00000000e+02
      vertex 1.34989224e+02 2.84753620e+01 3.00000000e+02
    endloop
  endfacet
  facet normal 1.30662919e-01 9.85420835e-01 -1.08963198e-01
    outer loop
      vertex 1.29518043e+02 2.75622877e+01 2.85000000e+02
      vertex 1.27934329e+02 2.77722820e+01 2.85000000e+02
      vertex 1.32006966e+02 2.88908959e+01 3.00000000e+02
    endloop
  endfacet
  facet normal 1.33236515e-01 9.85032654e-01 -1.09355848e-01
    outer loop
      vertex 1.29518043e+02 2.75622877e+01 2.85000000e+02
      vertex 1.32006966e+02 2.88908959e+01 3.00000000e+02
      vertex 1.33498948e+02 2.86890888e+01 3.00000000e+02
    endloop
  endfacet
  facet normal 1.15353255e-01 9.87733825e-01 -1.05240283e-01
    outer loop
      vertex 1.27934329e+02 2.77722820e+01 2.85000000e+02
      vertex 1.26347556e+02 2.79575945e+01 2.85000000e+02
      vertex 1.30512040e+02 2.90694502e+01 3.00000000e+02
    endloop
  endfacet
  facet normal 1.17933541e-01 9.87384936e-01 -1.05653527e-01
    outer loop
      vertex 1.27934329e+02 2.77722820e+01 2.85000000e+02
      vertex 1.30512040e+02 2.90694502e+01 3.00000000e+02
      vertex 1.32006966e+02 2.88908959e+01 3.00000000e+02
    endloop
  endfacet
  facet normal 1.07395172e-01 9.88827709e-01 -1.03373298e-01
    outer loop
      vertex 1.26347556e+02 2.79575945e+01 2.85000000e+02
      vertex 1.24759387e+02 2.81300832e+01 2.85000000e+02
      vertex 1.29015767e+02 2.92359228e+01 3.00000000e+02
    endloop
  endfacet
  facet normal 1.09978576e-01 9.88498498e-01 -1.03804779e-01
    outer loop
      vertex 1.26347556e+02 2.79575945e+01 2.85000000e+02
      vertex 1.29015767e+02 2.92359228e+01 3.00000000e+02
      vertex 1.30512040e+02 2.90694502e+01 3.00000000e+02
    endloop
  endfacet
  facet normal 9.46303449e-02 9.90463747e-01 -1.00133231e-01
    outer loop
      vertex 1.24759387e+02 2.81300832e+01 2.85000000e+02
      vertex 1.23169053e+02 2.82820261e+01 2.85000000e+02
      vertex 1.27517403e+02 2.93830382e+01 3.00000000e+02
    endloop
  endfacet
  facet normal 9.72185992e-02 9.90167324e-01 -1.00584367e-01
    outer loop
      vertex 1.24759387e+02 2.81300832e+01 2.85000000e+02
      vertex 1.27517403e+02 2.93830382e+01 3.00000000e+02
      vertex 1.29015767e+02 2.92359228e+01 3.00000000e+02
    endloop
  endfacet
  facet normal 7.50327881e-02 9.92657481e-01 -9.48746888e-02
    outer loop
      vertex 1.23169053e+02 2.82820261e+01 2.85000000e+02
      vertex 1.21576111e+02 2.84024331e+01 2.85000000e+02
      vertex 1.26016503e+02 2.95004406e+01 3.00000000e+02
    endloop
  endfacet
  facet normal 7.76277771e-02 9.92412616e-01 -9.53474056e-02
    outer loop
      vertex 1.23169053e+02 2.82820261e+01 2.85000000e+02
      vertex 1.26016503e+02 2.95004406e+01 3.00000000e+02
      vertex 1.27517403e+02 2.93830382e+01 3.00000000e+02
    endloop
  endfacet
  facet normal 6.19374688e-02 9.93890797e-01 -9.13500605e-02
    outer loop
      vertex 1.21576111e+02 2.84024331e+01 2.85000000e+02
      vertex 1.19981769e+02 2.85017896e+01 2.85000000e+02
      vertex 1.24514232e+02 2.95980082e+01 3.00000000e+02
    endloop
  endfacet
  facet normal 6.45363190e-02 9.93680056e-01 -9.18423126e-02
    outer loop
      vertex 1.21576111e+02 2.84024331e+01 2.85000000e+02
      vertex 1.24514232e+02 2.95980082e+01 3.00000000e+02
      vertex 1.26016503e+02 2.95004406e+01 3.00000000e+02
    endloop
  endfacet
  facet normal 3.87057809e-02 9.95652669e-01 -8.47208623e-02
    outer loop
      vertex 1.19981769e+02 2.85017896e+01 2.85000000e+02
      vertex 1.18385399e+02 2.85638481e+01 2.85000000e+02
      vertex 1.23009958e+02 2.96604311e+01 3.00000000e+02
    endloop
  endfacet
  facet normal 4.13104391e-02 9.95504097e-01 -8.52352125e-02
    outer loop
      vertex 1.19981769e+02 2.85017896e+01 2.85000000e+02
      vertex 1.23009958e+02 2.96604311e+01 3.00000000e+02
      vertex 1.24514232e+02 2.95980082e+01 3.00000000e+02
    endloop
  endfacet
  facet normal 1.33039512e-02 9.96923434e-01 -7.72442378e-02
    outer loop
      vertex 1.18385399e+02 2.85638481e+01 2.85000000e+02
      vertex 1.16788128e+02 2.85851637e+01 2.85000000e+02
      vertex 1.21504734e+02 2.96844598e+01 3.00000000e+02
    endloop
  endfacet
  facet normal 1.59131761e-02 9.96843472e-01 -7.77808671e-02
    outer loop
      vertex 1.18385399e+02 2.85638481e+01 2.85000000e+02
      vertex 1.21504734e+02 2.96844598e+01 3.00000000e+02
      vertex 1.23009958e+02 2.96604311e+01 3.00000000e+02
    endloop
  endfacet
  facet normal -7.30762515e-03 9.97445031e-01 -7.10634182e-02
    outer loop
      vertex 1.16788128e+02 2.85851637e+01 2.85000000e+02
      vertex 1.15190838e+02 2.85734614e+01 2.85000000e+02
      vertex 1.19999411e+02 2.96773724e+01 3.00000000e+02
    endloop
  endfacet
  facet normal -4.69611042e-03 9.97420882e-01 -7.16207473e-02
    outer loop
      vertex 1.16788128e+02 2.85851637e+01 2.85000000e+02
      vertex 1.19999411e+02 2.96773724e+01 3.00000000e+02
      vertex 1.21504734e+02 2.96844598e+01 3.00000000e+02
    endloop
  endfacet
  facet normal -3.17527540e-02 9.97477107e-01 -6.34916047e-02
    outer loop
      vertex 1.15190838e+02 2.85734614e+01 2.85000000e+02
      vertex 1.13594088e+02 2.85226320e+01 2.85000000e+02
      vertex 1.18494500e+02 2.96334100e+01 3.00000000e+02
    endloop
  endfacet
  facet normal -2.91401798e-02 9.97519865e-01 -6.40700303e-02
    outer loop
      vertex 1.15190838e+02 2.85734614e+01 2.85000000e+02
      vertex 1.18494500e+02 2.96334100e+01 3.00000000e+02
      vertex 1.19999411e+02 2.96773724e+01 3.00000000e+02
    endloop
  endfacet
  facet normal -7.16727940e-02 9.96143199e-01 -5.06136177e-02
    outer loop
      vertex 1.13594088e+02 2.85226320e+01 2.85000000e+02
      vertex 1.12000631e+02 2.84079823e+01 2.85000000e+02
      vertex 1.16992535e+02 2.95292949e+01 3.00000000e+02
    endloop
  endfacet
  facet normal -6.90625333e-02 9.96296822e-01 -5.12153164e-02
    outer loop
      vertex 1.13594088e+02 2.85226320e+01 2.85000000e+02
      vertex 1.16992535e+02 2.95292949e+01 3.00000000e+02
      vertex 1.18494500e+02 2.96334100e+01 3.00000000e+02
    endloop
  endfacet
  facet normal -1.06619160e-01 9.93532772e-01 -3.90510743e-02
    outer loop
      vertex 1.12000631e+02 2.84079823e+01 2.85000000e+02
      vertex 1.10412457e+02 2.82375503e+01 2.85000000e+02
      vertex 1.15495412e+02 2.93725973e+01 3.00000000e+02
    endloop
  endfacet
  facet normal -1.04015181e-01 9.93784092e-01 -3.96739252e-02
    outer loop
      vertex 1.12000631e+02 2.84079823e+01 2.85000000e+02
      vertex 1.15495412e+02 2.93725973e+01 3.00000000e+02
      vertex 1.16992535e+02 2.95292949e+01 3.00000000e+02
    endloop
  endfacet
  facet normal -1.50061232e-01 9.88380416e-01 -2.42028720e-02
    outer loop
      vertex 1.10412457e+02 2.82375503e+01 2.85000000e+02
      vertex 1.08833470e+02 2.79978199e+01 2.85000000e+02
      vertex 1.14006774e+02 2.91505699e+01 3.00000000e+02
    endloop
  endfacet
  facet normal -1.47470819e-01 9.88754275e-01 -2.48463459e-02
    outer loop
      vertex 1.10412457e+02 2.82375503e+01 2.85000000e+02
      vertex 1.14006774e+02 2.91505699e+01 3.00000000e+02
      vertex 1.15495412e+02 2.93725973e+01 3.00000000e+02
    endloop
  endfacet
  facet normal -2.07400024e-01 9.78248399e-01 -3.91147577e-03
    outer loop
      vertex 1.08833470e+02 2.79978199e+01 2.85000000e+02
      vertex 1.07271338e+02 2.76666299e+01 2.85000000e+02
      vertex 1.12533796e+02 2.88423088e+01 3.00000000e+02
    endloop
  endfacet
  facet normal -2.04837692e-01 9.78785268e-01 -4.57379866e-03
    outer loop
      vertex 1.08833470e+02 2.79978199e+01 2.85000000e+02
      vertex 1.12533796e+02 2.88423088e+01 3.00000000e+02
      vertex 1.14006774e+02 2.91505699e+01 3.00000000e+02
    endloop
  endfacet
  facet normal -2.87308363e-01 9.57499002e-01 2.54865975e-02
    outer loop
      vertex 1.07271338e+02 2.76666299e+01 2.85000000e+02
      vertex 1.05742129e+02 2.72077734e+01 2.85000000e+02
      vertex 1.11091529e+02 2.84136530e+01 3.00000000e+02
    endloop
  endfacet
  facet normal -2.84805496e-01 9.58264181e-01 2.48110618e-02
    outer loop
      vertex 1.07271338e+02 2.76666299e+01 2.85000000e+02
      vertex 1.11091529e+02 2.84136530e+01 3.00000000e+02
      vertex 1.12533796e+02 2.88423088e+01 3.00000000e+02
    endloop
  endfacet
  facet normal -4.62670536e-01 8.81546528e-01 9.38706271e-02
    outer loop
      vertex 1.05742129e+02 2.72077734e+01 2.85000000e+02
      vertex 1.04332083e+02 2.64677254e+01 2.85000000e+02
      vertex 1.09760869e+02 2.77197068e+01 3.00000000e+02
    endloop
  endfacet
  facet normal -4.60389493e-01 8.82809276e-01 9.32164029e-02
    outer loop
      vertex 1.05742129e+02 2.72077734e+01 2.85000000e+02
      vertex 1.09760869e+02 2.77197068e+01 3.00000000e+02
      vertex 1.11091529e+02 2.84136530e+01 3.00000000e+02
    endloop
  endfacet
  facet normal -9.07621902e-01 2.89379833e-01 3.04108197e-01
    outer loop
      vertex 1.04332083e+02 2.64677254e+01 2.85000000e+02
      vertex 1.03897327e+02 2.51041422e+01 2.85000000e+02
      vertex 1.09347789e+02 2.64357316e+01 3.00000000e+02
    endloop
  endfacet
  facet normal -9.06929930e-01 2.91777100e-01 3.03881928e-01
    outer loop
      vertex 1.04332083e+02 2.64677254e+01 2.85000000e+02
      vertex 1.09347789e+02 2.64357316e+01 3.00000000e+02
      vertex 1.09760869e+02 2.77197068e+01 3.00000000e+02
    endloop
  endfacet
  facet normal -5.18381366e-01 -8.14532213e-01 2.60418957e-01
    outer loop
      vertex 1.03897327e+02 2.51041422e+01 2.85000000e+02
      vertex 1.05227463e+02 2.42576228e+01 2.85000000e+02
      vertex 1.10599227e+02 2.56346856e+01 3.00000000e+02
    endloop
  endfacet
  facet normal -5.20389338e-01 -8.12980632e-01 2.61261226e-01
    outer loop
      vertex 1.03897327e+02 2.51041422e+01 2.85000000e+02
      vertex 1.10599227e+02 2.56346856e+01 3.00000000e+02
      vertex 1.09347789e+02 2.64357316e+01 3.00000000e+02
    endloop
  endfacet
  facet normal -2.75740281e-01 -9.43245165e-01 1.85083376e-01
    outer loop
      vertex 1.05227463e+02 2.42576228e+01 2.85000000e+02
      vertex 1.06759066e+02 2.38098868e+01 2.85000000e+02
      vertex 1.12041513e+02 2.52089582e+01 3.00000000e+02
    endloop
  endfacet
  facet normal -2.78153227e-01 -9.42331967e-01 1.86121588e-01
    outer loop
      vertex 1.05227463e+02 2.42576228e+01 2.85000000e+02
      vertex 1.12041513e+02 2.52089582e+01 3.00000000e+02
      vertex 1.10599227e+02 2.56346856e+01 3.00000000e+02
    endloop
  endfacet
  facet normal -1.83781690e-01 -9.70669924e-01 1.54997382e-01
    outer loop
      vertex 1.06759066e+02 2.38098868e+01 2.85000000e+02
      vertex 1.08328276e+02 2.35127806e+01 2.85000000e+02
      vertex 1.13519612e+02 2.49250922e+01 3.00000000e+02
    endloop
  endfacet
  facet normal -1.86290131e-01 -9.70018135e-01 1.56079485e-01
    outer loop
      vertex 1.06759066e+02 2.38098868e+01 2.85000000e+02
      vertex 1.13519612e+02 2.49250922e+01 3.00000000e+02
      vertex 1.12041513e+02 2.52089582e+01 3.00000000e+02
    endloop
  endfacet
  facet normal -1.28260678e-01 -9.82285798e-01 1.36615554e-01
    outer loop
      vertex 1.08328276e+02 2.35127806e+01 2.85000000e+02
      vertex 1.09912350e+02 2.33059423e+01 2.85000000e+02
      vertex 1.15011940e+02 2.47262584e+01 3.00000000e+02
    endloop
  endfacet
  facet normal -1.30811790e-01 -9.81796059e-01 1.37712653e-01
    outer loop
      vertex 1.08328276e+02 2.35127806e+01 2.85000000e+02
      vertex 1.15011940e+02 2.47262584e+01 3.00000000e+02
      vertex 1.13519612e+02 2.49250922e+01 3.00000000e+02
    endloop
  endfacet
  facet normal -9.27191936e-02 -9.87840420e-01 1.24797660e-01
    outer loop
      vertex 1.09912350e+02 2.33059423e+01 2.85000000e+02
      vertex 1.11502917e+02 2.31566508e+01 2.85000000e+02
      vertex 1.16510531e+02 2.45816411e+01 3.00000000e+02
    endloop
  endfacet
  facet normal -9.52916967e-02 -9.87456099e-01 1.25896564e-01
    outer loop
      vertex 1.09912350e+02 2.33059423e+01 2.85000000e+02
      vertex 1.16510531e+02 2.45816411e+01 3.00000000e+02
      vertex 1.15011940e+02 2.47262584e+01 3.00000000e+02
    endloop
  endfacet
  facet normal -6.87687254e-02 -9.90769454e-01 1.16819308e-01
    outer loop
      vertex 1.11502917e+02 2.31566508e+01 2.85000000e+02
      vertex 1.13096599e+02 2.30460343e+01 2.85000000e+02
      vertex 1.18012152e+02 2.44734636e+01 3.00000000e+02
    endloop
  endfacet
  facet normal -7.13530246e-02 -9.90457061e-01 1.17913338e-01
    outer loop
      vertex 1.11502917e+02 2.31566508e+01 2.85000000e+02
      vertex 1.18012152e+02 2.44734636e+01 3.00000000e+02
      vertex 1.16510531e+02 2.45816411e+01 3.00000000e+02
    endloop
  endfacet
  facet normal -5.19933814e-02 -9.92434860e-01 1.11219323e-01
    outer loop
      vertex 1.13096599e+02 2.30460343e+01 2.85000000e+02
      vertex 1.14691915e+02 2.29624561e+01 2.85000000e+02
      vertex 1.19515380e+02 2.43907631e+01 3.00000000e+02
    endloop
  endfacet
  facet normal -5.45846828e-02 -9.92173450e-01 1.12304754e-01
    outer loop
      vertex 1.13096599e+02 2.30460343e+01 2.85000000e+02
      vertex 1.19515380e+02 2.43907631e+01 3.00000000e+02
      vertex 1.18012152e+02 2.44734636e+01 3.00000000e+02
    endloop
  endfacet
  facet normal -3.99821625e-02 -9.93434219e-01 1.07190853e-01
    outer loop
      vertex 1.14691915e+02 2.29624561e+01 2.85000000e+02
      vertex 1.16288159e+02 2.28982131e+01 2.85000000e+02
      vertex 1.21019530e+02 2.43262818e+01 3.00000000e+02
    endloop
  endfacet
  facet normal -4.25778403e-02 -9.93209811e-01 1.08265412e-01
    outer loop
      vertex 1.14691915e+02 2.29624561e+01 2.85000000e+02
      vertex 1.21019530e+02 2.43262818e+01 3.00000000e+02
      vertex 1.19515380e+02 2.43907631e+01 3.00000000e+02
    endloop
  endfacet
  facet normal -3.09652131e-02 -9.94079775e-01 1.04146802e-01
    outer loop
      vertex 1.16288159e+02 2.28982131e+01 2.85000000e+02
      vertex 1.17884959e+02 2.28484733e+01 2.85000000e+02
      vertex 1.22524240e+02 2.42754672e+01 3.00000000e+02
    endloop
  endfacet
  facet normal -3.35638248e-02 -9.93883549e-01 1.05209129e-01
    outer loop
      vertex 1.16288159e+02 2.28982131e+01 2.85000000e+02
      vertex 1.22524240e+02 2.42754672e+01 3.00000000e+02
      vertex 1.21019530e+02 2.43262818e+01 3.00000000e+02
    endloop
  endfacet
  facet normal -2.07560541e-02 -9.94691592e-01 1.00786029e-01
    outer loop
      vertex 1.17884959e+02 2.28484733e+01 2.85000000e+02
      vertex 1.19482188e+02 2.28151442e+01 2.85000000e+02
      vertex 1.24029394e+02 2.42401170e+01 3.00000000e+02
    endloop
  endfacet
  facet normal -2.33575650e-02 -9.94526908e-01 1.01836405e-01
    outer loop
      vertex 1.17884959e+02 2.28484733e+01 2.85000000e+02
      vertex 1.24029394e+02 2.42401170e+01 3.00000000e+02
      vertex 1.22524240e+02 2.42754672e+01 3.00000000e+02
    endloop
  endfacet
  facet normal -1.70933791e-02 -9.94897351e-01 9.94337794e-02
    outer loop
      vertex 1.19482188e+02 2.28151442e+01 2.85000000e+02
      vertex 1.21079520e+02 2.27877004e+01 2.85000000e+02
      vertex 1.25534660e+02 2.42103128e+01 3.00000000e+02
    endloop
  endfacet
  facet normal -1.96958927e-02 -9.94745146e-01 1.00469732e-01
    outer loop
      vertex 1.19482188e+02 2.28151442e+01 2.85000000e+02
      vertex 1.25534660e+02 2.42103128e+01 3.00000000e+02
      vertex 1.24029394e+02 2.42401170e+01 3.00000000e+02
    endloop
  endfacet
  facet normal -1.38444980e-02 -9.95068073e-01 9.82235226e-02
    outer loop
      vertex 1.21079520e+02 2.27877004e+01 2.85000000e+02
      vertex 1.22676939e+02 2.27654753e+01 2.85000000e+02
      vertex 1.27040021e+02 2.41854266e+01 3.00000000e+02
    endloop
  endfacet
  facet normal -1.64478546e-02 -9.94927094e-01 9.92448734e-02
    outer loop
      vertex 1.21079520e+02 2.27877004e+01 2.85000000e+02
      vertex 1.27040021e+02 2.41854266e+01 3.00000000e+02
      vertex 1.25534660e+02 2.42103128e+01 3.00000000e+02
    endloop
  endfacet
  facet normal -8.23893574e-03 -9.95312966e-01 9.63546547e-02
    outer loop
      vertex 1.22676939e+02 2.27654753e+01 2.85000000e+02
      vertex 1.24274460e+02 2.27522515e+01 2.85000000e+02
      vertex 1.28545501e+02 2.41690229e+01 3.00000000e+02
    endloop
  endfacet
  facet normal -1.08435595e-02 -9.95189944e-01 9.73621699e-02
    outer loop
      vertex 1.22676939e+02 2.27654753e+01 2.85000000e+02
      vertex 1.28545501e+02 2.41690229e+01 3.00000000e+02
      vertex 1.27040021e+02 2.41854266e+01 3.00000000e+02
    endloop
  endfacet
  facet normal -4.02400710e-03 -9.95477867e-01 9.49085047e-02
    outer loop
      vertex 1.24274460e+02 2.27522515e+01 2.85000000e+02
      vertex 1.25872011e+02 2.27457937e+01 2.85000000e+02
      vertex 1.30051025e+02 2.41589956e+01 3.00000000e+02
    endloop
  endfacet
  facet normal -6.62951134e-03 -9.95368736e-01 9.59016611e-02
    outer loop
      vertex 1.24274460e+02 2.27522515e+01 2.85000000e+02
      vertex 1.30051025e+02 2.41589956e+01 3.00000000e+02
      vertex 1.28545501e+02 2.41690229e+01 3.00000000e+02
    endloop
  endfacet
  facet normal -5.20181905e-04 -9.95601996e-01 9.36824149e-02
    outer loop
      vertex 1.25872011e+02 2.27457937e+01 2.85000000e+02
      vertex 1.27469587e+02 2.27449590e+01 2.85000000e+02
      vertex 1.31556587e+02 2.41542674e+01 3.00000000e+02
    endloop
  endfacet
  facet normal -3.12636639e-03 -9.95504662e-01 9.46609456e-02
    outer loop
      vertex 1.25872011e+02 2.27457937e+01 2.85000000e+02
      vertex 1.31556587e+02 2.41542674e+01 3.00000000e+02
      vertex 1.30051025e+02 2.41589956e+01 3.00000000e+02
    endloop
  endfacet
  facet normal 4.91898557e-03 -9.95751218e-01 9.19527854e-02
    outer loop
      vertex 1.27469587e+02 2.27449590e+01 2.85000000e+02
      vertex 1.29067143e+02 2.27528509e+01 2.85000000e+02
      vertex 1.33062151e+02 2.41577632e+01 3.00000000e+02
    endloop
  endfacet
  facet normal 2.31189320e-03 -9.95671149e-01 9.29172660e-02
    outer loop
      vertex 1.27469587e+02 2.27449590e+01 2.85000000e+02
      vertex 1.33062151e+02 2.41577632e+01 3.00000000e+02
      vertex 1.31556587e+02 2.41542674e+01 3.00000000e+02
    endloop
  endfacet
  facet normal 6.71219923e-03 -9.95808248e-01 9.12188582e-02
    outer loop
      vertex 1.29067143e+02 2.27528509e+01 2.85000000e+02
      vertex 1.30664679e+02 2.27636190e+01 2.85000000e+02
      vertex 1.34567704e+02 2.41639697e+01 3.00000000e+02
    endloop
  endfacet
  facet normal 4.10479898e-03 -9.95735000e-01 9.21681118e-02
    outer loop
      vertex 1.29067143e+02 2.27528509e+01 2.85000000e+02
      vertex 1.34567704e+02 2.41639697e+01 3.00000000e+02
      vertex 1.33062151e+02 2.41577632e+01 3.00000000e+02
    endloop
  endfacet
  facet normal 8.98827001e-03 -9.95867656e-01 9.03704711e-02
    outer loop
      vertex 1.30664679e+02 2.27636190e+01 2.85000000e+02
      vertex 1.32262190e+02 2.27780375e+01 2.85000000e+02
      vertex 1.36073243e+02 2.41736163e+01 3.00000000e+02
    endloop
  endfacet
  facet normal 6.38052080e-03 -9.95802567e-01 9.13046312e-02
    outer loop
      vertex 1.30664679e+02 2.27636190e+01 2.85000000e+02
      vertex 1.36073243e+02 2.41736163e+01 3.00000000e+02
      vertex 1.34567704e+02 2.41639697e+01 3.00000000e+02
    endloop
  endfacet
  facet normal 1.15084398e-02 -9.95922705e-01 8.94735759e-02
    outer loop
      vertex 1.32262190e+02 2.27780375e+01 2.85000000e+02
      vertex 1.33859659e+02 2.27964971e+01 2.85000000e+02
      vertex 1.37578751e+02 2.41870715e+01 3.00000000e+02
    endloop
  endfacet
  facet normal 8.90034211e-03 -9.95866429e-01 9.03926968e-02
    outer loop
      vertex 1.32262190e+02 2.27780375e+01 2.85000000e+02
      vertex 1.37578751e+02 2.41870715e+01 3.00000000e+02
      vertex 1.36073243e+02 2.41736163e+01 3.00000000e+02
    endloop
  endfacet
  facet normal 1.25128525e-02 -9.95956071e-01 8.89659066e-02
    outer loop
      vertex 1.33859659e+02 2.27964971e+01 2.85000000e+02
      vertex 1.35457108e+02 2.28165669e+01 2.85000000e+02
      vertex 1.39084245e+02 2.42020441e+01 3.00000000e+02
    endloop
  endfacet
  facet normal 9.90459892e-03 -9.95904296e-01 8.98695247e-02
    outer loop
      vertex 1.33859659e+02 2.27964971e+01 2.85000000e+02
      vertex 1.39084245e+02 2.42020441e+01 3.00000000e+02
      vertex 1.37578751e+02 2.41870715e+01 3.00000000e+02
    endloop
  endfacet
  facet normal 1.36433718e-02 -9.95988615e-01 8.84338011e-02
    outer loop
      vertex 1.35457108e+02 2.28165669e+01 2.85000000e+02
      vertex 1.37054534e+02 2.28384490e+01 2.85000000e+02
      vertex 1.40589721e+02 2.42187247e+01 3.00000000e+02
    endloop
  endfacet
  facet normal 1.10349579e-02 -9.95941675e-01 8.93219452e-02
    outer loop
      vertex 1.35457108e+02 2.28165669e+01 2.85000000e+02
      vertex 1.40589721e+02 2.42187247e+01 3.00000000e+02
      vertex 1.39084245e+02 2.42020441e+01 3.00000000e+02
    endloop
  endfacet
  facet normal 1.47893483e-02 -9.96019090e-01 8.79047687e-02
    outer loop
      vertex 1.37054534e+02 2.28384490e+01 2.85000000e+02
      vertex 1.38651934e+02 2.28621679e+01 2.85000000e+02
      vertex 1.42095177e+02 2.42371364e+01 3.00000000e+02
    endloop
  endfacet
  facet normal 1.21807823e-02 -9.95977006e-01 8.87774346e-02
    outer loop
      vertex 1.37054534e+02 2.28384490e+01 2.85000000e+02
      vertex 1.42095177e+02 2.42371364e+01 3.00000000e+02
      vertex 1.40589721e+02 2.42187247e+01 3.00000000e+02
    endloop
  endfacet
  facet normal 1.52786844e-02 -9.96044444e-01 8.75330036e-02
    outer loop
      vertex 1.38651934e+02 2.28621679e+01 2.85000000e+02
      vertex 1.40249322e+02 2.28866708e+01 2.85000000e+02
      vertex 1.43600624e+02 2.42562869e+01 3.00000000e+02
    endloop
  endfacet
  facet normal 1.26700342e-02 -9.96005361e-01 8.83899979e-02
    outer loop
      vertex 1.38651934e+02 2.28621679e+01 2.85000000e+02
      vertex 1.43600624e+02 2.42562869e+01 3.00000000e+02
      vertex 1.42095177e+02 2.42371364e+01 3.00000000e+02
    endloop
  endfacet
  facet normal 1.58270724e-02 -9.96069380e-01 8.71509882e-02
    outer loop
      vertex 1.40249322e+02 2.28866708e+01 2.85000000e+02
      vertex 1.41846696e+02 2.29120523e+01 2.85000000e+02
      vertex 1.45106061e+02 2.42762655e+01 3.00000000e+02
    endloop
  endfacet
  facet normal 1.32183361e-02 -9.96033447e-01 8.79923227e-02
    outer loop
      vertex 1.40249322e+02 2.28866708e+01 2.85000000e+02
      vertex 1.45106061e+02 2.42762655e+01 3.00000000e+02
      vertex 1.43600624e+02 2.42562869e+01 3.00000000e+02
    endloop
  endfacet
  facet normal 1.65674908e-02 -9.96094036e-01 8.67305635e-02
    outer loop
      vertex 1.41846696e+02 2.29120523e+01 2.85000000e+02
      vertex 1.43444051e+02 2.29386202e+01 2.85000000e+02
      vertex 1.46611482e+02 2.42973623e+01 3.00000000e+02
    endloop
  endfacet
  facet normal 1.39586567e-02 -9.96061772e-01 8.75562861e-02
    outer loop
      vertex 1.41846696e+02 2.29120523e+01 2.85000000e+02
      vertex 1.46611482e+02 2.42973623e+01 3.00000000e+02
      vertex 1.45106061e+02 2.42762655e+01 3.00000000e+02
    endloop
  endfacet
  facet normal 1.73921466e-02 -9.96117654e-01 8.62967761e-02
    outer loop
      vertex 1.43444051e+02 2.29386202e+01 2.85000000e+02
      vertex 1.45041384e+02 2.29665096e+01 2.85000000e+02
      vertex 1.48116885e+02 2.43197043e+01 3.00000000e+02
    endloop
  endfacet
  facet normal 1.47832138e-02 -9.96089275e-01 8.71069038e-02
    outer loop
      vertex 1.43444051e+02 2.29386202e+01 2.85000000e+02
      vertex 1.48116885e+02 2.43197043e+01 3.00000000e+02
      vertex 1.46611482e+02 2.42973623e+01 3.00000000e+02
    endloop
  endfacet
  facet normal 1.82403578e-02 -9.96139961e-01 8.58630762e-02
    outer loop
      vertex 1.45041384e+02 2.29665096e+01 2.85000000e+02
      vertex 1.46638692e+02 2.29957579e+01 2.85000000e+02
      vertex 1.49622269e+02 2.43433273e+01 3.00000000e+02
    endloop
  endfacet
  facet normal 1.56313305e-02 -9.96115516e-01 8.66576093e-02
    outer loop
      vertex 1.45041384e+02 2.29665096e+01 2.85000000e+02
      vertex 1.49622269e+02 2.43433273e+01 3.00000000e+02
      vertex 1.48116885e+02 2.43197043e+01 3.00000000e+02
    endloop
  endfacet
  facet normal 1.90640202e-02 -9.96160974e-01 8.54393231e-02
    outer loop
      vertex 1.46638692e+02 2.29957579e+01 2.85000000e+02
      vertex 1.48235975e+02 2.30263259e+01 2.85000000e+02
      vertex 1.51127632e+02 2.43681938e+01 3.00000000e+02
    endloop
  endfacet
  facet normal 1.64549063e-02 -9.96140376e-01 8.62182490e-02
    outer loop
      vertex 1.46638692e+02 2.29957579e+01 2.85000000e+02
      vertex 1.51127632e+02 2.43681938e+01 3.00000000e+02
      vertex 1.49622269e+02 2.43433273e+01 3.00000000e+02
    endloop
  endfacet
  facet normal 2.03569794e-02 -9.96178956e-01 8.49298572e-02
    outer loop
      vertex 1.48235975e+02 2.30263259e+01 2.85000000e+02
      vertex 1.49833217e+02 2.30589657e+01 2.85000000e+02
      vertex 1.52632962e+02 2.43950130e+01 3.00000000e+02
    endloop
  endfacet
  facet normal 1.77477578e-02 -9.96163479e-01 8.56932925e-02
    outer loop
      vertex 1.48235975e+02 2.30263259e+01 2.85000000e+02
      vertex 1.52632962e+02 2.43950130e+01 3.00000000e+02
      vertex 1.51127632e+02 2.43681938e+01 3.00000000e+02
    endloop
  endfacet
  facet normal 9.52744517e-02 -9.92958928e-01 7.03942259e-02
    outer loop
      vertex 1.49833217e+02 2.30589657e+01 2.85000000e+02
      vertex 1.51444028e+02 2.32135231e+01 2.85000000e+02
      vertex 1.54151380e+02 2.45366944e+01 3.00000000e+02
    endloop
  endfacet
  facet normal 9.26694997e-02 -9.93150637e-01 7.11630193e-02
    outer loop
      vertex 1.49833217e+02 2.30589657e+01 2.85000000e+02
      vertex 1.54151380e+02 2.45366944e+01 3.00000000e+02
      vertex 1.52632962e+02 2.43950130e+01 3.00000000e+02
    endloop
  endfacet
  facet normal 1.60167599e-01 6.19648235e-01 7.68363459e-01
    outer loop
      vertex 1.54151380e+02 2.45366944e+01 3.00000000e+02
      vertex 1.52693725e+02 2.49134712e+01 3.00000000e+02
      vertex 1.46455703e+02 2.53136495e+01 3.00977609e+02
    endloop
  endfacet
  facet normal 1.60167599e-01 6.19648235e-01 7.68363459e-01
    outer loop
      vertex 1.54151380e+02 2.45366944e+01 3.00000000e+02
      vertex 1.46455703e+02 2.53136495e+01 3.00977609e+02
      vertex 1.47486421e+02 2.50472282e+01 3.00977609e+02
    endloop
  endfacet
  facet normal 1.59060415e-01 6.37181941e-01 7.54121316e-01
    outer loop
      vertex 1.52693725e+02 2.49134712e+01 3.00000000e+02
      vertex 1.51232987e+02 2.52781167e+01 3.00000000e+02
      vertex 1.45422806e+02 2.55714929e+01 3.00977609e+02
    endloop
  endfacet
  facet normal 1.59060415e-01 6.37181941e-01 7.54121316e-01
    outer loop
      vertex 1.52693725e+02 2.49134712e+01 3.00000000e+02
      vertex 1.45422806e+02 2.55714929e+01 3.00977609e+02
      vertex 1.46455703e+02 2.53136495e+01 3.00977609e+02
    endloop
  endfacet
  facet normal 1.57361121e-01 6.55659380e-01 7.38476983e-01
    outer loop
      vertex 1.51232987e+02 2.52781167e+01 3.00000000e+02
      vertex 1.49768998e+02 2.56294805e+01 3.00000000e+02
      vertex 1.44387609e+02 2.58199446e+01 3.00977609e+02
    endloop
  endfacet
  facet normal 1.57361121e-01 6.55659380e-01 7.38476983e-01
    outer loop
      vertex 1.51232987e+02 2.52781167e+01 3.00000000e+02
      vertex 1.44387609e+02 2.58199446e+01 3.00977609e+02
      vertex 1.45422806e+02 2.55714929e+01 3.00977609e+02
    endloop
  endfacet
  facet normal 1.55375591e-01 6.71596322e-01 7.24442410e-01
    outer loop
      vertex 1.49768998e+02 2.56294805e+01 3.00000000e+02
      vertex 1.48302178e+02 2.59688331e+01 3.00000000e+02
      vertex 1.43350411e+02 2.60599031e+01 3.00977609e+02
    endloop
  endfacet
  facet normal 1.55375591e-01 6.71596322e-01 7.24442410e-01
    outer loop
      vertex 1.49768998e+02 2.56294805e+01 3.00000000e+02
      vertex 1.43350411e+02 2.60599031e+01 3.00977609e+02
      vertex 1.44387609e+02 2.58199446e+01 3.00977609e+02
    endloop
  endfacet
  facet normal 1.53122085e-01 6.85564455e-01 7.11726777e-01
    outer loop
      vertex 1.48302178e+02 2.59688331e+01 3.00000000e+02
      vertex 1.46832814e+02 2.62970184e+01 3.00000000e+02
      vertex 1.42311413e+02 2.62919652e+01 3.00977609e+02
    endloop
  endfacet
  facet normal 1.53122085e-01 6.85564455e-01 7.11726777e-01
    outer loop
      vertex 1.48302178e+02 2.59688331e+01 3.00000000e+02
      vertex 1.42311413e+02 2.62919652e+01 3.00977609e+02
      vertex 1.43350411e+02 2.60599031e+01 3.00977609e+02
    endloop
  endfacet
  facet normal 1.49701623e-01 7.02269383e-01 6.95993634e-01
    outer loop
      vertex 1.46832814e+02 2.62970184e+01 3.00000000e+02
      vertex 1.45360329e+02 2.66109057e+01 3.00000000e+02
      vertex 1.41270209e+02 2.65139170e+01 3.00977609e+02
    endloop
  endfacet
  facet normal 1.49701623e-01 7.02269383e-01 6.95993634e-01
    outer loop
      vertex 1.46832814e+02 2.62970184e+01 3.00000000e+02
      vertex 1.41270209e+02 2.65139170e+01 3.00977609e+02
      vertex 1.42311413e+02 2.62919652e+01 3.00977609e+02
    endloop
  endfacet
  facet normal 1.46477383e-01 7.14860731e-01 6.83753254e-01
    outer loop
      vertex 1.45360329e+02 2.66109057e+01 3.00000000e+02
      vertex 1.43885418e+02 2.69131199e+01 3.00000000e+02
      vertex 1.40227289e+02 2.67276147e+01 3.00977609e+02
    endloop
  endfacet
  facet normal 1.46477383e-01 7.14860731e-01 6.83753254e-01
    outer loop
      vertex 1.45360329e+02 2.66109057e+01 3.00000000e+02
      vertex 1.40227289e+02 2.67276147e+01 3.00977609e+02
      vertex 1.41270209e+02 2.65139170e+01 3.00977609e+02
    endloop
  endfacet
  facet normal 1.43187517e-01 7.25263482e-01 6.73416823e-01
    outer loop
      vertex 1.43885418e+02 2.69131199e+01 3.00000000e+02
      vertex 1.42408381e+02 2.72047287e+01 3.00000000e+02
      vertex 1.39182867e+02 2.69338133e+01 3.00977609e+02
    endloop
  endfacet
  facet normal 1.43187517e-01 7.25263482e-01 6.73416823e-01
    outer loop
      vertex 1.43885418e+02 2.69131199e+01 3.00000000e+02
      vertex 1.39182867e+02 2.69338133e+01 3.00977609e+02
      vertex 1.40227289e+02 2.67276147e+01 3.00977609e+02
    endloop
  endfacet
  facet normal 1.39915076e-01 7.33666962e-01 6.64948540e-01
    outer loop
      vertex 1.42408381e+02 2.72047287e+01 3.00000000e+02
      vertex 1.40929470e+02 2.74867667e+01 3.00000000e+02
      vertex 1.38137119e+02 2.71332443e+01 3.00977609e+02
    endloop
  endfacet
  facet normal 1.39915076e-01 7.33666962e-01 6.64948540e-01
    outer loop
      vertex 1.42408381e+02 2.72047287e+01 3.00000000e+02
      vertex 1.38137119e+02 2.71332443e+01 3.00977609e+02
      vertex 1.39182867e+02 2.69338133e+01 3.00977609e+02
    endloop
  endfacet
  facet normal 1.33467427e-01 7.46957243e-01 6.51338101e-01
    outer loop
      vertex 1.40929470e+02 2.74867667e+01 3.00000000e+02
      vertex 1.39447374e+02 2.77515897e+01 3.00000000e+02
      vertex 1.37089119e+02 2.73205024e+01 3.00977609e+02
    endloop
  endfacet
  facet normal 1.33467427e-01 7.46957243e-01 6.51338101e-01
    outer loop
      vertex 1.40929470e+02 2.74867667e+01 3.00000000e+02
      vertex 1.37089119e+02 2.73205024e+01 3.00977609e+02
      vertex 1.38137119e+02 2.71332443e+01 3.00977609e+02
    endloop
  endfacet
  facet normal 1.29075987e-01 7.54134931e-01 6.43909850e-01
    outer loop
      vertex 1.39447374e+02 2.77515897e+01 3.00000000e+02
      vertex 1.37963415e+02 2.80055807e+01 3.00000000e+02
      vertex 1.36039801e+02 2.75001012e+01 3.00977609e+02
    endloop
  endfacet
  facet normal 1.29075987e-01 7.54134931e-01 6.43909850e-01
    outer loop
      vertex 1.39447374e+02 2.77515897e+01 3.00000000e+02
      vertex 1.36039801e+02 2.75001012e+01 3.00977609e+02
      vertex 1.37089119e+02 2.73205024e+01 3.00977609e+02
    endloop
  endfacet
  facet normal 1.25126167e-01 7.59176372e-01 6.38744611e-01
    outer loop
      vertex 1.37963415e+02 2.80055807e+01 3.00000000e+02
      vertex 1.36477895e+02 2.82504218e+01 3.00000000e+02
      vertex 1.34989380e+02 2.76732299e+01 3.00977609e+02
    endloop
  endfacet
  facet normal 1.25126167e-01 7.59176372e-01 6.38744611e-01
    outer loop
      vertex 1.37963415e+02 2.80055807e+01 3.00000000e+02
      vertex 1.34989380e+02 2.76732299e+01 3.00977609e+02
      vertex 1.36039801e+02 2.75001012e+01 3.00977609e+02
    endloop
  endfacet
  facet normal 1.16025464e-01 7.67864630e-01 6.30017461e-01
    outer loop
      vertex 1.36477895e+02 2.82504218e+01 3.00000000e+02
      vertex 1.34989224e+02 2.84753620e+01 3.00000000e+02
      vertex 1.33936731e+02 2.78322867e+01 3.00977609e+02
    endloop
  endfacet
  facet normal 1.16025464e-01 7.67864630e-01 6.30017461e-01
    outer loop
      vertex 1.36477895e+02 2.82504218e+01 3.00000000e+02
      vertex 1.33936731e+02 2.78322867e+01 3.00977609e+02
      vertex 1.34989380e+02 2.76732299e+01 3.00977609e+02
    endloop
  endfacet
  facet normal 1.10638481e-01 7.71461048e-01 6.26583577e-01
    outer loop
      vertex 1.34989224e+02 2.84753620e+01 3.00000000e+02
      vertex 1.33498948e+02 2.86890888e+01 3.00000000e+02
      vertex 1.32882946e+02 2.79834144e+01 3.00977609e+02
    endloop
  endfacet
  facet normal 1.10638481e-01 7.71461048e-01 6.26583577e-01
    outer loop
      vertex 1.34989224e+02 2.84753620e+01 3.00000000e+02
      vertex 1.32882946e+02 2.79834144e+01 3.00977609e+02
      vertex 1.33936731e+02 2.78322867e+01 3.00977609e+02
    endloop
  endfacet
  facet normal 1.04679033e-01 7.73903953e-01 6.24591845e-01
    outer loop
      vertex 1.33498948e+02 2.86890888e+01 3.00000000e+02
      vertex 1.32006966e+02 2.88908959e+01 3.00000000e+02
      vertex 1.31827955e+02 2.81261135e+01 3.00977609e+02
    endloop
  endfacet
  facet normal 1.04679033e-01 7.73903953e-01 6.24591845e-01
    outer loop
      vertex 1.33498948e+02 2.86890888e+01 3.00000000e+02
      vertex 1.31827955e+02 2.81261135e+01 3.00977609e+02
      vertex 1.32882946e+02 2.79834144e+01 3.00977609e+02
    endloop
  endfacet
  facet normal 9.26770028e-02 7.75927493e-01 6.23977163e-01
    outer loop
      vertex 1.32006966e+02 2.88908959e+01 3.00000000e+02
      vertex 1.30512040e+02 2.90694502e+01 3.00000000e+02
      vertex 1.30770884e+02 2.82523705e+01 3.00977609e+02
    endloop
  endfacet
  facet normal 9.26770028e-02 7.75927493e-01 6.23977163e-01
    outer loop
      vertex 1.32006966e+02 2.88908959e+01 3.00000000e+02
      vertex 1.30770884e+02 2.82523705e+01 3.00977609e+02
      vertex 1.31827955e+02 2.81261135e+01 3.00977609e+02
    endloop
  endfacet
  facet normal 8.62867204e-02 7.75553715e-01 6.25356728e-01
    outer loop
      vertex 1.30512040e+02 2.90694502e+01 3.00000000e+02
      vertex 1.29015767e+02 2.92359228e+01 3.00000000e+02
      vertex 1.29712859e+02 2.83700844e+01 3.00977609e+02
    endloop
  endfacet
  facet normal 8.62867204e-02 7.75553715e-01 6.25356728e-01
    outer loop
      vertex 1.30512040e+02 2.90694502e+01 3.00000000e+02
      vertex 1.29712859e+02 2.83700844e+01 3.00977609e+02
      vertex 1.30770884e+02 2.82523705e+01 3.00977609e+02
    endloop
  endfacet
  facet normal 7.58649706e-02 7.72681520e-01 6.30244219e-01
    outer loop
      vertex 1.29015767e+02 2.92359228e+01 3.00000000e+02
      vertex 1.27517403e+02 2.93830382e+01 3.00000000e+02
      vertex 1.28653355e+02 2.84741107e+01 3.00977609e+02
    endloop
  endfacet
  facet normal 7.58649706e-02 7.72681520e-01 6.30244219e-01
    outer loop
      vertex 1.29015767e+02 2.92359228e+01 3.00000000e+02
      vertex 1.28653355e+02 2.84741107e+01 3.00977609e+02
      vertex 1.29712859e+02 2.83700844e+01 3.00977609e+02
    endloop
  endfacet
  facet normal 5.98208782e-02 7.64764836e-01 6.41526468e-01
    outer loop
      vertex 1.27517403e+02 2.93830382e+01 3.00000000e+02
      vertex 1.26016503e+02 2.95004406e+01 3.00000000e+02
      vertex 1.27592059e+02 2.85571267e+01 3.00977609e+02
    endloop
  endfacet
  facet normal 5.98208782e-02 7.64764836e-01 6.41526468e-01
    outer loop
      vertex 1.27517403e+02 2.93830382e+01 3.00000000e+02
      vertex 1.27592059e+02 2.85571267e+01 3.00977609e+02
      vertex 1.28653355e+02 2.84741107e+01 3.00977609e+02
    endloop
  endfacet
  facet normal 4.91760736e-02 7.57174941e-01 6.51358444e-01
    outer loop
      vertex 1.26016503e+02 2.95004406e+01 3.00000000e+02
      vertex 1.24514232e+02 2.95980082e+01 3.00000000e+02
      vertex 1.26529793e+02 2.86261174e+01 3.00977609e+02
    endloop
  endfacet
  facet normal 4.91760736e-02 7.57174941e-01 6.51358444e-01
    outer loop
      vertex 1.26016503e+02 2.95004406e+01 3.00000000e+02
      vertex 1.26529793e+02 2.86261174e+01 3.00977609e+02
      vertex 1.27592059e+02 2.85571267e+01 3.00977609e+02
    endloop
  endfacet
  facet normal 3.06983981e-02 7.39773815e-01 6.72154976e-01
    outer loop
      vertex 1.24514232e+02 2.95980082e+01 3.00000000e+02
      vertex 1.23009958e+02 2.96604311e+01 3.00000000e+02
      vertex 1.25466110e+02 2.86702571e+01 3.00977609e+02
    endloop
  endfacet
  facet normal 3.06983981e-02 7.39773815e-01 6.72154976e-01
    outer loop
      vertex 1.24514232e+02 2.95980082e+01 3.00000000e+02
      vertex 1.25466110e+02 2.86702571e+01 3.00977609e+02
      vertex 1.26529793e+02 2.86261174e+01 3.00977609e+02
    endloop
  endfacet
  facet normal 1.14420523e-02 7.16760444e-01 6.97225606e-01
    outer loop
      vertex 1.23009958e+02 2.96604311e+01 3.00000000e+02
      vertex 1.21504734e+02 2.96844598e+01 3.00000000e+02
      vertex 1.24401756e+02 2.86872480e+01 3.00977609e+02
    endloop
  endfacet
  facet normal 1.14420523e-02 7.16760444e-01 6.97225606e-01
    outer loop
      vertex 1.23009958e+02 2.96604311e+01 3.00000000e+02
      vertex 1.24401756e+02 2.86872480e+01 3.00977609e+02
      vertex 1.25466110e+02 2.86702571e+01 3.00977609e+02
    endloop
  endfacet
  facet normal -3.27310571e-03 6.95184673e-01 7.18823732e-01
    outer loop
      vertex 1.21504734e+02 2.96844598e+01 3.00000000e+02
      vertex 1.19999411e+02 2.96773724e+01 3.00000000e+02
      vertex 1.23337332e+02 2.86822364e+01 3.00977609e+02
    endloop
  endfacet
  facet normal -3.27310571e-03 6.95184673e-01 7.18823732e-01
    outer loop
      vertex 1.21504734e+02 2.96844598e+01 3.00000000e+02
      vertex 1.23337332e+02 2.86822364e+01 3.00977609e+02
      vertex 1.24401756e+02 2.86872480e+01 3.00977609e+02
    endloop
  endfacet
  facet normal -1.94749057e-02 6.66660449e-01 7.45107089e-01
    outer loop
      vertex 1.19999411e+02 2.96773724e+01 3.00000000e+02
      vertex 1.18494500e+02 2.96334100e+01 3.00000000e+02
      vertex 1.22273199e+02 2.86511503e+01 3.00977609e+02
    endloop
  endfacet
  facet normal -1.94749057e-02 6.66660449e-01 7.45107089e-01
    outer loop
      vertex 1.19999411e+02 2.96773724e+01 3.00000000e+02
      vertex 1.22273199e+02 2.86511503e+01 3.00977609e+02
      vertex 1.23337332e+02 2.86822364e+01 3.00977609e+02
    endloop
  endfacet
  facet normal -4.27884084e-02 6.17266024e-01 7.85590102e-01
    outer loop
      vertex 1.18494500e+02 2.96334100e+01 3.00000000e+02
      vertex 1.16992535e+02 2.95292949e+01 3.00000000e+02
      vertex 1.21211150e+02 2.85775298e+01 3.00977609e+02
    endloop
  endfacet
  facet normal -4.27884084e-02 6.17266024e-01 7.85590102e-01
    outer loop
      vertex 1.18494500e+02 2.96334100e+01 3.00000000e+02
      vertex 1.21211150e+02 2.85775298e+01 3.00977609e+02
      vertex 1.22273199e+02 2.86511503e+01 3.00977609e+02
    endloop
  endfacet
  facet normal -6.00081150e-02 5.73330830e-01 8.17123482e-01
    outer loop
      vertex 1.16992535e+02 2.95292949e+01 3.00000000e+02
      vertex 1.15495412e+02 2.93725973e+01 3.00000000e+02
      vertex 1.20152524e+02 2.84667279e+01 3.00977609e+02
    endloop
  endfacet
  facet normal -6.00081150e-02 5.73330830e-01 8.17123482e-01
    outer loop
      vertex 1.16992535e+02 2.95292949e+01 3.00000000e+02
      vertex 1.20152524e+02 2.84667279e+01 3.00977609e+02
      vertex 1.21211150e+02 2.85775298e+01 3.00977609e+02
    endloop
  endfacet
  facet normal -7.75130069e-02 5.19704967e-01 8.50822238e-01
    outer loop
      vertex 1.15495412e+02 2.93725973e+01 3.00000000e+02
      vertex 1.14006774e+02 2.91505699e+01 3.00000000e+02
      vertex 1.19099898e+02 2.83097308e+01 3.00977609e+02
    endloop
  endfacet
  facet normal -7.75130069e-02 5.19704967e-01 8.50822238e-01
    outer loop
      vertex 1.15495412e+02 2.93725973e+01 3.00000000e+02
      vertex 1.19099898e+02 2.83097308e+01 3.00977609e+02
      vertex 1.20152524e+02 2.84667279e+01 3.00977609e+02
    endloop
  endfacet
  facet normal -9.50495359e-02 4.54179524e-01 8.85825347e-01
    outer loop
      vertex 1.14006774e+02 2.91505699e+01 3.00000000e+02
      vertex 1.12533796e+02 2.88423088e+01 3.00000000e+02
      vertex 1.18058345e+02 2.80917573e+01 3.00977609e+02
    endloop
  endfacet
  facet normal -9.50495359e-02 4.54179524e-01 8.85825347e-01
    outer loop
      vertex 1.14006774e+02 2.91505699e+01 3.00000000e+02
      vertex 1.18058345e+02 2.80917573e+01 3.00977609e+02
      vertex 1.19099898e+02 2.83097308e+01 3.00977609e+02
    endloop
  endfacet
  facet normal -1.11717179e-01 3.75886606e-01 9.19906806e-01
    outer loop
      vertex 1.12533796e+02 2.88423088e+01 3.00000000e+02
      vertex 1.11091529e+02 2.84136530e+01 3.00000000e+02
      vertex 1.17038508e+02 2.77886518e+01 3.00977609e+02
    endloop
  endfacet
  facet normal -1.11717179e-01 3.75886606e-01 9.19906806e-01
    outer loop
      vertex 1.12533796e+02 2.88423088e+01 3.00000000e+02
      vertex 1.17038508e+02 2.77886518e+01 3.00977609e+02
      vertex 1.18058345e+02 2.80917573e+01 3.00977609e+02
    endloop
  endfacet
  facet normal -1.31193672e-01 2.51567406e-01 9.58906701e-01
    outer loop
      vertex 1.11091529e+02 2.84136530e+01 3.00000000e+02
      vertex 1.09760869e+02 2.77197068e+01 3.00000000e+02
      vertex 1.16097589e+02 2.72979578e+01 3.00977609e+02
    endloop
  endfacet
  facet normal -1.31193672e-01 2.51567406e-01 9.58906701e-01
    outer loop
      vertex 1.11091529e+02 2.84136530e+01 3.00000000e+02
      vertex 1.16097589e+02 2.72979578e+01 3.00977609e+02
      vertex 1.17038508e+02 2.77886518e+01 3.00977609e+02
    endloop
  endfacet
  facet normal -1.49176525e-01 4.79930064e-02 9.87645197e-01
    outer loop
      vertex 1.09760869e+02 2.77197068e+01 3.00000000e+02
      vertex 1.09347789e+02 2.64357316e+01 3.00000000e+02
      vertex 1.15805498e+02 2.63900502e+01 3.00977609e+02
    endloop
  endfacet
  facet normal -1.49176525e-01 4.79930064e-02 9.87645197e-01
    outer loop
      vertex 1.09760869e+02 2.77197068e+01 3.00000000e+02
      vertex 1.15805498e+02 2.63900502e+01 3.00977609e+02
      vertex 1.16097589e+02 2.72979578e+01 3.00977609e+02
    endloop
  endfacet
  facet normal -1.47256908e-01 -2.30052781e-01 9.61972516e-01
    outer loop
      vertex 1.09347789e+02 2.64357316e+01 3.00000000e+02
      vertex 1.10599227e+02 2.56346856e+01 3.00000000e+02
      vertex 1.16690398e+02 2.58236252e+01 3.00977609e+02
    endloop
  endfacet
  facet normal -1.47256908e-01 -2.30052781e-01 9.61972516e-01
    outer loop
      vertex 1.09347789e+02 2.64357316e+01 3.00000000e+02
      vertex 1.16690398e+02 2.58236252e+01 3.00977609e+02
      vertex 1.15805498e+02 2.63900502e+01 3.00977609e+02
    endloop
  endfacet
  facet normal -1.29221718e-01 -4.37779410e-01 8.89747681e-01
    outer loop
      vertex 1.10599227e+02 2.56346856e+01 3.00000000e+02
      vertex 1.12041513e+02 2.52089582e+01 3.00000000e+02
      vertex 1.17710248e+02 2.55225904e+01 3.00977609e+02
    endloop
  endfacet
  facet normal -1.29221718e-01 -4.37779410e-01 8.89747681e-01
    outer loop
      vertex 1.10599227e+02 2.56346856e+01 3.00000000e+02
      vertex 1.17710248e+02 2.55225904e+01 3.00977609e+02
      vertex 1.16690398e+02 2.58236252e+01 3.00977609e+02
    endloop
  endfacet
  facet normal -1.09173880e-01 -5.68471574e-01 8.15426964e-01
    outer loop
      vertex 1.12041513e+02 2.52089582e+01 3.00000000e+02
      vertex 1.13519612e+02 2.49250922e+01 3.00000000e+02
      vertex 1.18755422e+02 2.53218668e+01 3.00977609e+02
    endloop
  endfacet
  facet normal -1.09173880e-01 -5.68471574e-01 8.15426964e-01
    outer loop
      vertex 1.12041513e+02 2.52089582e+01 3.00000000e+02
      vertex 1.18755422e+02 2.53218668e+01 3.00977609e+02
      vertex 1.17710248e+02 2.55225904e+01 3.00977609e+02
    endloop
  endfacet
  facet normal -8.84149564e-02 -6.63590459e-01 7.42852945e-01
    outer loop
      vertex 1.13519612e+02 2.49250922e+01 3.00000000e+02
      vertex 1.15011940e+02 2.47262584e+01 3.00000000e+02
      vertex 1.19810658e+02 2.51812701e+01 3.00977609e+02
    endloop
  endfacet
  facet normal -8.84149564e-02 -6.63590459e-01 7.42852945e-01
    outer loop
      vertex 1.13519612e+02 2.49250922e+01 3.00000000e+02
      vertex 1.19810658e+02 2.51812701e+01 3.00977609e+02
      vertex 1.18755422e+02 2.53218668e+01 3.00977609e+02
    endloop
  endfacet
  facet normal -7.01714372e-02 -7.27148493e-01 6.82884353e-01
    outer loop
      vertex 1.15011940e+02 2.47262584e+01 3.00000000e+02
      vertex 1.16510531e+02 2.45816411e+01 3.00000000e+02
      vertex 1.20870321e+02 2.50790103e+01 3.00977609e+02
    endloop
  endfacet
  facet normal -7.01714372e-02 -7.27148493e-01 6.82884353e-01
    outer loop
      vertex 1.15011940e+02 2.47262584e+01 3.00000000e+02
      vertex 1.20870321e+02 2.50790103e+01 3.00977609e+02
      vertex 1.19810658e+02 2.51812701e+01 3.00977609e+02
    endloop
  endfacet
  facet normal -5.53478668e-02 -7.68288181e-01 6.37706739e-01
    outer loop
      vertex 1.16510531e+02 2.45816411e+01 3.00000000e+02
      vertex 1.18012152e+02 2.44734636e+01 3.00000000e+02
      vertex 1.21932128e+02 2.50025172e+01 3.00977609e+02
    endloop
  endfacet
  facet normal -5.53478668e-02 -7.68288181e-01 6.37706739e-01
    outer loop
      vertex 1.16510531e+02 2.45816411e+01 3.00000000e+02
      vertex 1.21932128e+02 2.50025172e+01 3.00977609e+02
      vertex 1.20870321e+02 2.50790103e+01 3.00977609e+02
    endloop
  endfacet
  facet normal -4.37219042e-02 -7.94723178e-01 6.05395297e-01
    outer loop
      vertex 1.18012152e+02 2.44734636e+01 3.00000000e+02
      vertex 1.19515380e+02 2.43907631e+01 3.00000000e+02
      vertex 1.22995070e+02 2.49440391e+01 3.00977609e+02
    endloop
  endfacet
  facet normal -4.37219042e-02 -7.94723178e-01 6.05395297e-01
    outer loop
      vertex 1.18012152e+02 2.44734636e+01 3.00000000e+02
      vertex 1.22995070e+02 2.49440391e+01 3.00977609e+02
      vertex 1.21932128e+02 2.50025172e+01 3.00977609e+02
    endloop
  endfacet
  facet normal -3.47926937e-02 -8.11606330e-01 5.83167758e-01
    outer loop
      vertex 1.19515380e+02 2.43907631e+01 3.00000000e+02
      vertex 1.21019530e+02 2.43262818e+01 3.00000000e+02
      vertex 1.24058665e+02 2.48984440e+01 3.00977609e+02
    endloop
  endfacet
  facet normal -3.47926937e-02 -8.11606330e-01 5.83167758e-01
    outer loop
      vertex 1.19515380e+02 2.43907631e+01 3.00000000e+02
      vertex 1.24058665e+02 2.48984440e+01 3.00977609e+02
      vertex 1.22995070e+02 2.49440391e+01 3.00977609e+02
    endloop
  endfacet
  facet normal -2.77817495e-02 -8.22666188e-01 5.67845505e-01
    outer loop
      vertex 1.21019530e+02 2.43262818e+01 3.00000000e+02
      vertex 1.22524240e+02 2.42754672e+01 3.00000000e+02
      vertex 1.25122656e+02 2.48625126e+01 3.00977609e+02
    endloop
  endfacet
  facet normal -2.77817495e-02 -8.22666188e-01 5.67845505e-01
    outer loop
      vertex 1.21019530e+02 2.43262818e+01 3.00000000e+02
      vertex 1.25122656e+02 2.48625126e+01 3.00977609e+02
      vertex 1.24058665e+02 2.48984440e+01 3.00977609e+02
    endloop
  endfacet
  facet normal -1.95716988e-02 -8.33330920e-01 5.52427847e-01
    outer loop
      vertex 1.22524240e+02 2.42754672e+01 3.00000000e+02
      vertex 1.24029394e+02 2.42401170e+01 3.00000000e+02
      vertex 1.26186960e+02 2.48375162e+01 3.00977609e+02
    endloop
  endfacet
  facet normal -1.95716988e-02 -8.33330920e-01 5.52427847e-01
    outer loop
      vertex 1.22524240e+02 2.42754672e+01 3.00000000e+02
      vertex 1.26186960e+02 2.48375162e+01 3.00977609e+02
      vertex 1.25122656e+02 2.48625126e+01 3.00977609e+02
    endloop
  endfacet
  facet normal -1.65625856e-02 -8.36496823e-01 5.47721412e-01
    outer loop
      vertex 1.24029394e+02 2.42401170e+01 3.00000000e+02
      vertex 1.25534660e+02 2.42103128e+01 3.00000000e+02
      vertex 1.27251344e+02 2.48164415e+01 3.00977609e+02
    endloop
  endfacet
  facet normal -1.65625856e-02 -8.36496823e-01 5.47721412e-01
    outer loop
      vertex 1.24029394e+02 2.42401170e+01 3.00000000e+02
      vertex 1.27251344e+02 2.48164415e+01 3.00977609e+02
      vertex 1.26186960e+02 2.48375162e+01 3.00977609e+02
    endloop
  endfacet
  facet normal -1.38656541e-02 -8.38730352e-01 5.44370407e-01
    outer loop
      vertex 1.25534660e+02 2.42103128e+01 3.00000000e+02
      vertex 1.27040021e+02 2.41854266e+01 3.00000000e+02
      vertex 1.28315795e+02 2.47988443e+01 3.00977609e+02
    endloop
  endfacet
  facet normal -1.38656541e-02 -8.38730352e-01 5.44370407e-01
    outer loop
      vertex 1.25534660e+02 2.42103128e+01 3.00000000e+02
      vertex 1.28315795e+02 2.47988443e+01 3.00977609e+02
      vertex 1.27251344e+02 2.48164415e+01 3.00977609e+02
    endloop
  endfacet
  facet normal -9.16995005e-03 -8.41590998e-01 5.40037503e-01
    outer loop
      vertex 1.27040021e+02 2.41854266e+01 3.00000000e+02
      vertex 1.28545501e+02 2.41690229e+01 3.00000000e+02
      vertex 1.29380330e+02 2.47872451e+01 3.00977609e+02
    endloop
  endfacet
  facet normal -9.16995005e-03 -8.41590998e-01 5.40037503e-01
    outer loop
      vertex 1.27040021e+02 2.41854266e+01 3.00000000e+02
      vertex 1.29380330e+02 2.47872451e+01 3.00977609e+02
      vertex 1.28315795e+02 2.47988443e+01 3.00977609e+02
    endloop
  endfacet
  facet normal -5.61465621e-03 -8.42996259e-01 5.37890121e-01
    outer loop
      vertex 1.28545501e+02 2.41690229e+01 3.00000000e+02
      vertex 1.30051025e+02 2.41589956e+01 3.00000000e+02
      vertex 1.30444897e+02 2.47801547e+01 3.00977609e+02
    endloop
  endfacet
  facet normal -5.61465621e-03 -8.42996259e-01 5.37890121e-01
    outer loop
      vertex 1.28545501e+02 2.41690229e+01 3.00000000e+02
      vertex 1.30444897e+02 2.47801547e+01 3.00977609e+02
      vertex 1.29380330e+02 2.47872451e+01 3.00977609e+02
    endloop
  endfacet
  facet normal -2.64915085e-03 -8.43548610e-01 5.37046297e-01
    outer loop
      vertex 1.30051025e+02 2.41589956e+01 3.00000000e+02
      vertex 1.31556587e+02 2.41542674e+01 3.00000000e+02
      vertex 1.31509489e+02 2.47768114e+01 3.00977609e+02
    endloop
  endfacet
  facet normal -2.64915085e-03 -8.43548610e-01 5.37046297e-01
    outer loop
      vertex 1.30051025e+02 2.41589956e+01 3.00000000e+02
      vertex 1.31509489e+02 2.47768114e+01 3.00977609e+02
      vertex 1.30444897e+02 2.47801547e+01 3.00977609e+02
    endloop
  endfacet
  facet normal 1.95844270e-03 -8.43449383e-01 5.37205084e-01
    outer loop
      vertex 1.31556587e+02 2.41542674e+01 3.00000000e+02
      vertex 1.33062151e+02 2.41577632e+01 3.00000000e+02
      vertex 1.32574084e+02 2.47792833e+01 3.00977609e+02
    endloop
  endfacet
  facet normal 1.95844270e-03 -8.43449383e-01 5.37205084e-01
    outer loop
      vertex 1.31556587e+02 2.41542674e+01 3.00000000e+02
      vertex 1.32574084e+02 2.47792833e+01 3.00977609e+02
      vertex 1.31509489e+02 2.47768114e+01 3.00977609e+02
    endloop
  endfacet
  facet normal 3.47558908e-03 -8.43102355e-01 5.37741888e-01
    outer loop
      vertex 1.33062151e+02 2.41577632e+01 3.00000000e+02
      vertex 1.34567704e+02 2.41639697e+01 3.00000000e+02
      vertex 1.33638671e+02 2.47836720e+01 3.00977609e+02
    endloop
  endfacet
  facet normal 3.47558908e-03 -8.43102355e-01 5.37741888e-01
    outer loop
      vertex 1.33062151e+02 2.41577632e+01 3.00000000e+02
      vertex 1.33638671e+02 2.47836720e+01 3.00977609e+02
      vertex 1.32574084e+02 2.47792833e+01 3.00977609e+02
    endloop
  endfacet
  facet normal 5.39674151e-03 -8.42264953e-01 5.39036756e-01
    outer loop
      vertex 1.34567704e+02 2.41639697e+01 3.00000000e+02
      vertex 1.36073243e+02 2.41736163e+01 3.00000000e+02
      vertex 1.34703247e+02 2.47904931e+01 3.00977609e+02
    endloop
  endfacet
  facet normal 5.39674151e-03 -8.42264953e-01 5.39036756e-01
    outer loop
      vertex 1.34567704e+02 2.41639697e+01 3.00000000e+02
      vertex 1.34703247e+02 2.47904931e+01 3.00977609e+02
      vertex 1.33638671e+02 2.47836720e+01 3.00977609e+02
    endloop
  endfacet
  facet normal 7.51533817e-03 -8.40897226e-01 5.41142657e-01
    outer loop
      vertex 1.36073243e+02 2.41736163e+01 3.00000000e+02
      vertex 1.37578751e+02 2.41870715e+01 3.00000000e+02
      vertex 1.35767802e+02 2.48000074e+01 3.00977609e+02
    endloop
  endfacet
  facet normal 7.51533817e-03 -8.40897226e-01 5.41142657e-01
    outer loop
      vertex 1.36073243e+02 2.41736163e+01 3.00000000e+02
      vertex 1.35767802e+02 2.48000074e+01 3.00977609e+02
      vertex 1.34703247e+02 2.47904931e+01 3.00977609e+02
    endloop
  endfacet
  facet normal 8.35583854e-03 -8.40176929e-01 5.42248014e-01
    outer loop
      vertex 1.37578751e+02 2.41870715e+01 3.00000000e+02
      vertex 1.39084245e+02 2.42020441e+01 3.00000000e+02
      vertex 1.36832347e+02 2.48105946e+01 3.00977609e+02
    endloop
  endfacet
  facet normal 8.35583854e-03 -8.40176929e-01 5.42248014e-01
    outer loop
      vertex 1.37578751e+02 2.41870715e+01 3.00000000e+02
      vertex 1.36832347e+02 2.48105946e+01 3.00977609e+02
      vertex 1.35767802e+02 2.48000074e+01 3.00977609e+02
    endloop
  endfacet
  facet normal 9.29793157e-03 -8.39169271e-01 5.43790845e-01
    outer loop
      vertex 1.39084245e+02 2.42020441e+01 3.00000000e+02
      vertex 1.40589721e+02 2.42187247e+01 3.00000000e+02
      vertex 1.37896880e+02 2.48223896e+01 3.00977609e+02
    endloop
  endfacet
  facet normal 9.29793157e-03 -8.39169271e-01 5.43790845e-01
    outer loop
      vertex 1.39084245e+02 2.42020441e+01 3.00000000e+02
      vertex 1.37896880e+02 2.48223896e+01 3.00977609e+02
      vertex 1.36832347e+02 2.48105946e+01 3.00977609e+02
    endloop
  endfacet
  facet normal 1.02480896e-02 -8.37947956e-01 5.45653920e-01
    outer loop
      vertex 1.40589721e+02 2.42187247e+01 3.00000000e+02
      vertex 1.42095177e+02 2.42371364e+01 3.00000000e+02
      vertex 1.38961398e+02 2.48354086e+01 3.00977609e+02
    endloop
  endfacet
  facet normal 1.02480896e-02 -8.37947956e-01 5.45653920e-01
    outer loop
      vertex 1.40589721e+02 2.42187247e+01 3.00000000e+02
      vertex 1.38961398e+02 2.48354086e+01 3.00977609e+02
      vertex 1.37896880e+02 2.48223896e+01 3.00977609e+02
    endloop
  endfacet
  facet normal 1.06516941e-02 -8.37341422e-01 5.46576513e-01
    outer loop
      vertex 1.42095177e+02 2.42371364e+01 3.00000000e+02
      vertex 1.43600624e+02 2.42562869e+01 3.00000000e+02
      vertex 1.40025910e+02 2.48489501e+01 3.00977609e+02
    endloop
  endfacet
  facet normal 1.06516941e-02 -8.37341422e-01 5.46576513e-01
    outer loop
      vertex 1.42095177e+02 2.42371364e+01 3.00000000e+02
      vertex 1.40025910e+02 2.48489501e+01 3.00977609e+02
      vertex 1.38961398e+02 2.48354086e+01 3.00977609e+02
    endloop
  endfacet
  facet normal 1.11020503e-02 -8.36566220e-01 5.47753324e-01
    outer loop
      vertex 1.43600624e+02 2.42562869e+01 3.00000000e+02
      vertex 1.45106061e+02 2.42762655e+01 3.00000000e+02
      vertex 1.41090414e+02 2.48630771e+01 3.00977609e+02
    endloop
  endfacet
  facet normal 1.11020503e-02 -8.36566220e-01 5.47753324e-01
    outer loop
      vertex 1.43600624e+02 2.42562869e+01 3.00000000e+02
      vertex 1.41090414e+02 2.48630771e+01 3.00977609e+02
      vertex 1.40025910e+02 2.48489501e+01 3.00977609e+02
    endloop
  endfacet
  facet normal 1.17070315e-02 -8.35390306e-01 5.49532512e-01
    outer loop
      vertex 1.45106061e+02 2.42762655e+01 3.00000000e+02
      vertex 1.46611482e+02 2.42973623e+01 3.00000000e+02
      vertex 1.42154908e+02 2.48779948e+01 3.00977609e+02
    endloop
  endfacet
  facet normal 1.17070315e-02 -8.35390306e-01 5.49532512e-01
    outer loop
      vertex 1.45106061e+02 2.42762655e+01 3.00000000e+02
      vertex 1.42154908e+02 2.48779948e+01 3.00977609e+02
      vertex 1.41090414e+02 2.48630771e+01 3.00977609e+02
    endloop
  endfacet
  facet normal 1.23766629e-02 -8.33936473e-01 5.51721648e-01
    outer loop
      vertex 1.46611482e+02 2.42973623e+01 3.00000000e+02
      vertex 1.48116885e+02 2.43197043e+01 3.00000000e+02
      vertex 1.43219389e+02 2.48937930e+01 3.00977609e+02
    endloop
  endfacet
  facet normal 1.23766629e-02 -8.33936473e-01 5.51721648e-01
    outer loop
      vertex 1.46611482e+02 2.42973623e+01 3.00000000e+02
      vertex 1.43219389e+02 2.48937930e+01 3.00977609e+02
      vertex 1.42154908e+02 2.48779948e+01 3.00977609e+02
    endloop
  endfacet
  facet normal 1.30605759e-02 -8.32292698e-01 5.54182538e-01
    outer loop
      vertex 1.48116885e+02 2.43197043e+01 3.00000000e+02
      vertex 1.49622269e+02 2.43433273e+01 3.00000000e+02
      vertex 1.44283856e+02 2.49104969e+01 3.00977609e+02
    endloop
  endfacet
  facet normal 1.30605759e-02 -8.32292698e-01 5.54182538e-01
    outer loop
      vertex 1.48116885e+02 2.43197043e+01 3.00000000e+02
      vertex 1.44283856e+02 2.49104969e+01 3.00977609e+02
      vertex 1.43219389e+02 2.48937930e+01 3.00977609e+02
    endloop
  endfacet
  facet normal 1.37196129e-02 -8.30552305e-01 5.56771623e-01
    outer loop
      vertex 1.49622269e+02 2.43433273e+01 3.00000000e+02
      vertex 1.51127632e+02 2.43681938e+01 3.00000000e+02
      vertex 1.45348308e+02 2.49280803e+01 3.00977609e+02
    endloop
  endfacet
  facet normal 1.37196129e-02 -8.30552305e-01 5.56771623e-01
    outer loop
      vertex 1.49622269e+02 2.43433273e+01 3.00000000e+02
      vertex 1.45348308e+02 2.49280803e+01 3.00977609e+02
      vertex 1.44283856e+02 2.49104969e+01 3.00977609e+02
    endloop
  endfacet
  facet normal 1.47444827e-02 -8.27592722e-01 5.61135355e-01
    outer loop
      vertex 1.51127632e+02 2.43681938e+01 3.00000000e+02
      vertex 1.52632962e+02 2.43950130e+01 3.00000000e+02
      vertex 1.46412737e+02 2.49470442e+01 3.00977609e+02
    endloop
  endfacet
  facet normal 1.47444827e-02 -8.27592722e-01 5.61135355e-01
    outer loop
      vertex 1.51127632e+02 2.43681938e+01 3.00000000e+02
      vertex 1.46412737e+02 2.49470442e+01 3.00977609e+02
      vertex 1.45348308e+02 2.49280803e+01 3.00977609e+02
    endloop
  endfacet
  facet normal 6.08610327e-02 -6.52255311e-01 7.55552079e-01
    outer loop
      vertex 1.52632962e+02 2.43950130e+01 3.00000000e+02
      vertex 1.54151380e+02 2.45366944e+01 3.00000000e+02
      vertex 1.47486421e+02 2.50472282e+01 3.00977609e+02
    endloop
  endfacet
  facet normal 6.08610327e-02 -6.52255311e-01 7.55552079e-01
    outer loop
      vertex 1.52632962e+02 2.43950130e+01 3.00000000e+02
      vertex 1.47486421e+02 2.50472282e+01 3.00977609e+02
      vertex 1.46412737e+02 2.49470442e+01 3.00977609e+02
    endloop
  endfacet
  facet normal 3.54051340e-02 1.36973576e-01 9.89941774e-01
    outer loop
      vertex 1.47486421e+02 2.50472282e+01 3.00977609e+02
      vertex 1.46455703e+02 2.53136495e+01 3.00977609e+02
      vertex 1.31395786e+02 2.62797656e+01 3.01382548e+02
    endloop
  endfacet
  facet normal 3.57910954e-02 1.43375960e-01 9.89020895e-01
    outer loop
      vertex 1.46455703e+02 2.53136495e+01 3.00977609e+02
      vertex 1.45422806e+02 2.55714929e+01 3.00977609e+02
      vertex 1.31395786e+02 2.62797656e+01 3.01382548e+02
    endloop
  endfacet
  facet normal 3.61197152e-02 1.50496068e-01 9.87950555e-01
    outer loop
      vertex 1.45422806e+02 2.55714929e+01 3.00977609e+02
      vertex 1.44387609e+02 2.58199446e+01 3.00977609e+02
      vertex 1.31395786e+02 2.62797656e+01 3.01382548e+02
    endloop
  endfacet
  facet normal 3.63174760e-02 1.56978861e-01 9.86933979e-01
    outer loop
      vertex 1.44387609e+02 2.58199446e+01 3.00977609e+02
      vertex 1.43350411e+02 2.60599031e+01 3.00977609e+02
      vertex 1.31395786e+02 2.62797656e+01 3.01382548e+02
    endloop
  endfacet
  facet normal 3.63943511e-02 1.62946276e-01 9.85963469e-01
    outer loop
      vertex 1.43350411e+02 2.60599031e+01 3.00977609e+02
      vertex 1.42311413e+02 2.62919652e+01 3.00977609e+02
      vertex 1.31395786e+02 2.62797656e+01 3.01382548e+02
    endloop
  endfacet
  facet normal 3.63387965e-02 1.70469924e-01 9.84692590e-01
    outer loop
      vertex 1.42311413e+02 2.62919652e+01 3.00977609e+02
      vertex 1.41270209e+02 2.65139170e+01 3.00977609e+02
      vertex 1.31395786e+02 2.62797656e+01 3.01382548e+02
    endloop
  endfacet
  facet normal 3.61541993e-02 1.76445106e-01 9.83646277e-01
    outer loop
      vertex 1.41270209e+02 2.65139170e+01 3.00977609e+02
      vertex 1.40227289e+02 2.67276147e+01 3.00977609e+02
      vertex 1.31395786e+02 2.62797656e+01 3.01382548e+02
    endloop
  endfacet
  facet normal 3.58508892e-02 1.81589439e-01 9.82720708e-01
    outer loop
      vertex 1.40227289e+02 2.67276147e+01 3.00977609e+02
      vertex 1.39182867e+02 2.69338133e+01 3.00977609e+02
      vertex 1.31395786e+02 2.62797656e+01 3.01382548e+02
    endloop
  endfacet
  facet normal 3.54492103e-02 1.85883574e-01 9.81932101e-01
    outer loop
      vertex 1.39182867e+02 2.69338133e+01 3.00977609e+02
      vertex 1.38137119e+02 2.71332443e+01 3.00977609e+02
      vertex 1.31395786e+02 2.62797656e+01 3.01382548e+02
    endloop
  endfacet
  facet normal 3.44755378e-02 1.92944101e-01 9.80603901e-01
    outer loop
      vertex 1.38137119e+02 2.71332443e+01 3.00977609e+02
      vertex 1.37089119e+02 2.73205024e+01 3.00977609e+02
      vertex 1.31395786e+02 2.62797656e+01 3.01382548e+02
    endloop
  endfacet
  facet normal 3.36997500e-02 1.96893003e-01 9.79845637e-01
    outer loop
      vertex 1.37089119e+02 2.73205024e+01 3.00977609e+02
      vertex 1.36039801e+02 2.75001012e+01 3.00977609e+02
      vertex 1.31395786e+02 2.62797656e+01 3.01382548e+02
    endloop
  endfacet
  facet normal 3.29144769e-02 1.99701579e-01 9.79303792e-01
    outer loop
      vertex 1.36039801e+02 2.75001012e+01 3.00977609e+02
      vertex 1.34989380e+02 2.76732299e+01 3.00977609e+02
      vertex 1.31395786e+02 2.62797656e+01 3.01382548e+02
    endloop
  endfacet
  facet normal 3.09134900e-02 2.04587637e-01 9.78359982e-01
    outer loop
      vertex 1.34989380e+02 2.76732299e+01 3.00977609e+02
      vertex 1.33936731e+02 2.78322867e+01 3.00977609e+02
      vertex 1.31395786e+02 2.62797656e+01 3.01382548e+02
    endloop
  endfacet
  facet normal 2.96281921e-02 2.06591738e-01 9.77978540e-01
    outer loop
      vertex 1.33936731e+02 2.78322867e+01 3.00977609e+02
      vertex 1.32882946e+02 2.79834144e+01 3.00977609e+02
      vertex 1.31395786e+02 2.62797656e+01 3.01382548e+02
    endloop
  endfacet
  facet normal 2.81152465e-02 2.07859203e-01 9.77754614e-01
    outer loop
      vertex 1.32882946e+02 2.79834144e+01 3.00977609e+02
      vertex 1.31827955e+02 2.81261135e+01 3.00977609e+02
      vertex 1.31395786e+02 2.62797656e+01 3.01382548e+02
    endloop
  endfacet
  facet normal 2.49144276e-02 2.08593165e-01 9.77685104e-01
    outer loop
      vertex 1.31827955e+02 2.81261135e+01 3.00977609e+02
      vertex 1.30770884e+02 2.82523705e+01 3.00977609e+02
      vertex 1.31395786e+02 2.62797656e+01 3.01382548e+02
    endloop
  endfacet
  facet normal 2.31490375e-02 2.08065876e-01 9.77840843e-01
    outer loop
      vertex 1.30770884e+02 2.82523705e+01 3.00977609e+02
      vertex 1.29712859e+02 2.83700844e+01 3.00977609e+02
      vertex 1.31395786e+02 2.62797656e+01 3.01382548e+02
    endloop
  endfacet
  facet normal 2.02064874e-02 2.05802220e-01 9.78384967e-01
    outer loop
      vertex 1.29712859e+02 2.83700844e+01 3.00977609e+02
      vertex 1.28653355e+02 2.84741107e+01 3.00977609e+02
      vertex 1.31395786e+02 2.62797656e+01 3.01382548e+02
    endloop
  endfacet
  facet normal 1.56723578e-02 2.00359281e-01 9.79597129e-01
    outer loop
      vertex 1.28653355e+02 2.84741107e+01 3.00977609e+02
      vertex 1.27592059e+02 2.85571267e+01 3.00977609e+02
      vertex 1.31395786e+02 2.62797656e+01 3.01382548e+02
    endloop
  endfacet
  facet normal 1.27021417e-02 1.95577701e-01 9.80605945e-01
    outer loop
      vertex 1.27592059e+02 2.85571267e+01 3.00977609e+02
      vertex 1.26529793e+02 2.86261174e+01 3.00977609e+02
      vertex 1.31395786e+02 2.62797656e+01 3.01382548e+02
    endloop
  endfacet
  facet normal 7.69970136e-03 1.85548360e-01 9.82604967e-01
    outer loop
      vertex 1.26529793e+02 2.86261174e+01 3.00977609e+02
      vertex 1.25466110e+02 2.86702571e+01 3.00977609e+02
      vertex 1.31395786e+02 2.62797656e+01 3.01382548e+02
    endloop
  endfacet
  facet normal 2.77284173e-03 1.73698146e-01 9.84795037e-01
    outer loop
      vertex 1.25466110e+02 2.86702571e+01 3.00977609e+02
      vertex 1.24401756e+02 2.86872480e+01 3.00977609e+02
      vertex 1.31395786e+02 2.62797656e+01 3.01382548e+02
    endloop
  endfacet
  facet normal -7.70705123e-04 1.63692357e-01 9.86511134e-01
    outer loop
      vertex 1.24401756e+02 2.86872480e+01 3.00977609e+02
      vertex 1.23337332e+02 2.86822364e+01 3.00977609e+02
      vertex 1.31395786e+02 2.62797656e+01 3.01382548e+02
    endloop
  endfacet
  facet normal -4.43244440e-03 1.51730407e-01 9.88411977e-01
    outer loop
      vertex 1.23337332e+02 2.86822364e+01 3.00977609e+02
      vertex 1.22273199e+02 2.86511503e+01 3.00977609e+02
      vertex 1.31395786e+02 2.62797656e+01 3.01382548e+02
    endloop
  endfacet
  facet normal -9.26081350e-03 1.33596592e-01 9.90992527e-01
    outer loop
      vertex 1.22273199e+02 2.86511503e+01 3.00977609e+02
      vertex 1.21211150e+02 2.85775298e+01 3.00977609e+02
      vertex 1.31395786e+02 2.62797656e+01 3.01382548e+02
    endloop
  endfacet
  facet normal -1.25087122e-02 1.19511009e-01 9.92754074e-01
    outer loop
      vertex 1.21211150e+02 2.85775298e+01 3.00977609e+02
      vertex 1.20152524e+02 2.84667279e+01 3.00977609e+02
      vertex 1.31395786e+02 2.62797656e+01 3.01382548e+02
    endloop
  endfacet
  facet normal -1.55438972e-02 1.04217872e-01 9.94433016e-01
    outer loop
      vertex 1.20152524e+02 2.84667279e+01 3.00977609e+02
      vertex 1.19099898e+02 2.83097308e+01 3.00977609e+02
      vertex 1.31395786e+02 2.62797656e+01 3.01382548e+02
    endloop
  endfacet
  facet normal -1.83359571e-02 8.76155387e-02 9.95985597e-01
    outer loop
      vertex 1.19099898e+02 2.83097308e+01 3.00977609e+02
      vertex 1.18058345e+02 2.80917573e+01 3.00977609e+02
      vertex 1.31395786e+02 2.62797656e+01 3.01382548e+02
    endloop
  endfacet
  facet normal -2.07809932e-02 6.99202850e-02 9.97336104e-01
    outer loop
      vertex 1.18058345e+02 2.80917573e+01 3.00977609e+02
      vertex 1.17038508e+02 2.77886518e+01 3.00977609e+02
      vertex 1.31395786e+02 2.62797656e+01 3.01382548e+02
    endloop
  endfacet
  facet normal -2.34437065e-02 4.49539397e-02 9.98713941e-01
    outer loop
      vertex 1.17038508e+02 2.77886518e+01 3.00977609e+02
      vertex 1.16097589e+02 2.72979578e+01 3.00977609e+02
      vertex 1.31395786e+02 2.62797656e+01 3.01382548e+02
    endloop
  endfacet
  facet normal -2.59052206e-02 8.33421623e-03 9.99629662e-01
    outer loop
      vertex 1.16097589e+02 2.72979578e+01 3.00977609e+02
      vertex 1.15805498e+02 2.63900502e+01 3.00977609e+02
      vertex 1.31395786e+02 2.62797656e+01 3.01382548e+02
    endloop
  endfacet
  facet normal -2.62329352e-02 -4.09825234e-02 9.98815431e-01
    outer loop
      vertex 1.15805498e+02 2.63900502e+01 3.00977609e+02
      vertex 1.16690398e+02 2.58236252e+01 3.00977609e+02
      vertex 1.31395786e+02 2.62797656e+01 3.01382548e+02
    endloop
  endfacet
  facet normal -2.48222666e-02 -8.40932731e-02 9.96148672e-01
    outer loop
      vertex 1.16690398e+02 2.58236252e+01 3.00977609e+02
      vertex 1.17710248e+02 2.55225904e+01 3.00977609e+02
      vertex 1.31395786e+02 2.62797656e+01 3.01382548e+02
    endloop
  endfacet
  facet normal -2.28026167e-02 -1.18733889e-01 9.92664245e-01
    outer loop
      vertex 1.17710248e+02 2.55225904e+01 3.00977609e+02
      vertex 1.18755422e+02 2.53218668e+01 3.00977609e+02
      vertex 1.31395786e+02 2.62797656e+01 3.01382548e+02
    endloop
  endfacet
  facet normal -2.01809292e-02 -1.51466139e-01 9.88256414e-01
    outer loop
      vertex 1.18755422e+02 2.53218668e+01 3.00977609e+02
      vertex 1.19810658e+02 2.51812701e+01 3.00977609e+02
      vertex 1.31395786e+02 2.62797656e+01 3.01382548e+02
    endloop
  endfacet
  facet normal -1.73407193e-02 -1.79692456e-01 9.83569988e-01
    outer loop
      vertex 1.19810658e+02 2.51812701e+01 3.00977609e+02
      vertex 1.20870321e+02 2.50790103e+01 3.00977609e+02
      vertex 1.31395786e+02 2.62797656e+01 3.01382548e+02
    endloop
  endfacet
  facet normal -1.45813254e-02 -2.02404549e-01 9.79193435e-01
    outer loop
      vertex 1.20870321e+02 2.50790103e+01 3.00977609e+02
      vertex 1.21932128e+02 2.50025172e+01 3.00977609e+02
      vertex 1.31395786e+02 2.62797656e+01 3.01382548e+02
    endloop
  endfacet
  facet normal -1.20873667e-02 -2.19709334e-01 9.75490494e-01
    outer loop
      vertex 1.21932128e+02 2.50025172e+01 3.00977609e+02
      vertex 1.22995070e+02 2.49440391e+01 3.00977609e+02
      vertex 1.31395786e+02 2.62797656e+01 3.01382548e+02
    endloop
  endfacet
  facet normal -9.95590525e-03 -2.32240591e-01 9.72607417e-01
    outer loop
      vertex 1.22995070e+02 2.49440391e+01 3.00977609e+02
      vertex 1.24058665e+02 2.48984440e+01 3.00977609e+02
      vertex 1.31395786e+02 2.62797656e+01 3.01382548e+02
    endloop
  endfacet
  facet normal -8.14601665e-03 -2.41217799e-01 9.70436817e-01
    outer loop
      vertex 1.24058665e+02 2.48984440e+01 3.00977609e+02
      vertex 1.25122656e+02 2.48625126e+01 3.00977609e+02
      vertex 1.31395786e+02 2.62797656e+01 3.01382548e+02
    endloop
  endfacet
  facet normal -5.88457094e-03 -2.50555404e-01 9.68084377e-01
    outer loop
      vertex 1.25122656e+02 2.48625126e+01 3.00977609e+02
      vertex 1.26186960e+02 2.48375162e+01 3.00977609e+02
      vertex 1.31395786e+02 2.62797656e+01 3.01382548e+02
    endloop
  endfacet
  facet normal -5.01870555e-03 -2.53470765e-01 9.67330028e-01
    outer loop
      vertex 1.26186960e+02 2.48375162e+01 3.00977609e+02
      vertex 1.27251344e+02 2.48164415e+01 3.00977609e+02
      vertex 1.31395786e+02 2.62797656e+01 3.01382548e+02
    endloop
  endfacet
  facet normal -4.22496455e-03 -2.55567173e-01 9.66782070e-01
    outer loop
      vertex 1.27251344e+02 2.48164415e+01 3.00977609e+02
      vertex 1.28315795e+02 2.47988443e+01 3.00977609e+02
      vertex 1.31395786e+02 2.62797656e+01 3.01382548e+02
    endloop
  endfacet
  facet normal -2.81446394e-03 -2.58303208e-01 9.66059797e-01
    outer loop
      vertex 1.28315795e+02 2.47988443e+01 3.00977609e+02
      vertex 1.29380330e+02 2.47872451e+01 3.00977609e+02
      vertex 1.31395786e+02 2.62797656e+01 3.01382548e+02
    endloop
  endfacet
  facet normal -1.72949236e-03 -2.59669611e-01 9.65695968e-01
    outer loop
      vertex 1.29380330e+02 2.47872451e+01 3.00977609e+02
      vertex 1.30444897e+02 2.47801547e+01 3.00977609e+02
      vertex 1.31395786e+02 2.62797656e+01 3.01382548e+02
    endloop
  endfacet
  facet normal -8.17182810e-04 -2.60209200e-01 9.65551917e-01
    outer loop
      vertex 1.30444897e+02 2.47801547e+01 3.00977609e+02
      vertex 1.31509489e+02 2.47768114e+01 3.00977609e+02
      vertex 1.31395786e+02 2.62797656e+01 3.01382548e+02
    endloop
  endfacet
  facet normal 6.03958681e-04 -2.60109002e-01 9.65579071e-01
    outer loop
      vertex 1.31509489e+02 2.47768114e+01 3.00977609e+02
      vertex 1.32574084e+02 2.47792833e+01 3.00977609e+02
      vertex 1.31395786e+02 2.62797656e+01 3.01382548e+02
    endloop
  endfacet
  facet normal 1.07085888e-03 -2.59767085e-01 9.65670707e-01
    outer loop
      vertex 1.32574084e+02 2.47792833e+01 3.00977609e+02
      vertex 1.33638671e+02 2.47836720e+01 3.00977609e+02
      vertex 1.31395786e+02 2.62797656e+01 3.01382548e+02
    endloop
  endfacet
  facet normal 1.65916610e-03 -2.58944671e-01 9.65890731e-01
    outer loop
      vertex 1.33638671e+02 2.47836720e+01 3.00977609e+02
      vertex 1.34703247e+02 2.47904931e+01 3.00977609e+02
      vertex 1.31395786e+02 2.62797656e+01 3.01382548e+02
    endloop
  endfacet
  facet normal 2.30235813e-03 -2.57612701e-01 9.66245515e-01
    outer loop
      vertex 1.34703247e+02 2.47904931e+01 3.00977609e+02
      vertex 1.35767802e+02 2.48000074e+01 3.00977609e+02
      vertex 1.31395786e+02 2.62797656e+01 3.01382548e+02
    endloop
  endfacet
  facet normal 2.55511946e-03 -2.56916455e-01 9.66430239e-01
    outer loop
      vertex 1.35767802e+02 2.48000074e+01 3.00977609e+02
      vertex 1.36832347e+02 2.48105946e+01 3.00977609e+02
      vertex 1.31395786e+02 2.62797656e+01 3.01382548e+02
    endloop
  endfacet
  facet normal 2.83588540e-03 -2.55948096e-01 9.66686366e-01
    outer loop
      vertex 1.36832347e+02 2.48105946e+01 3.00977609e+02
      vertex 1.37896880e+02 2.48223896e+01 3.00977609e+02
      vertex 1.31395786e+02 2.62797656e+01 3.01382548e+02
    endloop
  endfacet
  facet normal 3.11600115e-03 -2.54783759e-01 9.66993033e-01
    outer loop
      vertex 1.37896880e+02 2.48223896e+01 3.00977609e+02
      vertex 1.38961398e+02 2.48354086e+01 3.00977609e+02
      vertex 1.31395786e+02 2.62797656e+01 3.01382548e+02
    endloop
  endfacet
  facet normal 3.23375729e-03 -2.54209227e-01 9.67143842e-01
    outer loop
      vertex 1.38961398e+02 2.48354086e+01 3.00977609e+02
      vertex 1.40025910e+02 2.48489501e+01 3.00977609e+02
      vertex 1.31395786e+02 2.62797656e+01 3.01382548e+02
    endloop
  endfacet
  facet normal 3.36390555e-03 -2.53478381e-01 9.67335203e-01
    outer loop
      vertex 1.40025910e+02 2.48489501e+01 3.00977609e+02
      vertex 1.41090414e+02 2.48630771e+01 3.00977609e+02
      vertex 1.31395786e+02 2.62797656e+01 3.01382548e+02
    endloop
  endfacet
  facet normal 3.53677911e-03 -2.52377470e-01 9.67622397e-01
    outer loop
      vertex 1.41090414e+02 2.48630771e+01 3.00977609e+02
      vertex 1.42154908e+02 2.48779948e+01 3.00977609e+02
      vertex 1.31395786e+02 2.62797656e+01 3.01382548e+02
    endloop
  endfacet
  facet normal 3.72559034e-03 -2.51029352e-01 9.67972306e-01
    outer loop
      vertex 1.42154908e+02 2.48779948e+01 3.00977609e+02
      vertex 1.43219389e+02 2.48937930e+01 3.00977609e+02
      vertex 1.31395786e+02 2.62797656e+01 3.01382548e+02
    endloop
  endfacet
  facet normal 3.91557438e-03 -2.49522226e-01 9.68361155e-01
    outer loop
      vertex 1.43219389e+02 2.48937930e+01 3.00977609e+02
      vertex 1.44283856e+02 2.49104969e+01 3.00977609e+02
      vertex 1.31395786e+02 2.62797656e+01 3.01382548e+02
    endloop
  endfacet
  facet normal 4.09573572e-03 -2.47945971e-01 9.68765204e-01
    outer loop
      vertex 1.44283856e+02 2.49104969e+01 3.00977609e+02
      vertex 1.45348308e+02 2.49280803e+01 3.00977609e+02
      vertex 1.31395786e+02 2.62797656e+01 3.01382548e+02
    endloop
  endfacet
  facet normal 4.37047959e-03 -2.45310546e-01 9.69434699e-01
    outer loop
      vertex 1.45348308e+02 2.49280803e+01 3.00977609e+02
      vertex 1.46412737e+02 2.49470442e+01 3.00977609e+02
      vertex 1.31395786e+02 2.62797656e+01 3.01382548e+02
    endloop
  endfacet
  facet normal 1.36700661e-02 -1.46503811e-01 9.89115647e-01
    outer loop
      vertex 1.46412737e+02 2.49470442e+01 3.00977609e+02
      vertex 1.47486421e+02 2.50472282e+01 3.00977609e+02
      vertex 1.31395786e+02 2.62797656e+01 3.01382548e+02
    endloop
  endfacet
endsolid wing_NACA2412
